true_label,true_label_name,predicted_label,predicted_label_name,confidence,entropy,variance,mutual_information,correct
0,Non-Promoter,1,Promoter,0.85722077,0.40997663,0.004308357,0.017063469,False
0,Non-Promoter,0,Non-Promoter,0.732452,0.58080477,0.009459835,0.025878072,True
0,Non-Promoter,0,Non-Promoter,0.5850531,0.67860854,0.012638137,0.026583433,True
0,Non-Promoter,0,Non-Promoter,0.8642964,0.39708695,0.0048739854,0.019848317,True
0,Non-Promoter,0,Non-Promoter,0.75778157,0.5536236,0.010500753,0.029006183,True
0,Non-Promoter,0,Non-Promoter,0.97058856,0.13269062,0.00034465463,0.005679503,True
0,Non-Promoter,0,Non-Promoter,0.7102342,0.6019418,0.012031455,0.029979706,True
0,Non-Promoter,0,Non-Promoter,0.77145946,0.5375068,0.0088421665,0.02447474,True
0,Non-Promoter,1,Promoter,0.97598,0.113296494,0.00023307763,0.004543118,False
0,Non-Promoter,1,Promoter,0.53026164,0.6913145,0.014683053,0.030209959,False
0,Non-Promoter,0,Non-Promoter,0.5087914,0.69299257,0.021576226,0.044552207,True
0,Non-Promoter,0,Non-Promoter,0.7721543,0.53666025,0.0089713875,0.02539754,True
0,Non-Promoter,0,Non-Promoter,0.5591562,0.68613183,0.024936829,0.05237049,True
0,Non-Promoter,0,Non-Promoter,0.84413826,0.43274343,0.005248188,0.020113945,True
0,Non-Promoter,0,Non-Promoter,0.719624,0.5933081,0.0110467635,0.027359426,True
0,Non-Promoter,0,Non-Promoter,0.9561927,0.17986064,0.0007244786,0.008553505,True
0,Non-Promoter,0,Non-Promoter,0.85795575,0.4086572,0.0062170895,0.021835178,True
0,Non-Promoter,1,Promoter,0.57248944,0.68260056,0.017546607,0.036764383,False
0,Non-Promoter,0,Non-Promoter,0.91683114,0.28644136,0.003219908,0.020157963,True
0,Non-Promoter,0,Non-Promoter,0.840534,0.4387834,0.004436097,0.016207993,True
0,Non-Promoter,0,Non-Promoter,0.8648895,0.39598727,0.006400408,0.026187688,True
0,Non-Promoter,0,Non-Promoter,0.92793137,0.25895727,0.0016450423,0.011763141,True
0,Non-Promoter,1,Promoter,0.9221574,0.2734684,0.0020284979,0.014113486,False
0,Non-Promoter,1,Promoter,0.7504354,0.56185627,0.012086093,0.030459702,False
0,Non-Promoter,0,Non-Promoter,0.853171,0.4171691,0.0071031703,0.026664317,True
0,Non-Promoter,0,Non-Promoter,0.74615514,0.56651986,0.010708647,0.028368771,True
0,Non-Promoter,0,Non-Promoter,0.79624563,0.5055632,0.012155496,0.037626892,True
0,Non-Promoter,1,Promoter,0.6487375,0.64822465,0.016683402,0.037608862,False
0,Non-Promoter,0,Non-Promoter,0.54150337,0.68969816,0.021494625,0.04525906,True
0,Non-Promoter,0,Non-Promoter,0.8831467,0.3606081,0.00319588,0.016534,True
0,Non-Promoter,0,Non-Promoter,0.7821525,0.52417004,0.011873372,0.032865435,True
0,Non-Promoter,0,Non-Promoter,0.8151443,0.47867706,0.0061295684,0.019784719,True
0,Non-Promoter,1,Promoter,0.51293874,0.6928123,0.012583351,0.025749922,False
0,Non-Promoter,0,Non-Promoter,0.97033256,0.13358378,0.00040818943,0.006440997,True
0,Non-Promoter,1,Promoter,0.6240174,0.6620631,0.01594752,0.03511578,False
0,Non-Promoter,0,Non-Promoter,0.8917913,0.3427537,0.004387321,0.01966691,True
0,Non-Promoter,0,Non-Promoter,0.93794036,0.23259744,0.0018844944,0.014246613,True
0,Non-Promoter,0,Non-Promoter,0.8472367,0.4274726,0.0056615407,0.020516753,True
0,Non-Promoter,0,Non-Promoter,0.95626354,0.17964247,0.001323401,0.013356656,True
0,Non-Promoter,0,Non-Promoter,0.797282,0.50414747,0.007161902,0.022928357,True
0,Non-Promoter,0,Non-Promoter,0.6317884,0.657997,0.017943036,0.03926742,True
0,Non-Promoter,0,Non-Promoter,0.86502904,0.39572814,0.0043451986,0.018511325,True
0,Non-Promoter,0,Non-Promoter,0.8495966,0.42340803,0.0064509176,0.023589045,True
0,Non-Promoter,0,Non-Promoter,0.8878888,0.35090664,0.006451511,0.02932179,True
0,Non-Promoter,0,Non-Promoter,0.89840305,0.32857776,0.0024237507,0.01345557,True
0,Non-Promoter,0,Non-Promoter,0.87192744,0.38270614,0.0023945316,0.010421783,True
0,Non-Promoter,0,Non-Promoter,0.88912266,0.3483457,0.002512346,0.012388587,True
0,Non-Promoter,0,Non-Promoter,0.75097334,0.5612633,0.010282269,0.028520525,True
0,Non-Promoter,0,Non-Promoter,0.83383596,0.44975126,0.0044944505,0.016045392,True
0,Non-Promoter,0,Non-Promoter,0.7126664,0.59974694,0.009671466,0.02428919,True
0,Non-Promoter,0,Non-Promoter,0.93530774,0.23968774,0.0015106673,0.010990262,True
0,Non-Promoter,0,Non-Promoter,0.79239964,0.5107599,0.009316045,0.028972596,True
0,Non-Promoter,0,Non-Promoter,0.62166613,0.6632426,0.0085519515,0.018562794,True
0,Non-Promoter,0,Non-Promoter,0.95190614,0.19286387,0.00096687896,0.010169029,True
0,Non-Promoter,0,Non-Promoter,0.9358401,0.23826337,0.0018481065,0.013102293,True
0,Non-Promoter,0,Non-Promoter,0.96502596,0.1516284,0.00054470304,0.0066770613,True
0,Non-Promoter,0,Non-Promoter,0.7393054,0.5737822,0.017255148,0.04323572,True
0,Non-Promoter,0,Non-Promoter,0.7543285,0.5575297,0.011327827,0.03080082,True
0,Non-Promoter,0,Non-Promoter,0.7415479,0.5714317,0.009409416,0.025303125,True
0,Non-Promoter,0,Non-Promoter,0.7586445,0.55263734,0.0088718245,0.02490896,True
0,Non-Promoter,0,Non-Promoter,0.5239704,0.6919976,0.017089956,0.035195053,True
0,Non-Promoter,0,Non-Promoter,0.5568665,0.68666553,0.019637411,0.041232705,True
0,Non-Promoter,1,Promoter,0.7988835,0.50194633,0.0063651567,0.01893735,False
0,Non-Promoter,0,Non-Promoter,0.7181692,0.5946741,0.00724786,0.017710626,True
0,Non-Promoter,0,Non-Promoter,0.94133645,0.22327434,0.0014357322,0.011249512,True
0,Non-Promoter,1,Promoter,0.58755845,0.67773485,0.01300585,0.027459621,False
0,Non-Promoter,0,Non-Promoter,0.82664305,0.46116942,0.0075442474,0.025607258,True
0,Non-Promoter,0,Non-Promoter,0.8197681,0.4717449,0.0065360283,0.022576123,True
0,Non-Promoter,0,Non-Promoter,0.5668772,0.6841752,0.011177116,0.023030818,True
0,Non-Promoter,0,Non-Promoter,0.8751208,0.37653494,0.0051978566,0.022538781,True
0,Non-Promoter,0,Non-Promoter,0.9103817,0.30165383,0.0023185536,0.014328837,True
0,Non-Promoter,0,Non-Promoter,0.9611984,0.1641167,0.0005521541,0.007122159,True
0,Non-Promoter,0,Non-Promoter,0.5208279,0.69227934,0.028990563,0.061975777,True
0,Non-Promoter,0,Non-Promoter,0.74300224,0.5698932,0.006286493,0.016321719,True
0,Non-Promoter,0,Non-Promoter,0.74120337,0.5717944,0.013824604,0.034879923,True
0,Non-Promoter,1,Promoter,0.6147836,0.6665602,0.017040212,0.036333144,False
0,Non-Promoter,0,Non-Promoter,0.7110003,0.6012536,0.012042735,0.029577315,True
0,Non-Promoter,1,Promoter,0.6093143,0.6690538,0.0145382695,0.030942023,False
0,Non-Promoter,0,Non-Promoter,0.9458218,0.21063863,0.0011274,0.010738879,True
0,Non-Promoter,0,Non-Promoter,0.80381924,0.4950621,0.007105559,0.02312237,True
0,Non-Promoter,0,Non-Promoter,0.92024046,0.2781818,0.0022590104,0.013577014,True
0,Non-Promoter,0,Non-Promoter,0.67652994,0.6294575,0.019765686,0.046188056,True
0,Non-Promoter,0,Non-Promoter,0.935773,0.23844309,0.0015834289,0.01196003,True
0,Non-Promoter,0,Non-Promoter,0.8575626,0.40936357,0.0048602223,0.019955933,True
0,Non-Promoter,0,Non-Promoter,0.8113337,0.48428327,0.0072923694,0.023720056,True
0,Non-Promoter,0,Non-Promoter,0.90576303,0.3122326,0.0029116194,0.017796457,True
0,Non-Promoter,0,Non-Promoter,0.7565671,0.5550047,0.01329275,0.035997927,True
0,Non-Promoter,0,Non-Promoter,0.78184754,0.5245596,0.006618374,0.019833982,True
0,Non-Promoter,0,Non-Promoter,0.64772236,0.6488452,0.016873717,0.03675258,True
0,Non-Promoter,0,Non-Promoter,0.9420951,0.22116365,0.0010315694,0.008780628,True
0,Non-Promoter,0,Non-Promoter,0.7339569,0.5792834,0.009589281,0.02532041,True
0,Non-Promoter,0,Non-Promoter,0.6680463,0.6355536,0.014520567,0.03300327,True
0,Non-Promoter,0,Non-Promoter,0.80676997,0.4908729,0.0117837,0.035638154,True
0,Non-Promoter,1,Promoter,0.57077783,0.68309444,0.013378054,0.028068542,False
0,Non-Promoter,0,Non-Promoter,0.5254974,0.6918464,0.0155641325,0.03198886,True
0,Non-Promoter,0,Non-Promoter,0.76620835,0.54381746,0.010756753,0.030522168,True
0,Non-Promoter,0,Non-Promoter,0.95512164,0.18314935,0.00079130166,0.008726507,True
0,Non-Promoter,1,Promoter,0.8142907,0.47994134,0.009105153,0.032059222,False
0,Non-Promoter,0,Non-Promoter,0.92383313,0.26930633,0.0019194203,0.012072295,True
0,Non-Promoter,0,Non-Promoter,0.5961841,0.6745286,0.013429365,0.02937895,True
0,Non-Promoter,0,Non-Promoter,0.827393,0.4599959,0.0061016413,0.021644324,True
0,Non-Promoter,0,Non-Promoter,0.5673169,0.6840565,0.014515297,0.030046344,True
0,Non-Promoter,0,Non-Promoter,0.86706865,0.39192128,0.0035129716,0.015088052,True
0,Non-Promoter,1,Promoter,0.58932567,0.67710304,0.019808728,0.04180169,False
0,Non-Promoter,1,Promoter,0.6581791,0.6422359,0.017178092,0.03911829,False
0,Non-Promoter,0,Non-Promoter,0.6012879,0.67248595,0.016734906,0.035793126,True
0,Non-Promoter,0,Non-Promoter,0.8677113,0.3907145,0.010246025,0.03602767,True
0,Non-Promoter,0,Non-Promoter,0.9195862,0.27977896,0.0015511994,0.010441899,True
0,Non-Promoter,0,Non-Promoter,0.81638414,0.47683233,0.004591743,0.014829248,True
0,Non-Promoter,0,Non-Promoter,0.94687885,0.20760438,0.0008525307,0.007832244,True
0,Non-Promoter,0,Non-Promoter,0.82284504,0.46705186,0.0049168514,0.017745912,True
0,Non-Promoter,0,Non-Promoter,0.5729318,0.68247104,0.006684742,0.013740122,True
0,Non-Promoter,0,Non-Promoter,0.8875543,0.35159823,0.00415513,0.019021392,True
0,Non-Promoter,0,Non-Promoter,0.8130163,0.48181957,0.007964376,0.024973124,True
0,Non-Promoter,0,Non-Promoter,0.66796416,0.63561106,0.011535607,0.027356029,True
0,Non-Promoter,0,Non-Promoter,0.90258825,0.31935865,0.002997464,0.016208977,True
0,Non-Promoter,0,Non-Promoter,0.8941514,0.33774686,0.0020576217,0.011339605,True
0,Non-Promoter,0,Non-Promoter,0.9424395,0.2202017,0.00128403,0.011102855,True
0,Non-Promoter,1,Promoter,0.63131416,0.6582526,0.018720878,0.04063052,False
0,Non-Promoter,0,Non-Promoter,0.73426306,0.57897246,0.015839081,0.041074097,True
0,Non-Promoter,0,Non-Promoter,0.9264179,0.26280782,0.0016363896,0.01152429,True
0,Non-Promoter,0,Non-Promoter,0.86843145,0.3893575,0.0035272804,0.014497519,True
0,Non-Promoter,0,Non-Promoter,0.91269183,0.29626527,0.0026951944,0.013917804,True
0,Non-Promoter,0,Non-Promoter,0.7079794,0.603951,0.011126012,0.026414633,True
0,Non-Promoter,0,Non-Promoter,0.9291126,0.2559284,0.0011357265,0.0090699345,True
0,Non-Promoter,1,Promoter,0.7354303,0.57778263,0.009153271,0.023540735,False
0,Non-Promoter,1,Promoter,0.79361224,0.5091312,0.007970183,0.024366796,False
0,Non-Promoter,0,Non-Promoter,0.8765676,0.37370837,0.0039683995,0.017994165,True
0,Non-Promoter,0,Non-Promoter,0.78723806,0.51759315,0.010188069,0.030625492,True
0,Non-Promoter,1,Promoter,0.57173276,0.68282044,0.018674575,0.04008645,False
0,Non-Promoter,1,Promoter,0.51706755,0.6925645,0.02028438,0.04207599,False
0,Non-Promoter,1,Promoter,0.76201564,0.54874545,0.0072398316,0.020454228,False
0,Non-Promoter,0,Non-Promoter,0.707316,0.6045374,0.011394983,0.028198719,True
0,Non-Promoter,0,Non-Promoter,0.7247264,0.58843386,0.017417844,0.04412061,True
0,Non-Promoter,0,Non-Promoter,0.818942,0.47299403,0.00731757,0.02482143,True
0,Non-Promoter,0,Non-Promoter,0.80148816,0.49833238,0.00903434,0.027470917,True
0,Non-Promoter,0,Non-Promoter,0.69098747,0.6183083,0.013353758,0.03196931,True
0,Non-Promoter,0,Non-Promoter,0.8030433,0.49615443,0.009309505,0.028330445,True
0,Non-Promoter,0,Non-Promoter,0.6128093,0.66747487,0.011622227,0.025057793,True
0,Non-Promoter,0,Non-Promoter,0.7892874,0.5148994,0.0065555116,0.020060807,True
0,Non-Promoter,1,Promoter,0.6137933,0.66702104,0.013899034,0.030076623,False
0,Non-Promoter,0,Non-Promoter,0.8383185,0.44244772,0.010854909,0.036883026,True
0,Non-Promoter,0,Non-Promoter,0.83647746,0.44546524,0.0077655716,0.027648598,True
0,Non-Promoter,1,Promoter,0.7651152,0.54511166,0.008701952,0.025414407,False
0,Non-Promoter,0,Non-Promoter,0.66447675,0.6380213,0.015614897,0.034665585,True
0,Non-Promoter,0,Non-Promoter,0.67044413,0.6338636,0.013173249,0.029752731,True
0,Non-Promoter,0,Non-Promoter,0.8766177,0.3736102,0.0037387433,0.016300708,True
0,Non-Promoter,0,Non-Promoter,0.6953764,0.6147312,0.013521761,0.03266424,True
0,Non-Promoter,1,Promoter,0.9289194,0.2564254,0.0017502496,0.013839856,False
0,Non-Promoter,0,Non-Promoter,0.87721443,0.37243834,0.004302446,0.018475562,True
0,Non-Promoter,0,Non-Promoter,0.60534155,0.6707864,0.016099539,0.03465396,True
0,Non-Promoter,0,Non-Promoter,0.6642582,0.6381706,0.013325481,0.030082166,True
0,Non-Promoter,0,Non-Promoter,0.605266,0.6708187,0.017403997,0.038164556,True
0,Non-Promoter,0,Non-Promoter,0.9418951,0.22172114,0.0009726555,0.008575335,True
0,Non-Promoter,0,Non-Promoter,0.8604652,0.404118,0.0046414053,0.018497229,True
0,Non-Promoter,0,Non-Promoter,0.94175357,0.22211485,0.0011160879,0.009692445,True
0,Non-Promoter,0,Non-Promoter,0.9262727,0.26317543,0.0014876748,0.010847658,True
0,Non-Promoter,0,Non-Promoter,0.76499337,0.5452555,0.0071814833,0.020380378,True
0,Non-Promoter,1,Promoter,0.95763147,0.17539959,0.00061567867,0.0071762055,False
0,Non-Promoter,0,Non-Promoter,0.63915914,0.6539005,0.01604545,0.035549402,True
0,Non-Promoter,0,Non-Promoter,0.82689935,0.46076873,0.009814924,0.031623542,True
0,Non-Promoter,0,Non-Promoter,0.7144941,0.59807855,0.017934114,0.04506421,True
0,Non-Promoter,0,Non-Promoter,0.9047579,0.31450114,0.0020679864,0.011916757,True
0,Non-Promoter,0,Non-Promoter,0.8704747,0.38548326,0.0051574707,0.021674901,True
0,Non-Promoter,0,Non-Promoter,0.55865216,0.68625116,0.02376783,0.04983926,True
0,Non-Promoter,1,Promoter,0.6420079,0.65225416,0.0077957255,0.017294109,False
0,Non-Promoter,1,Promoter,0.5705696,0.68315375,0.011049843,0.023039758,False
0,Non-Promoter,0,Non-Promoter,0.9099807,0.30258253,0.0029003264,0.017694592,True
0,Non-Promoter,0,Non-Promoter,0.82857317,0.4581414,0.005647975,0.019700378,True
0,Non-Promoter,0,Non-Promoter,0.5802814,0.680201,0.014600715,0.030754209,True
0,Non-Promoter,1,Promoter,0.7262283,0.58697426,0.008891319,0.021767497,False
0,Non-Promoter,1,Promoter,0.5489346,0.6883503,0.015384158,0.031872094,False
0,Non-Promoter,0,Non-Promoter,0.93663776,0.23612064,0.0016795951,0.013097972,True
0,Non-Promoter,0,Non-Promoter,0.913063,0.29539338,0.0017074558,0.0111833215,True
0,Non-Promoter,0,Non-Promoter,0.84417987,0.43267322,0.0050031412,0.019636035,True
0,Non-Promoter,0,Non-Promoter,0.85153294,0.4200408,0.0076926304,0.029031843,True
0,Non-Promoter,0,Non-Promoter,0.9297312,0.25433373,0.0029401858,0.020132273,True
0,Non-Promoter,0,Non-Promoter,0.6136491,0.6670878,0.022423694,0.04909259,True
0,Non-Promoter,0,Non-Promoter,0.6442959,0.6509064,0.01749031,0.039910674,True
0,Non-Promoter,0,Non-Promoter,0.90815717,0.3067808,0.0019378809,0.011057019,True
0,Non-Promoter,1,Promoter,0.6684863,0.63524544,0.006396314,0.014495671,False
0,Non-Promoter,0,Non-Promoter,0.8457607,0.42999262,0.0059251348,0.022062093,True
0,Non-Promoter,0,Non-Promoter,0.8934638,0.33921155,0.0027997938,0.015460938,True
0,Non-Promoter,0,Non-Promoter,0.854337,0.41511172,0.0065662703,0.025355697,True
0,Non-Promoter,0,Non-Promoter,0.94944644,0.20014195,0.0006978499,0.0072386414,True
0,Non-Promoter,1,Promoter,0.7810506,0.52557504,0.007248009,0.020782888,False
0,Non-Promoter,0,Non-Promoter,0.6741974,0.63116616,0.0129682,0.029546738,True
0,Non-Promoter,0,Non-Promoter,0.7500904,0.56223583,0.014977379,0.038521886,True
0,Non-Promoter,0,Non-Promoter,0.93152326,0.2496809,0.001404865,0.011162177,True
0,Non-Promoter,1,Promoter,0.50767875,0.6930293,0.0131804235,0.027014256,False
0,Non-Promoter,0,Non-Promoter,0.94896847,0.20154144,0.0010255359,0.010077566,True
0,Non-Promoter,0,Non-Promoter,0.8694041,0.38751793,0.00537129,0.022175103,True
0,Non-Promoter,0,Non-Promoter,0.84640026,0.42890275,0.0053473306,0.019924939,True
0,Non-Promoter,0,Non-Promoter,0.809091,0.4875384,0.005893929,0.019501269,True
0,Non-Promoter,0,Non-Promoter,0.96351594,0.15660484,0.0007513263,0.009027183,True
0,Non-Promoter,1,Promoter,0.59515744,0.67492634,0.00941181,0.019721031,False
0,Non-Promoter,0,Non-Promoter,0.76938194,0.540022,0.0045287604,0.012825668,True
0,Non-Promoter,0,Non-Promoter,0.7549532,0.5568278,0.0072762817,0.019530356,True
0,Non-Promoter,0,Non-Promoter,0.5960911,0.6745648,0.0117112985,0.024786115,True
0,Non-Promoter,0,Non-Promoter,0.65607584,0.6436041,0.012970569,0.029266536,True
0,Non-Promoter,0,Non-Promoter,0.8940783,0.3379028,0.0034613307,0.016659796,True
0,Non-Promoter,0,Non-Promoter,0.6987725,0.6119008,0.017218187,0.041879773,True
0,Non-Promoter,0,Non-Promoter,0.91045064,0.30149382,0.0027254673,0.015462846,True
0,Non-Promoter,1,Promoter,0.52007514,0.69234097,0.016510107,0.033893585,False
0,Non-Promoter,0,Non-Promoter,0.6510658,0.64678437,0.014249407,0.032444537,True
0,Non-Promoter,0,Non-Promoter,0.9494708,0.2000705,0.0016879719,0.014238983,True
0,Non-Promoter,1,Promoter,0.5070804,0.6930469,0.010625977,0.02171868,False
0,Non-Promoter,1,Promoter,0.8435793,0.43368667,0.004612202,0.017433792,False
0,Non-Promoter,0,Non-Promoter,0.8190326,0.47285718,0.009774806,0.032388866,True
0,Non-Promoter,0,Non-Promoter,0.8974458,0.33065918,0.0027923686,0.015764862,True
0,Non-Promoter,0,Non-Promoter,0.7884274,0.5160328,0.006641607,0.019130409,True
0,Non-Promoter,0,Non-Promoter,0.6891375,0.619789,0.011686137,0.027442932,True
0,Non-Promoter,0,Non-Promoter,0.7816909,0.52475953,0.0071419473,0.021846771,True
0,Non-Promoter,0,Non-Promoter,0.81063783,0.48529667,0.0116034765,0.036034703,True
0,Non-Promoter,0,Non-Promoter,0.8952616,0.33537126,0.0036516304,0.018945426,True
0,Non-Promoter,0,Non-Promoter,0.7247063,0.5884533,0.012345677,0.03170246,True
0,Non-Promoter,0,Non-Promoter,0.72539246,0.5877879,0.015316462,0.040076554,True
0,Non-Promoter,0,Non-Promoter,0.77965015,0.5273504,0.0121846255,0.036787808,True
0,Non-Promoter,0,Non-Promoter,0.7127257,0.59969306,0.013159821,0.03359568,True
0,Non-Promoter,0,Non-Promoter,0.6189114,0.66459453,0.019545615,0.042701244,True
0,Non-Promoter,0,Non-Promoter,0.76226425,0.54845583,0.0056687538,0.015549421,True
0,Non-Promoter,0,Non-Promoter,0.81683487,0.47615913,0.0052180975,0.016765594,True
0,Non-Promoter,0,Non-Promoter,0.7516611,0.5605028,0.009249073,0.025631964,True
0,Non-Promoter,0,Non-Promoter,0.72760737,0.58562416,0.016362809,0.043289304,True
0,Non-Promoter,0,Non-Promoter,0.76115054,0.5497501,0.011035891,0.03141153,True
0,Non-Promoter,0,Non-Promoter,0.84242266,0.43563056,0.0055263387,0.021065056,True
0,Non-Promoter,1,Promoter,0.677637,0.6286378,0.007856365,0.017647982,False
0,Non-Promoter,0,Non-Promoter,0.8778289,0.3712287,0.007909693,0.029104888,True
0,Non-Promoter,0,Non-Promoter,0.87229514,0.38200036,0.0033598358,0.015547037,True
0,Non-Promoter,1,Promoter,0.8751636,0.37645164,0.004308546,0.018407166,False
0,Non-Promoter,0,Non-Promoter,0.82782835,0.45931304,0.009652995,0.03271863,True
0,Non-Promoter,0,Non-Promoter,0.60349655,0.67156845,0.015284505,0.033638597,True
0,Non-Promoter,0,Non-Promoter,0.8382037,0.44263655,0.0042708763,0.016052634,True
0,Non-Promoter,1,Promoter,0.9488414,0.20191267,0.00079452386,0.007954389,False
0,Non-Promoter,1,Promoter,0.75563425,0.55606025,0.015341945,0.041906655,False
0,Non-Promoter,0,Non-Promoter,0.9626724,0.15935606,0.00066661026,0.007566422,True
0,Non-Promoter,0,Non-Promoter,0.6802593,0.6266738,0.012400646,0.028697968,True
0,Non-Promoter,1,Promoter,0.9138762,0.29347688,0.002030035,0.012622058,False
0,Non-Promoter,0,Non-Promoter,0.79268444,0.51037824,0.007128673,0.021244138,True
0,Non-Promoter,0,Non-Promoter,0.8504873,0.4218629,0.0037022943,0.01579222,True
0,Non-Promoter,0,Non-Promoter,0.9680824,0.14134589,0.00028409561,0.0043685287,True
0,Non-Promoter,0,Non-Promoter,0.92178005,0.27440035,0.0030676913,0.018545926,True
0,Non-Promoter,0,Non-Promoter,0.9001771,0.32469374,0.0026174402,0.014279246,True
0,Non-Promoter,0,Non-Promoter,0.9080105,0.3071168,0.003248781,0.015683085,True
0,Non-Promoter,1,Promoter,0.5705654,0.68315494,0.01050877,0.02173531,False
0,Non-Promoter,0,Non-Promoter,0.5695878,0.6834308,0.020606717,0.043826103,True
0,Non-Promoter,0,Non-Promoter,0.5466398,0.6887903,0.020182325,0.041945636,True
0,Non-Promoter,1,Promoter,0.6075219,0.6698437,0.006815715,0.014363706,False
0,Non-Promoter,1,Promoter,0.57424355,0.6820821,0.019467723,0.040840447,False
0,Non-Promoter,0,Non-Promoter,0.955447,0.18215309,0.0004949649,0.0061206818,True
0,Non-Promoter,0,Non-Promoter,0.87837154,0.370157,0.0039571254,0.016972452,True
0,Non-Promoter,0,Non-Promoter,0.839324,0.44078907,0.005017871,0.017931521,True
0,Non-Promoter,0,Non-Promoter,0.93714845,0.23474257,0.0022300335,0.017481223,True
0,Non-Promoter,0,Non-Promoter,0.849204,0.42408735,0.0069956956,0.026469737,True
0,Non-Promoter,0,Non-Promoter,0.7183429,0.5945116,0.012318387,0.029833138,True
0,Non-Promoter,0,Non-Promoter,0.9426643,0.21957277,0.00067443296,0.0066717565,True
0,Non-Promoter,0,Non-Promoter,0.83803785,0.44290924,0.010474885,0.03580892,True
0,Non-Promoter,0,Non-Promoter,0.60723597,0.6699684,0.009505533,0.019913435,True
0,Non-Promoter,0,Non-Promoter,0.95670074,0.17829092,0.0004936413,0.0058665723,True
0,Non-Promoter,1,Promoter,0.85591096,0.4123175,0.0028813514,0.0114662945,False
0,Non-Promoter,0,Non-Promoter,0.8989095,0.3274724,0.0016344828,0.009154916,True
0,Non-Promoter,0,Non-Promoter,0.92408663,0.26867306,0.0018485775,0.012488604,True
0,Non-Promoter,0,Non-Promoter,0.8860987,0.35459504,0.005333729,0.023308665,True
0,Non-Promoter,0,Non-Promoter,0.84254706,0.43542212,0.0035685888,0.013650864,True
0,Non-Promoter,0,Non-Promoter,0.76527035,0.54492843,0.010048309,0.028157055,True
0,Non-Promoter,0,Non-Promoter,0.84160095,0.43700555,0.0058620134,0.020848721,True
0,Non-Promoter,0,Non-Promoter,0.9424272,0.22023624,0.00060687587,0.005321309,True
0,Non-Promoter,0,Non-Promoter,0.64714634,0.6491953,0.013658905,0.030314982,True
0,Non-Promoter,0,Non-Promoter,0.77175117,0.5371518,0.0072702933,0.020647764,True
0,Non-Promoter,0,Non-Promoter,0.8294829,0.4567052,0.006824717,0.024582475,True
0,Non-Promoter,1,Promoter,0.52170134,0.692205,0.014122482,0.029120207,False
0,Non-Promoter,0,Non-Promoter,0.7395399,0.5735376,0.0074287425,0.01933378,True
0,Non-Promoter,0,Non-Promoter,0.9341698,0.24271676,0.0015564979,0.011202857,True
0,Non-Promoter,0,Non-Promoter,0.93335456,0.24487396,0.001384555,0.010880634,True
0,Non-Promoter,0,Non-Promoter,0.60201913,0.67218447,0.012672694,0.027083814,True
0,Non-Promoter,1,Promoter,0.5826627,0.67941797,0.013612334,0.028616428,False
0,Non-Promoter,0,Non-Promoter,0.787542,0.5171952,0.012150956,0.036247075,True
0,Non-Promoter,0,Non-Promoter,0.51130044,0.6928918,0.012906484,0.026286662,True
0,Non-Promoter,0,Non-Promoter,0.7151191,0.59750426,0.015736368,0.03846079,True
0,Non-Promoter,0,Non-Promoter,0.93564427,0.23878802,0.0019968785,0.015833527,True
0,Non-Promoter,0,Non-Promoter,0.51740855,0.69254094,0.012502048,0.025622964,True
0,Non-Promoter,1,Promoter,0.67665803,0.62936294,0.0137338685,0.031822145,False
0,Non-Promoter,0,Non-Promoter,0.90984946,0.3028861,0.004820674,0.024509162,True
0,Non-Promoter,1,Promoter,0.5826828,0.6794113,0.016585806,0.03474748,False
0,Non-Promoter,0,Non-Promoter,0.50131524,0.6931437,0.011743732,0.023893178,True
0,Non-Promoter,0,Non-Promoter,0.6754777,0.6302314,0.009907119,0.023095667,True
0,Non-Promoter,0,Non-Promoter,0.50275016,0.69313204,0.015552182,0.031846404,True
0,Non-Promoter,0,Non-Promoter,0.9651893,0.15108591,0.0005645652,0.008032426,True
0,Non-Promoter,1,Promoter,0.763114,0.54746383,0.015795313,0.04118097,False
0,Non-Promoter,1,Promoter,0.59466773,0.67511463,0.009112045,0.01908952,False
0,Non-Promoter,1,Promoter,0.6221847,0.6629845,0.015127445,0.03374839,False
0,Non-Promoter,0,Non-Promoter,0.7968503,0.5047379,0.004191912,0.012866914,True
0,Non-Promoter,1,Promoter,0.8475128,0.42699933,0.007043912,0.023822576,False
0,Non-Promoter,0,Non-Promoter,0.85993606,0.40507954,0.004018436,0.015977293,True
0,Non-Promoter,0,Non-Promoter,0.6907813,0.6184741,0.01754972,0.041243494,True
0,Non-Promoter,0,Non-Promoter,0.6885216,0.62027836,0.007301122,0.017154813,True
0,Non-Promoter,0,Non-Promoter,0.94569707,0.21099503,0.0010501088,0.010120079,True
0,Non-Promoter,1,Promoter,0.5110828,0.6929015,0.013698753,0.028076291,False
0,Non-Promoter,0,Non-Promoter,0.59752613,0.674002,0.015818791,0.033693433,True
0,Non-Promoter,0,Non-Promoter,0.6575185,0.6426678,0.012949308,0.02925533,True
0,Non-Promoter,0,Non-Promoter,0.8529707,0.41752133,0.0068505798,0.024710596,True
0,Non-Promoter,0,Non-Promoter,0.50903773,0.69298375,0.012464063,0.025730193,True
0,Non-Promoter,0,Non-Promoter,0.88567203,0.35546935,0.004335976,0.019381791,True
0,Non-Promoter,0,Non-Promoter,0.7964856,0.50523597,0.004304898,0.013549924,True
0,Non-Promoter,0,Non-Promoter,0.73382556,0.5794166,0.011865141,0.030923069,True
0,Non-Promoter,0,Non-Promoter,0.8107305,0.48516196,0.005641925,0.018215269,True
0,Non-Promoter,0,Non-Promoter,0.82271326,0.46725422,0.007221113,0.025162667,True
0,Non-Promoter,0,Non-Promoter,0.8770313,0.37279844,0.004301915,0.019006908,True
0,Non-Promoter,0,Non-Promoter,0.9501982,0.19793123,0.0012451919,0.010869548,True
0,Non-Promoter,1,Promoter,0.6838715,0.6239167,0.013504246,0.031255603,False
0,Non-Promoter,0,Non-Promoter,0.724788,0.5883742,0.012829815,0.03263247,True
0,Non-Promoter,0,Non-Promoter,0.6872485,0.62128454,0.017794043,0.0426836,True
0,Non-Promoter,0,Non-Promoter,0.91370744,0.2938754,0.0024152016,0.014433414,True
0,Non-Promoter,0,Non-Promoter,0.77330565,0.53525114,0.0116627915,0.031363666,True
0,Non-Promoter,0,Non-Promoter,0.9268869,0.2616179,0.0013669194,0.01013276,True
0,Non-Promoter,0,Non-Promoter,0.7508377,0.561413,0.0064461166,0.01774162,True
0,Non-Promoter,0,Non-Promoter,0.62501556,0.6615553,0.018498242,0.041449904,True
0,Non-Promoter,0,Non-Promoter,0.8598513,0.4052333,0.005911938,0.024482548,True
0,Non-Promoter,1,Promoter,0.8851198,0.35659853,0.0031292005,0.014942884,False
0,Non-Promoter,0,Non-Promoter,0.65253896,0.6458608,0.018756937,0.042218328,True
0,Non-Promoter,0,Non-Promoter,0.60012794,0.6729598,0.015162798,0.03229493,True
0,Non-Promoter,0,Non-Promoter,0.81435186,0.47985083,0.0051905992,0.01718083,True
0,Non-Promoter,0,Non-Promoter,0.8002823,0.50001085,0.0077308095,0.022738695,True
0,Non-Promoter,0,Non-Promoter,0.8334397,0.45038998,0.0061437315,0.022641301,True
0,Non-Promoter,1,Promoter,0.5024959,0.6931347,0.014681285,0.029981911,False
0,Non-Promoter,1,Promoter,0.7983407,0.50269413,0.009480427,0.029232085,False
0,Non-Promoter,0,Non-Promoter,0.933735,0.24386884,0.0020057806,0.014949143,True
0,Non-Promoter,0,Non-Promoter,0.573703,0.6822432,0.009823907,0.02034229,True
0,Non-Promoter,0,Non-Promoter,0.7823277,0.52394605,0.014223764,0.040542036,True
0,Non-Promoter,0,Non-Promoter,0.678093,0.6282985,0.010517739,0.024155617,True
0,Non-Promoter,0,Non-Promoter,0.7843319,0.5213703,0.008702172,0.027566433,True
0,Non-Promoter,1,Promoter,0.5144752,0.69272804,0.014892172,0.030526698,False
0,Non-Promoter,0,Non-Promoter,0.5570469,0.6866243,0.019650988,0.041288495,True
0,Non-Promoter,0,Non-Promoter,0.7707128,0.5384137,0.005063284,0.014708936,True
0,Non-Promoter,0,Non-Promoter,0.89453876,0.33691937,0.0021650773,0.01138702,True
0,Non-Promoter,0,Non-Promoter,0.5525092,0.68762255,0.0125489645,0.025796115,True
0,Non-Promoter,0,Non-Promoter,0.9652293,0.1509532,0.0006757672,0.009024218,True
0,Non-Promoter,0,Non-Promoter,0.75399417,0.55790436,0.009247877,0.025762498,True
0,Non-Promoter,0,Non-Promoter,0.7908927,0.5127715,0.011553949,0.034207016,True
0,Non-Promoter,0,Non-Promoter,0.9595611,0.16933644,0.00046535258,0.005832389,True
0,Non-Promoter,1,Promoter,0.64165074,0.6524625,0.008007687,0.01732862,False
0,Non-Promoter,0,Non-Promoter,0.7984072,0.5026026,0.008926244,0.02865234,True
0,Non-Promoter,0,Non-Promoter,0.87608165,0.37466,0.0023549637,0.009701014,True
0,Non-Promoter,0,Non-Promoter,0.68343544,0.62425274,0.008586267,0.020067811,True
0,Non-Promoter,0,Non-Promoter,0.52162105,0.692212,0.008269202,0.016765535,True
0,Non-Promoter,0,Non-Promoter,0.8920182,0.34227473,0.0029448227,0.014879078,True
0,Non-Promoter,0,Non-Promoter,0.94189304,0.22172663,0.0013403818,0.01051338,True
0,Non-Promoter,0,Non-Promoter,0.9161684,0.2880291,0.0020564313,0.012152165,True
0,Non-Promoter,0,Non-Promoter,0.8483315,0.4255923,0.005680767,0.022776693,True
0,Non-Promoter,0,Non-Promoter,0.7409393,0.5720721,0.011659181,0.031422913,True
0,Non-Promoter,0,Non-Promoter,0.5555277,0.68696785,0.0057888115,0.011797488,True
0,Non-Promoter,0,Non-Promoter,0.9039481,0.3163203,0.004009434,0.021415085,True
0,Non-Promoter,0,Non-Promoter,0.5302703,0.6913135,0.014383752,0.029564977,True
0,Non-Promoter,0,Non-Promoter,0.6982408,0.6123475,0.014619717,0.035023928,True
0,Non-Promoter,0,Non-Promoter,0.9787264,0.10295487,0.00034005163,0.007095173,True
0,Non-Promoter,1,Promoter,0.9784818,0.10388997,0.00021750762,0.0048890635,False
0,Non-Promoter,1,Promoter,0.8408135,0.43831828,0.005016648,0.017196834,False
0,Non-Promoter,0,Non-Promoter,0.85558903,0.41289055,0.004508197,0.018211454,True
0,Non-Promoter,0,Non-Promoter,0.7583511,0.55297315,0.008167976,0.02278328,True
0,Non-Promoter,0,Non-Promoter,0.7871699,0.5176823,0.008986935,0.027117968,True
0,Non-Promoter,1,Promoter,0.51497674,0.6926985,0.018869415,0.03877145,False
0,Non-Promoter,0,Non-Promoter,0.7559185,0.5557391,0.009716535,0.026971102,True
0,Non-Promoter,0,Non-Promoter,0.58936584,0.6770885,0.011763951,0.024563849,True
0,Non-Promoter,1,Promoter,0.57264054,0.6825564,0.018370565,0.03868264,False
0,Non-Promoter,0,Non-Promoter,0.8240588,0.46518272,0.014127448,0.044878542,True
0,Non-Promoter,0,Non-Promoter,0.58117825,0.6799089,0.012768144,0.026860297,True
0,Non-Promoter,0,Non-Promoter,0.76715314,0.54269344,0.0066284332,0.018766165,True
0,Non-Promoter,0,Non-Promoter,0.7533565,0.5586175,0.012411432,0.03495121,True
0,Non-Promoter,0,Non-Promoter,0.881511,0.3639036,0.0039902693,0.019040942,True
0,Non-Promoter,0,Non-Promoter,0.8349704,0.4479167,0.010087137,0.034031212,True
0,Non-Promoter,0,Non-Promoter,0.83433557,0.44894454,0.0076784883,0.027466327,True
0,Non-Promoter,0,Non-Promoter,0.57200366,0.682742,0.012058616,0.024960041,True
0,Non-Promoter,0,Non-Promoter,0.92832744,0.25794402,0.0020081927,0.013722897,True
0,Non-Promoter,0,Non-Promoter,0.92192006,0.2740546,0.0012241872,0.007946461,True
0,Non-Promoter,1,Promoter,0.51949155,0.6923871,0.011859974,0.024151266,False
0,Non-Promoter,0,Non-Promoter,0.79476035,0.5075808,0.009919734,0.028594136,True
0,Non-Promoter,0,Non-Promoter,0.7071431,0.6046899,0.013937801,0.035047412,True
0,Non-Promoter,0,Non-Promoter,0.75815487,0.55319744,0.0101921465,0.028443277,True
0,Non-Promoter,0,Non-Promoter,0.8511887,0.42064166,0.00382419,0.015706956,True
0,Non-Promoter,0,Non-Promoter,0.5251989,0.6918767,0.013476656,0.027668178,True
0,Non-Promoter,0,Non-Promoter,0.7304391,0.5828216,0.011582517,0.029658675,True
0,Non-Promoter,0,Non-Promoter,0.69076425,0.61848783,0.015683156,0.037062287,True
0,Non-Promoter,0,Non-Promoter,0.8616245,0.40200365,0.0055388263,0.020771027,True
0,Non-Promoter,0,Non-Promoter,0.6293585,0.6592963,0.012912315,0.02954632,True
0,Non-Promoter,0,Non-Promoter,0.9236635,0.2697296,0.0025092403,0.015657395,True
0,Non-Promoter,0,Non-Promoter,0.86086535,0.40338945,0.0037535746,0.015132248,True
0,Non-Promoter,0,Non-Promoter,0.9534882,0.18811369,0.0007827303,0.008105725,True
0,Non-Promoter,0,Non-Promoter,0.94988835,0.1988439,0.0012185317,0.011708587,True
0,Non-Promoter,0,Non-Promoter,0.80391055,0.49493316,0.0060168235,0.020022482,True
0,Non-Promoter,1,Promoter,0.6657419,0.63715327,0.008427498,0.018912077,False
0,Non-Promoter,1,Promoter,0.7469379,0.56567425,0.010165449,0.026448488,False
0,Non-Promoter,0,Non-Promoter,0.7945605,0.5078514,0.011331857,0.033756822,True
0,Non-Promoter,0,Non-Promoter,0.7808167,0.5258724,0.008143622,0.02418536,True
0,Non-Promoter,0,Non-Promoter,0.7928455,0.51016223,0.007976692,0.0238536,True
0,Non-Promoter,0,Non-Promoter,0.89564806,0.33454132,0.0034695498,0.018060565,True
0,Non-Promoter,0,Non-Promoter,0.70593315,0.605753,0.018719548,0.044933796,True
0,Non-Promoter,0,Non-Promoter,0.873705,0.37928236,0.0035026544,0.015061319,True
0,Non-Promoter,0,Non-Promoter,0.69703925,0.6133522,0.016860805,0.039764702,True
0,Non-Promoter,0,Non-Promoter,0.8890808,0.34843272,0.0031815604,0.015066743,True
0,Non-Promoter,0,Non-Promoter,0.63801324,0.65455276,0.014175089,0.030956507,True
0,Non-Promoter,0,Non-Promoter,0.9622497,0.16072734,0.00068106747,0.007956073,True
0,Non-Promoter,1,Promoter,0.6207765,0.66368276,0.015556147,0.034233272,False
0,Non-Promoter,1,Promoter,0.6544971,0.6446183,0.0125236865,0.027821243,False
0,Non-Promoter,0,Non-Promoter,0.6709932,0.63347304,0.023564383,0.054338753,True
0,Non-Promoter,1,Promoter,0.6265694,0.66075635,0.02405468,0.05316496,False
0,Non-Promoter,0,Non-Promoter,0.6565127,0.6433215,0.013222859,0.030498803,True
0,Non-Promoter,1,Promoter,0.7258519,0.5873412,0.0077044605,0.020362318,False
0,Non-Promoter,0,Non-Promoter,0.7341576,0.5790796,0.012418089,0.03097874,True
0,Non-Promoter,0,Non-Promoter,0.5842704,0.67887616,0.013349558,0.028329372,True
0,Non-Promoter,0,Non-Promoter,0.54014015,0.68992126,0.016240083,0.033753872,True
0,Non-Promoter,0,Non-Promoter,0.68367094,0.62407136,0.016914945,0.03873074,True
0,Non-Promoter,1,Promoter,0.773834,0.53460205,0.00656984,0.018963814,False
0,Non-Promoter,0,Non-Promoter,0.9279764,0.25884205,0.0015392974,0.011290267,True
0,Non-Promoter,0,Non-Promoter,0.8492794,0.42395693,0.0035734477,0.014325798,True
0,Non-Promoter,0,Non-Promoter,0.5299615,0.69135076,0.011952462,0.024555743,True
0,Non-Promoter,1,Promoter,0.5690479,0.68358135,0.017026205,0.03592187,False
0,Non-Promoter,0,Non-Promoter,0.8631541,0.39919627,0.005118379,0.021182,True
0,Non-Promoter,0,Non-Promoter,0.8370521,0.44452608,0.0036767693,0.013771087,True
0,Non-Promoter,0,Non-Promoter,0.9375454,0.2336686,0.0021094324,0.015166149,True
0,Non-Promoter,0,Non-Promoter,0.84946495,0.4236361,0.0057928935,0.02302289,True
0,Non-Promoter,0,Non-Promoter,0.820575,0.4705205,0.005421521,0.017982274,True
0,Non-Promoter,0,Non-Promoter,0.59416306,0.6753075,0.017120156,0.036599636,True
0,Non-Promoter,0,Non-Promoter,0.584972,0.6786364,0.013413204,0.027898729,True
0,Non-Promoter,0,Non-Promoter,0.6414938,0.65255386,0.012903679,0.028556466,True
0,Non-Promoter,0,Non-Promoter,0.7057831,0.6058844,0.010209501,0.025199533,True
0,Non-Promoter,0,Non-Promoter,0.8910389,0.3443376,0.0031172263,0.015395284,True
0,Non-Promoter,0,Non-Promoter,0.80537695,0.49285746,0.007814977,0.02335307,True
0,Non-Promoter,0,Non-Promoter,0.8396883,0.44018626,0.008703202,0.03281179,True
0,Non-Promoter,1,Promoter,0.9521014,0.19228075,0.0008987896,0.010270774,False
0,Non-Promoter,0,Non-Promoter,0.6194538,0.6643309,0.0148404,0.03252399,True
0,Non-Promoter,0,Non-Promoter,0.5121126,0.69285375,0.019369654,0.040211678,True
0,Non-Promoter,0,Non-Promoter,0.761955,0.5488159,0.010278825,0.027540684,True
0,Non-Promoter,0,Non-Promoter,0.8420499,0.43625498,0.0056570917,0.020793766,True
0,Non-Promoter,1,Promoter,0.5173612,0.6925442,0.012728669,0.025908709,False
0,Non-Promoter,1,Promoter,0.6492498,0.64790976,0.010719903,0.023845017,False
0,Non-Promoter,0,Non-Promoter,0.9065928,0.3103509,0.004059386,0.021588594,True
0,Non-Promoter,1,Promoter,0.6661236,0.6368899,0.01215141,0.027132034,False
0,Non-Promoter,0,Non-Promoter,0.95891404,0.17137988,0.0004706195,0.005903855,True
0,Non-Promoter,0,Non-Promoter,0.7449833,0.5677798,0.011689645,0.031333983,True
0,Non-Promoter,0,Non-Promoter,0.8027844,0.4965182,0.0057006776,0.019380003,True
0,Non-Promoter,0,Non-Promoter,0.83378136,0.44983935,0.0053062225,0.018921494,True
0,Non-Promoter,1,Promoter,0.7028357,0.6084425,0.013476109,0.03321433,False
0,Non-Promoter,0,Non-Promoter,0.7422933,0.5706445,0.012068449,0.030795991,True
0,Non-Promoter,0,Non-Promoter,0.87909186,0.36873066,0.0044495286,0.019714892,True
0,Non-Promoter,0,Non-Promoter,0.83845127,0.44222924,0.0049911626,0.017344922,True
0,Non-Promoter,0,Non-Promoter,0.85485214,0.4141993,0.0040774113,0.01570502,True
0,Non-Promoter,0,Non-Promoter,0.90506655,0.31380582,0.0018471093,0.010782808,True
0,Non-Promoter,0,Non-Promoter,0.8656752,0.39452606,0.004462554,0.017333746,True
0,Non-Promoter,1,Promoter,0.9030371,0.31835812,0.0020148517,0.010463417,False
0,Non-Promoter,0,Non-Promoter,0.6344071,0.6565684,0.011965558,0.02666688,True
0,Non-Promoter,0,Non-Promoter,0.8728914,0.3808532,0.0053624464,0.023547947,True
0,Non-Promoter,0,Non-Promoter,0.82764304,0.45960397,0.009835493,0.032842875,True
0,Non-Promoter,0,Non-Promoter,0.72305655,0.5900433,0.010814125,0.027828097,True
0,Non-Promoter,1,Promoter,0.55327004,0.68746096,0.016422512,0.03411448,False
0,Non-Promoter,0,Non-Promoter,0.9217869,0.27438337,0.0018165392,0.01223886,True
0,Non-Promoter,0,Non-Promoter,0.6556914,0.64385206,0.012771072,0.028137147,True
0,Non-Promoter,1,Promoter,0.87789375,0.3711006,0.004573361,0.020179749,False
0,Non-Promoter,0,Non-Promoter,0.6208576,0.66364276,0.01816108,0.03993565,True
0,Non-Promoter,1,Promoter,0.5645793,0.68478286,0.013953207,0.029025376,False
0,Non-Promoter,0,Non-Promoter,0.75885594,0.5523951,0.012421282,0.034938276,True
0,Non-Promoter,0,Non-Promoter,0.7229813,0.59011555,0.014410788,0.03547573,True
0,Non-Promoter,0,Non-Promoter,0.8779459,0.37099773,0.0035660015,0.016224146,True
0,Non-Promoter,0,Non-Promoter,0.6148936,0.6665087,0.013345644,0.028921306,True
0,Non-Promoter,0,Non-Promoter,0.83849627,0.44215506,0.0063478434,0.023717463,True
0,Non-Promoter,0,Non-Promoter,0.59381217,0.675441,0.017088423,0.035850406,True
0,Non-Promoter,0,Non-Promoter,0.83625036,0.44583565,0.0053110598,0.018225044,True
0,Non-Promoter,0,Non-Promoter,0.78394026,0.52187544,0.008805257,0.026171088,True
0,Non-Promoter,1,Promoter,0.66036195,0.6407951,0.010248557,0.022885442,False
0,Non-Promoter,0,Non-Promoter,0.7801848,0.5266739,0.00788353,0.02289915,True
0,Non-Promoter,0,Non-Promoter,0.55960816,0.68602395,0.025431782,0.05508536,True
0,Non-Promoter,1,Promoter,0.53950447,0.6900227,0.011355249,0.023383915,False
0,Non-Promoter,0,Non-Promoter,0.9058354,0.3120688,0.0043942383,0.021889955,True
0,Non-Promoter,0,Non-Promoter,0.86282635,0.39979953,0.0056416607,0.022287548,True
0,Non-Promoter,0,Non-Promoter,0.79916483,0.50155807,0.0107998755,0.031866014,True
0,Non-Promoter,1,Promoter,0.53365064,0.6908807,0.024771411,0.051558614,False
0,Non-Promoter,0,Non-Promoter,0.84024084,0.43927026,0.006982801,0.026047856,True
0,Non-Promoter,0,Non-Promoter,0.67175114,0.6329316,0.02005205,0.046078146,True
0,Non-Promoter,0,Non-Promoter,0.85164416,0.41984648,0.0031817474,0.012504429,True
0,Non-Promoter,0,Non-Promoter,0.90694505,0.3095495,0.002862615,0.01674521,True
0,Non-Promoter,0,Non-Promoter,0.91142833,0.29922068,0.002853455,0.016888767,True
0,Non-Promoter,1,Promoter,0.5522427,0.6876786,0.020320997,0.042559087,False
0,Non-Promoter,1,Promoter,0.8170392,0.47585356,0.0055585834,0.01775664,False
0,Non-Promoter,0,Non-Promoter,0.5677656,0.68393445,0.008916605,0.01850146,True
0,Non-Promoter,0,Non-Promoter,0.8477354,0.42661723,0.0047579547,0.018764526,True
0,Non-Promoter,0,Non-Promoter,0.9336402,0.24411958,0.0021391949,0.0160902,True
0,Non-Promoter,1,Promoter,0.56614786,0.6843704,0.014618987,0.03016001,False
0,Non-Promoter,0,Non-Promoter,0.6101808,0.66866714,0.015415013,0.033325374,True
0,Non-Promoter,0,Non-Promoter,0.8117639,0.4836552,0.009343386,0.029258847,True
0,Non-Promoter,0,Non-Promoter,0.8363217,0.44571924,0.0044522174,0.015510917,True
0,Non-Promoter,0,Non-Promoter,0.9176023,0.28458673,0.0031601032,0.016721427,True
0,Non-Promoter,0,Non-Promoter,0.75719804,0.5542882,0.009881137,0.028822422,True
0,Non-Promoter,1,Promoter,0.7284125,0.5848315,0.009760102,0.02433747,False
0,Non-Promoter,0,Non-Promoter,0.80100334,0.49900836,0.006870674,0.02054426,True
0,Non-Promoter,0,Non-Promoter,0.5272892,0.69165707,0.015302875,0.03150344,True
0,Non-Promoter,0,Non-Promoter,0.8764823,0.37387562,0.0035481364,0.016058087,True
0,Non-Promoter,1,Promoter,0.7251493,0.588024,0.009399165,0.024259508,False
0,Non-Promoter,0,Non-Promoter,0.9368164,0.23563926,0.0014389539,0.01193212,True
0,Non-Promoter,0,Non-Promoter,0.89716184,0.3312745,0.0033475277,0.018313855,True
0,Non-Promoter,0,Non-Promoter,0.880436,0.3660555,0.0040398645,0.019054234,True
0,Non-Promoter,1,Promoter,0.59833777,0.6736799,0.012977283,0.02760911,False
0,Non-Promoter,1,Promoter,0.70713097,0.60470057,0.013816761,0.03264737,False
0,Non-Promoter,0,Non-Promoter,0.87950194,0.3679162,0.0039294735,0.018113792,True
0,Non-Promoter,1,Promoter,0.54357904,0.68934405,0.01926802,0.040124416,False
0,Non-Promoter,0,Non-Promoter,0.9220391,0.27376053,0.0024066148,0.014174432,True
0,Non-Promoter,0,Non-Promoter,0.57110775,0.6830002,0.0182736,0.038746357,True
0,Non-Promoter,0,Non-Promoter,0.88057023,0.3657874,0.0053862724,0.024163485,True
0,Non-Promoter,0,Non-Promoter,0.60703623,0.6700553,0.013782438,0.02946049,True
0,Non-Promoter,0,Non-Promoter,0.87974465,0.36743343,0.0046402956,0.02256155,True
0,Non-Promoter,0,Non-Promoter,0.89629066,0.33315766,0.0029383712,0.014237881,True
0,Non-Promoter,1,Promoter,0.7087421,0.6032742,0.01145632,0.028468847,False
0,Non-Promoter,0,Non-Promoter,0.6077675,0.6697362,0.013701588,0.02948314,True
0,Non-Promoter,0,Non-Promoter,0.88683754,0.35307664,0.0029865075,0.013498157,True
0,Non-Promoter,0,Non-Promoter,0.9599391,0.16813743,0.00077830255,0.0096156,True
0,Non-Promoter,0,Non-Promoter,0.92404526,0.2687765,0.0014971725,0.010483921,True
0,Non-Promoter,1,Promoter,0.6522915,0.64601654,0.017323025,0.038304627,False
0,Non-Promoter,1,Promoter,0.8198246,0.47165936,0.0040460043,0.013364434,False
0,Non-Promoter,0,Non-Promoter,0.7701292,0.5391202,0.011949293,0.032607794,True
0,Non-Promoter,1,Promoter,0.52936333,0.6914218,0.015794944,0.032533407,False
0,Non-Promoter,0,Non-Promoter,0.6891522,0.6197773,0.011225844,0.026273549,True
0,Non-Promoter,0,Non-Promoter,0.89633554,0.3330609,0.0023082173,0.012396663,True
0,Non-Promoter,0,Non-Promoter,0.6335586,0.6570345,0.007853429,0.01715839,True
0,Non-Promoter,0,Non-Promoter,0.5855514,0.6784368,0.021023966,0.04519117,True
0,Non-Promoter,0,Non-Promoter,0.53822964,0.6902213,0.020855216,0.043454945,True
0,Non-Promoter,0,Non-Promoter,0.8190929,0.47276616,0.010312131,0.03173381,True
0,Non-Promoter,0,Non-Promoter,0.54784876,0.68856114,0.012394983,0.02568978,True
0,Non-Promoter,0,Non-Promoter,0.76789016,0.5418132,0.008475003,0.023101151,True
0,Non-Promoter,0,Non-Promoter,0.9499224,0.19874403,0.0012494929,0.011685416,True
0,Non-Promoter,0,Non-Promoter,0.75903153,0.5521937,0.011682289,0.031624317,True
0,Non-Promoter,0,Non-Promoter,0.9094077,0.30390614,0.0018315997,0.011205405,True
0,Non-Promoter,1,Promoter,0.68556035,0.62260693,0.00732527,0.017030299,False
0,Non-Promoter,0,Non-Promoter,0.74044544,0.57259053,0.013935728,0.03603065,True
0,Non-Promoter,0,Non-Promoter,0.74481755,0.5679574,0.014668031,0.04115385,True
0,Non-Promoter,0,Non-Promoter,0.7902284,0.51365393,0.0051000156,0.015253574,True
0,Non-Promoter,0,Non-Promoter,0.8403531,0.43908393,0.00559483,0.02134031,True
0,Non-Promoter,0,Non-Promoter,0.7583297,0.5529976,0.00782312,0.021682084,True
0,Non-Promoter,0,Non-Promoter,0.6559742,0.6436697,0.014450634,0.033441603,True
0,Non-Promoter,0,Non-Promoter,0.95273197,0.19039121,0.00048268551,0.0053501576,True
0,Non-Promoter,0,Non-Promoter,0.7644079,0.54594564,0.014505649,0.03905648,True
0,Non-Promoter,0,Non-Promoter,0.6052399,0.6708298,0.010880062,0.023981988,True
0,Non-Promoter,1,Promoter,0.82442683,0.464614,0.0072292713,0.02474612,False
0,Non-Promoter,0,Non-Promoter,0.79898435,0.50180715,0.008643179,0.025164604,True
0,Non-Promoter,0,Non-Promoter,0.7879648,0.51664066,0.0067572985,0.02025941,True
0,Non-Promoter,0,Non-Promoter,0.89691293,0.33181348,0.0020536594,0.010820538,True
0,Non-Promoter,0,Non-Promoter,0.83436435,0.44889796,0.0079138465,0.02700466,True
0,Non-Promoter,1,Promoter,0.6924249,0.61714673,0.0038829674,0.009456277,False
0,Non-Promoter,1,Promoter,0.6100582,0.66872203,0.014503611,0.03096962,False
0,Non-Promoter,0,Non-Promoter,0.9521717,0.19207017,0.000780015,0.008945361,True
0,Non-Promoter,0,Non-Promoter,0.89909065,0.3270765,0.00256728,0.012605876,True
0,Non-Promoter,0,Non-Promoter,0.8282658,0.45862535,0.005412931,0.019665837,True
0,Non-Promoter,0,Non-Promoter,0.96805555,0.14143777,0.0003704509,0.0062389523,True
0,Non-Promoter,0,Non-Promoter,0.50554717,0.6930856,0.019215398,0.039853573,True
0,Non-Promoter,0,Non-Promoter,0.7661774,0.5438542,0.0075501893,0.020675957,True
0,Non-Promoter,0,Non-Promoter,0.77724874,0.5303681,0.0068602655,0.020952284,True
0,Non-Promoter,0,Non-Promoter,0.90084946,0.3232125,0.0023168763,0.012696296,True
0,Non-Promoter,0,Non-Promoter,0.9392612,0.22899553,0.0013387639,0.010629863,True
0,Non-Promoter,0,Non-Promoter,0.73725724,0.5759062,0.014772954,0.037659943,True
0,Non-Promoter,0,Non-Promoter,0.8390972,0.44116396,0.007324866,0.026285589,True
0,Non-Promoter,0,Non-Promoter,0.83902115,0.44128948,0.0044835256,0.017450571,True
0,Non-Promoter,0,Non-Promoter,0.96176845,0.1622827,0.0010066249,0.010732621,True
0,Non-Promoter,0,Non-Promoter,0.6447533,0.65063417,0.017478818,0.039236546,True
0,Non-Promoter,0,Non-Promoter,0.77538323,0.5326895,0.007894756,0.022208989,True
0,Non-Promoter,0,Non-Promoter,0.8016345,0.49812818,0.0048235636,0.01611495,True
0,Non-Promoter,1,Promoter,0.5956103,0.67475146,0.015731936,0.034188032,False
0,Non-Promoter,0,Non-Promoter,0.5335976,0.69088787,0.018946107,0.039858937,True
0,Non-Promoter,0,Non-Promoter,0.62583995,0.6611327,0.011551918,0.024635911,True
0,Non-Promoter,0,Non-Promoter,0.8543018,0.41517398,0.0040778467,0.016261995,True
0,Non-Promoter,0,Non-Promoter,0.72773784,0.5854958,0.013402278,0.03355831,True
0,Non-Promoter,0,Non-Promoter,0.6596828,0.64124566,0.018553412,0.041641116,True
0,Non-Promoter,1,Promoter,0.6356266,0.655893,0.01725019,0.03733927,False
0,Non-Promoter,0,Non-Promoter,0.87018746,0.38603035,0.004342762,0.019218206,True
0,Non-Promoter,1,Promoter,0.5995873,0.6731787,0.012975078,0.027724206,False
0,Non-Promoter,1,Promoter,0.9280068,0.25876445,0.0023749066,0.015739366,False
0,Non-Promoter,0,Non-Promoter,0.9475054,0.20579584,0.00053702947,0.0057441294,True
0,Non-Promoter,1,Promoter,0.68250364,0.6249679,0.011875061,0.02833575,False
0,Non-Promoter,0,Non-Promoter,0.62146163,0.6633441,0.011050849,0.023878932,True
0,Non-Promoter,0,Non-Promoter,0.8640429,0.39755613,0.0056529148,0.023208797,True
0,Non-Promoter,0,Non-Promoter,0.75196594,0.56016505,0.0104821455,0.026540518,True
0,Non-Promoter,0,Non-Promoter,0.8031617,0.49598807,0.009872926,0.02956155,True
0,Non-Promoter,0,Non-Promoter,0.90626496,0.31109518,0.0019703074,0.011549979,True
0,Non-Promoter,0,Non-Promoter,0.5284503,0.6915275,0.013279518,0.027264118,True
0,Non-Promoter,0,Non-Promoter,0.7307962,0.5824653,0.014493509,0.036049366,True
0,Non-Promoter,0,Non-Promoter,0.7768958,0.5308088,0.0075562326,0.023395061,True
0,Non-Promoter,0,Non-Promoter,0.8945319,0.33693403,0.0039169374,0.019713432,True
0,Non-Promoter,0,Non-Promoter,0.82193464,0.4684472,0.007229197,0.025381505,True
0,Non-Promoter,0,Non-Promoter,0.566866,0.68417823,0.016217312,0.03373313,True
0,Non-Promoter,0,Non-Promoter,0.87721175,0.37244385,0.0032957387,0.016011238,True
0,Non-Promoter,0,Non-Promoter,0.7849708,0.52054423,0.00984907,0.028683454,True
0,Non-Promoter,0,Non-Promoter,0.8283424,0.45850495,0.011195611,0.034779996,True
0,Non-Promoter,0,Non-Promoter,0.6784044,0.6280663,0.0073225824,0.016627192,True
0,Non-Promoter,1,Promoter,0.50126004,0.69314396,0.013306285,0.027302027,False
0,Non-Promoter,0,Non-Promoter,0.75520587,0.5565433,0.013184407,0.035100937,True
0,Non-Promoter,0,Non-Promoter,0.71101534,0.6012401,0.011226106,0.028330028,True
0,Non-Promoter,1,Promoter,0.72275484,0.5903326,0.01247454,0.030606687,False
0,Non-Promoter,0,Non-Promoter,0.8420742,0.4362143,0.0046343505,0.01808995,True
0,Non-Promoter,0,Non-Promoter,0.56906134,0.68357766,0.017605487,0.036870062,True
0,Non-Promoter,0,Non-Promoter,0.8330502,0.4510166,0.005475781,0.018830508,True
0,Non-Promoter,0,Non-Promoter,0.6580053,0.6423497,0.009648447,0.021672785,True
0,Non-Promoter,0,Non-Promoter,0.95262134,0.19072327,0.0010302106,0.011655927,True
0,Non-Promoter,1,Promoter,0.5363133,0.69050753,0.020825721,0.04389751,False
0,Non-Promoter,0,Non-Promoter,0.92380816,0.2693687,0.0016103154,0.0111937225,True
0,Non-Promoter,1,Promoter,0.5373671,0.69035196,0.014043033,0.028862178,False
0,Non-Promoter,0,Non-Promoter,0.8345635,0.44857582,0.0066514425,0.023097485,True
0,Non-Promoter,0,Non-Promoter,0.50063974,0.69314635,0.01462806,0.030024886,True
0,Non-Promoter,0,Non-Promoter,0.89281064,0.34059834,0.0052465526,0.023958176,True
0,Non-Promoter,0,Non-Promoter,0.79066813,0.5130701,0.009296628,0.028765887,True
0,Non-Promoter,0,Non-Promoter,0.9281883,0.2583002,0.0019194514,0.013831481,True
0,Non-Promoter,0,Non-Promoter,0.9169184,0.28623205,0.0024246683,0.014822423,True
0,Non-Promoter,0,Non-Promoter,0.94069564,0.22504911,0.0022588263,0.016545683,True
0,Non-Promoter,0,Non-Promoter,0.6502605,0.6472852,0.013006097,0.02873677,True
0,Non-Promoter,1,Promoter,0.705727,0.6059334,0.014921645,0.037780643,False
0,Non-Promoter,0,Non-Promoter,0.8423293,0.43578702,0.0064828964,0.023928016,True
0,Non-Promoter,1,Promoter,0.85312057,0.41725767,0.0058220825,0.021559745,False
0,Non-Promoter,0,Non-Promoter,0.7459857,0.56670254,0.015203528,0.040023386,True
0,Non-Promoter,0,Non-Promoter,0.94135916,0.22321123,0.0008819281,0.0075674355,True
0,Non-Promoter,0,Non-Promoter,0.6033498,0.67163,0.012562155,0.026634097,True
0,Non-Promoter,0,Non-Promoter,0.70448047,0.6070201,0.008633223,0.02154839,True
0,Non-Promoter,1,Promoter,0.50154406,0.6931424,0.0152784325,0.03134972,False
0,Non-Promoter,0,Non-Promoter,0.8073446,0.49005044,0.009036152,0.027455151,True
0,Non-Promoter,1,Promoter,0.5099832,0.6929478,0.013420546,0.027587652,False
0,Non-Promoter,0,Non-Promoter,0.9103985,0.30161494,0.0027861446,0.017227381,True
0,Non-Promoter,0,Non-Promoter,0.68094355,0.6261562,0.014086094,0.034002304,True
0,Non-Promoter,0,Non-Promoter,0.9517624,0.193293,0.0010702466,0.01086688,True
0,Non-Promoter,0,Non-Promoter,0.5588815,0.686197,0.018468782,0.03878981,True
0,Non-Promoter,0,Non-Promoter,0.95602775,0.18036862,0.0009153887,0.010262117,True
0,Non-Promoter,0,Non-Promoter,0.9148095,0.29126656,0.0015029922,0.009367615,True
0,Non-Promoter,1,Promoter,0.55985576,0.6859646,0.01579022,0.03304863,False
0,Non-Promoter,0,Non-Promoter,0.7602683,0.55077046,0.012038793,0.031648517,True
0,Non-Promoter,0,Non-Promoter,0.8471926,0.4275482,0.0073361383,0.029087692,True
0,Non-Promoter,0,Non-Promoter,0.6379294,0.65460026,0.012458209,0.02752757,True
0,Non-Promoter,0,Non-Promoter,0.7603218,0.55070865,0.01006773,0.027489245,True
0,Non-Promoter,0,Non-Promoter,0.6644776,0.63802075,0.010021241,0.022617519,True
0,Non-Promoter,0,Non-Promoter,0.6366321,0.6553314,0.013135038,0.029103577,True
0,Non-Promoter,0,Non-Promoter,0.9649778,0.1517884,0.00039520633,0.0054674745,True
0,Non-Promoter,0,Non-Promoter,0.92473346,0.26705363,0.0030106187,0.018576548,True
0,Non-Promoter,1,Promoter,0.54766494,0.68859637,0.018107086,0.037369072,False
0,Non-Promoter,0,Non-Promoter,0.8396572,0.4402379,0.006640834,0.023617953,True
0,Non-Promoter,1,Promoter,0.5493032,0.6882777,0.018665854,0.038603604,False
0,Non-Promoter,0,Non-Promoter,0.73143756,0.5818237,0.009970446,0.02569139,True
0,Non-Promoter,0,Non-Promoter,0.90162265,0.32150292,0.0023966162,0.012799621,True
0,Non-Promoter,0,Non-Promoter,0.814385,0.47980186,0.0079612825,0.027178168,True
0,Non-Promoter,0,Non-Promoter,0.71355426,0.59893847,0.010777272,0.026453078,True
0,Non-Promoter,0,Non-Promoter,0.7090371,0.6030115,0.013323175,0.033352256,True
0,Non-Promoter,0,Non-Promoter,0.6439467,0.6511135,0.016474493,0.03801596,True
0,Non-Promoter,0,Non-Promoter,0.77062774,0.53851676,0.011600489,0.031215072,True
0,Non-Promoter,0,Non-Promoter,0.79651475,0.5051962,0.004757191,0.015998363,True
0,Non-Promoter,0,Non-Promoter,0.7408014,0.572217,0.015479419,0.039413393,True
0,Non-Promoter,0,Non-Promoter,0.69940674,0.61136615,0.01680366,0.040623605,True
0,Non-Promoter,0,Non-Promoter,0.94072753,0.22496097,0.0012992346,0.010349914,True
0,Non-Promoter,0,Non-Promoter,0.96293926,0.15848787,0.00071513845,0.008962378,True
0,Non-Promoter,1,Promoter,0.61544394,0.6662506,0.013131889,0.027990997,False
0,Non-Promoter,1,Promoter,0.67580736,0.62998945,0.009224538,0.021643758,False
0,Non-Promoter,1,Promoter,0.9166769,0.28681147,0.0020668162,0.012873441,False
0,Non-Promoter,0,Non-Promoter,0.754532,0.5573013,0.0080612935,0.022092998,True
0,Non-Promoter,0,Non-Promoter,0.89252704,0.34119913,0.0016397985,0.009159714,True
0,Non-Promoter,0,Non-Promoter,0.76615244,0.5438838,0.018563014,0.051472723,True
0,Non-Promoter,0,Non-Promoter,0.96942043,0.13675104,0.0006008219,0.008883119,True
0,Non-Promoter,1,Promoter,0.71614736,0.59655523,0.01178279,0.029971242,False
0,Non-Promoter,0,Non-Promoter,0.8460214,0.42954868,0.0054711904,0.019508988,True
0,Non-Promoter,0,Non-Promoter,0.8327251,0.45153883,0.003355247,0.011826456,True
0,Non-Promoter,0,Non-Promoter,0.89362305,0.33887273,0.0017468284,0.00941065,True
0,Non-Promoter,0,Non-Promoter,0.9507812,0.19620842,0.0007715175,0.008289903,True
0,Non-Promoter,0,Non-Promoter,0.64646375,0.6496083,0.011830369,0.026131928,True
0,Non-Promoter,0,Non-Promoter,0.9427434,0.21935137,0.00090192765,0.008596763,True
0,Non-Promoter,1,Promoter,0.99239856,0.044663213,7.71208e-05,0.0030878298,False
0,Non-Promoter,0,Non-Promoter,0.72074026,0.5922528,0.0074457605,0.01970774,True
0,Non-Promoter,1,Promoter,0.5966358,0.67435217,0.017757013,0.038245916,False
0,Non-Promoter,0,Non-Promoter,0.7686924,0.5408515,0.009000368,0.024181902,True
0,Non-Promoter,0,Non-Promoter,0.9605655,0.16614285,0.0003623435,0.004716888,True
0,Non-Promoter,0,Non-Promoter,0.7094338,0.6026579,0.025280003,0.059973,True
0,Non-Promoter,0,Non-Promoter,0.8230103,0.4667979,0.010423165,0.034307927,True
0,Non-Promoter,0,Non-Promoter,0.90581775,0.31210873,0.002429156,0.014590651,True
0,Non-Promoter,0,Non-Promoter,0.7283784,0.58486503,0.008259008,0.02152872,True
0,Non-Promoter,0,Non-Promoter,0.6227972,0.6626782,0.015222682,0.03290224,True
0,Non-Promoter,1,Promoter,0.87326896,0.38012508,0.004938406,0.021366626,False
1,Promoter,0,Non-Promoter,0.9097441,0.30312973,0.0024083415,0.014647573,False
1,Promoter,0,Non-Promoter,0.5685185,0.683728,0.018859722,0.040545642,False
1,Promoter,1,Promoter,0.6205604,0.66378915,0.015247354,0.032799423,True
1,Promoter,0,Non-Promoter,0.8288719,0.45767042,0.00827075,0.028082252,False
1,Promoter,0,Non-Promoter,0.71850955,0.59435546,0.01117073,0.0275864,False
1,Promoter,1,Promoter,0.8905798,0.34530136,0.0061073685,0.029902965,True
1,Promoter,1,Promoter,0.7902316,0.5136497,0.0059234304,0.016900599,True
1,Promoter,1,Promoter,0.66116804,0.6402577,0.014958313,0.03354466,True
1,Promoter,0,Non-Promoter,0.6485761,0.64832366,0.012407621,0.028442442,False
1,Promoter,1,Promoter,0.9903864,0.054218233,9.8458884e-05,0.0036805347,True
1,Promoter,1,Promoter,0.95302373,0.18951376,0.0008550891,0.008814663,True
1,Promoter,1,Promoter,0.97178704,0.12847428,0.00026588645,0.0044992045,True
1,Promoter,1,Promoter,0.65400183,0.64493406,0.009936927,0.022000134,True
1,Promoter,1,Promoter,0.8426752,0.435207,0.0042083715,0.01669833,True
1,Promoter,0,Non-Promoter,0.8131311,0.48165095,0.0071184677,0.020865023,False
1,Promoter,1,Promoter,0.5521132,0.68770576,0.022786409,0.04842651,True
1,Promoter,1,Promoter,0.61183465,0.66792035,0.013194378,0.028979242,True
1,Promoter,1,Promoter,0.8930368,0.34011886,0.0017545687,0.009847879,True
1,Promoter,0,Non-Promoter,0.7136763,0.5988271,0.008969879,0.024044514,False
1,Promoter,1,Promoter,0.78920025,0.5150143,0.009861048,0.030201346,True
1,Promoter,1,Promoter,0.88054675,0.3658342,0.004205336,0.017844766,True
1,Promoter,0,Non-Promoter,0.65565497,0.64387554,0.021784298,0.05087781,False
1,Promoter,1,Promoter,0.83668905,0.4451197,0.011753017,0.040899903,True
1,Promoter,1,Promoter,0.9426225,0.21968973,0.0010901084,0.009863764,True
1,Promoter,1,Promoter,0.89956456,0.32603878,0.0030183562,0.016153902,True
1,Promoter,1,Promoter,0.8402244,0.4392977,0.004453335,0.016313046,True
1,Promoter,0,Non-Promoter,0.6517853,0.64633447,0.01001952,0.02233243,False
1,Promoter,1,Promoter,0.68163806,0.6256286,0.006171301,0.014565289,True
1,Promoter,0,Non-Promoter,0.5932771,0.67564356,0.018550597,0.03974819,False
1,Promoter,0,Non-Promoter,0.92914176,0.2558533,0.0018252037,0.013344407,False
1,Promoter,0,Non-Promoter,0.54404885,0.68926156,0.012410229,0.025401115,False
1,Promoter,1,Promoter,0.8048884,0.49355045,0.0064490205,0.019676685,True
1,Promoter,1,Promoter,0.95802873,0.17415906,0.0005136731,0.005861491,True
1,Promoter,1,Promoter,0.5136967,0.6927719,0.009330485,0.018990219,True
1,Promoter,1,Promoter,0.8415533,0.43708524,0.007959163,0.028029978,True
1,Promoter,1,Promoter,0.6384423,0.6543092,0.014828848,0.032865465,True
1,Promoter,1,Promoter,0.5139242,0.69275934,0.025900992,0.054298997,True
1,Promoter,0,Non-Promoter,0.8852308,0.35637194,0.007055496,0.02967164,False
1,Promoter,1,Promoter,0.65452236,0.6446021,0.010322554,0.023817658,True
1,Promoter,0,Non-Promoter,0.76237327,0.5483288,0.009057193,0.025928855,False
1,Promoter,1,Promoter,0.96133924,0.16366452,0.00043867962,0.0058492273,True
1,Promoter,1,Promoter,0.77252024,0.53621316,0.006987774,0.021049201,True
1,Promoter,1,Promoter,0.723274,0.5898345,0.016534615,0.041562676,True
1,Promoter,1,Promoter,0.8550688,0.4138149,0.00546336,0.022475302,True
1,Promoter,1,Promoter,0.5991087,0.67337143,0.018314801,0.038856983,True
1,Promoter,1,Promoter,0.7662829,0.5437289,0.010086492,0.029110849,True
1,Promoter,0,Non-Promoter,0.5051189,0.69309473,0.031965956,0.066992044,False
1,Promoter,0,Non-Promoter,0.72578067,0.58741045,0.009840804,0.024966478,False
1,Promoter,0,Non-Promoter,0.677239,0.6289332,0.013534093,0.031906128,False
1,Promoter,0,Non-Promoter,0.8459445,0.42967963,0.0049839984,0.019471198,False
1,Promoter,0,Non-Promoter,0.8046798,0.49384597,0.0066861436,0.021848172,False
1,Promoter,1,Promoter,0.91958416,0.27978396,0.0061097587,0.032053903,True
1,Promoter,1,Promoter,0.9653606,0.15051654,0.00039927574,0.005726576,True
1,Promoter,1,Promoter,0.8063041,0.49153787,0.0059384555,0.020506263,True
1,Promoter,1,Promoter,0.80415875,0.4945829,0.0064787697,0.020013958,True
1,Promoter,1,Promoter,0.84470016,0.4317931,0.0074986145,0.0269534,True
1,Promoter,1,Promoter,0.76039106,0.5506288,0.011894832,0.031912327,True
1,Promoter,1,Promoter,0.7655415,0.54460776,0.008915202,0.024368227,True
1,Promoter,0,Non-Promoter,0.91288775,0.29580516,0.0029002307,0.016181111,False
1,Promoter,1,Promoter,0.95990545,0.16824453,0.0006063201,0.008086383,True
1,Promoter,1,Promoter,0.8133532,0.48132408,0.0068571456,0.022618204,True
1,Promoter,1,Promoter,0.89092416,0.34457874,0.0017555129,0.009188592,True
1,Promoter,1,Promoter,0.71854466,0.59432256,0.012688115,0.03110993,True
1,Promoter,1,Promoter,0.9713899,0.1298771,0.00031168325,0.005317338,True
1,Promoter,1,Promoter,0.9216989,0.27460027,0.0025010225,0.016517282,True
1,Promoter,1,Promoter,0.90721947,0.30892426,0.0034629228,0.019717753,True
1,Promoter,0,Non-Promoter,0.54366916,0.6893284,0.018032694,0.037945747,False
1,Promoter,1,Promoter,0.6291579,0.6594023,0.012655888,0.027604401,True
1,Promoter,1,Promoter,0.9675331,0.14321524,0.0003706819,0.005096495,True
1,Promoter,1,Promoter,0.7563921,0.55520314,0.008134722,0.02116859,True
1,Promoter,1,Promoter,0.79639494,0.5053597,0.0083750365,0.025371581,True
1,Promoter,1,Promoter,0.95471776,0.18438223,0.00072100566,0.00730516,True
1,Promoter,0,Non-Promoter,0.81315154,0.48162088,0.009609736,0.029469699,False
1,Promoter,1,Promoter,0.9328559,0.24618821,0.0010122039,0.0076254755,True
1,Promoter,1,Promoter,0.61738306,0.6653307,0.0140208835,0.030443132,True
1,Promoter,1,Promoter,0.9578134,0.17483228,0.00090254727,0.010022342,True
1,Promoter,1,Promoter,0.879953,0.36701852,0.0033110715,0.014735848,True
1,Promoter,1,Promoter,0.7185074,0.5943575,0.017439594,0.04349023,True
1,Promoter,1,Promoter,0.9118197,0.29830736,0.0021208953,0.012794763,True
1,Promoter,1,Promoter,0.6668844,0.63636315,0.011917861,0.026627779,True
1,Promoter,1,Promoter,0.93425673,0.24248607,0.0007601564,0.0062716454,True
1,Promoter,0,Non-Promoter,0.7822884,0.5239964,0.0047264528,0.014347732,False
1,Promoter,0,Non-Promoter,0.85912544,0.40654787,0.0060574906,0.02327013,False
1,Promoter,1,Promoter,0.56181926,0.68548435,0.013001567,0.026929915,True
1,Promoter,1,Promoter,0.8249108,0.46386468,0.0066515673,0.02301398,True
1,Promoter,0,Non-Promoter,0.8243444,0.46474156,0.005039127,0.017614633,False
1,Promoter,0,Non-Promoter,0.6276624,0.6601881,0.012265538,0.026400983,False
1,Promoter,1,Promoter,0.97656137,0.1111353,0.00017114132,0.0033130348,True
1,Promoter,1,Promoter,0.6620564,0.639662,0.012788977,0.029049516,True
1,Promoter,0,Non-Promoter,0.52103513,0.69226193,0.019677348,0.04112345,False
1,Promoter,1,Promoter,0.81810343,0.47425723,0.0070611574,0.024166793,True
1,Promoter,1,Promoter,0.63402915,0.6567764,0.017047476,0.03781283,True
1,Promoter,1,Promoter,0.9130617,0.29539645,0.002596474,0.016510457,True
1,Promoter,1,Promoter,0.7481652,0.5643419,0.007782709,0.021504402,True
1,Promoter,0,Non-Promoter,0.6686918,0.6351012,0.016424311,0.038475156,False
1,Promoter,1,Promoter,0.87429106,0.37814736,0.0046838033,0.020109296,True
1,Promoter,1,Promoter,0.937023,0.23508132,0.0012253395,0.009468198,True
1,Promoter,0,Non-Promoter,0.64646137,0.6496097,0.014216563,0.032430112,False
1,Promoter,1,Promoter,0.6335191,0.6570562,0.017374646,0.03836894,True
1,Promoter,0,Non-Promoter,0.6384114,0.6543268,0.015851654,0.035491705,False
1,Promoter,1,Promoter,0.6764742,0.6294986,0.01434065,0.033630192,True
1,Promoter,1,Promoter,0.95099694,0.1955693,0.001725127,0.0153824985,True
1,Promoter,1,Promoter,0.8882107,0.35023993,0.0025608777,0.013050884,True
1,Promoter,1,Promoter,0.90930206,0.30414957,0.0014991646,0.009111792,True
1,Promoter,0,Non-Promoter,0.7437052,0.56914556,0.0062498394,0.016702116,False
1,Promoter,1,Promoter,0.80318505,0.49595523,0.009326089,0.029955506,True
1,Promoter,1,Promoter,0.55689144,0.6866598,0.0116302315,0.023881674,True
1,Promoter,1,Promoter,0.56923366,0.68352973,0.009792148,0.020219088,True
1,Promoter,1,Promoter,0.91336274,0.2946877,0.003032202,0.017752618,True
1,Promoter,1,Promoter,0.90880424,0.3052954,0.0038940625,0.02165258,True
1,Promoter,1,Promoter,0.6251395,0.661492,0.012286652,0.027046382,True
1,Promoter,1,Promoter,0.9359476,0.23797505,0.0018581746,0.01325497,True
1,Promoter,0,Non-Promoter,0.8559485,0.41225046,0.0057673017,0.02272582,False
1,Promoter,1,Promoter,0.6897596,0.61929286,0.0111205885,0.025357485,True
1,Promoter,1,Promoter,0.88443565,0.3579932,0.004286273,0.018661767,True
1,Promoter,1,Promoter,0.69299513,0.6166832,0.008477547,0.020608306,True
1,Promoter,1,Promoter,0.8441831,0.43266767,0.011428058,0.039469063,True
1,Promoter,1,Promoter,0.52686805,0.6917027,0.014737725,0.030400336,True
1,Promoter,0,Non-Promoter,0.7689207,0.5405771,0.010173644,0.028484166,False
1,Promoter,1,Promoter,0.7423112,0.57062554,0.010038375,0.026510894,True
1,Promoter,1,Promoter,0.7345731,0.5786571,0.010253215,0.027076125,True
1,Promoter,1,Promoter,0.68654954,0.6218337,0.017073782,0.039534748,True
1,Promoter,1,Promoter,0.7484189,0.56406546,0.009937722,0.027000844,True
1,Promoter,1,Promoter,0.95792145,0.17449446,0.00079153676,0.008915678,True
1,Promoter,1,Promoter,0.5300747,0.6913371,0.017309189,0.03611797,True
1,Promoter,1,Promoter,0.93495977,0.2406164,0.0019367777,0.013943642,True
1,Promoter,1,Promoter,0.7034457,0.6079165,0.010124015,0.02497083,True
1,Promoter,1,Promoter,0.8923292,0.3416176,0.0015863157,0.007682711,True
1,Promoter,1,Promoter,0.6071931,0.6699871,0.016213031,0.03459078,True
1,Promoter,0,Non-Promoter,0.92478865,0.26691502,0.0013201081,0.0083756745,False
1,Promoter,0,Non-Promoter,0.55672777,0.68669724,0.008581787,0.017677605,False
1,Promoter,1,Promoter,0.8255855,0.4628175,0.0066688727,0.022264779,True
1,Promoter,0,Non-Promoter,0.69712484,0.6132808,0.015842292,0.038286746,False
1,Promoter,1,Promoter,0.79999614,0.5004078,0.009484266,0.029868454,True
1,Promoter,1,Promoter,0.62474465,0.6616936,0.021834502,0.04798168,True
1,Promoter,1,Promoter,0.76603925,0.54401815,0.0077974666,0.02224189,True
1,Promoter,1,Promoter,0.7940126,0.50859153,0.008121344,0.022766113,True
1,Promoter,0,Non-Promoter,0.50851065,0.6930023,0.025476314,0.05330038,False
1,Promoter,1,Promoter,0.95573634,0.18126504,0.0009424533,0.009397492,True
1,Promoter,1,Promoter,0.6022286,0.6720977,0.018169306,0.039469957,True
1,Promoter,1,Promoter,0.71797174,0.59485877,0.011933902,0.028554678,True
1,Promoter,0,Non-Promoter,0.91711813,0.28575197,0.0021445872,0.013826251,False
1,Promoter,1,Promoter,0.77361697,0.5348688,0.006280184,0.018123507,True
1,Promoter,1,Promoter,0.5658064,0.684461,0.021325007,0.044703543,True
1,Promoter,0,Non-Promoter,0.9028009,0.31888455,0.00432444,0.02334705,False
1,Promoter,1,Promoter,0.9702709,0.13379939,0.00050547003,0.0075078905,True
1,Promoter,0,Non-Promoter,0.9292654,0.255535,0.0025123302,0.0143748075,False
1,Promoter,1,Promoter,0.60631365,0.6703685,0.012045255,0.025709867,True
1,Promoter,1,Promoter,0.8458373,0.4298622,0.0049391463,0.018610775,True
1,Promoter,1,Promoter,0.9622213,0.16081907,0.00072795834,0.009128332,True
1,Promoter,1,Promoter,0.81910104,0.472754,0.0058354572,0.01888591,True
1,Promoter,1,Promoter,0.8200184,0.47136566,0.005890927,0.019235343,True
1,Promoter,1,Promoter,0.6716549,0.6330005,0.014748332,0.03387761,True
1,Promoter,1,Promoter,0.96211076,0.16117729,0.0013506092,0.015011966,True
1,Promoter,1,Promoter,0.7077698,0.6041365,0.0144772455,0.03501463,True
1,Promoter,1,Promoter,0.850114,0.42251122,0.004739573,0.01784128,True
1,Promoter,1,Promoter,0.7566585,0.5549011,0.011800226,0.032375693,True
1,Promoter,1,Promoter,0.97300327,0.12414185,0.00034018105,0.005419448,True
1,Promoter,1,Promoter,0.9291865,0.25573796,0.0030008634,0.018747643,True
1,Promoter,1,Promoter,0.94017917,0.2264743,0.0009863907,0.008715689,True
1,Promoter,0,Non-Promoter,0.85842174,0.4078182,0.0045820195,0.01897043,False
1,Promoter,0,Non-Promoter,0.58921635,0.6771425,0.01630577,0.03504795,False
1,Promoter,0,Non-Promoter,0.64720005,0.6491627,0.021697544,0.049080253,False
1,Promoter,1,Promoter,0.6970873,0.6133121,0.013091689,0.031479657,True
1,Promoter,1,Promoter,0.9838242,0.08275691,0.0001078412,0.0033492446,True
1,Promoter,1,Promoter,0.638696,0.65416473,0.012341268,0.027075112,True
1,Promoter,0,Non-Promoter,0.76444185,0.5459056,0.008007541,0.021533191,False
1,Promoter,1,Promoter,0.81439805,0.47978252,0.00634827,0.02110821,True
1,Promoter,1,Promoter,0.97100955,0.1312152,0.00040064327,0.0058167875,True
1,Promoter,1,Promoter,0.5325257,0.69102985,0.01751621,0.036035776,True
1,Promoter,1,Promoter,0.82926005,0.45705754,0.0040915837,0.014767259,True
1,Promoter,1,Promoter,0.73658496,0.5765987,0.006399112,0.016950488,True
1,Promoter,1,Promoter,0.9320912,0.24819586,0.0018199584,0.0128496885,True
1,Promoter,0,Non-Promoter,0.6576485,0.6425829,0.013376154,0.030878901,False
1,Promoter,0,Non-Promoter,0.86535585,0.39512068,0.0027476915,0.01203087,False
1,Promoter,1,Promoter,0.90284145,0.31879434,0.0022250535,0.0124156475,True
1,Promoter,1,Promoter,0.5174081,0.692541,0.017906751,0.03710848,True
1,Promoter,1,Promoter,0.96577984,0.14911895,0.00031625078,0.0049648285,True
1,Promoter,1,Promoter,0.9483527,0.20333704,0.0017247412,0.015733048,True
1,Promoter,1,Promoter,0.9657883,0.14909057,0.00030612937,0.0042808354,True
1,Promoter,1,Promoter,0.89174926,0.3428424,0.0015570407,0.0080008805,True
1,Promoter,1,Promoter,0.74051493,0.5725176,0.010957693,0.02848959,True
1,Promoter,1,Promoter,0.8860801,0.3546331,0.00252536,0.011757642,True
1,Promoter,0,Non-Promoter,0.612954,0.66740835,0.020647883,0.04606068,False
1,Promoter,1,Promoter,0.60996735,0.6687627,0.024161248,0.051748395,True
1,Promoter,1,Promoter,0.8489609,0.4245073,0.0046767155,0.018990725,True
1,Promoter,0,Non-Promoter,0.6745629,0.63090014,0.012021827,0.027629018,False
1,Promoter,0,Non-Promoter,0.6568169,0.6431242,0.017376637,0.038807213,False
1,Promoter,1,Promoter,0.9371714,0.23468062,0.0011865802,0.009013757,True
1,Promoter,1,Promoter,0.64460695,0.6507214,0.015703179,0.035018742,True
1,Promoter,1,Promoter,0.9048729,0.31424227,0.0026683705,0.01529032,True
1,Promoter,0,Non-Promoter,0.7189853,0.5939091,0.014557399,0.035910606,False
1,Promoter,0,Non-Promoter,0.64918655,0.64794874,0.014864742,0.033510268,False
1,Promoter,1,Promoter,0.6249211,0.66160357,0.0076371757,0.016530454,True
1,Promoter,1,Promoter,0.79392934,0.5087038,0.00951949,0.02831909,True
1,Promoter,1,Promoter,0.5501123,0.6881163,0.020854216,0.043913424,True
1,Promoter,1,Promoter,0.92639196,0.2628734,0.0017996631,0.01283738,True
1,Promoter,1,Promoter,0.8881102,0.3504483,0.0041331938,0.020000607,True
1,Promoter,0,Non-Promoter,0.77808136,0.52932566,0.006571266,0.02077949,False
1,Promoter,1,Promoter,0.68760395,0.62100446,0.007865122,0.018778384,True
1,Promoter,1,Promoter,0.8405067,0.43882862,0.004249362,0.016082466,True
1,Promoter,1,Promoter,0.87996393,0.36699694,0.0055782804,0.022750199,True
1,Promoter,1,Promoter,0.9840367,0.08188324,0.000101507685,0.0033932328,True
1,Promoter,1,Promoter,0.86463445,0.39646047,0.004226349,0.018121868,True
1,Promoter,1,Promoter,0.7895335,0.51457417,0.011393833,0.0336172,True
1,Promoter,0,Non-Promoter,0.5450649,0.68908,0.016372606,0.034026742,False
1,Promoter,1,Promoter,0.86935633,0.38760847,0.0030062045,0.0139761865,True
1,Promoter,1,Promoter,0.78535056,0.5200521,0.01568998,0.045384526,True
1,Promoter,0,Non-Promoter,0.5367868,0.69043815,0.014992182,0.031268656,False
1,Promoter,1,Promoter,0.97809094,0.105378434,0.0002911929,0.005756356,True
1,Promoter,0,Non-Promoter,0.7352863,0.5779298,0.010626855,0.027923584,False
1,Promoter,1,Promoter,0.60937256,0.6690279,0.025103275,0.05471772,True
1,Promoter,1,Promoter,0.7898432,0.5141644,0.0030143803,0.009164691,True
1,Promoter,0,Non-Promoter,0.5775435,0.6810725,0.018576052,0.03917247,False
1,Promoter,1,Promoter,0.9142763,0.2925308,0.0013200382,0.0077254176,True
1,Promoter,1,Promoter,0.93817925,0.2319483,0.0006454346,0.0055140704,True
1,Promoter,1,Promoter,0.5029892,0.6931293,0.01800102,0.037222087,True
1,Promoter,1,Promoter,0.78441864,0.5212583,0.008783711,0.025776327,True
1,Promoter,1,Promoter,0.93350315,0.24448177,0.0009133243,0.0077103227,True
1,Promoter,1,Promoter,0.8360069,0.44623253,0.0049510165,0.017228693,True
1,Promoter,1,Promoter,0.9798267,0.0987126,0.00039259452,0.006674476,True
1,Promoter,0,Non-Promoter,0.7425731,0.57034826,0.0107833315,0.028645694,False
1,Promoter,1,Promoter,0.9504939,0.19705841,0.0014171995,0.012347668,True
1,Promoter,0,Non-Promoter,0.5825121,0.6794683,0.014287437,0.029964626,False
1,Promoter,1,Promoter,0.6396564,0.6536156,0.013518361,0.031207263,True
1,Promoter,1,Promoter,0.7668154,0.5430957,0.017848302,0.050749272,True
1,Promoter,1,Promoter,0.9416941,0.22228053,0.0017675017,0.014751747,True
1,Promoter,1,Promoter,0.9318034,0.24894887,0.0020603957,0.0149401575,True
1,Promoter,1,Promoter,0.7061574,0.60555655,0.010710953,0.025836766,True
1,Promoter,1,Promoter,0.78216636,0.5241524,0.0075330525,0.022007942,True
1,Promoter,1,Promoter,0.93051666,0.2523005,0.0014136003,0.010310441,True
1,Promoter,0,Non-Promoter,0.66094714,0.64040524,0.013874584,0.031166434,False
1,Promoter,0,Non-Promoter,0.5240841,0.6919867,0.015649507,0.032057106,False
1,Promoter,1,Promoter,0.53294015,0.6909755,0.010828739,0.022343636,True
1,Promoter,1,Promoter,0.90660536,0.3103222,0.0021234413,0.011989683,True
1,Promoter,1,Promoter,0.9718049,0.12841102,0.0004245337,0.007837549,True
1,Promoter,1,Promoter,0.79192716,0.5113921,0.0073242523,0.02239713,True
1,Promoter,0,Non-Promoter,0.5263593,0.69175696,0.011636085,0.023795962,False
1,Promoter,1,Promoter,0.8611991,0.40278077,0.0034117354,0.014011204,True
1,Promoter,1,Promoter,0.87686,0.3731347,0.004895666,0.021566868,True
1,Promoter,1,Promoter,0.74194604,0.57101154,0.008950473,0.023830712,True
1,Promoter,1,Promoter,0.9504303,0.19724627,0.0005136953,0.005710304,True
1,Promoter,1,Promoter,0.53394836,0.6908404,0.02548882,0.053252697,True
1,Promoter,1,Promoter,0.77847075,0.52883667,0.008757373,0.0248186,True
1,Promoter,1,Promoter,0.92736953,0.2603906,0.0015768814,0.011728123,True
1,Promoter,1,Promoter,0.8522428,0.4187988,0.0042833844,0.016502053,True
1,Promoter,1,Promoter,0.96992475,0.13500409,0.00027219515,0.0043585002,True
1,Promoter,1,Promoter,0.93309283,0.24556443,0.0009003728,0.0069739223,True
1,Promoter,1,Promoter,0.94282585,0.21912035,0.0007306037,0.0066386014,True
1,Promoter,0,Non-Promoter,0.51826525,0.6924798,0.012705006,0.025953352,False
1,Promoter,1,Promoter,0.71995795,0.592993,0.007862339,0.019564033,True
1,Promoter,1,Promoter,0.61814433,0.6649653,0.017816521,0.038760245,True
1,Promoter,1,Promoter,0.66245025,0.6393968,0.016882073,0.039120674,True
1,Promoter,1,Promoter,0.93800724,0.2324158,0.0015577589,0.011917025,True
1,Promoter,0,Non-Promoter,0.56060445,0.68578327,0.021679288,0.046051323,False
1,Promoter,1,Promoter,0.58309877,0.6792721,0.019578386,0.04222876,True
1,Promoter,0,Non-Promoter,0.68276095,0.6247708,0.011236994,0.026724577,False
1,Promoter,1,Promoter,0.99306244,0.0413988,2.500817e-05,0.0018276386,True
1,Promoter,1,Promoter,0.8688738,0.38852212,0.007791108,0.03384146,True
1,Promoter,1,Promoter,0.8893632,0.3478447,0.0033702324,0.01649636,True
1,Promoter,0,Non-Promoter,0.91687125,0.2863453,0.0014169328,0.009566128,False
1,Promoter,1,Promoter,0.9784868,0.10387115,0.0002022578,0.0040364936,True
1,Promoter,1,Promoter,0.6874427,0.62113154,0.011045915,0.026201487,True
1,Promoter,1,Promoter,0.8324086,0.4520465,0.0063637295,0.021036863,True
1,Promoter,1,Promoter,0.6261787,0.6609582,0.019346707,0.042613983,True
1,Promoter,1,Promoter,0.97550756,0.11504247,0.00027816274,0.0049906373,True
1,Promoter,1,Promoter,0.96157354,0.16291095,0.0004480115,0.0057629347,True
1,Promoter,1,Promoter,0.8857114,0.35538882,0.0045030206,0.020862877,True
1,Promoter,1,Promoter,0.78130037,0.5252572,0.0044793207,0.013206065,True
1,Promoter,1,Promoter,0.94782835,0.20486026,0.0009063248,0.009227186,True
1,Promoter,0,Non-Promoter,0.7138535,0.5986652,0.008430634,0.020882368,False
1,Promoter,1,Promoter,0.89716583,0.331266,0.0050827847,0.0248231,True
1,Promoter,1,Promoter,0.8100173,0.48619795,0.0069502816,0.023283929,True
1,Promoter,1,Promoter,0.9359529,0.23796114,0.002113074,0.016101673,True
1,Promoter,1,Promoter,0.9841656,0.08135089,0.00012088771,0.0035510734,True
1,Promoter,1,Promoter,0.94860935,0.20258978,0.0021099648,0.015788361,True
1,Promoter,1,Promoter,0.6453608,0.6502713,0.013338963,0.030137002,True
1,Promoter,1,Promoter,0.90475297,0.31451222,0.0015893241,0.009048998,True
1,Promoter,1,Promoter,0.6303553,0.6587663,0.021303505,0.04579413,True
1,Promoter,1,Promoter,0.7936141,0.50912875,0.007857002,0.02365446,True
1,Promoter,1,Promoter,0.8070358,0.4904927,0.0061504017,0.019887328,True
1,Promoter,0,Non-Promoter,0.9402302,0.22633372,0.0012233646,0.0104371905,False
1,Promoter,1,Promoter,0.9545768,0.18481198,0.00061690935,0.006680608,True
1,Promoter,1,Promoter,0.9202529,0.27815127,0.0014870258,0.009826511,True
1,Promoter,0,Non-Promoter,0.6106762,0.66844463,0.0076579773,0.016318202,False
1,Promoter,1,Promoter,0.89022195,0.34605104,0.002846646,0.013802856,True
1,Promoter,1,Promoter,0.85097384,0.4210161,0.0045896787,0.018111497,True
1,Promoter,1,Promoter,0.6138244,0.6670066,0.018178374,0.039795697,True
1,Promoter,1,Promoter,0.82449305,0.46451157,0.003962783,0.013925523,True
1,Promoter,1,Promoter,0.91299736,0.29554752,0.0011854153,0.0076815784,True
1,Promoter,1,Promoter,0.63332963,0.6571598,0.012157809,0.026960313,True
1,Promoter,1,Promoter,0.87961453,0.3676924,0.0038594387,0.018291771,True
1,Promoter,0,Non-Promoter,0.92346585,0.27022216,0.0017281335,0.011837512,False
1,Promoter,0,Non-Promoter,0.8013728,0.49849343,0.009010095,0.029299676,False
1,Promoter,0,Non-Promoter,0.57458323,0.68198025,0.017268177,0.03683281,False
1,Promoter,1,Promoter,0.67349535,0.6316756,0.012251579,0.02794826,True
1,Promoter,1,Promoter,0.77332056,0.5352329,0.0077491347,0.022519052,True
1,Promoter,1,Promoter,0.83906955,0.4412095,0.0057521993,0.02073124,True
1,Promoter,1,Promoter,0.84020454,0.43933064,0.0059575327,0.020475388,True
1,Promoter,1,Promoter,0.87279564,0.3810377,0.0040645506,0.017666787,True
1,Promoter,1,Promoter,0.6267469,0.6606643,0.009600775,0.02074486,True
1,Promoter,0,Non-Promoter,0.8430568,0.43456596,0.006228042,0.022892803,False
1,Promoter,0,Non-Promoter,0.72038805,0.5925864,0.011889091,0.031306505,False
1,Promoter,0,Non-Promoter,0.5230757,0.6920818,0.015067829,0.031003535,False
1,Promoter,1,Promoter,0.5884869,0.6774045,0.019811768,0.042337835,True
1,Promoter,1,Promoter,0.665054,0.6376261,0.016439661,0.03727585,True
1,Promoter,1,Promoter,0.76135826,0.5495092,0.012453264,0.033218384,True
1,Promoter,0,Non-Promoter,0.54611427,0.6888881,0.014759355,0.03108418,False
1,Promoter,1,Promoter,0.9258141,0.26433417,0.002419609,0.015474573,True
1,Promoter,1,Promoter,0.60763973,0.6697922,0.014759437,0.032087862,True
1,Promoter,1,Promoter,0.7374426,0.5757149,0.010775495,0.028019845,True
1,Promoter,1,Promoter,0.72517484,0.5879992,0.009742821,0.023427725,True
1,Promoter,1,Promoter,0.8710902,0.38430896,0.0019991598,0.009086788,True
1,Promoter,0,Non-Promoter,0.6075348,0.669838,0.020392578,0.044479847,False
1,Promoter,1,Promoter,0.7531162,0.5588857,0.009119621,0.02429837,True
1,Promoter,0,Non-Promoter,0.50802535,0.6930184,0.010654634,0.021788955,False
1,Promoter,1,Promoter,0.94499815,0.21298724,0.0019895532,0.016101599,True
1,Promoter,1,Promoter,0.95228255,0.19173883,0.00046221734,0.0051452667,True
1,Promoter,0,Non-Promoter,0.8126444,0.4823658,0.010013935,0.032366753,False
1,Promoter,0,Non-Promoter,0.88508093,0.35667786,0.0031022343,0.014403522,False
1,Promoter,1,Promoter,0.88257766,0.36175764,0.0051277615,0.023667634,True
1,Promoter,1,Promoter,0.6931868,0.6165271,0.009997966,0.023316205,True
1,Promoter,1,Promoter,0.99123394,0.050251126,7.400356e-05,0.0034827553,True
1,Promoter,1,Promoter,0.9388209,0.23019958,0.0014424272,0.010706186,True
1,Promoter,1,Promoter,0.7477327,0.5648123,0.014375651,0.03673196,True
1,Promoter,1,Promoter,0.8768594,0.3731361,0.003332677,0.015360415,True
1,Promoter,0,Non-Promoter,0.54018134,0.6899147,0.014964499,0.031060338,False
1,Promoter,1,Promoter,0.7731917,0.5353909,0.0069795223,0.020274937,True
1,Promoter,1,Promoter,0.9488147,0.2019906,0.0010099497,0.010037169,True
1,Promoter,0,Non-Promoter,0.53227973,0.69106185,0.02167977,0.045060277,False
1,Promoter,0,Non-Promoter,0.75765324,0.55376995,0.008666625,0.023211658,False
1,Promoter,1,Promoter,0.94399196,0.21583933,0.000983782,0.009125233,True
1,Promoter,1,Promoter,0.84864897,0.42504546,0.0063228738,0.02573067,True
1,Promoter,1,Promoter,0.6606421,0.64060867,0.015175223,0.033360183,True
1,Promoter,0,Non-Promoter,0.59745884,0.6740285,0.017291185,0.037224054,False
1,Promoter,1,Promoter,0.9425258,0.21996033,0.0014901517,0.01240705,True
1,Promoter,1,Promoter,0.85318005,0.41715297,0.007988796,0.029493809,True
1,Promoter,1,Promoter,0.86820966,0.38977605,0.0030252154,0.013954103,True
1,Promoter,1,Promoter,0.9451324,0.21260549,0.001385412,0.0121658,True
1,Promoter,1,Promoter,0.9359018,0.23809782,0.0018178573,0.013842776,True
1,Promoter,0,Non-Promoter,0.8164658,0.47671038,0.006335386,0.020654052,False
1,Promoter,1,Promoter,0.90073925,0.32345578,0.0034995256,0.018307626,True
1,Promoter,1,Promoter,0.78545254,0.5199197,0.008703686,0.024982333,True
1,Promoter,0,Non-Promoter,0.64940816,0.64781225,0.010405989,0.02273029,False
1,Promoter,1,Promoter,0.64356536,0.65133923,0.0069060703,0.0152673125,True
1,Promoter,1,Promoter,0.9192153,0.28068167,0.002256649,0.014735609,True
1,Promoter,1,Promoter,0.8571894,0.4100328,0.0037266132,0.014637262,True
1,Promoter,0,Non-Promoter,0.76160896,0.54921824,0.0062665557,0.018269777,False
1,Promoter,1,Promoter,0.60550374,0.6707169,0.018764876,0.04006487,True
1,Promoter,1,Promoter,0.79505724,0.50717866,0.007508228,0.0224998,True
1,Promoter,1,Promoter,0.5375316,0.6903273,0.012005098,0.024591267,True
1,Promoter,1,Promoter,0.7332893,0.5799597,0.0069618737,0.017610788,True
1,Promoter,1,Promoter,0.63600737,0.65568084,0.018568432,0.04079461,True
1,Promoter,1,Promoter,0.5492208,0.68829393,0.015786946,0.03287804,True
1,Promoter,0,Non-Promoter,0.7159405,0.5967467,0.013368549,0.032495618,False
1,Promoter,0,Non-Promoter,0.8033312,0.4957496,0.0078492835,0.025137335,False
1,Promoter,1,Promoter,0.8545188,0.41479018,0.0036353823,0.013867378,True
1,Promoter,0,Non-Promoter,0.66854775,0.63520235,0.0148383975,0.034213006,False
1,Promoter,1,Promoter,0.6345591,0.6564846,0.018186506,0.040543497,True
1,Promoter,1,Promoter,0.8292973,0.45699856,0.005896842,0.02018109,True
1,Promoter,0,Non-Promoter,0.72510684,0.5880652,0.008201071,0.021194935,False
1,Promoter,1,Promoter,0.75019234,0.5621238,0.0089591015,0.023533225,True
1,Promoter,0,Non-Promoter,0.6010724,0.67257446,0.018397523,0.039839864,False
1,Promoter,0,Non-Promoter,0.7597494,0.5513686,0.0097027235,0.02739954,False
1,Promoter,1,Promoter,0.7425911,0.57032925,0.014423197,0.03671068,True
1,Promoter,1,Promoter,0.799061,0.5017013,0.008262112,0.024707466,True
1,Promoter,1,Promoter,0.8398964,0.43984154,0.008560045,0.03152302,True
1,Promoter,1,Promoter,0.83417135,0.44920993,0.0066715763,0.023714185,True
1,Promoter,1,Promoter,0.6915881,0.6178241,0.012793757,0.029740572,True
1,Promoter,1,Promoter,0.9278367,0.25919902,0.0012243928,0.008503705,True
1,Promoter,1,Promoter,0.9061912,0.31126237,0.0017883492,0.01065135,True
1,Promoter,0,Non-Promoter,0.8749036,0.37695765,0.0036813864,0.015883386,False
1,Promoter,1,Promoter,0.9694993,0.13647869,0.0004290561,0.0068110824,True
1,Promoter,1,Promoter,0.675876,0.62993896,0.015633823,0.035623133,True
1,Promoter,1,Promoter,0.8081591,0.4888813,0.0057852855,0.018718898,True
1,Promoter,1,Promoter,0.8643591,0.39697084,0.006057702,0.024477154,True
1,Promoter,0,Non-Promoter,0.54848576,0.68843806,0.018653098,0.038687646,False
1,Promoter,1,Promoter,0.9220408,0.27375644,0.0019146506,0.0130369365,True
1,Promoter,1,Promoter,0.8832245,0.3604508,0.004638563,0.021598995,True
1,Promoter,1,Promoter,0.6124433,0.6676426,0.01694014,0.03700733,True
1,Promoter,1,Promoter,0.93716055,0.23470995,0.000991378,0.008598447,True
1,Promoter,0,Non-Promoter,0.7136584,0.5988434,0.013781065,0.033738077,False
1,Promoter,1,Promoter,0.87223184,0.38212198,0.0048791766,0.022390246,True
1,Promoter,1,Promoter,0.6112321,0.66819376,0.010829985,0.023250163,True
1,Promoter,1,Promoter,0.97819495,0.1049832,0.00025602907,0.005541861,True
1,Promoter,1,Promoter,0.80615544,0.49174982,0.008425323,0.025056958,True
1,Promoter,1,Promoter,0.66851956,0.6352221,0.01411848,0.032685637,True
1,Promoter,1,Promoter,0.9346124,0.24154106,0.0011416229,0.009482443,True
1,Promoter,1,Promoter,0.62846583,0.65976715,0.01692563,0.0375039,True
1,Promoter,1,Promoter,0.8683264,0.38955578,0.003004199,0.013226062,True
1,Promoter,1,Promoter,0.73614526,0.5770503,0.0093203075,0.024296522,True
1,Promoter,1,Promoter,0.96822006,0.14087589,0.00040595175,0.006175056,True
1,Promoter,0,Non-Promoter,0.6152343,0.66634905,0.01209343,0.02587539,False
1,Promoter,1,Promoter,0.80753785,0.48977345,0.0071507785,0.023885965,True
1,Promoter,1,Promoter,0.97897285,0.10200988,0.00026587938,0.004859306,True
1,Promoter,1,Promoter,0.6344175,0.6565627,0.015466405,0.0335353,True
1,Promoter,1,Promoter,0.7196494,0.59328425,0.00934419,0.02423054,True
1,Promoter,1,Promoter,0.52252626,0.692132,0.007986025,0.016244888,True
1,Promoter,1,Promoter,0.9747619,0.11777815,0.0002984889,0.005982019,True
1,Promoter,0,Non-Promoter,0.9009624,0.32296312,0.0034895453,0.01830709,False
1,Promoter,0,Non-Promoter,0.83535975,0.44728488,0.006196498,0.021096319,False
1,Promoter,0,Non-Promoter,0.74152863,0.5714519,0.009486945,0.025680423,False
1,Promoter,1,Promoter,0.91504097,0.29071707,0.0022054932,0.013156563,True
1,Promoter,1,Promoter,0.66800326,0.63558364,0.015159527,0.034974933,True
1,Promoter,0,Non-Promoter,0.501692,0.69314146,0.021793928,0.045124114,False
1,Promoter,1,Promoter,0.5935268,0.6755492,0.0139116645,0.029675245,True
1,Promoter,1,Promoter,0.8390052,0.44131583,0.0069953874,0.025337785,True
1,Promoter,1,Promoter,0.94228476,0.2206339,0.0010657273,0.009808525,True
1,Promoter,1,Promoter,0.9633643,0.15710095,0.0010603077,0.013696328,True
1,Promoter,1,Promoter,0.9426512,0.21960926,0.00067574985,0.005853981,True
1,Promoter,1,Promoter,0.7596575,0.5514744,0.0072449287,0.020189583,True
1,Promoter,1,Promoter,0.867392,0.3913145,0.005109607,0.021383405,True
1,Promoter,1,Promoter,0.66356677,0.63864124,0.015803099,0.035557747,True
1,Promoter,1,Promoter,0.9655406,0.14991698,0.00043754018,0.005905345,True
1,Promoter,1,Promoter,0.767876,0.54183006,0.021303698,0.05609432,True
1,Promoter,1,Promoter,0.7001764,0.6107148,0.011744079,0.028487146,True
1,Promoter,0,Non-Promoter,0.85263354,0.41811383,0.0052683307,0.022404253,False
1,Promoter,1,Promoter,0.91418296,0.29275155,0.0025410915,0.014974475,True
1,Promoter,1,Promoter,0.7161214,0.5965793,0.008459279,0.020962358,True
1,Promoter,1,Promoter,0.52945095,0.6914115,0.009447014,0.01922232,True
1,Promoter,1,Promoter,0.93976253,0.22762036,0.0011664197,0.009927288,True
1,Promoter,1,Promoter,0.91096115,0.3003084,0.004043908,0.019754082,True
1,Promoter,1,Promoter,0.9937898,0.037747905,3.1447402e-05,0.002167482,True
1,Promoter,0,Non-Promoter,0.5042061,0.6931118,0.014021482,0.028926611,False
1,Promoter,1,Promoter,0.9290965,0.2559697,0.0014402908,0.009913921,True
1,Promoter,1,Promoter,0.9914799,0.049084716,7.343873e-05,0.0032095686,True
1,Promoter,1,Promoter,0.8018238,0.4978637,0.008018278,0.024368227,True
1,Promoter,1,Promoter,0.9748722,0.11737477,0.00018959134,0.003923267,True
1,Promoter,1,Promoter,0.50976014,0.6929567,0.020765394,0.043107033,True
1,Promoter,0,Non-Promoter,0.8597302,0.40545297,0.0064837034,0.023637384,False
1,Promoter,1,Promoter,0.9625691,0.1596917,0.00041214342,0.00501588,True
1,Promoter,1,Promoter,0.79379296,0.50888765,0.006283394,0.018957287,True
1,Promoter,1,Promoter,0.52465385,0.69193107,0.016469076,0.034350157,True
1,Promoter,1,Promoter,0.82329357,0.46636236,0.007550681,0.024787843,True
1,Promoter,1,Promoter,0.9168843,0.28631404,0.0025047925,0.016575933,True
1,Promoter,1,Promoter,0.6013194,0.6724731,0.018266974,0.038718045,True
1,Promoter,1,Promoter,0.9106398,0.301055,0.0017731101,0.011160374,True
1,Promoter,0,Non-Promoter,0.77248114,0.53626096,0.0046485765,0.013538361,False
1,Promoter,1,Promoter,0.94082826,0.22468233,0.00089625246,0.0076920986,True
1,Promoter,1,Promoter,0.90449405,0.31509465,0.0025773481,0.014768481,True
1,Promoter,1,Promoter,0.9363504,0.23689373,0.002067804,0.015002087,True
1,Promoter,0,Non-Promoter,0.5933731,0.6756073,0.023057703,0.048712015,False
1,Promoter,1,Promoter,0.7531203,0.55888104,0.015369032,0.040554047,True
1,Promoter,1,Promoter,0.68711543,0.62138927,0.008237514,0.019046903,True
1,Promoter,1,Promoter,0.9561866,0.1798794,0.0009046941,0.009588763,True
1,Promoter,1,Promoter,0.7580308,0.55333924,0.005610332,0.015457094,True
1,Promoter,1,Promoter,0.7170765,0.59569335,0.008507473,0.021063864,True
1,Promoter,1,Promoter,0.83932316,0.44079053,0.004584993,0.016553491,True
1,Promoter,1,Promoter,0.83933884,0.4407646,0.0038393785,0.014557481,True
1,Promoter,1,Promoter,0.9347604,0.24114752,0.0014195888,0.012199864,True
1,Promoter,1,Promoter,0.86282325,0.39980513,0.003371459,0.0140144825,True
1,Promoter,1,Promoter,0.95731956,0.17637146,0.0011970936,0.011315614,True
1,Promoter,1,Promoter,0.97329986,0.123077296,0.00036051008,0.007118404,True
1,Promoter,1,Promoter,0.5205785,0.69229996,0.010745052,0.02185458,True
1,Promoter,1,Promoter,0.6828153,0.6247291,0.0110135805,0.026287913,True
1,Promoter,1,Promoter,0.65979785,0.6411695,0.008101621,0.01835543,True
1,Promoter,1,Promoter,0.75246525,0.55961055,0.0108293975,0.029312253,True
1,Promoter,1,Promoter,0.51391816,0.6927597,0.014724952,0.030141294,True
1,Promoter,1,Promoter,0.8884056,0.34983593,0.0027427636,0.014418483,True
1,Promoter,1,Promoter,0.5603094,0.68585503,0.011517212,0.02396959,True
1,Promoter,1,Promoter,0.7808144,0.5258753,0.005874178,0.016756117,True
1,Promoter,1,Promoter,0.9466285,0.2083252,0.0006673939,0.0066320896,True
1,Promoter,0,Non-Promoter,0.8980593,0.32932642,0.0025434038,0.014189959,False
1,Promoter,1,Promoter,0.93489325,0.24079375,0.0021772203,0.015776366,True
1,Promoter,1,Promoter,0.7016133,0.60949117,0.009713944,0.024235368,True
1,Promoter,1,Promoter,0.8606884,0.4037119,0.0068721585,0.024685472,True
1,Promoter,1,Promoter,0.96007943,0.16769153,0.0010141544,0.012133077,True
1,Promoter,1,Promoter,0.9678974,0.14197664,0.00046347734,0.006638393,True
1,Promoter,0,Non-Promoter,0.8602804,0.4044541,0.007657037,0.027955443,False
1,Promoter,1,Promoter,0.86781335,0.39052236,0.0043253396,0.017559707,True
1,Promoter,1,Promoter,0.82027364,0.47097826,0.0058846213,0.019943148,True
1,Promoter,1,Promoter,0.85012174,0.42249793,0.0031724512,0.011831939,True
1,Promoter,0,Non-Promoter,0.89115316,0.34409758,0.0029304551,0.016415596,False
1,Promoter,1,Promoter,0.532555,0.69102603,0.01446579,0.029595375,True
1,Promoter,1,Promoter,0.80190796,0.49774605,0.010287649,0.031255305,True
1,Promoter,1,Promoter,0.94683653,0.20772672,0.0009722725,0.009297878,True
1,Promoter,1,Promoter,0.60874635,0.66930556,0.008609556,0.018385828,True
1,Promoter,0,Non-Promoter,0.6399564,0.6534433,0.016285773,0.036842167,False
1,Promoter,0,Non-Promoter,0.61869836,0.66469777,0.012371264,0.027742207,False
1,Promoter,1,Promoter,0.52485013,0.69191164,0.009277808,0.018961668,True
1,Promoter,0,Non-Promoter,0.5184825,0.6924638,0.018533718,0.038824618,False
1,Promoter,1,Promoter,0.75115937,0.5610579,0.007548596,0.019455552,True
1,Promoter,1,Promoter,0.9835321,0.08395431,0.00031603678,0.0074998364,True
1,Promoter,1,Promoter,0.80060834,0.49955803,0.009245947,0.028982073,True
1,Promoter,0,Non-Promoter,0.72748625,0.58574307,0.008476978,0.022924364,False
1,Promoter,1,Promoter,0.921702,0.27459258,0.002303764,0.014234602,True
1,Promoter,1,Promoter,0.9510718,0.19534722,0.00080129784,0.007842004,True
1,Promoter,1,Promoter,0.74611276,0.56656563,0.0057646125,0.015052974,True
1,Promoter,1,Promoter,0.9780614,0.105491035,0.00017692056,0.004280038,True
1,Promoter,1,Promoter,0.5600922,0.6859076,0.010929242,0.02270329,True
1,Promoter,1,Promoter,0.8917033,0.3429393,0.0017496941,0.009315878,True
1,Promoter,1,Promoter,0.66924924,0.634709,0.014698468,0.034256518,True
1,Promoter,1,Promoter,0.89011115,0.3462829,0.004447723,0.020490527,True
1,Promoter,1,Promoter,0.84529316,0.43078756,0.0058779856,0.021841645,True
1,Promoter,1,Promoter,0.7652048,0.54500586,0.008168781,0.022253513,True
1,Promoter,1,Promoter,0.8610705,0.40301532,0.008124616,0.030821472,True
1,Promoter,1,Promoter,0.93510187,0.24023731,0.0021815852,0.017051876,True
1,Promoter,0,Non-Promoter,0.58742714,0.6777813,0.015058649,0.032193303,False
1,Promoter,1,Promoter,0.7548145,0.5569837,0.01120564,0.031080186,True
1,Promoter,0,Non-Promoter,0.58247304,0.67948127,0.021501508,0.046586394,False
1,Promoter,1,Promoter,0.9688699,0.13864844,0.00071478006,0.009799153,True
1,Promoter,1,Promoter,0.9168738,0.28633893,0.0018026016,0.012690723,True
1,Promoter,1,Promoter,0.86658937,0.39281914,0.0053571933,0.021442413,True
1,Promoter,1,Promoter,0.585425,0.67848045,0.012921667,0.026844203,True
1,Promoter,1,Promoter,0.7593733,0.55180126,0.0077148415,0.021096349,True
1,Promoter,1,Promoter,0.7428413,0.57006395,0.015127279,0.03885418,True
1,Promoter,1,Promoter,0.72015387,0.59280795,0.018635135,0.045348883,True
1,Promoter,0,Non-Promoter,0.6066539,0.6702213,0.014826661,0.03169352,False
1,Promoter,1,Promoter,0.95651525,0.17886509,0.0009551953,0.009704456,True
1,Promoter,1,Promoter,0.7760164,0.53190386,0.009727927,0.026533008,True
1,Promoter,1,Promoter,0.72916996,0.58408266,0.0075920615,0.018645763,True
1,Promoter,1,Promoter,0.7392176,0.57387376,0.011246233,0.031379342,True
1,Promoter,1,Promoter,0.72120845,0.5918083,0.01568288,0.03945613,True
1,Promoter,1,Promoter,0.6703195,0.63395214,0.015714344,0.03747642,True
1,Promoter,1,Promoter,0.98358524,0.08373705,0.00020094286,0.004620217,True
1,Promoter,1,Promoter,0.56400937,0.68493026,0.023433926,0.049542546,True
1,Promoter,0,Non-Promoter,0.6331595,0.65725267,0.013861669,0.03084898,False
1,Promoter,1,Promoter,0.9160585,0.28829202,0.0014250295,0.008661479,True
1,Promoter,1,Promoter,0.905449,0.3129428,0.0023555108,0.012902111,True
1,Promoter,1,Promoter,0.7541485,0.5577315,0.011779827,0.032194912,True
1,Promoter,0,Non-Promoter,0.8177226,0.47482932,0.007823054,0.027235419,False
1,Promoter,1,Promoter,0.9391306,0.22935303,0.0022122571,0.015444353,True
1,Promoter,1,Promoter,0.753812,0.5581083,0.0139612015,0.03883767,True
1,Promoter,0,Non-Promoter,0.77762693,0.52989507,0.007294842,0.02162397,False
1,Promoter,0,Non-Promoter,0.6837578,0.6240044,0.012235179,0.028772056,False
1,Promoter,1,Promoter,0.9797599,0.09897213,0.00017033555,0.0038424134,True
1,Promoter,1,Promoter,0.70706654,0.6047574,0.008360664,0.020070016,True
1,Promoter,1,Promoter,0.9658159,0.14899832,0.0003989954,0.0061588734,True
1,Promoter,1,Promoter,0.90164185,0.32146043,0.0034965877,0.018072665,True
1,Promoter,0,Non-Promoter,0.74404657,0.5687816,0.017562412,0.0454399,False
1,Promoter,0,Non-Promoter,0.90675527,0.30998152,0.0029652857,0.016659647,False
1,Promoter,0,Non-Promoter,0.85522443,0.41353863,0.0041978126,0.01623261,False
1,Promoter,1,Promoter,0.95024383,0.1977967,0.0008198923,0.008713797,True
1,Promoter,0,Non-Promoter,0.68183196,0.6254809,0.010444637,0.02417785,False
1,Promoter,1,Promoter,0.9345299,0.24176067,0.0018014571,0.013166636,True
1,Promoter,0,Non-Promoter,0.50673664,0.69305646,0.014079304,0.029316664,False
1,Promoter,1,Promoter,0.8847582,0.35733637,0.0030529462,0.014958262,True
1,Promoter,1,Promoter,0.96577895,0.14912197,0.00042322846,0.005606845,True
1,Promoter,1,Promoter,0.849979,0.4227456,0.007915535,0.028699934,True
1,Promoter,1,Promoter,0.63983744,0.65351164,0.011127079,0.02460748,True
1,Promoter,0,Non-Promoter,0.59151006,0.6763042,0.015050216,0.032719314,False
1,Promoter,1,Promoter,0.9404943,0.22560526,0.0011722322,0.010255277,True
1,Promoter,1,Promoter,0.67525387,0.6303954,0.015339598,0.035660088,True
1,Promoter,1,Promoter,0.9648368,0.15225565,0.00046020886,0.00592196,True
1,Promoter,1,Promoter,0.9619948,0.16155186,0.0006958458,0.008694276,True
1,Promoter,1,Promoter,0.7151729,0.5974547,0.011841569,0.03106463,True
1,Promoter,1,Promoter,0.9773506,0.10817834,0.00022843825,0.004589364,True
1,Promoter,1,Promoter,0.74675524,0.56587183,0.010579698,0.026878774,True
1,Promoter,1,Promoter,0.7411052,0.57189775,0.010453109,0.02710867,True
1,Promoter,1,Promoter,0.83755213,0.44370687,0.005882765,0.022083074,True
1,Promoter,0,Non-Promoter,0.50596803,0.69307595,0.01579416,0.03269583,False
1,Promoter,0,Non-Promoter,0.65674317,0.64317214,0.017817128,0.040575087,False
1,Promoter,1,Promoter,0.69306153,0.6166291,0.01491918,0.034817874,True
1,Promoter,0,Non-Promoter,0.660291,0.6408423,0.016151126,0.036061466,False
1,Promoter,1,Promoter,0.9712692,0.13030234,0.0005436386,0.008771472,True
1,Promoter,1,Promoter,0.77110046,0.53794324,0.0062196543,0.017377079,True
1,Promoter,1,Promoter,0.5578939,0.6864287,0.025872897,0.053852558,True
1,Promoter,1,Promoter,0.8650987,0.39559883,0.0047315215,0.019439965,True
1,Promoter,1,Promoter,0.87978214,0.36735868,0.0031287747,0.0148822665,True
1,Promoter,1,Promoter,0.7615989,0.5492299,0.007531152,0.020488739,True
1,Promoter,0,Non-Promoter,0.7319027,0.5813572,0.014541007,0.036424756,False
1,Promoter,0,Non-Promoter,0.7449386,0.56782764,0.015397358,0.041513503,False
1,Promoter,1,Promoter,0.7167366,0.59600914,0.012927832,0.031316876,True
1,Promoter,1,Promoter,0.7873201,0.5174858,0.007700655,0.023207664,True
1,Promoter,1,Promoter,0.77757716,0.5299574,0.007958338,0.022881687,True
1,Promoter,1,Promoter,0.93801624,0.23239136,0.001195387,0.009470075,True
1,Promoter,1,Promoter,0.67227745,0.63255405,0.017166782,0.03886205,True
1,Promoter,0,Non-Promoter,0.6566501,0.64323246,0.014203642,0.031148374,False
1,Promoter,0,Non-Promoter,0.5202443,0.69232726,0.015283175,0.03132391,False
1,Promoter,1,Promoter,0.6040878,0.67131937,0.016050668,0.03494191,True
1,Promoter,0,Non-Promoter,0.55848134,0.68629134,0.026080277,0.055051684,False
1,Promoter,0,Non-Promoter,0.5445955,0.6891644,0.019153453,0.039723933,False
1,Promoter,1,Promoter,0.93722534,0.23453468,0.0018814922,0.014898345,True
1,Promoter,0,Non-Promoter,0.8091243,0.48749024,0.0070901513,0.02280429,False
1,Promoter,1,Promoter,0.77203196,0.53680944,0.008805288,0.025647044,True
1,Promoter,1,Promoter,0.7448462,0.56792665,0.012688317,0.03239757,True
1,Promoter,1,Promoter,0.9006919,0.3235599,0.002441657,0.013559997,True
1,Promoter,0,Non-Promoter,0.8313097,0.45380348,0.006719568,0.023713827,False
1,Promoter,1,Promoter,0.95814556,0.17379363,0.0008513056,0.008555427,True
1,Promoter,1,Promoter,0.66443044,0.63805294,0.010661695,0.024430633,True
1,Promoter,1,Promoter,0.97501016,0.116869636,0.00051280716,0.008898139,True
1,Promoter,1,Promoter,0.98518294,0.07711538,0.00010313706,0.0031786487,True
1,Promoter,1,Promoter,0.6608478,0.6404716,0.014150634,0.031984746,True
1,Promoter,0,Non-Promoter,0.56507194,0.68465436,0.014586053,0.030110776,False
1,Promoter,1,Promoter,0.8124319,0.48267752,0.0056097344,0.01851347,True
1,Promoter,1,Promoter,0.9828629,0.08667776,0.00014230766,0.0036113188,True
1,Promoter,1,Promoter,0.93644035,0.23665187,0.0008634984,0.007031977,True
1,Promoter,1,Promoter,0.82776886,0.4594064,0.0045674685,0.01590997,True
1,Promoter,1,Promoter,0.69370365,0.6161052,0.012144929,0.029221296,True
1,Promoter,1,Promoter,0.8883931,0.3498619,0.0030353605,0.016227335,True
1,Promoter,1,Promoter,0.728467,0.5847777,0.010927627,0.028274298,True
1,Promoter,1,Promoter,0.50589305,0.69307774,0.02063946,0.042785645,True
1,Promoter,1,Promoter,0.8778963,0.3710956,0.0039641326,0.018606007,True
1,Promoter,1,Promoter,0.82295537,0.46688232,0.0056926967,0.020390898,True
1,Promoter,1,Promoter,0.7014066,0.6096678,0.016654333,0.04049301,True
1,Promoter,1,Promoter,0.8966421,0.33239907,0.0020792205,0.011243612,True
1,Promoter,1,Promoter,0.6218409,0.66315573,0.0090158675,0.019618928,True
1,Promoter,1,Promoter,0.8918573,0.34261444,0.0048370287,0.023882031,True
1,Promoter,1,Promoter,0.83705205,0.4445262,0.0062401276,0.02388987,True
1,Promoter,1,Promoter,0.9324175,0.24734019,0.0016370104,0.011780441,True
1,Promoter,1,Promoter,0.8392427,0.44092357,0.0023606422,0.008882254,True
1,Promoter,1,Promoter,0.8139235,0.48048365,0.006283514,0.02071786,True
1,Promoter,1,Promoter,0.9598349,0.16846843,0.0008331685,0.00915347,True
1,Promoter,1,Promoter,0.9158465,0.2887983,0.0026993607,0.017494142,True
1,Promoter,1,Promoter,0.98422056,0.08112374,0.0003089517,0.006011091,True
1,Promoter,1,Promoter,0.7763605,0.5314759,0.008207079,0.023334205,True
1,Promoter,1,Promoter,0.91445005,0.2921191,0.0014271816,0.009367168,True
1,Promoter,1,Promoter,0.78203046,0.52432597,0.008647991,0.02541095,True
1,Promoter,1,Promoter,0.86839414,0.389428,0.0065748706,0.028811246,True
1,Promoter,1,Promoter,0.8526105,0.418154,0.0038615814,0.0156281,True
1,Promoter,1,Promoter,0.7441709,0.5686489,0.008462861,0.02425921,True
1,Promoter,0,Non-Promoter,0.7208948,0.59210616,0.011864779,0.02993524,False
1,Promoter,1,Promoter,0.98279727,0.08694357,0.0003550839,0.0076809153,True
1,Promoter,1,Promoter,0.74167734,0.57129514,0.016533954,0.04276699,True
1,Promoter,1,Promoter,0.9039335,0.31635332,0.0026585027,0.012889743,True
1,Promoter,0,Non-Promoter,0.91836584,0.28274253,0.0022492106,0.01350221,False
1,Promoter,1,Promoter,0.73665226,0.5765295,0.008388836,0.022263467,True
1,Promoter,1,Promoter,0.9513548,0.19450676,0.0013203109,0.012086183,True
1,Promoter,0,Non-Promoter,0.52569413,0.6918262,0.016470525,0.03389871,False
1,Promoter,1,Promoter,0.73571414,0.5774922,0.020731544,0.0518654,True
1,Promoter,1,Promoter,0.7992403,0.5014538,0.00997776,0.028800845,True
1,Promoter,1,Promoter,0.5694829,0.6834601,0.017117346,0.036652446,True
1,Promoter,0,Non-Promoter,0.8337132,0.44994932,0.0035248704,0.012571454,False
1,Promoter,1,Promoter,0.988269,0.06381204,0.00010978959,0.0037089847,True
1,Promoter,1,Promoter,0.5165102,0.6926019,0.019732574,0.04094237,True
1,Promoter,0,Non-Promoter,0.79384196,0.50882167,0.012721839,0.038466483,False
1,Promoter,1,Promoter,0.8882429,0.35017332,0.005808032,0.024786323,True
1,Promoter,1,Promoter,0.549525,0.68823373,0.020544652,0.043456435,True
1,Promoter,0,Non-Promoter,0.81071186,0.48518908,0.008271593,0.024579942,False
1,Promoter,0,Non-Promoter,0.55975324,0.68598926,0.015632495,0.032420278,False
1,Promoter,1,Promoter,0.6637933,0.6384872,0.025891088,0.05817026,True
1,Promoter,1,Promoter,0.51715696,0.69255835,0.013851758,0.028372109,True
1,Promoter,1,Promoter,0.59254134,0.67592025,0.0177738,0.03836763,True
1,Promoter,0,Non-Promoter,0.8189802,0.4729364,0.009506882,0.03284532,False
1,Promoter,1,Promoter,0.8422225,0.435966,0.0044905078,0.016580224,True
1,Promoter,1,Promoter,0.82488894,0.46389854,0.010775331,0.03483033,True
1,Promoter,1,Promoter,0.83880675,0.44164324,0.004708276,0.017850667,True
1,Promoter,1,Promoter,0.74253476,0.5703889,0.01499947,0.038002074,True
1,Promoter,0,Non-Promoter,0.7485322,0.56394196,0.007830162,0.02090919,False
1,Promoter,1,Promoter,0.8311054,0.4541291,0.00763388,0.026441932,True
1,Promoter,0,Non-Promoter,0.6032321,0.6716794,0.015829489,0.034310877,False
