true_label,before_pred,before_confidence,after_pred,after_confidence,before_proba_class_0,before_proba_class_1,after_proba_class_0,after_proba_class_1
0,1,0.8698418736457825,1,0.8739190101623535,0.13015809655189514,0.8698418736457825,0.1260809302330017,0.8739190101623535
0,0,0.7591371536254883,0,0.7631475329399109,0.7591371536254883,0.24086283147335052,0.7631475329399109,0.2368524819612503
0,0,0.623857855796814,0,0.6261365413665771,0.623857855796814,0.37614214420318604,0.6261365413665771,0.37386345863342285
0,0,0.8983975052833557,0,0.9021572470664978,0.8983975052833557,0.10160250216722488,0.9021572470664978,0.09784279763698578
0,0,0.7680997848510742,0,0.7721735835075378,0.7680997848510742,0.23190028965473175,0.7721735835075378,0.22782638669013977
0,0,0.9771003723144531,0,0.9786598086357117,0.9771003723144531,0.022899648174643517,0.9786598086357117,0.021340137347579002
0,0,0.7446054816246033,0,0.7484960556030273,0.7446054816246033,0.25539448857307434,0.7484960556030273,0.25150391459465027
0,0,0.7927481532096863,0,0.7969517111778259,0.7927481532096863,0.20725186169147491,0.7969517111778259,0.20304827392101288
0,1,0.977079451084137,1,0.9786399602890015,0.022920597344636917,0.977079451084137,0.021360063925385475,0.9786399602890015
0,1,0.5259963274002075,1,0.5264949202537537,0.4740036725997925,0.5259963274002075,0.47350504994392395,0.5264949202537537
0,0,0.5847435593605042,0,0.5863397717475891,0.5847435593605042,0.41525644063949585,0.5863397717475891,0.41366028785705566
0,0,0.790044903755188,0,0.7942376732826233,0.790044903755188,0.2099551558494568,0.7942376732826233,0.20576238632202148
0,0,0.5532233119010925,0,0.5542380809783936,0.5532233119010925,0.4467766582965851,0.5542380809783936,0.44576188921928406
0,0,0.8506026864051819,0,0.8548004627227783,0.8506026864051819,0.14939725399017334,0.8548004627227783,0.14519952237606049
0,0,0.7414965033531189,0,0.7453588247299194,0.7414965033531189,0.2585034668445587,0.7453588247299194,0.2546411454677582
0,0,0.9625653624534607,0,0.9647498726844788,0.9625653624534607,0.037434615194797516,0.9647498726844788,0.03525009751319885
0,0,0.8776873350143433,0,0.8816948533058167,0.8776873350143433,0.12231268733739853,0.8816948533058167,0.11830513924360275
0,1,0.582736074924469,1,0.584295928478241,0.417263925075531,0.582736074924469,0.41570407152175903,0.584295928478241
0,0,0.9350289106369019,0,0.9380733370780945,0.9350289106369019,0.06497110426425934,0.9380733370780945,0.06192668527364731
0,0,0.8430398106575012,0,0.8472670316696167,0.8430398106575012,0.1569601595401764,0.8472670316696167,0.1527329981327057
0,0,0.8735461831092834,0,0.8775920271873474,0.8735461831092834,0.12645383179187775,0.8775920271873474,0.12240799516439438
0,0,0.9376735091209412,0,0.9406495094299316,0.9376735091209412,0.06232649087905884,0.9406495094299316,0.05935049429535866
0,1,0.9319336414337158,1,0.9350548386573792,0.06806633621454239,0.9319336414337158,0.06494510918855667,0.9350548386573792
0,1,0.7230029106140137,1,0.7266798615455627,0.27699708938598633,0.7230029106140137,0.27332013845443726,0.7266798615455627
0,0,0.8621711730957031,0,0.8663046360015869,0.8621711730957031,0.1378287971019745,0.8663046360015869,0.1336953490972519
0,0,0.7328827381134033,0,0.7366623878479004,0.7328827381134033,0.2671172618865967,0.7366623878479004,0.263337641954422
0,0,0.8207694888114929,0,0.8250303864479065,0.8207694888114929,0.1792304813861847,0.8250303864479065,0.17496956884860992
0,1,0.6609852910041809,1,0.6638544201850891,0.3390146493911743,0.6609852910041809,0.3361455500125885,0.6638544201850891
0,0,0.547602653503418,0,0.5485117435455322,0.547602653503418,0.45239731669425964,0.5485117435455322,0.45148834586143494
0,0,0.9096210598945618,0,0.9132030010223389,0.9096210598945618,0.09037899971008301,0.9132030010223389,0.08679697662591934
0,0,0.8068153262138367,0,0.8110605478286743,0.8068153262138367,0.19318468868732452,0.8110605478286743,0.1889394074678421
0,0,0.8141005635261536,0,0.8183573484420776,0.8141005635261536,0.18589936196804047,0.8183573484420776,0.18164260685443878
0,1,0.524386465549469,1,0.524854302406311,0.4756135046482086,0.524386465549469,0.4751456379890442,0.524854302406311
0,0,0.9793546199798584,0,0.9808019995689392,0.9793546199798584,0.02064538188278675,0.9808019995689392,0.019197996705770493
0,1,0.6393400430679321,1,0.6418728232383728,0.36065995693206787,0.6393400430679321,0.3581271767616272,0.6418728232383728
0,0,0.9106050729751587,0,0.9141699075698853,0.9106050729751587,0.08939488232135773,0.9141699075698853,0.08583004772663116
0,0,0.9507561326026917,0,0.9533523321151733,0.9507561326026917,0.04924389719963074,0.9533523321151733,0.04664771258831024
0,0,0.8499858975410461,0,0.8541864156723022,0.8499858975410461,0.15001408755779266,0.8541864156723022,0.14581358432769775
0,0,0.9634091854095459,0,0.9655613899230957,0.9634091854095459,0.036590781062841415,0.9655613899230957,0.0344386100769043
0,0,0.7940094470977783,0,0.7982177734375,0.7940094470977783,0.20599059760570526,0.7982177734375,0.2017822563648224
0,0,0.6397766470909119,0,0.6423164010047913,0.6397766470909119,0.3602234125137329,0.6423164010047913,0.35768359899520874
0,0,0.8950385451316833,0,0.8988451361656189,0.8950385451316833,0.10496152937412262,0.8988451361656189,0.1011548712849617
0,0,0.8558074235916138,0,0.8599792122840881,0.8558074235916138,0.14419260621070862,0.8599792122840881,0.14002081751823425
0,0,0.9166602492332458,0,0.9201133251190186,0.9166602492332458,0.08333973586559296,0.9201133251190186,0.07988667488098145
0,0,0.9243510961532593,0,0.9276465177536011,0.9243510961532593,0.07564890384674072,0.9276465177536011,0.0723535344004631
0,0,0.8842899799346924,0,0.8882290124893188,0.8842899799346924,0.11571002006530762,0.8882290124893188,0.11177100241184235
0,0,0.8979196548461914,0,0.9016862511634827,0.8979196548461914,0.1020803153514862,0.9016862511634827,0.09831376373767853
0,0,0.8062993884086609,0,0.8105435967445374,0.8062993884086609,0.1937006115913391,0.8105435967445374,0.18945643305778503
0,0,0.8597351908683777,0,0.8638842701911926,0.8597351908683777,0.1402648240327835,0.8638842701911926,0.13611581921577454
0,0,0.778359055519104,0,0.7824951410293579,0.778359055519104,0.22164097428321838,0.7824951410293579,0.21750476956367493
0,0,0.9516314268112183,0,0.954199492931366,0.9516314268112183,0.048368632793426514,0.954199492931366,0.04580053314566612
0,0,0.819728672504425,0,0.8239893317222595,0.819728672504425,0.18027135729789734,0.8239893317222595,0.17601066827774048
0,0,0.6824986338615417,0,0.685676634311676,0.6824986338615417,0.31750133633613586,0.685676634311676,0.3143232762813568
0,0,0.9644204378128052,0,0.9665332436561584,0.9644204378128052,0.035579610615968704,0.9665332436561584,0.03346676751971245
0,0,0.948279857635498,0,0.9509536027908325,0.948279857635498,0.05172012373805046,0.9509536027908325,0.049046408385038376
0,0,0.9763470888137817,0,0.977942943572998,0.9763470888137817,0.02365298569202423,0.977942943572998,0.02205706015229225
0,0,0.7568843364715576,0,0.7608774304389954,0.7568843364715576,0.24311572313308716,0.7608774304389954,0.23912256956100464
0,0,0.800869882106781,0,0.8051006197929382,0.800869882106781,0.19913014769554138,0.8051006197929382,0.19489943981170654
0,0,0.7235596776008606,0,0.7272425889968872,0.7235596776008606,0.2764403522014618,0.7272425889968872,0.2727574110031128
0,0,0.747573733329773,0,0.7514904141426086,0.747573733329773,0.25242623686790466,0.7514904141426086,0.24850963056087494
0,0,0.5170140266418457,0,0.5173407196998596,0.5170140266418457,0.4829860031604767,0.5173407196998596,0.48265933990478516
0,0,0.5762902498245239,0,0.5777327418327332,0.5762902498245239,0.4237097501754761,0.5777327418327332,0.42226728796958923
0,1,0.8430998921394348,1,0.8473268747329712,0.15690010786056519,0.8430998921394348,0.15267314016819,0.8473268747329712
0,0,0.7312617301940918,0,0.7350249886512756,0.7312617301940918,0.268738329410553,0.7350249886512756,0.2649749517440796
0,0,0.9565508961677551,0,0.9589541554450989,0.9565508961677551,0.043449100106954575,0.9589541554450989,0.041045788675546646
0,1,0.6057282090187073,1,0.607697069644928,0.3942717909812927,0.6057282090187073,0.392302930355072,0.607697069644928
0,0,0.8234952688217163,0,0.8277560472488403,0.8234952688217163,0.17650474607944489,0.8277560472488403,0.17224398255348206
0,0,0.8388173580169678,0,0.843056857585907,0.8388173580169678,0.16118262708187103,0.843056857585907,0.15694314241409302
0,0,0.5977117419242859,0,0.5995397567749023,0.5977117419242859,0.4022883176803589,0.5995397567749023,0.40046021342277527
0,0,0.8891147375106812,0,0.8929975032806396,0.8891147375106812,0.11088530719280243,0.8929975032806396,0.10700242966413498
0,0,0.9333615303039551,0,0.9364477396011353,0.9333615303039551,0.06663846969604492,0.9364477396011353,0.06355223804712296
0,0,0.966315746307373,0,0.9683531522750854,0.966315746307373,0.033684246242046356,0.9683531522750854,0.031646858900785446
0,0,0.540903627872467,0,0.5416859984397888,0.540903627872467,0.45909640192985535,0.5416859984397888,0.4583139717578888
0,0,0.8175560832023621,0,0.8218158483505249,0.8175560832023621,0.18244387209415436,0.8218158483505249,0.1781841665506363
0,0,0.7403343915939331,0,0.7441859245300293,0.7403343915939331,0.2596656382083893,0.7441859245300293,0.2558141052722931
0,1,0.662185788154602,1,0.6650727987289429,0.33781424164772034,0.662185788154602,0.33492717146873474,0.6650727987289429
0,0,0.7310937643051147,0,0.7348553538322449,0.7310937643051147,0.26890626549720764,0.7348553538322449,0.2651446759700775
0,1,0.6132871508598328,1,0.6153866648674011,0.38671278953552246,0.6132871508598328,0.3846133053302765,0.6153866648674011
0,0,0.9588801860809326,0,0.9612011313438416,0.9588801860809326,0.04111986234784126,0.9612011313438416,0.038798920810222626
0,0,0.8201297521591187,0,0.8243905901908875,0.8201297521591187,0.17987018823623657,0.8243905901908875,0.17560940980911255
0,0,0.9356818795204163,0,0.9387096762657166,0.9356818795204163,0.06431812047958374,0.9387096762657166,0.06129034608602524
0,0,0.6728290915489197,0,0.6758716702461243,0.6728290915489197,0.32717087864875793,0.6758716702461243,0.32412832975387573
0,0,0.9502134919166565,0,0.9528269171714783,0.9502134919166565,0.04978648200631142,0.9528269171714783,0.047173064202070236
0,0,0.8772972822189331,0,0.8813086152076721,0.8772972822189331,0.1227026954293251,0.8813086152076721,0.11869139224290848
0,0,0.8341588377952576,0,0.8384085893630981,0.8341588377952576,0.16584119200706482,0.8384085893630981,0.16159141063690186
0,0,0.9207879900932312,0,0.9241586923599243,0.9207879900932312,0.0792119950056076,0.9241586923599243,0.07584128528833389
0,0,0.7573621273040771,0,0.7613590359687805,0.7573621273040771,0.24263782799243927,0.7613590359687805,0.23864102363586426
0,0,0.8200486898422241,0,0.8243095278739929,0.8200486898422241,0.17995129525661469,0.8243095278739929,0.17569053173065186
0,0,0.6757841110229492,0,0.6788686513900757,0.6757841110229492,0.32421594858169556,0.6788686513900757,0.3211313784122467
0,0,0.9554342031478882,0,0.9578759074211121,0.9554342031478882,0.04456586763262749,0.9578759074211121,0.04212408885359764
0,0,0.7542617321014404,0,0.7582342028617859,0.7542617321014404,0.245738223195076,0.7582342028617859,0.2417658120393753
0,0,0.6805719137191772,0,0.6837233901023865,0.6805719137191772,0.31942808628082275,0.6837233901023865,0.31627658009529114
0,0,0.8319734930992126,0,0.8362269401550293,0.8319734930992126,0.16802650690078735,0.8362269401550293,0.1637730598449707
0,1,0.5847514271736145,1,0.586347758769989,0.4152485430240631,0.5847514271736145,0.413652241230011,0.586347758769989
0,0,0.5557914972305298,0,0.5568543672561646,0.5557914972305298,0.4442085325717926,0.5568543672561646,0.44314563274383545
0,0,0.7766101956367493,0,0.7807366251945496,0.7766101956367493,0.22338974475860596,0.7807366251945496,0.21926340460777283
0,0,0.9647142291069031,0,0.9668154120445251,0.9647142291069031,0.03528580069541931,0.9668154120445251,0.033184509724378586
0,1,0.8523597717285156,1,0.8565493226051331,0.1476401537656784,0.8523597717285156,0.14345066249370575,0.8565493226051331
0,0,0.9265375733375549,0,0.9297845959663391,0.9265375733375549,0.07346245646476746,0.9297845959663391,0.07021531462669373
0,0,0.5876336097717285,0,0.5892819166183472,0.5876336097717285,0.4123663604259491,0.5892819166183472,0.4107181429862976
0,0,0.8471408486366272,0,0.8513532280921936,0.8471408486366272,0.1528591811656952,0.8513532280921936,0.148646742105484
0,0,0.5480557680130005,0,0.5489733219146729,0.5480557680130005,0.4519442915916443,0.5489733219146729,0.45102667808532715
0,0,0.8787521719932556,0,0.8827492594718933,0.8787521719932556,0.12124784290790558,0.8827492594718933,0.1172507256269455
0,1,0.5792099237442017,1,0.5807056427001953,0.4207901060581207,0.5792099237442017,0.4192942976951599,0.5807056427001953
0,1,0.684498131275177,1,0.6877034306526184,0.315501868724823,0.684498131275177,0.3122965395450592,0.6877034306526184
0,0,0.5593686699867249,0,0.5604984164237976,0.5593686699867249,0.44063130021095276,0.5604984164237976,0.43950155377388
0,0,0.8804104328155518,0,0.8843908309936523,0.8804104328155518,0.11958955973386765,0.8843908309936523,0.11560915410518646
0,0,0.9325372576713562,0,0.9356437921524048,0.9325372576713562,0.06746277213096619,0.9356437921524048,0.0643562376499176
0,0,0.8428286910057068,0,0.84705650806427,0.8428286910057068,0.1571713536977768,0.84705650806427,0.1529434770345688
0,0,0.9531135559082031,0,0.955633282661438,0.9531135559082031,0.0468863919377327,0.955633282661438,0.04436669126152992
0,0,0.8343567848205566,0,0.8386061191558838,0.8343567848205566,0.16564325988292694,0.8386061191558838,0.16139386594295502
0,0,0.5971379280090332,0,0.5989558696746826,0.5971379280090332,0.4028620719909668,0.5989558696746826,0.40104416012763977
0,0,0.9140065908432007,0,0.9175098538398743,0.9140065908432007,0.08599347621202469,0.9175098538398743,0.08249013125896454
0,0,0.8461841940879822,0,0.8504003286361694,0.8461841940879822,0.15381579101085663,0.8504003286361694,0.14959967136383057
0,0,0.728243350982666,0,0.731975793838501,0.728243350982666,0.271756649017334,0.731975793838501,0.2680242657661438
0,0,0.9271771907806396,0,0.9304099678993225,0.9271771907806396,0.07282274961471558,0.9304099678993225,0.0695900246500969
0,0,0.9018844962120056,0,0.9055924415588379,0.9018844962120056,0.09811552613973618,0.9055924415588379,0.09440753608942032
0,0,0.9544055461883545,0,0.9568821787834167,0.9544055461883545,0.045594461262226105,0.9568821787834167,0.04311780259013176
0,1,0.6324378848075867,1,0.6348586082458496,0.3675621449947357,0.6324378848075867,0.3651413321495056,0.6348586082458496
0,0,0.7743858695030212,0,0.7784993052482605,0.7743858695030212,0.22561407089233398,0.7784993052482605,0.2215006947517395
0,0,0.9538227915763855,0,0.9563189744949341,0.9538227915763855,0.04617719724774361,0.9563189744949341,0.04368101805448532
0,0,0.8875311613082886,0,0.89143306016922,0.8875311613082886,0.11246883124113083,0.89143306016922,0.10856692492961884
0,0,0.9306753873825073,0,0.9338268637657166,0.9306753873825073,0.06932459771633148,0.9338268637657166,0.06617309898138046
0,0,0.7234328389167786,0,0.7271144390106201,0.7234328389167786,0.2765671908855438,0.7271144390106201,0.27288559079170227
0,0,0.933559775352478,0,0.9366411566734314,0.933559775352478,0.0664401426911354,0.9366411566734314,0.0633588433265686
0,1,0.7532994747161865,1,0.7572641372680664,0.24670054018497467,0.7532994747161865,0.2427358478307724,0.7572641372680664
0,1,0.797152042388916,1,0.8013713359832764,0.20284798741340637,0.797152042388916,0.19862867891788483,0.8013713359832764
0,0,0.8870753645896912,0,0.8909825682640076,0.8870753645896912,0.11292465031147003,0.8909825682640076,0.10901739448308945
0,0,0.8261610269546509,0,0.8304206728935242,0.8261610269546509,0.17383892834186554,0.8304206728935242,0.16957932710647583
0,1,0.5575135946273804,1,0.5586087107658386,0.442486435174942,0.5575135946273804,0.44139131903648376,0.5586087107658386
0,0,0.5271881222724915,0,0.5277095437049866,0.5271881222724915,0.47281184792518616,0.5277095437049866,0.4722904562950134
0,1,0.7731819152832031,1,0.7772880792617798,0.2268180549144745,0.7731819152832031,0.22271189093589783,0.7772880792617798
0,0,0.7424029111862183,0,0.7462734580039978,0.7424029111862183,0.2575971186161041,0.7462734580039978,0.25372645258903503
0,0,0.7690525054931641,0,0.7731326222419739,0.7690525054931641,0.23094752430915833,0.7731326222419739,0.22686737775802612
0,0,0.8166975975036621,0,0.8209567070007324,0.8166975975036621,0.18330241739749908,0.8209567070007324,0.1790432631969452
0,0,0.8075060844421387,0,0.8117527961730957,0.8075060844421387,0.19249391555786133,0.8117527961730957,0.18824724853038788
0,0,0.7003427743911743,0,0.7037550806999207,0.7003427743911743,0.2996571362018585,0.7037550806999207,0.29624488949775696
0,0,0.795427143573761,0,0.7996405959129333,0.795427143573761,0.2045728862285614,0.7996405959129333,0.20035943388938904
0,0,0.6414535641670227,0,0.6440201997756958,0.6414535641670227,0.3585464060306549,0.6440201997756958,0.3559797406196594
0,0,0.8196409344673157,0,0.8239016532897949,0.8196409344673157,0.18035906553268433,0.8239016532897949,0.17609839141368866
0,1,0.5819290280342102,1,0.5834742188453674,0.418070912361145,0.5819290280342102,0.4165257513523102,0.5834742188453674
0,0,0.8771651387214661,0,0.8811776638031006,0.8771651387214661,0.12283489853143692,0.8811776638031006,0.11882232874631882
0,0,0.864673376083374,0,0.8687897324562073,0.864673376083374,0.13532662391662598,0.8687897324562073,0.1312103122472763
0,1,0.7793218493461609,1,0.7834632992744446,0.22067812085151672,0.7793218493461609,0.2165367156267166,0.7834632992744446
0,0,0.718296468257904,0,0.7219216227531433,0.718296468257904,0.2817035913467407,0.7219216227531433,0.2780783176422119
0,0,0.688524067401886,0,0.6917835474014282,0.688524067401886,0.3114759624004364,0.6917835474014282,0.3082164525985718
0,0,0.89503413438797,0,0.8988407850265503,0.89503413438797,0.10496591776609421,0.8988407850265503,0.10115918517112732
0,0,0.753352165222168,0,0.7573171854019165,0.753352165222168,0.2466478794813156,0.7573171854019165,0.24268276989459991
0,1,0.9261926412582397,1,0.9294474720954895,0.07380738109350204,0.9261926412582397,0.0705525279045105,0.9294474720954895
0,0,0.8707267045974731,0,0.8747966885566711,0.8707267045974731,0.12927326560020447,0.8747966885566711,0.12520335614681244
0,0,0.6353843808174133,0,0.6378533244132996,0.6353843808174133,0.3646155893802643,0.6378533244132996,0.3621467351913452
0,0,0.6356860399246216,0,0.6381597518920898,0.6356860399246216,0.3643140494823456,0.6381597518920898,0.36184024810791016
0,0,0.609269917011261,0,0.6113002300262451,0.609269917011261,0.390730082988739,0.6113002300262451,0.3886997401714325
0,0,0.9320921897888184,0,0.9352095723152161,0.9320921897888184,0.06790784746408463,0.9352095723152161,0.06479046493768692
0,0,0.8990594148635864,0,0.9028095006942749,0.8990594148635864,0.10094059258699417,0.9028095006942749,0.09719046950340271
0,0,0.9546830654144287,0,0.957150399684906,0.9546830654144287,0.045316919684410095,0.957150399684906,0.04284962639212608
0,0,0.944041907787323,0,0.9468419551849365,0.944041907787323,0.055958159267902374,0.9468419551849365,0.05315806716680527
0,0,0.8057719469070435,0,0.8100150227546692,0.8057719469070435,0.19422808289527893,0.8100150227546692,0.1899850219488144
0,1,0.9657386541366577,1,0.9677992463111877,0.03426135331392288,0.9657386541366577,0.03220074251294136,0.9677992463111877
0,0,0.7090601325035095,0,0.7125787734985352,0.7090601325035095,0.2909398674964905,0.7125787734985352,0.28742116689682007
0,0,0.8167479038238525,0,0.8210070729255676,0.8167479038238525,0.18325205147266388,0.8210070729255676,0.1789928674697876
0,0,0.7436971664428711,0,0.7475795149803162,0.7436971664428711,0.2563028335571289,0.7475795149803162,0.25242042541503906
0,0,0.9157541990280151,0,0.9192246794700623,0.9157541990280151,0.08424580097198486,0.9192246794700623,0.08077534288167953
0,0,0.9056605100631714,0,0.9093089699745178,0.9056605100631714,0.09433950483798981,0.9093089699745178,0.09069102257490158
0,0,0.582944929599762,0,0.5845085382461548,0.582944929599762,0.41705504059791565,0.5845085382461548,0.41549140214920044
0,1,0.6610026359558105,1,0.6638720035552979,0.33899736404418945,0.6610026359558105,0.33612799644470215,0.6638720035552979
0,1,0.53751140832901,1,0.5382294058799744,0.46248868107795715,0.53751140832901,0.46177059412002563,0.5382294058799744
0,0,0.9215061664581299,0,0.9248620867729187,0.9215061664581299,0.07849381864070892,0.9248620867729187,0.07513800263404846
0,0,0.8424442410469055,0,0.846673309803009,0.8424442410469055,0.15755578875541687,0.846673309803009,0.15332669019699097
0,0,0.6110860705375671,0,0.6131476759910583,0.6110860705375671,0.38891398906707764,0.6131476759910583,0.38685229420661926
0,1,0.7093398571014404,1,0.7128618955612183,0.29066014289855957,0.7093398571014404,0.2871381640434265,0.7128618955612183
0,1,0.514420747756958,1,0.5146977305412292,0.485579252243042,0.514420747756958,0.4853023290634155,0.5146977305412292
0,0,0.9422097206115723,0,0.9450620412826538,0.9422097206115723,0.05779031664133072,0.9450620412826538,0.05493795871734619
0,0,0.9303484559059143,0,0.9335077404975891,0.9303484559059143,0.06965147703886032,0.9335077404975891,0.0664922222495079
0,0,0.8782187104225159,0,0.8822211027145386,0.8782187104225159,0.12178128957748413,0.8822211027145386,0.11777893453836441
0,0,0.8719847202301025,0,0.8760440349578857,0.8719847202301025,0.12801529467105865,0.8760440349578857,0.12395592033863068
0,0,0.9492931962013245,0,0.9519355297088623,0.9492931962013245,0.050706762820482254,0.9519355297088623,0.04806443676352501
0,0,0.6385409832000732,0,0.6410609483718872,0.6385409832000732,0.36145901679992676,0.6410609483718872,0.35893911123275757
0,0,0.6559016108512878,0,0.6586938500404358,0.6559016108512878,0.34409838914871216,0.6586938500404358,0.3413061201572418
0,0,0.9156888127326965,0,0.9191604852676392,0.9156888127326965,0.08431115746498108,0.9191604852676392,0.08083944767713547
0,1,0.6408615708351135,1,0.6434187293052673,0.35913845896720886,0.6408615708351135,0.35658127069473267,0.6434187293052673
0,0,0.8711332082748413,0,0.8751997947692871,0.8711332082748413,0.1288667470216751,0.8751997947692871,0.1248001903295517
0,0,0.9116140007972717,0,0.9151608943939209,0.9116140007972717,0.08838600665330887,0.9151608943939209,0.08483908325433731
0,0,0.8760392069816589,0,0.8800624012947083,0.8760392069816589,0.12396077066659927,0.8800624012947083,0.11993756890296936
0,0,0.9512785077095032,0,0.9538580179214478,0.9512785077095032,0.04872148111462593,0.9538580179214478,0.04614201560616493
0,1,0.7531492114067078,1,0.7571126222610474,0.24685081839561462,0.7531492114067078,0.24288737773895264,0.7571126222610474
0,0,0.6927868723869324,0,0.6961026191711426,0.6927868723869324,0.30721306800842285,0.6961026191711426,0.3038973808288574
0,0,0.770271360874176,0,0.7743593454360962,0.770271360874176,0.22972862422466278,0.7743593454360962,0.22564060986042023
0,0,0.9409509897232056,0,0.9438384771347046,0.9409509897232056,0.059048984199762344,0.9438384771347046,0.05616149306297302
0,1,0.5094612240791321,1,0.509643018245697,0.4905387759208679,0.5094612240791321,0.49035704135894775,0.509643018245697
0,0,0.9484621286392212,0,0.9511303305625916,0.9484621286392212,0.05153782293200493,0.9511303305625916,0.048869725316762924
0,0,0.8873315453529358,0,0.8912357687950134,0.8873315453529358,0.11266844719648361,0.8912357687950134,0.10876418650150299
0,0,0.8631298542022705,0,0.8672568798065186,0.8631298542022705,0.1368701457977295,0.8672568798065186,0.13274313509464264
0,0,0.8148274421691895,0,0.8190850019454956,0.8148274421691895,0.18517252802848816,0.8190850019454956,0.1809149980545044
0,0,0.9739280939102173,0,0.9756375551223755,0.9739280939102173,0.026071982458233833,0.9756375551223755,0.024362465366721153
0,1,0.5824501514434814,1,0.584004819393158,0.41754981875419617,0.5824501514434814,0.41599521040916443,0.584004819393158
0,0,0.7936611771583557,0,0.7978681921958923,0.7936611771583557,0.20633888244628906,0.7978681921958923,0.20213180780410767
0,0,0.7630640864372253,0,0.767103374004364,0.7630640864372253,0.23693586885929108,0.767103374004364,0.23289671540260315
0,0,0.6092129349708557,0,0.6112422347068787,0.6092129349708557,0.3907870650291443,0.6112422347068787,0.38875773549079895
0,0,0.6569420099258423,0,0.6597501039505005,0.6569420099258423,0.3430579602718353,0.6597501039505005,0.34024983644485474
0,0,0.8954376578330994,0,0.8992389440536499,0.8954376578330994,0.10456231981515884,0.8992389440536499,0.10076111555099487
0,0,0.7441019415855408,0,0.7479880452156067,0.7441019415855408,0.25589799880981445,0.7479880452156067,0.2520119845867157
0,0,0.9257344007492065,0,0.9289993643760681,0.9257344007492065,0.07426564395427704,0.9289993643760681,0.0710005983710289
0,1,0.5318905711174011,1,0.5325016379356384,0.46810948848724365,0.5318905711174011,0.4674983620643616,0.5325016379356384
0,0,0.6325055956840515,0,0.63492751121521,0.6325055956840515,0.3674944043159485,0.63492751121521,0.36507248878479004
0,0,0.947329044342041,0,0.9500316977500916,0.947329044342041,0.05267101526260376,0.9500316977500916,0.04996825382113457
0,0,0.5277432203292847,0,0.5282752513885498,0.5277432203292847,0.47225677967071533,0.5282752513885498,0.47172483801841736
0,1,0.8292953968048096,1,0.8335523009300232,0.17070457339286804,0.8292953968048096,0.16644763946533203,0.8335523009300232
0,0,0.8387683033943176,0,0.8430079221725464,0.8387683033943176,0.16123172640800476,0.8430079221725464,0.1569920927286148
0,0,0.900097668170929,0,0.9038325548171997,0.900097668170929,0.09990231692790985,0.9038325548171997,0.09616745263338089
0,0,0.8155590295791626,0,0.8198172450065613,0.8155590295791626,0.1844409704208374,0.8198172450065613,0.18018275499343872
0,0,0.7319335341453552,0,0.7357036471366882,0.7319335341453552,0.2680664658546448,0.7357036471366882,0.2642963230609894
0,0,0.8203777074813843,0,0.8246386051177979,0.8203777074813843,0.17962226271629333,0.8246386051177979,0.17536140978336334
0,0,0.8423254489898682,0,0.8465548753738403,0.8423254489898682,0.15767456591129303,0.8465548753738403,0.15344510972499847
0,0,0.9133531451225281,0,0.9168686270713806,0.9133531451225281,0.08664680272340775,0.9168686270713806,0.08313138782978058
0,0,0.7518309354782104,0,0.7557836174964905,0.7518309354782104,0.24816901981830597,0.7557836174964905,0.24421636760234833
0,0,0.7357972860336304,0,0.7396056056022644,0.7357972860336304,0.26420271396636963,0.7396056056022644,0.2603943943977356
0,0,0.8100252747535706,0,0.8142765760421753,0.8100252747535706,0.18997469544410706,0.8142765760421753,0.1857234537601471
0,0,0.7522291541099548,0,0.7561850547790527,0.7522291541099548,0.24777087569236755,0.7561850547790527,0.24381496012210846
0,0,0.6592084765434265,0,0.6620509028434753,0.6592084765434265,0.3407914936542511,0.6620509028434753,0.33794909715652466
0,0,0.7804091572761536,0,0.7845563888549805,0.7804091572761536,0.21959082782268524,0.7845563888549805,0.21544362604618073
0,0,0.8607454299926758,0,0.864888072013855,0.8607454299926758,0.1392545998096466,0.864888072013855,0.13511192798614502
0,0,0.7786435484886169,0,0.7827812433242798,0.7786435484886169,0.22135645151138306,0.7827812433242798,0.21721874177455902
0,0,0.7560292482376099,0,0.7600157260894775,0.7560292482376099,0.24397076666355133,0.7600157260894775,0.23998431861400604
0,0,0.7739462852478027,0,0.7780570387840271,0.7739462852478027,0.22605372965335846,0.7780570387840271,0.2219429612159729
0,0,0.8517814874649048,0,0.8559737801551819,0.8517814874649048,0.1482185572385788,0.8559737801551819,0.1440262645483017
0,1,0.7196133732795715,1,0.7232532501220703,0.28038662672042847,0.7196133732795715,0.2767467498779297,0.7232532501220703
0,0,0.907652735710144,0,0.9112682342529297,0.907652735710144,0.09234730899333954,0.9112682342529297,0.08873172104358673
0,0,0.8827688097953796,0,0.8867245316505432,0.8827688097953796,0.11723113059997559,0.8867245316505432,0.11327551305294037
0,1,0.8784822821617126,1,0.8824820518493652,0.12151766568422318,0.8784822821617126,0.11751789599657059,0.8824820518493652
0,0,0.86472088098526,0,0.8688368797302246,0.86472088098526,0.13527913391590118,0.8688368797302246,0.13116313517093658
0,0,0.6224415302276611,0,0.6246964931488037,0.6224415302276611,0.37755846977233887,0.6246964931488037,0.3753035366535187
0,0,0.8516303300857544,0,0.8558233976364136,0.8516303300857544,0.14836964011192322,0.8558233976364136,0.1441766321659088
0,1,0.9601885080337524,1,0.9624618887901306,0.03981149569153786,0.9601885080337524,0.03753810003399849,0.9624618887901306
0,1,0.795447051525116,1,0.7996605634689331,0.20455297827720642,0.795447051525116,0.20033946633338928,0.7996605634689331
0,0,0.9622355699539185,0,0.9644326567649841,0.9622355699539185,0.03776443749666214,0.9644326567649841,0.03556739166378975
0,0,0.6967528462409973,0,0.70011967420578,0.6967528462409973,0.3032471835613251,0.70011967420578,0.2998802661895752
0,1,0.9143323302268982,1,0.9178295731544495,0.0856676995754242,0.9143323302268982,0.08217041194438934,0.9178295731544495
0,0,0.8114410042762756,0,0.8156944513320923,0.8114410042762756,0.18855901062488556,0.8156944513320923,0.1843055933713913
0,0,0.858655571937561,0,0.8628110289573669,0.858655571937561,0.14134448766708374,0.8628110289573669,0.13718892633914948
0,0,0.9806508421897888,0,0.9820314645767212,0.9806508421897888,0.019349152222275734,0.9820314645767212,0.01796853169798851
0,0,0.9212146401405334,0,0.9245765209197998,0.9212146401405334,0.07878538221120834,0.9245765209197998,0.07542349398136139
0,0,0.905619740486145,0,0.909268856048584,0.905619740486145,0.09438028931617737,0.909268856048584,0.09073114395141602
0,0,0.9244627356529236,0,0.9277556538581848,0.9244627356529236,0.07553726434707642,0.9277556538581848,0.0722443088889122
0,1,0.5872594714164734,1,0.5889010429382324,0.4127405285835266,0.5872594714164734,0.41109898686408997,0.5889010429382324
0,0,0.5757572054862976,0,0.5771899223327637,0.5757572054862976,0.4242427945137024,0.5771899223327637,0.42281004786491394
0,0,0.5291897058486938,0,0.5297492742538452,0.5291897058486938,0.4708103537559509,0.5297492742538452,0.4702507257461548
0,1,0.5971092581748962,1,0.5989267230033875,0.4028906524181366,0.5971092581748962,0.40107324719429016,0.5989267230033875
0,1,0.5630040764808655,1,0.5642015337944031,0.4369959235191345,0.5630040764808655,0.43579843640327454,0.5642015337944031
0,0,0.970377504825592,0,0.9722452759742737,0.970377504825592,0.029622456058859825,0.9722452759742737,0.027754779905080795
0,0,0.9002593755722046,0,0.9039917588233948,0.9002593755722046,0.0997406616806984,0.9039917588233948,0.09600818157196045
0,0,0.8576883673667908,0,0.8618496060371399,0.8576883673667908,0.14231164753437042,0.8618496060371399,0.1381504386663437
0,0,0.9648576974868774,0,0.9669533967971802,0.9648576974868774,0.03514227271080017,0.9669533967971802,0.03304664418101311
0,0,0.864682674407959,0,0.8687989115715027,0.864682674407959,0.13531731069087982,0.8687989115715027,0.13120104372501373
0,0,0.7401676774024963,0,0.7440176606178284,0.7401676774024963,0.25983235239982605,0.7440176606178284,0.25598233938217163
0,0,0.9529629349708557,0,0.9554876089096069,0.9529629349708557,0.047037042677402496,0.9554876089096069,0.04451237991452217
0,0,0.885491132736206,0,0.8894166946411133,0.885491132736206,0.11450885981321335,0.8894166946411133,0.1105833351612091
0,0,0.6308702230453491,0,0.6332653164863586,0.6308702230453491,0.3691297471523285,0.6332653164863586,0.36673468351364136
0,0,0.9512205123901367,0,0.9538018107414246,0.9512205123901367,0.048779457807540894,0.9538018107414246,0.04619814082980156
0,1,0.8670142292976379,1,0.8711135387420654,0.13298574090003967,0.8670142292976379,0.12888650596141815,0.8711135387420654
0,0,0.8948598504066467,0,0.8986690044403076,0.8948598504066467,0.10514009743928909,0.8986690044403076,0.10133103281259537
0,0,0.9416021108627319,0,0.944471538066864,0.9416021108627319,0.05839793384075165,0.944471538066864,0.05552853271365166
0,0,0.9252690076828003,0,0.9285442233085632,0.9252690076828003,0.07473102957010269,0.9285442233085632,0.0714556947350502
0,0,0.8678678870201111,0,0.8719605803489685,0.8678678870201111,0.1321321576833725,0.8719605803489685,0.1280394196510315
0,0,0.7835781574249268,0,0.7877415418624878,0.7835781574249268,0.21642178297042847,0.7877415418624878,0.21225839853286743
0,0,0.8730596899986267,0,0.8771098256111145,0.8730596899986267,0.12694032490253448,0.8771098256111145,0.12289021164178848
0,0,0.9382981657981873,0,0.9412575960159302,0.9382981657981873,0.06170182302594185,0.9412575960159302,0.058742374181747437
0,0,0.6733209490776062,0,0.6763705015182495,0.6733209490776062,0.3266791105270386,0.6763705015182495,0.3236294984817505
0,0,0.7915914058685303,0,0.7957904934883118,0.7915914058685303,0.2084086388349533,0.7957904934883118,0.20420953631401062
0,0,0.8245902061462402,0,0.8288506269454956,0.8245902061462402,0.17540980875492096,0.8288506269454956,0.1711493581533432
0,1,0.5246134996414185,1,0.5250856876373291,0.47538653016090393,0.5246134996414185,0.4749143421649933,0.5250856876373291
0,0,0.7766051292419434,0,0.7807314395904541,0.7766051292419434,0.22339490056037903,0.7807314395904541,0.2192685306072235
0,0,0.9501202702522278,0,0.9527366757392883,0.9501202702522278,0.049879759550094604,0.9527366757392883,0.04726339131593704
0,0,0.9366492033004761,0,0.9396520256996155,0.9366492033004761,0.06335082650184631,0.9396520256996155,0.060348011553287506
0,0,0.6310655474662781,0,0.6334637999534607,0.6310655474662781,0.3689344823360443,0.6334637999534607,0.3665361702442169
0,1,0.55381178855896,1,0.5548375844955444,0.4461882710456848,0.55381178855896,0.44516244530677795,0.5548375844955444
0,0,0.8275594711303711,0,0.8318181037902832,0.8275594711303711,0.17244048416614532,0.8318181037902832,0.1681818962097168
0,0,0.5645478367805481,0,0.5657739639282227,0.5645478367805481,0.4354521632194519,0.5657739639282227,0.43422603607177734
0,0,0.7567764520645142,0,0.7607687711715698,0.7567764520645142,0.24322351813316345,0.7607687711715698,0.23923124372959137
0,0,0.944439172744751,0,0.9472278356552124,0.944439172744751,0.05556078255176544,0.9472278356552124,0.05277222394943237
0,0,0.5765569806098938,0,0.5780043005943298,0.5765569806098938,0.4234430193901062,0.5780043005943298,0.4219956696033478
0,1,0.7092136144638062,1,0.7127341628074646,0.29078635573387146,0.7092136144638062,0.2872658371925354,0.7127341628074646
0,0,0.9129968881607056,0,0.9165188074111938,0.9129968881607056,0.08700308948755264,0.9165188074111938,0.08348117023706436
0,1,0.5655993223190308,1,0.5668449401855469,0.4344007074832916,0.5655993223190308,0.4331550896167755,0.5668449401855469
0,1,0.5057797431945801,1,0.5058907866477966,0.4942202568054199,0.5057797431945801,0.494109183549881,0.5058907866477966
0,0,0.6767419576644897,0,0.6798400282859802,0.6767419576644897,0.32325804233551025,0.6798400282859802,0.3201599717140198
0,0,0.5818414092063904,0,0.5833849906921387,0.5818414092063904,0.418158620595932,0.5833849906921387,0.41661497950553894
0,0,0.9694890975952148,0,0.9713947772979736,0.9694890975952148,0.030510952696204185,0.9713947772979736,0.02860516868531704
0,1,0.7989628911018372,1,0.8031880259513855,0.20103710889816284,0.7989628911018372,0.19681201875209808,0.8031880259513855
0,1,0.6260409355163574,1,0.6283560991287231,0.3739590644836426,0.6260409355163574,0.37164390087127686,0.6283560991287231
0,1,0.6004562377929688,1,0.6023327708244324,0.39954376220703125,0.6004562377929688,0.3976672887802124,0.6023327708244324
0,0,0.811636745929718,0,0.815890371799469,0.811636745929718,0.18836332857608795,0.815890371799469,0.1841096431016922
0,1,0.8377052545547485,1,0.8419474363327026,0.16229477524757385,0.8377052545547485,0.1580525040626526,0.8419474363327026
0,0,0.8500658869743347,0,0.8542660474777222,0.8500658869743347,0.14993411302566528,0.8542660474777222,0.14573393762111664
0,0,0.7495096325874329,0,0.7534428834915161,0.7495096325874329,0.2504902780056,0.7534428834915161,0.2465570718050003
0,0,0.7072040438652039,0,0.710700511932373,0.7072040438652039,0.29279595613479614,0.710700511932373,0.28929945826530457
0,0,0.951633870601654,0,0.954201877117157,0.951633870601654,0.04836612939834595,0.954201877117157,0.04579811543226242
0,0,0.5032435059547424,0,0.5033057928085327,0.5032435059547424,0.49675655364990234,0.5033057928085327,0.4966941773891449
0,0,0.602068305015564,0,0.6039731502532959,0.602068305015564,0.39793166518211365,0.6039731502532959,0.3960268199443817
0,0,0.6958310604095459,0,0.6991861462593079,0.6958310604095459,0.3041689693927765,0.6991861462593079,0.3008138835430145
0,0,0.8887246251106262,0,0.8926122784614563,0.8887246251106262,0.11127529293298721,0.8926122784614563,0.10738766193389893
0,0,0.5359514355659485,0,0.5366398096084595,0.5359514355659485,0.4640485942363739,0.5366398096084595,0.4633601903915405
0,0,0.9066841006278992,0,0.9103158712387085,0.9066841006278992,0.09331589192152023,0.9103158712387085,0.08968418091535568
0,0,0.7946841716766357,0,0.7988949418067932,0.7946841716766357,0.20531581342220306,0.7988949418067932,0.2011050134897232
0,0,0.7974389791488647,0,0.8016591668128967,0.7974389791488647,0.20256111025810242,0.8016591668128967,0.19834081828594208
0,0,0.830437421798706,0,0.8346930146217346,0.830437421798706,0.16956259310245514,0.8346930146217346,0.16530703008174896
0,0,0.8539674878120422,0,0.858148992061615,0.8539674878120422,0.14603249728679657,0.858148992061615,0.14185099303722382
0,0,0.8904584050178528,0,0.894324779510498,0.8904584050178528,0.10954154282808304,0.894324779510498,0.10567524284124374
0,0,0.9580349922180176,0,0.9603861570358276,0.9580349922180176,0.041965048760175705,0.9603861570358276,0.039613887667655945
0,1,0.6477916836738586,1,0.650458574295044,0.35220831632614136,0.6477916836738586,0.3495413661003113,0.650458574295044
0,0,0.7862423062324524,0,0.7904184460639954,0.7862423062324524,0.2137576937675476,0.7904184460639954,0.20958159863948822
0,0,0.6984246373176575,0,0.701812744140625,0.6984246373176575,0.30157530307769775,0.701812744140625,0.29818716645240784
0,0,0.9382824301719666,0,0.9412422776222229,0.9382824301719666,0.06171760335564613,0.9412422776222229,0.0587577261030674
0,0,0.7842659950256348,0,0.788432776927948,0.7842659950256348,0.21573399007320404,0.788432776927948,0.2115672528743744
0,0,0.9177260398864746,0,0.9211582541465759,0.9177260398864746,0.08227398246526718,0.9211582541465759,0.0788416936993599
0,0,0.7602163553237915,0,0.7642347812652588,0.7602163553237915,0.2397836595773697,0.7642347812652588,0.2357652187347412
0,0,0.6682253479957581,0,0.6712014675140381,0.6682253479957581,0.33177462220191956,0.6712014675140381,0.3287985622882843
0,0,0.878458559513092,0,0.8824585676193237,0.878458559513092,0.12154145538806915,0.8824585676193237,0.11754141002893448
0,1,0.9113675355911255,1,0.9149188995361328,0.08863239735364914,0.9113675355911255,0.0850810706615448,0.9149188995361328
0,0,0.7333692908287048,0,0.7371537685394287,0.7333692908287048,0.26663070917129517,0.7371537685394287,0.2628462612628937
0,0,0.5881534814834595,0,0.5898110866546631,0.5881534814834595,0.41184648871421814,0.5898110866546631,0.4101888835430145
0,0,0.8348546028137207,0,0.8391030430793762,0.8348546028137207,0.16514542698860168,0.8391030430793762,0.1608969271183014
0,0,0.8298918008804321,0,0.8341480493545532,0.8298918008804321,0.17010819911956787,0.8341480493545532,0.16585196554660797
0,0,0.8597002029418945,0,0.8638493418693542,0.8597002029418945,0.14029985666275024,0.8638493418693542,0.13615061342716217
0,1,0.523865818977356,1,0.5243237018585205,0.47613415122032166,0.523865818977356,0.4756762683391571,0.5243237018585205
0,1,0.8172815442085266,1,0.8215410709381104,0.18271850049495697,0.8172815442085266,0.17845895886421204,0.8215410709381104
0,0,0.9390817880630493,0,0.9420202374458313,0.9390817880630493,0.060918256640434265,0.9420202374458313,0.057979781180620193
0,0,0.5563881397247314,0,0.557462215423584,0.5563881397247314,0.44361189007759094,0.557462215423584,0.4425378143787384
0,0,0.8263089060783386,0,0.8305684924125671,0.8263089060783386,0.173691064119339,0.8305684924125671,0.16943150758743286
0,0,0.7012647986412048,0,0.7046886086463928,0.7012647986412048,0.29873520135879517,0.7046886086463928,0.29531142115592957
0,0,0.7939489483833313,0,0.7981570363044739,0.7939489483833313,0.2060510665178299,0.7981570363044739,0.20184297859668732
0,1,0.5325281620025635,1,0.533151388168335,0.4674718976020813,0.5325281620025635,0.4668486416339874,0.533151388168335
0,0,0.5762448906898499,0,0.5776865482330322,0.5762448906898499,0.42375507950782776,0.5776865482330322,0.4223134219646454
0,0,0.7908512949943542,0,0.795047402381897,0.7908512949943542,0.20914869010448456,0.795047402381897,0.20495256781578064
0,0,0.8887397050857544,0,0.8926271200180054,0.8887397050857544,0.11126033216714859,0.8926271200180054,0.10737287998199463
0,0,0.5673604607582092,0,0.5686386227607727,0.5673604607582092,0.43263959884643555,0.5686386227607727,0.4313613176345825
0,0,0.9770306348800659,0,0.9785934686660767,0.9770306348800659,0.022969374433159828,0.9785934686660767,0.021406468003988266
0,0,0.7845296859741211,0,0.7886976599693298,0.7845296859741211,0.2154703289270401,0.7886976599693298,0.21130232512950897
0,0,0.8070439696311951,0,0.8112897872924805,0.8070439696311951,0.19295603036880493,0.8112897872924805,0.1887102723121643
0,0,0.9589625000953674,0,0.9612804651260376,0.9589625000953674,0.04103749990463257,0.9612804651260376,0.03871950879693031
0,1,0.614359974861145,1,0.6164778470993042,0.385640025138855,0.614359974861145,0.3835221529006958,0.6164778470993042
0,0,0.7815975546836853,0,0.7857509255409241,0.7815975546836853,0.21840250492095947,0.7857509255409241,0.21424908936023712
0,0,0.8849549889564514,0,0.8888866305351257,0.8849549889564514,0.1150449886918068,0.8888866305351257,0.11111339926719666
0,0,0.7184247970581055,0,0.7220515012741089,0.7184247970581055,0.28157520294189453,0.7220515012741089,0.2779485583305359
0,0,0.5765120387077332,0,0.5779585838317871,0.5765120387077332,0.42348790168762207,0.5779585838317871,0.4220413863658905
0,0,0.9274895787239075,0,0.9307152032852173,0.9274895787239075,0.07251038402318954,0.9307152032852173,0.06928472965955734
0,0,0.9566836357116699,0,0.9590823650360107,0.9566836357116699,0.04331633076071739,0.9590823650360107,0.04091764613986015
0,0,0.9227418303489685,0,0.9260716438293457,0.9227418303489685,0.07725823670625687,0.9260716438293457,0.0739283338189125
0,0,0.8653624653816223,0,0.8694738149642944,0.8653624653816223,0.13463759422302246,0.8694738149642944,0.13052618503570557
0,0,0.7511225938796997,0,0.755069375038147,0.7511225938796997,0.2488773763179779,0.755069375038147,0.24493061006069183
0,0,0.581487774848938,0,0.5830249786376953,0.581487774848938,0.4185122549533844,0.5830249786376953,0.4169750511646271
0,0,0.9174347519874573,0,0.9208728075027466,0.9174347519874573,0.08256522566080093,0.9208728075027466,0.0791272297501564
0,0,0.5554695725440979,0,0.5565264821052551,0.5554695725440979,0.4445304274559021,0.5565264821052551,0.44347354769706726
0,0,0.7421544194221497,0,0.7460228204727173,0.7421544194221497,0.25784555077552795,0.7460228204727173,0.2539771795272827
0,0,0.981974184513092,0,0.9832847714424133,0.981974184513092,0.018025798723101616,0.9832847714424133,0.016715168952941895
0,1,0.9820089340209961,1,0.9833176136016846,0.01799110323190689,0.9820089340209961,0.016682332381606102,0.9833176136016846
0,1,0.866635799407959,1,0.8707379102706909,0.13336417078971863,0.866635799407959,0.12926211953163147,0.8707379102706909
0,0,0.8661701083183289,0,0.8702756762504578,0.8661701083183289,0.13382987678050995,0.8702756762504578,0.129724383354187
0,0,0.7938390970230103,0,0.7980467677116394,0.7938390970230103,0.20616088807582855,0.7980467677116394,0.20195317268371582
0,0,0.8107534646987915,0,0.8150057196617126,0.8107534646987915,0.18924660980701447,0.8150057196617126,0.18499420583248138
0,0,0.5225664973258972,0,0.5229995250701904,0.5225664973258972,0.47743353247642517,0.5229995250701904,0.47700047492980957
0,0,0.7642239928245544,0,0.7682713866233826,0.7642239928245544,0.23577600717544556,0.7682713866233826,0.23172858357429504
0,0,0.594051718711853,0,0.5958148837089539,0.594051718711853,0.4059482216835022,0.5958148837089539,0.40418508648872375
0,1,0.5957862138748169,1,0.5975801348686218,0.4042137861251831,0.5957862138748169,0.402419775724411,0.5975801348686218
0,0,0.8303791284561157,0,0.8346347808837891,0.8303791284561157,0.16962085664272308,0.8346347808837891,0.16536523401737213
0,0,0.5892564654350281,0,0.5909339189529419,0.5892564654350281,0.4107435345649719,0.5909339189529419,0.4090660810470581
0,0,0.775046706199646,0,0.7791639566421509,0.775046706199646,0.22495333850383759,0.7791639566421509,0.22083601355552673
0,0,0.7781351208686829,0,0.782270073890686,0.7781351208686829,0.22186486423015594,0.782270073890686,0.21772995591163635
0,0,0.897683322429657,0,0.9014531970024109,0.897683322429657,0.10231673717498779,0.9014531970024109,0.0985468178987503
0,0,0.8731592893600464,0,0.8772084712982178,0.8731592893600464,0.12684069573879242,0.8772084712982178,0.12279144674539566
0,0,0.8507532477378845,0,0.8549503087997437,0.8507532477378845,0.14924681186676025,0.8549503087997437,0.14504975080490112
0,0,0.5756422877311707,0,0.5770729184150696,0.5756422877311707,0.42435774207115173,0.5770729184150696,0.4229271113872528
0,0,0.9336073994636536,0,0.9366875290870667,0.9336073994636536,0.06639266759157181,0.9366875290870667,0.06331254541873932
0,0,0.926676332950592,0,0.9299203753471375,0.926676332950592,0.07332363724708557,0.9299203753471375,0.07007962465286255
0,1,0.5160336494445801,1,0.516341507434845,0.4839663803577423,0.5160336494445801,0.48365846276283264,0.516341507434845
0,0,0.8042681217193604,0,0.8085077404975891,0.8042681217193604,0.19573189318180084,0.8085077404975891,0.19149227440357208
0,0,0.7484240531921387,0,0.752348005771637,0.7484240531921387,0.25157594680786133,0.752348005771637,0.24765197932720184
0,0,0.8047884702682495,0,0.8090292811393738,0.8047884702682495,0.19521155953407288,0.8090292811393738,0.19097068905830383
0,0,0.856326162815094,0,0.8604952096939087,0.856326162815094,0.14367379248142242,0.8604952096939087,0.13950484991073608
0,0,0.5206888914108276,0,0.5210859775543213,0.5206888914108276,0.47931110858917236,0.5210859775543213,0.4789140224456787
0,0,0.7550949454307556,0,0.7590739727020264,0.7550949454307556,0.24490509927272797,0.7590739727020264,0.24092599749565125
0,0,0.681591808795929,0,0.68475741147995,0.681591808795929,0.31840819120407104,0.68475741147995,0.31524261832237244
0,0,0.873780369758606,0,0.8778241872787476,0.873780369758606,0.12621964514255524,0.8778241872787476,0.12217587232589722
0,0,0.6567775011062622,0,0.6595830917358398,0.6567775011062622,0.3432224988937378,0.6595830917358398,0.34041687846183777
0,0,0.9274709224700928,0,0.9306970238685608,0.9274709224700928,0.07252904772758484,0.9306970238685608,0.0693029835820198
0,0,0.8747668266296387,0,0.878801703453064,0.8747668266296387,0.12523314356803894,0.878801703453064,0.12119823694229126
0,0,0.9631031155586243,0,0.9652670621871948,0.9631031155586243,0.036896899342536926,0.9652670621871948,0.03473294526338577
0,0,0.9523009061813354,0,0.9548472166061401,0.9523009061813354,0.04769909381866455,0.9548472166061401,0.04515272378921509
0,0,0.8510696291923523,0,0.855265200138092,0.8510696291923523,0.1489303708076477,0.855265200138092,0.14473475515842438
0,1,0.6517606377601624,1,0.6544893383979797,0.34823939204216003,0.6517606377601624,0.34551072120666504,0.6544893383979797
0,1,0.7728081941604614,1,0.7769120931625366,0.22719180583953857,0.7728081941604614,0.22308793663978577,0.7769120931625366
0,0,0.8348422646522522,0,0.8390908241271973,0.8348422646522522,0.1651577204465866,0.8390908241271973,0.1609092503786087
0,0,0.7876074314117432,0,0.791789710521698,0.7876074314117432,0.21239258348941803,0.791789710521698,0.208210289478302
0,0,0.8245244026184082,0,0.8287848234176636,0.8245244026184082,0.17547565698623657,0.8287848234176636,0.17121517658233643
0,0,0.9038436412811279,0,0.90752112865448,0.9038436412811279,0.09615641087293625,0.90752112865448,0.09247881919145584
0,0,0.7221279144287109,0,0.725795328617096,0.7221279144287109,0.27787214517593384,0.725795328617096,0.27420467138290405
0,0,0.8936424255371094,0,0.8974677920341492,0.8936424255371094,0.10635756701231003,0.8974677920341492,0.10253220796585083
0,0,0.7222939729690552,0,0.7259632349014282,0.7222939729690552,0.2777060866355896,0.7259632349014282,0.27403679490089417
0,0,0.915453314781189,0,0.9189295172691345,0.915453314781189,0.08454673737287521,0.9189295172691345,0.08107053488492966
0,0,0.6660619378089905,0,0.66900634765625,0.6660619378089905,0.33393800258636475,0.66900634765625,0.33099356293678284
0,0,0.9691623449325562,0,0.9710819721221924,0.9691623449325562,0.03083765134215355,0.9710819721221924,0.028918003663420677
0,1,0.662196159362793,1,0.6650832891464233,0.3378039002418518,0.662196159362793,0.3349166810512543,0.6650832891464233
0,1,0.6661298871040344,1,0.6690753102302551,0.3338701128959656,0.6661298871040344,0.3309246897697449,0.6690753102302551
0,0,0.6941388845443726,0,0.6974721550941467,0.6941388845443726,0.30586114525794983,0.6974721550941467,0.30252787470817566
0,1,0.6271671056747437,1,0.6295009255409241,0.3728329837322235,0.6271671056747437,0.37049904465675354,0.6295009255409241
0,0,0.6769936680793762,0,0.6800952553749084,0.6769936680793762,0.32300636172294617,0.6800952553749084,0.31990474462509155
0,1,0.752692699432373,1,0.7566523551940918,0.24730733036994934,0.752692699432373,0.24334761500358582,0.7566523551940918
0,0,0.7459787726402283,0,0.7498815059661865,0.7459787726402283,0.2540212571620941,0.7498815059661865,0.25011852383613586
0,0,0.626549482345581,0,0.6288731694221497,0.626549482345581,0.37345045804977417,0.6288731694221497,0.3711269199848175
0,0,0.5853518843650818,0,0.5869590044021606,0.5853518843650818,0.4146481454372406,0.5869590044021606,0.41304096579551697
0,0,0.7433710694313049,0,0.747250497341156,0.7433710694313049,0.25662896037101746,0.747250497341156,0.252749502658844
0,1,0.7847472429275513,1,0.7889162302017212,0.2152528017759323,0.7847472429275513,0.21108372509479523,0.7889162302017212
0,0,0.9367252588272095,0,0.9397261142730713,0.9367252588272095,0.06327474117279053,0.9397261142730713,0.060273900628089905
0,0,0.8723284602165222,0,0.876384973526001,0.8723284602165222,0.1276714950799942,0.876384973526001,0.12361506372690201
0,0,0.533157467842102,0,0.5337927341461182,0.533157467842102,0.46684256196022034,0.5337927341461182,0.4662073254585266
0,1,0.6230899691581726,1,0.6253558397293091,0.3769100308418274,0.6230899691581726,0.3746442198753357,0.6253558397293091
0,0,0.8906305432319641,0,0.8944947123527527,0.8906305432319641,0.1093694344162941,0.8944947123527527,0.10550526529550552
0,0,0.8496717810630798,0,0.8538736701011658,0.8496717810630798,0.15032820403575897,0.8538736701011658,0.14612631499767303
0,0,0.9488652348518372,0,0.9515208601951599,0.9488652348518372,0.05113479122519493,0.9515208601951599,0.04847915098071098
0,0,0.8587360978126526,0,0.8628911972045898,0.8587360978126526,0.14126388728618622,0.8628911972045898,0.13710883259773254
0,0,0.8425495624542236,0,0.8467783331871033,0.8425495624542236,0.15745045244693756,0.8467783331871033,0.15322168171405792
0,0,0.6325652003288269,0,0.6349881291389465,0.6325652003288269,0.3674347400665283,0.6349881291389465,0.3650118410587311
0,0,0.5538614392280579,0,0.5548881888389587,0.5538614392280579,0.44613856077194214,0.5548881888389587,0.44511184096336365
0,0,0.6784443259239197,0,0.6815662980079651,0.6784443259239197,0.3215556740760803,0.6815662980079651,0.3184337615966797
0,0,0.7383775115013123,0,0.7422105669975281,0.7383775115013123,0.26162251830101013,0.7422105669975281,0.25778937339782715
0,0,0.9070572853088379,0,0.9106827974319458,0.9070572853088379,0.09294277429580688,0.9106827974319458,0.08931724727153778
0,0,0.8343049883842468,0,0.8385545015335083,0.8343049883842468,0.16569502651691437,0.8385545015335083,0.1614455133676529
0,0,0.8717409372329712,0,0.8758023977279663,0.8717409372329712,0.12825900316238403,0.8758023977279663,0.1241975650191307
0,1,0.9596326947212219,1,0.9619264006614685,0.040367282927036285,0.9596326947212219,0.03807358071208,0.9619264006614685
0,0,0.6286261081695557,0,0.6309841275215149,0.6286261081695557,0.3713739514350891,0.6309841275215149,0.3690158426761627
0,0,0.5656552910804749,0,0.5669019222259521,0.5656552910804749,0.43434467911720276,0.5669019222259521,0.4330979883670807
0,0,0.7870082855224609,0,0.7911879420280457,0.7870082855224609,0.21299171447753906,0.7911879420280457,0.20881211757659912
0,0,0.882645308971405,0,0.8866022825241089,0.882645308971405,0.11735466122627258,0.8866022825241089,0.11339768767356873
0,0,0.5183812975883484,0,0.5187341570854187,0.5183812975883484,0.4816187620162964,0.5187341570854187,0.4812658131122589
0,1,0.644646406173706,1,0.647263765335083,0.35535362362861633,0.644646406173706,0.352736234664917,0.647263765335083
0,0,0.9181321263313293,0,0.9215564131736755,0.9181321263313293,0.08186787366867065,0.9215564131736755,0.07844357937574387
0,1,0.6902472376823425,1,0.6935296058654785,0.3097527325153351,0.6902472376823425,0.3064703643321991,0.6935296058654785
0,0,0.9632060527801514,0,0.965366005897522,0.9632060527801514,0.03679392859339714,0.965366005897522,0.034633930772542953
0,0,0.803925096988678,0,0.8081638813018799,0.803925096988678,0.19607485830783844,0.8081638813018799,0.19183605909347534
0,0,0.8388690948486328,0,0.8431084752082825,0.8388690948486328,0.161130890250206,0.8431084752082825,0.15689155459403992
0,0,0.8622625470161438,0,0.8663953542709351,0.8622625470161438,0.1377374529838562,0.8663953542709351,0.13360460102558136
0,1,0.7216307520866394,1,0.7252928018569946,0.2783692479133606,0.7216307520866394,0.27470719814300537,0.7252928018569946
0,0,0.7583348751068115,0,0.762339174747467,0.7583348751068115,0.2416650652885437,0.762339174747467,0.23766078054904938
0,0,0.8882296681404114,0,0.8921232223510742,0.8882296681404114,0.11177030205726624,0.8921232223510742,0.1078767254948616
0,0,0.8618072867393494,0,0.865943193435669,0.8618072867393494,0.13819269835948944,0.865943193435669,0.13405685126781464
0,0,0.8723317384719849,0,0.8763880729675293,0.8723317384719849,0.12766830623149872,0.8763880729675293,0.12361188232898712
0,0,0.9140027761459351,0,0.9175060987472534,0.9140027761459351,0.08599725365638733,0.9175060987472534,0.0824938490986824
0,0,0.8800179958343506,0,0.8840023875236511,0.8800179958343506,0.1199820265173912,0.8840023875236511,0.11599760502576828
0,1,0.9078286290168762,1,0.9114412069320679,0.09217137843370438,0.9078286290168762,0.08855876326560974,0.9114412069320679
0,0,0.6602461338043213,0,0.663104236125946,0.6602461338043213,0.3397538363933563,0.663104236125946,0.33689582347869873
0,0,0.8894737362861633,0,0.8933522701263428,0.8894737362861633,0.11052630096673965,0.8933522701263428,0.1066477969288826
0,0,0.8475533723831177,0,0.8517642021179199,0.8475533723831177,0.15244659781455994,0.8517642021179199,0.14823581278324127
0,0,0.7513307929039001,0,0.7552792429924011,0.7513307929039001,0.24866928160190582,0.7552792429924011,0.24472074210643768
0,0,0.5225847959518433,0,0.5230181813240051,0.5225847959518433,0.47741520404815674,0.5230181813240051,0.4769818186759949
0,0,0.939227283000946,0,0.9421617984771729,0.939227283000946,0.06077275052666664,0.9421617984771729,0.057838182896375656
0,0,0.6802045702934265,0,0.6833509802818298,0.6802045702934265,0.3197954595088959,0.6833509802818298,0.31664904952049255
0,1,0.8802980184555054,1,0.8842794895172119,0.11970198899507523,0.8802980184555054,0.11572042852640152,0.8842794895172119
0,0,0.6076220273971558,0,0.6096238493919373,0.6076220273971558,0.39237797260284424,0.6096238493919373,0.3903762102127075
0,1,0.5653419494628906,1,0.5665827393531799,0.43465808033943176,0.5653419494628906,0.4334171712398529,0.5665827393531799
0,0,0.7929590940475464,0,0.7971634268760681,0.7929590940475464,0.2070409506559372,0.7971634268760681,0.2028365433216095
0,0,0.7853848934173584,0,0.7895569801330566,0.7853848934173584,0.2146151214838028,0.7895569801330566,0.21044300496578217
0,0,0.9025875329971313,0,0.906284749507904,0.9025875329971313,0.09741246700286865,0.906284749507904,0.09371528029441833
0,0,0.6613088846206665,0,0.6641828417778015,0.6613088846206665,0.3386911153793335,0.6641828417778015,0.3358171880245209
0,0,0.8630540370941162,0,0.8671815395355225,0.8630540370941162,0.13694602251052856,0.8671815395355225,0.13281847536563873
0,0,0.6476790308952332,0,0.65034419298172,0.6476790308952332,0.35232096910476685,0.65034419298172,0.3496558368206024
0,0,0.8538599610328674,0,0.8580420017242432,0.8538599610328674,0.14614002406597137,0.8580420017242432,0.14195796847343445
0,0,0.7963349223136902,0,0.8005514740943909,0.7963349223136902,0.2036651223897934,0.8005514740943909,0.19944852590560913
0,1,0.6513141393661499,1,0.6540358662605286,0.3486858606338501,0.6513141393661499,0.34596410393714905,0.6540358662605286
0,0,0.8190906643867493,0,0.8233511447906494,0.8190906643867493,0.18090932071208954,0.8233511447906494,0.17664887011051178
0,0,0.605018138885498,0,0.6069746017456055,0.605018138885498,0.39498186111450195,0.6069746017456055,0.39302539825439453
0,0,0.5226067304611206,0,0.5230405330657959,0.5226067304611206,0.477393239736557,0.5230405330657959,0.4769594371318817
0,0,0.9284323453903198,0,0.931636393070221,0.9284323453903198,0.07156762480735779,0.931636393070221,0.06836355477571487
0,0,0.8792635798454285,0,0.8832556009292603,0.8792635798454285,0.12073639780282974,0.8832556009292603,0.11674436181783676
0,0,0.8127599358558655,0,0.8170151114463806,0.8127599358558655,0.1872400939464569,0.8170151114463806,0.18298490345478058
0,0,0.5236308574676514,0,0.5240842700004578,0.5236308574676514,0.47636911273002625,0.5240842700004578,0.47591572999954224
0,0,0.8435913920402527,0,0.8478168249130249,0.8435913920402527,0.15640860795974731,0.8478168249130249,0.15218326449394226
0,0,0.7042089700698853,0,0.707669198513031,0.7042089700698853,0.2957909405231476,0.707669198513031,0.2923308312892914
0,0,0.8647469878196716,0,0.8688626885414124,0.8647469878196716,0.13525304198265076,0.8688626885414124,0.13113723695278168
0,0,0.9090861678123474,0,0.9126774072647095,0.9090861678123474,0.09091383963823318,0.9126774072647095,0.08732260763645172
0,0,0.9337164759635925,0,0.936793863773346,0.9337164759635925,0.06628350913524628,0.936793863773346,0.06320609897375107
0,1,0.5832713842391968,1,0.5848409533500671,0.41672855615615845,0.5832713842391968,0.4151590168476105,0.5848409533500671
0,1,0.8387590646743774,1,0.8429986834526062,0.16124096512794495,0.8387590646743774,0.1570013165473938,0.8429986834526062
0,0,0.6183849573135376,0,0.6205714344978333,0.6183849573135376,0.38161501288414,0.6205714344978333,0.379428505897522
0,0,0.8645619750022888,0,0.8686791062355042,0.8645619750022888,0.13543806970119476,0.8686791062355042,0.13132095336914062
0,0,0.9421499967575073,0,0.9450041651725769,0.9421499967575073,0.057849954813718796,0.9450041651725769,0.05499591305851936
0,1,0.5347126722335815,1,0.535377562046051,0.4652872681617737,0.5347126722335815,0.46462246775627136,0.535377562046051
0,0,0.6737726926803589,0,0.6768286824226379,0.6737726926803589,0.3262273371219635,0.6768286824226379,0.32317131757736206
0,0,0.864825427532196,0,0.8689406514167786,0.864825427532196,0.13517455756664276,0.8689406514167786,0.13105930387973785
0,0,0.8464341759681702,0,0.850649356842041,0.8464341759681702,0.15356579422950745,0.850649356842041,0.14935064315795898
0,0,0.9371909499168396,0,0.9401796460151672,0.9371909499168396,0.06280902028083801,0.9401796460151672,0.059820353984832764
0,0,0.8062578439712524,0,0.8105019330978394,0.8062578439712524,0.19374220073223114,0.8105019330978394,0.18949808180332184
0,1,0.7184926271438599,1,0.7221199870109558,0.2815074622631073,0.7184926271438599,0.2778800427913666,0.7221199870109558
0,0,0.8122566342353821,0,0.8165112733840942,0.8122566342353821,0.18774332106113434,0.8165112733840942,0.18348878622055054
0,0,0.5499539971351624,0,0.5509073734283447,0.5499539971351624,0.45004597306251526,0.5509073734283447,0.44909268617630005
0,0,0.8974658846855164,0,0.9012388586997986,0.8974658846855164,0.10253414511680603,0.9012388586997986,0.09876115620136261
0,1,0.6765795946121216,1,0.6796754002571106,0.32342037558555603,0.6765795946121216,0.3203245997428894,0.6796754002571106
0,0,0.9461788535118103,0,0.9489161968231201,0.9461788535118103,0.053821105509996414,0.9489161968231201,0.051083751022815704
0,0,0.9114426970481873,0,0.9149927496910095,0.9114426970481873,0.08855723589658737,0.9149927496910095,0.08500726521015167
0,0,0.9033944010734558,0,0.9070790410041809,0.9033944010734558,0.09660559892654419,0.9070790410041809,0.09292096644639969
0,1,0.6126071214675903,1,0.6146949529647827,0.38739290833473206,0.6126071214675903,0.3853050172328949,0.6146949529647827
0,1,0.7243655323982239,1,0.7280572056770325,0.27563440799713135,0.7243655323982239,0.2719428241252899,0.7280572056770325
0,0,0.8991131782531738,0,0.9028624892234802,0.8991131782531738,0.10088688880205154,0.9028624892234802,0.09713757038116455
0,1,0.5514883995056152,1,0.5524706244468689,0.44851163029670715,0.5514883995056152,0.4475294351577759,0.5524706244468689
0,0,0.9317340850830078,0,0.9348601698875427,0.9317340850830078,0.0682658702135086,0.9348601698875427,0.06513979285955429
0,0,0.5883277058601379,0,0.5899884700775146,0.5883277058601379,0.41167232394218445,0.5899884700775146,0.41001155972480774
0,0,0.8891642689704895,0,0.8930465579032898,0.8891642689704895,0.11083570867776871,0.8930465579032898,0.10695341974496841
0,0,0.6525698304176331,0,0.6553109884262085,0.6525698304176331,0.34743016958236694,0.6553109884262085,0.3446889817714691
0,0,0.9178714752197266,0,0.9213008284568787,0.9178714752197266,0.08212856948375702,0.9213008284568787,0.07869912683963776
0,0,0.9139268398284912,0,0.9174315929412842,0.9139268398284912,0.08607320487499237,0.9174315929412842,0.08256839215755463
0,1,0.6974470615386963,1,0.7008228302001953,0.3025529384613037,0.6974470615386963,0.29917722940444946,0.7008228302001953
0,0,0.6518769264221191,0,0.6546074151992798,0.6518769264221191,0.34812304377555847,0.6546074151992798,0.3453925848007202
0,0,0.8891157507896423,0,0.8929986357688904,0.8891157507896423,0.11088424175977707,0.8929986357688904,0.10700136423110962
0,0,0.9725177884101868,0,0.9742912650108337,0.9725177884101868,0.027482209727168083,0.9742912650108337,0.02570870704948902
0,0,0.9257802963256836,0,0.929044246673584,0.9257802963256836,0.07421977818012238,0.929044246673584,0.07095576822757721
0,1,0.6645464301109314,1,0.6674684286117554,0.3354536294937134,0.6645464301109314,0.33253151178359985,0.6674684286117554
0,1,0.8050888776779175,1,0.8093303442001343,0.1949111968278885,0.8050888776779175,0.19066965579986572,0.8093303442001343
0,0,0.7747206687927246,0,0.7788360714912415,0.7747206687927246,0.225279301404953,0.7788360714912415,0.22116391360759735
0,0,0.5252935290336609,0,0.5257787108421326,0.5252935290336609,0.4747064709663391,0.5257787108421326,0.47422128915786743
0,0,0.729467511177063,0,0.7332125902175903,0.729467511177063,0.270532488822937,0.7332125902175903,0.26678743958473206
0,0,0.9104625582695007,0,0.9140298962593079,0.9104625582695007,0.08953740447759628,0.9140298962593079,0.08597005903720856
0,0,0.6540273427963257,0,0.6567909121513367,0.6540273427963257,0.3459726572036743,0.6567909121513367,0.34320905804634094
0,0,0.6126191020011902,0,0.6147071123123169,0.6126191020011902,0.3873809278011322,0.6147071123123169,0.3852928578853607
0,0,0.5796381831169128,0,0.5811417698860168,0.5796381831169128,0.42036178708076477,0.5811417698860168,0.41885825991630554
0,0,0.8468961715698242,0,0.8511095643043518,0.8468961715698242,0.15310388803482056,0.8511095643043518,0.14889049530029297
0,0,0.5781922340393066,0,0.5796694159507751,0.5781922340393066,0.42180779576301575,0.5796694159507751,0.42033055424690247
0,0,0.7788910269737244,0,0.7830301523208618,0.7788910269737244,0.22110895812511444,0.7830301523208618,0.21696987748146057
0,0,0.9635908007621765,0,0.965735912322998,0.9635908007621765,0.03640925884246826,0.965735912322998,0.03426409885287285
0,0,0.7774195671081543,0,0.7815504670143127,0.7774195671081543,0.22258047759532928,0.7815504670143127,0.21844956278800964
0,0,0.9107092022895813,0,0.9142721891403198,0.9107092022895813,0.0892908126115799,0.9142721891403198,0.08572783321142197
0,1,0.7198994159698486,1,0.7235424518585205,0.2801005244255066,0.7198994159698486,0.2764574885368347,0.7235424518585205
0,0,0.7481582760810852,0,0.752079963684082,0.7481582760810852,0.2518417537212372,0.752079963684082,0.24792008101940155
0,0,0.7686747908592224,0,0.7727525234222412,0.7686747908592224,0.231325164437294,0.7727525234222412,0.22724749147891998
0,0,0.8214943408966064,0,0.8257552981376648,0.8214943408966064,0.17850564420223236,0.8257552981376648,0.17424465715885162
0,0,0.8554128408432007,0,0.8595868349075317,0.8554128408432007,0.14458706974983215,0.8595868349075317,0.14041313529014587
0,0,0.8020792007446289,0,0.8063132166862488,0.8020792007446289,0.1979207843542099,0.8063132166862488,0.19368672370910645
0,0,0.690199077129364,0,0.6934807896614075,0.690199077129364,0.3098008930683136,0.6934807896614075,0.30651918053627014
0,0,0.9676352739334106,0,0.9696187376976013,0.9676352739334106,0.03236478567123413,0.9696187376976013,0.03038129396736622
0,0,0.7847687602043152,0,0.7889379262924194,0.7847687602043152,0.21523122489452362,0.7889379262924194,0.21106207370758057
0,0,0.6390048861503601,0,0.641532301902771,0.6390048861503601,0.36099517345428467,0.641532301902771,0.35846778750419617
0,1,0.8580700755119324,1,0.8622291088104248,0.14192990958690643,0.8580700755119324,0.1377709060907364,0.8622291088104248
0,0,0.8316336274147034,0,0.8358875513076782,0.8316336274147034,0.16836634278297424,0.8358875513076782,0.1641124039888382
0,0,0.8358047008514404,0,0.8400511741638184,0.8358047008514404,0.16419532895088196,0.8400511741638184,0.15994879603385925
0,0,0.8989835381507874,0,0.9027348160743713,0.8989835381507874,0.10101640969514847,0.9027348160743713,0.09726518392562866
0,0,0.8665270805358887,0,0.8706299066543579,0.8665270805358887,0.13347291946411133,0.8706299066543579,0.12937003374099731
0,1,0.6610614657402039,1,0.663931667804718,0.3389385938644409,0.6610614657402039,0.336068332195282,0.663931667804718
0,1,0.6314964294433594,1,0.6339017748832703,0.368503600358963,0.6314964294433594,0.36609822511672974,0.6339017748832703
0,0,0.9591290354728699,0,0.9614409804344177,0.9591290354728699,0.04087097942829132,0.9614409804344177,0.03855901211500168
0,0,0.9106152057647705,0,0.914179801940918,0.9106152057647705,0.08938483148813248,0.914179801940918,0.08582019060850143
0,0,0.858975887298584,0,0.8631294965744019,0.858975887298584,0.1410241276025772,0.8631294965744019,0.13687048852443695
0,0,0.9692394137382507,0,0.9711557030677795,0.9692394137382507,0.0307606291025877,0.9711557030677795,0.028844231739640236
0,0,0.5567983984947205,0,0.557880163192749,0.5567983984947205,0.44320157170295715,0.557880163192749,0.442119836807251
0,0,0.7733848690986633,0,0.7774922251701355,0.7733848690986633,0.22661511600017548,0.7774922251701355,0.22250771522521973
0,0,0.8075091242790222,0,0.8117557764053345,0.8075091242790222,0.19249095022678375,0.8117557764053345,0.18824425339698792
0,0,0.8961300253868103,0,0.8999217748641968,0.8961300253868103,0.10386990755796432,0.8999217748641968,0.10007821023464203
0,0,0.9420791268348694,0,0.944935142993927,0.9420791268348694,0.05792084336280823,0.944935142993927,0.05506480112671852
0,0,0.7807847857475281,0,0.7849340438842773,0.7807847857475281,0.21921519935131073,0.7849340438842773,0.21506600081920624
0,0,0.8591058254241943,0,0.8632586598396301,0.8591058254241943,0.14089415967464447,0.8632586598396301,0.13674131035804749
0,0,0.8638495206832886,0,0.8679717183113098,0.8638495206832886,0.13615040481090546,0.8679717183113098,0.13202831149101257
0,0,0.9685091972351074,0,0.9704564213752747,0.9685091972351074,0.031490765511989594,0.9704564213752747,0.029543617740273476
0,0,0.7073970437049866,0,0.7108958959579468,0.7073970437049866,0.29260292649269104,0.7108958959579468,0.2891041040420532
0,0,0.7828612923622131,0,0.7870211601257324,0.7828612923622131,0.21713872253894806,0.7870211601257324,0.21297886967658997
0,0,0.8339261412620544,0,0.8381763696670532,0.8339261412620544,0.16607385873794556,0.8381763696670532,0.16182364523410797
0,1,0.6137331128120422,1,0.6158402562141418,0.38626688718795776,0.6137331128120422,0.38415971398353577,0.6158402562141418
0,0,0.5492170453071594,0,0.5501564741134644,0.5492170453071594,0.45078301429748535,0.5501564741134644,0.44984355568885803
0,0,0.665410041809082,0,0.6683449149131775,0.665410041809082,0.33458998799324036,0.6683449149131775,0.3316551446914673
0,0,0.8781126141548157,0,0.8821159601211548,0.8781126141548157,0.12188743054866791,0.8821159601211548,0.11788401007652283
0,0,0.7532442212104797,0,0.7572083473205566,0.7532442212104797,0.24675585329532623,0.7572083473205566,0.24279159307479858
0,0,0.6541818380355835,0,0.6569477915763855,0.6541818380355835,0.3458181619644165,0.6569477915763855,0.3430521786212921
0,1,0.6781850457191467,1,0.6813033819198608,0.3218148946762085,0.6781850457191467,0.31869661808013916,0.6813033819198608
0,0,0.8827419281005859,0,0.8866977691650391,0.8827419281005859,0.11725814640522003,0.8866977691650391,0.11330220848321915
0,1,0.5891444087028503,1,0.5908198356628418,0.41085559129714966,0.5891444087028503,0.4091801941394806,0.5908198356628418
0,1,0.9438278675079346,1,0.9466341733932495,0.05617213621735573,0.9438278675079346,0.05336587503552437,0.9466341733932495
0,0,0.9524809122085571,0,0.9550215005874634,0.9524809122085571,0.04751903936266899,0.9550215005874634,0.0449785478413105
0,1,0.7032527327537537,1,0.7067010998725891,0.2967472970485687,0.7032527327537537,0.2932988703250885,0.7067010998725891
0,0,0.5822636485099792,0,0.5838148593902588,0.5822636485099792,0.4177364408969879,0.5838148593902588,0.4161851108074188
0,0,0.8780655264854431,0,0.8820694088935852,0.8780655264854431,0.12193447351455688,0.8820694088935852,0.1179305762052536
0,0,0.7576123476028442,0,0.7616111040115356,0.7576123476028442,0.24238762259483337,0.7616111040115356,0.23838885128498077
0,0,0.8215067982673645,0,0.8257678151130676,0.8215067982673645,0.1784931719303131,0.8257678151130676,0.17423218488693237
0,0,0.907869815826416,0,0.9114817380905151,0.907869815826416,0.092130146920681,0.9114817380905151,0.08851823955774307
0,0,0.5648435354232788,0,0.5660751461982727,0.5648435354232788,0.4351564049720764,0.5660751461982727,0.43392476439476013
0,0,0.7492198944091797,0,0.7531505823135376,0.7492198944091797,0.2507801353931427,0.7531505823135376,0.24684937298297882
0,0,0.7947511672973633,0,0.7989621758460999,0.7947511672973633,0.2052488923072815,0.7989621758460999,0.20103783905506134
0,0,0.9077650904655457,0,0.9113787412643433,0.9077650904655457,0.09223494678735733,0.9113787412643433,0.08862124383449554
0,0,0.8505344986915588,0,0.8547325730323792,0.8505344986915588,0.14946551620960236,0.8547325730323792,0.14526742696762085
0,0,0.5950921177864075,0,0.5968737602233887,0.5950921177864075,0.40490785241127014,0.5968737602233887,0.40312620997428894
0,0,0.8806422352790833,0,0.8846202492713928,0.8806422352790833,0.11935777962207794,0.8846202492713928,0.11537975072860718
0,0,0.7990406155586243,0,0.8032659292221069,0.7990406155586243,0.20095941424369812,0.8032659292221069,0.19673405587673187
0,0,0.8398118615150452,0,0.8440487384796143,0.8398118615150452,0.16018807888031006,0.8440487384796143,0.15595124661922455
0,0,0.7099746465682983,0,0.7135041952133179,0.7099746465682983,0.29002535343170166,0.7135041952133179,0.2864958345890045
0,0,0.5358063578605652,0,0.5364919900894165,0.5358063578605652,0.4641936123371124,0.5364919900894165,0.4635079801082611
0,0,0.7858186960220337,0,0.7899928092956543,0.7858186960220337,0.21418128907680511,0.7899928092956543,0.21000716090202332
0,0,0.7408181428909302,0,0.7446742057800293,0.7408181428909302,0.2591818571090698,0.7446742057800293,0.2553257942199707
0,1,0.7655802965164185,1,0.7696371674537659,0.23441973328590393,0.7655802965164185,0.23036284744739532,0.7696371674537659
0,0,0.8544376492500305,0,0.8586167097091675,0.8544376492500305,0.14556238055229187,0.8586167097091675,0.14138329029083252
0,0,0.578238308429718,0,0.5797163248062134,0.578238308429718,0.42176175117492676,0.5797163248062134,0.42028364539146423
0,0,0.8418721556663513,0,0.8461030125617981,0.8418721556663513,0.1581278294324875,0.8461030125617981,0.15389695763587952
0,0,0.7037674188613892,0,0.7072221636772156,0.7037674188613892,0.2962326109409332,0.7072221636772156,0.2927778661251068
0,0,0.9571506381034851,0,0.9595330357551575,0.9571506381034851,0.042849309742450714,0.9595330357551575,0.04046693444252014
0,1,0.517218828201294,1,0.517549455165863,0.48278117179870605,0.517218828201294,0.48245060443878174,0.517549455165863
0,0,0.9217998385429382,0,0.9251495003700256,0.9217998385429382,0.07820020616054535,0.9251495003700256,0.07485048472881317
0,1,0.527976930141449,1,0.5285133719444275,0.47202304005622864,0.527976930141449,0.47148656845092773,0.5285133719444275
0,0,0.8863653540611267,0,0.8902808427810669,0.8863653540611267,0.11363467574119568,0.8902808427810669,0.1097191646695137
0,0,0.5415876507759094,0,0.5423829555511475,0.5415876507759094,0.4584123194217682,0.5423829555511475,0.4576169550418854
0,0,0.89295893907547,0,0.8967933058738708,0.89295893907547,0.10704111307859421,0.8967933058738708,0.10320676118135452
0,0,0.8153610229492188,0,0.8196191191673279,0.8153610229492188,0.18463893234729767,0.8196191191673279,0.1803809255361557
0,0,0.9450181126594543,0,0.9477897882461548,0.9450181126594543,0.05498192086815834,0.9477897882461548,0.0522102415561676
0,0,0.9242444634437561,0,0.9275422096252441,0.9242444634437561,0.0757555142045021,0.9275422096252441,0.07245782762765884
0,0,0.9525766372680664,0,0.95511394739151,0.9525766372680664,0.047423385083675385,0.95511394739151,0.0448860228061676
0,0,0.6580125689506531,0,0.6608368754386902,0.6580125689506531,0.3419874310493469,0.6608368754386902,0.3391630947589874
0,1,0.7249184250831604,1,0.728615939617157,0.2750815451145172,0.7249184250831604,0.271384060382843,0.728615939617157
0,0,0.8614851236343384,0,0.8656231164932251,0.8614851236343384,0.13851484656333923,0.8656231164932251,0.1343769133090973
0,1,0.8779650330543518,1,0.8819699287414551,0.12203498184680939,0.8779650330543518,0.1180301308631897,0.8819699287414551
0,0,0.8289788961410522,0,0.8332360982894897,0.8289788961410522,0.17102117836475372,0.8332360982894897,0.16676388680934906
0,0,0.950823187828064,0,0.9534172415733337,0.950823187828064,0.04917679727077484,0.9534172415733337,0.04658275842666626
0,0,0.6459160447120667,0,0.6485534906387329,0.6459160447120667,0.35408395528793335,0.6485534906387329,0.3514465093612671
0,0,0.7216801643371582,0,0.7253427505493164,0.7216801643371582,0.2783198356628418,0.7253427505493164,0.2746572494506836
0,0,0.5313676595687866,0,0.5319688320159912,0.5313676595687866,0.4686322808265686,0.5319688320159912,0.4680311679840088
0,0,0.8362117409706116,0,0.8404574394226074,0.8362117409706116,0.16378819942474365,0.8404574394226074,0.15954254567623138
0,1,0.5194004774093628,1,0.5197728872299194,0.4805994927883148,0.5194004774093628,0.4802270829677582,0.5197728872299194
0,0,0.9303290843963623,0,0.9334888458251953,0.9303290843963623,0.06967088580131531,0.9334888458251953,0.06651118397712708
0,0,0.6680890917778015,0,0.6710631847381592,0.6680890917778015,0.3319108784198761,0.6710631847381592,0.32893678545951843
0,0,0.9635847210884094,0,0.9657301306724548,0.9635847210884094,0.03641526401042938,0.9657301306724548,0.03426988050341606
0,0,0.572238564491272,0,0.5736067891120911,0.572238564491272,0.42776134610176086,0.5736067891120911,0.42639321088790894
0,0,0.9675067067146301,0,0.9694954752922058,0.9675067067146301,0.032493337988853455,0.9694954752922058,0.030504534021019936
0,0,0.9294354915618896,0,0.9326162338256836,0.9294354915618896,0.07056453824043274,0.9326162338256836,0.0673837810754776
0,1,0.5711557865142822,1,0.5725041031837463,0.4288441836833954,0.5711557865142822,0.4274959862232208,0.5725041031837463
0,0,0.7972450852394104,0,0.8014647960662842,0.7972450852394104,0.20275487005710602,0.8014647960662842,0.1985352635383606
0,0,0.8812536001205444,0,0.8852252960205078,0.8812536001205444,0.11874644458293915,0.8852252960205078,0.11477473378181458
0,0,0.6734393239021301,0,0.6764906048774719,0.6734393239021301,0.3265606760978699,0.6764906048774719,0.3235093951225281
0,0,0.7631750702857971,0,0.7672150135040283,0.7631750702857971,0.23682492971420288,0.7672150135040283,0.2327849119901657
0,0,0.7013543844223022,0,0.704779326915741,0.7013543844223022,0.29864558577537537,0.704779326915741,0.29522067308425903
0,0,0.6634535193443298,0,0.6663593649864197,0.6634535193443298,0.33654654026031494,0.6663593649864197,0.3336406648159027
0,0,0.9724003672599792,0,0.9741790294647217,0.9724003672599792,0.02759966254234314,0.9741790294647217,0.025820905342698097
0,0,0.9335286021232605,0,0.936610758304596,0.9335286021232605,0.06647132337093353,0.936610758304596,0.06338925659656525
0,1,0.544242262840271,1,0.5450878143310547,0.4557577967643738,0.544242262840271,0.4549121856689453,0.5450878143310547
0,0,0.8354856967926025,0,0.8397328853607178,0.8354856967926025,0.16451433300971985,0.8397328853607178,0.16026712954044342
0,1,0.5617008805274963,1,0.5628740787506104,0.43829917907714844,0.5617008805274963,0.43712595105171204,0.5628740787506104
0,0,0.7839001417160034,0,0.7880651354789734,0.7839001417160034,0.2160997986793518,0.7880651354789734,0.21193483471870422
0,0,0.9054387807846069,0,0.9090908169746399,0.9054387807846069,0.09456124156713486,0.9090908169746399,0.09090916067361832
0,0,0.8527879118919373,0,0.8569753766059875,0.8527879118919373,0.14721208810806274,0.8569753766059875,0.14302465319633484
0,0,0.7629220485687256,0,0.7669602632522583,0.7629220485687256,0.23707792162895203,0.7669602632522583,0.2330397069454193
0,0,0.7159398198127747,0,0.7195384502410889,0.7159398198127747,0.28406018018722534,0.7195384502410889,0.28046151995658875
0,0,0.6969788670539856,0,0.7003486752510071,0.6969788670539856,0.3030211627483368,0.7003486752510071,0.2996513843536377
0,0,0.78980952501297,0,0.7940013408660889,0.78980952501297,0.21019043028354645,0.7940013408660889,0.20599864423274994
0,0,0.8067889213562012,0,0.8110341429710388,0.8067889213562012,0.19321110844612122,0.8110341429710388,0.18896587193012238
0,0,0.7861244082450867,0,0.7903000116348267,0.7861244082450867,0.21387551724910736,0.7903000116348267,0.20970001816749573
0,0,0.7445686459541321,0,0.7484588623046875,0.7445686459541321,0.2554313838481903,0.7484588623046875,0.2515411376953125
0,0,0.9523880481719971,0,0.9549316167831421,0.9523880481719971,0.04761192947626114,0.9549316167831421,0.04506840929389
0,0,0.9708396792411804,0,0.972687304019928,0.9708396792411804,0.029160305857658386,0.972687304019928,0.02731267735362053
0,1,0.6483075022697449,1,0.6509825587272644,0.35169246792793274,0.6483075022697449,0.34901750087738037,0.6509825587272644
0,1,0.6982994079589844,1,0.7016859650611877,0.30170056223869324,0.6982994079589844,0.29831400513648987,0.7016859650611877
0,1,0.9327237606048584,1,0.9358257055282593,0.067276231944561,0.9327237606048584,0.06417427957057953,0.9358257055282593
0,0,0.787445068359375,0,0.7916265726089478,0.787445068359375,0.21255500614643097,0.7916265726089478,0.20837341248989105
0,0,0.9053426384925842,0,0.9089963436126709,0.9053426384925842,0.09465732425451279,0.9089963436126709,0.09100369364023209
0,0,0.8201387524604797,0,0.8243995308876038,0.8201387524604797,0.17986126244068146,0.8243995308876038,0.17560043931007385
0,0,0.9775832891464233,0,0.9791191220283508,0.9775832891464233,0.022416723892092705,0.9791191220283508,0.02088082768023014
0,1,0.7725059390068054,1,0.7766079306602478,0.22749410569667816,0.7725059390068054,0.2233920693397522,0.7766079306602478
0,0,0.8764095306396484,0,0.8804293274879456,0.8764095306396484,0.12359046190977097,0.8804293274879456,0.11957071721553802
0,0,0.8489925861358643,0,0.8531973958015442,0.8489925861358643,0.15100742876529694,0.8531973958015442,0.1468026041984558
0,0,0.9186875820159912,0,0.9221007823944092,0.9186875820159912,0.08131245523691177,0.9221007823944092,0.07789918035268784
0,0,0.9592100977897644,0,0.961519181728363,0.9592100977897644,0.040789857506752014,0.961519181728363,0.038480814546346664
0,0,0.6641656160354614,0,0.6670820116996765,0.6641656160354614,0.33583447337150574,0.6670820116996765,0.3329179584980011
0,0,0.9582817554473877,0,0.9606242179870605,0.9582817554473877,0.041718170046806335,0.9606242179870605,0.03937579691410065
0,1,0.9940468072891235,1,0.9946013689041138,0.0059531875886023045,0.9940468072891235,0.005398600362241268,0.9946013689041138
0,0,0.7763159871101379,0,0.7804406881332397,0.7763159871101379,0.22368398308753967,0.7804406881332397,0.21955929696559906
0,1,0.6032010316848755,1,0.6051256656646729,0.3967990279197693,0.6032010316848755,0.39487430453300476,0.6051256656646729
0,0,0.7988819479942322,0,0.8031067848205566,0.7988819479942322,0.20111806690692902,0.8031067848205566,0.19689323008060455
0,0,0.9591348767280579,0,0.9614465832710266,0.9591348767280579,0.04086516797542572,0.9614465832710266,0.03855340927839279
0,0,0.7610903382301331,0,0.7651152610778809,0.7610903382301331,0.23890966176986694,0.7651152610778809,0.23488473892211914
0,0,0.8470466732978821,0,0.8512594103813171,0.8470466732978821,0.1529534012079239,0.8512594103813171,0.14874058961868286
0,0,0.9140587449073792,0,0.9175611138343811,0.9140587449073792,0.08594125509262085,0.9175611138343811,0.0824388787150383
0,0,0.7397275567054749,0,0.7435734868049622,0.7397275567054749,0.26027241349220276,0.7435734868049622,0.25642654299736023
0,0,0.660893440246582,0,0.6637611985206604,0.660893440246582,0.3391065299510956,0.6637611985206604,0.3362388014793396
0,1,0.8783133029937744,1,0.8823146820068359,0.12168671935796738,0.8783133029937744,0.11768527328968048,0.8823146820068359
1,0,0.9232680797576904,0,0.9265868067741394,0.9232680797576904,0.07673189043998718,0.9265868067741394,0.0734131783246994
1,0,0.5903446674346924,0,0.5920416116714478,0.5903446674346924,0.40965530276298523,0.5920416116714478,0.40795835852622986
1,1,0.6189181208610535,1,0.621113657951355,0.38108187913894653,0.6189181208610535,0.3788864016532898,0.621113657951355
1,0,0.8668028712272644,0,0.8709036707878113,0.8668028712272644,0.1331971138715744,0.8709036707878113,0.12909628450870514
1,0,0.7311581373214722,0,0.7349204421043396,0.7311581373214722,0.2688419222831726,0.7349204421043396,0.26507964730262756
1,1,0.9094241857528687,1,0.9130095839500427,0.09057582914829254,0.9094241857528687,0.08699042350053787,0.9130095839500427
1,1,0.7884559035301208,1,0.7926419377326965,0.21154408156871796,0.7884559035301208,0.20735807716846466,0.7926419377326965
1,1,0.6519970893859863,1,0.654729425907135,0.34800294041633606,0.6519970893859863,0.34527063369750977,0.654729425907135
1,0,0.6859839558601379,0,0.6892094016075134,0.6859839558601379,0.31401607394218445,0.6892094016075134,0.31079062819480896
1,1,0.9919446110725403,1,0.9926510453224182,0.00805539358407259,0.9919446110725403,0.007348974235355854,0.9926510453224182
1,1,0.9601748585700989,1,0.96244877576828,0.03982515260577202,0.9601748585700989,0.037551261484622955,0.96244877576828
1,1,0.9748571515083313,1,0.9765236973762512,0.025142770260572433,0.9748571515083313,0.023476306349039078,0.9765236973762512
1,1,0.651055097579956,1,0.6537728905677795,0.34894484281539917,0.651055097579956,0.34622713923454285,0.6537728905677795
1,1,0.8553832173347473,1,0.8595573306083679,0.14461678266525269,0.8553832173347473,0.14044271409511566,0.8595573306083679
1,0,0.8442007303237915,0,0.8484240770339966,0.8442007303237915,0.1557992398738861,0.8484240770339966,0.151575967669487
1,1,0.5494921207427979,1,0.5504367351531982,0.45050790905952454,0.5494921207427979,0.44956326484680176,0.5504367351531982
1,1,0.617520272731781,1,0.6196920871734619,0.382479727268219,0.617520272731781,0.38030797243118286,0.6196920871734619
1,1,0.9091193675994873,1,0.9127100110054016,0.09088068455457687,0.9091193675994873,0.08729004859924316,0.9127100110054016
1,0,0.7683648467063904,0,0.772440493106842,0.7683648467063904,0.23163509368896484,0.772440493106842,0.22755947709083557
1,1,0.8199574947357178,1,0.824218213558197,0.18004249036312103,0.8199574947357178,0.175781711935997,0.824218213558197
1,1,0.8892300724983215,1,0.8931115865707397,0.11076989024877548,0.8892300724983215,0.10688842087984085,0.8931115865707397
1,0,0.6703318953514099,0,0.6733385324478149,0.6703318953514099,0.3296680748462677,0.6733385324478149,0.32666143774986267
1,1,0.8734802007675171,1,0.8775266408920288,0.12651976943016052,0.8734802007675171,0.1224733293056488,0.8775266408920288
1,1,0.948365330696106,1,0.9510363936424255,0.051634665578603745,0.948365330696106,0.04896357282996178,0.9510363936424255
1,1,0.9074806571006775,1,0.9110991954803467,0.09251926839351654,0.9074806571006775,0.08890083432197571,0.9110991954803467
1,1,0.8506150841712952,1,0.8548128008842468,0.14938484132289886,0.8506150841712952,0.1451871395111084,0.8548128008842468
1,0,0.6833446025848389,0,0.6865342259407043,0.6833446025848389,0.31665539741516113,0.6865342259407043,0.31346577405929565
1,1,0.6726070642471313,1,0.6756464242935181,0.32739293575286865,0.6726070642471313,0.32435354590415955,0.6756464242935181
1,0,0.6325281262397766,0,0.6349503993988037,0.6325281262397766,0.36747193336486816,0.6349503993988037,0.3650496304035187
1,0,0.9402588605880737,0,0.9431653618812561,0.9402588605880737,0.05974113196134567,0.9431653618812561,0.05683459714055061
1,0,0.5876706838607788,0,0.5893195867538452,0.5876706838607788,0.4123293459415436,0.5893195867538452,0.4106803834438324
1,1,0.7975049018859863,1,0.801725447177887,0.2024950385093689,0.7975049018859863,0.19827458262443542,0.801725447177887
1,1,0.9664507508277893,1,0.9684827327728271,0.033549267798662186,0.9664507508277893,0.031517330557107925,0.9684827327728271
1,1,0.5564749240875244,1,0.5575506091117859,0.4435250759124756,0.5564749240875244,0.4424493908882141,0.5575506091117859
1,1,0.8610489368438721,1,0.8651896715164185,0.1389511078596115,0.8610489368438721,0.13481034338474274,0.8651896715164185
1,1,0.7090686559677124,1,0.7125874757766724,0.2909312844276428,0.7090686559677124,0.28741252422332764,0.7125874757766724
1,1,0.5169215798377991,1,0.5172465443611145,0.48307836055755615,0.5169215798377991,0.4827535152435303,0.5172465443611145
1,0,0.9192502498626709,0,0.9226521849632263,0.9192502498626709,0.08074978739023209,0.9226521849632263,0.07734779268503189
1,1,0.6657921075820923,1,0.6687325835227966,0.3342078626155853,0.6657921075820923,0.33126741647720337,0.6687325835227966
1,0,0.7657357454299927,0,0.7697936296463013,0.7657357454299927,0.2342643141746521,0.7697936296463013,0.23020637035369873
1,1,0.9711843729019165,1,0.9730169773101807,0.028815623372793198,0.9711843729019165,0.026983043178915977,0.9730169773101807
1,1,0.7837281823158264,1,0.7878923416137695,0.21627181768417358,0.7837281823158264,0.21210768818855286,0.7878923416137695
1,1,0.7521355152130127,1,0.7560906410217285,0.2478645145893097,0.7521355152130127,0.2439093440771103,0.7560906410217285
1,1,0.8736943602561951,1,0.8777389526367188,0.12630560994148254,0.8736943602561951,0.12226108461618423,0.8777389526367188
1,1,0.6606388092041016,1,0.6635027527809143,0.33936113119125366,0.6606388092041016,0.3364972770214081,0.6635027527809143
1,1,0.7982980608940125,1,0.8025210499763489,0.20170193910598755,0.7982980608940125,0.19747892022132874,0.8025210499763489
1,0,0.545229971408844,0,0.5460942387580872,0.545229971408844,0.454770028591156,0.5460942387580872,0.45390579104423523
1,0,0.754192590713501,0,0.7581644058227539,0.754192590713501,0.2458074539899826,0.7581644058227539,0.2418355643749237
1,0,0.7236260771751404,0,0.7273098230361938,0.7236260771751404,0.27637386322021484,0.7273098230361938,0.2726902365684509
1,0,0.8594789505004883,0,0.8636295199394226,0.8594789505004883,0.14052103459835052,0.8636295199394226,0.136370450258255
1,0,0.807295024394989,0,0.8115413188934326,0.807295024394989,0.192704975605011,0.8115413188934326,0.18845872581005096
1,1,0.9517878890037537,1,0.9543508887290955,0.048212092369794846,0.9517878890037537,0.04564904794096947,0.9543508887290955
1,1,0.9708172082901001,1,0.9726657867431641,0.029182804748415947,0.9708172082901001,0.027334189042448997,0.9726657867431641
1,1,0.8245406150817871,1,0.8288010358810425,0.17545939981937408,0.8245406150817871,0.17119893431663513,0.8288010358810425
1,1,0.8477998971939087,1,0.8520097136497498,0.15220008790493011,0.8477998971939087,0.14799031615257263,0.8520097136497498
1,1,0.8508831262588501,1,0.8550795912742615,0.1491168588399887,0.8508831262588501,0.14492039382457733,0.8550795912742615
1,1,0.825112521648407,1,0.829372763633728,0.17488747835159302,0.825112521648407,0.17062723636627197,0.829372763633728
1,1,0.7981389760971069,1,0.8023614287376404,0.20186105370521545,0.7981389760971069,0.19763852655887604,0.8023614287376404
1,0,0.9165295362472534,0,0.9199850559234619,0.9165295362472534,0.08347048610448837,0.9199850559234619,0.08001486957073212
1,1,0.97043377161026,1,0.9722990393638611,0.029566273093223572,0.97043377161026,0.02770102024078369,0.9722990393638611
1,1,0.8260305523872375,1,0.8302903175354004,0.17396946251392365,0.8260305523872375,0.16970974206924438,0.8302903175354004
1,1,0.9056788086891174,1,0.9093269109725952,0.09432125836610794,0.9056788086891174,0.09067307412624359,0.9093269109725952
1,1,0.7504793405532837,1,0.7544207572937012,0.2495206743478775,0.7504793405532837,0.24557927250862122,0.7544207572937012
1,1,0.9718725681304932,1,0.9736747145652771,0.028127508237957954,0.9718725681304932,0.026325244456529617,0.9736747145652771
1,1,0.9477620720863342,1,0.9504516124725342,0.052237916737794876,0.9477620720863342,0.04954833909869194,0.9504516124725342
1,1,0.9285945892333984,1,0.9317949414253235,0.07140541076660156,0.9285945892333984,0.0682050958275795,0.9317949414253235
1,0,0.5349395871162415,0,0.5356087684631348,0.5349395871162415,0.46506038308143616,0.5356087684631348,0.46439129114151
1,1,0.5999764204025269,1,0.6018444895744324,0.40002357959747314,0.5999764204025269,0.3981555700302124,0.6018444895744324
1,1,0.9684793949127197,1,0.9704278111457825,0.031520627439022064,0.9684793949127197,0.029572216793894768,0.9704278111457825
1,1,0.7779744267463684,1,0.7821084856987,0.2220255583524704,0.7779744267463684,0.21789154410362244,0.7821084856987
1,1,0.7939165234565735,1,0.7981246113777161,0.20608341693878174,0.7939165234565735,0.20187540352344513,0.7981246113777161
1,1,0.960432231426239,1,0.9626966118812561,0.03956783562898636,0.960432231426239,0.03730340301990509,0.9626966118812561
1,0,0.8273647427558899,0,0.8316234946250916,0.8273647427558899,0.17263531684875488,0.8316234946250916,0.16837653517723083
1,1,0.9491714239120483,1,0.9518174529075623,0.05082862079143524,0.9491714239120483,0.048182494938373566,0.9518174529075623
1,1,0.6554592251777649,1,0.6582447290420532,0.3445408046245575,0.6554592251777649,0.3417552709579468,0.6582447290420532
1,1,0.9664283990859985,1,0.9684611558914185,0.033571649342775345,0.9664283990859985,0.03153881058096886,0.9684611558914185
1,1,0.8860176801681519,1,0.889937162399292,0.11398235708475113,0.8860176801681519,0.1100628450512886,0.889937162399292
1,1,0.7184277772903442,1,0.7220544815063477,0.2815721929073334,0.7184277772903442,0.27794551849365234,0.7220544815063477
1,1,0.9163147807121277,1,0.9197744727134705,0.08368521183729172,0.9163147807121277,0.08022549748420715,0.9197744727134705
1,1,0.6908721923828125,1,0.6941627860069275,0.3091278374195099,0.6908721923828125,0.3058372139930725,0.6941627860069275
1,1,0.9468866586685181,1,0.9496028423309326,0.05311334505677223,0.9468866586685181,0.050397228449583054,0.9496028423309326
1,0,0.774506151676178,0,0.7786203026771545,0.774506151676178,0.22549384832382202,0.7786203026771545,0.22137974202632904
1,0,0.880352258682251,0,0.8843333125114441,0.880352258682251,0.11964774876832962,0.8843333125114441,0.1156667172908783
1,1,0.5719391107559204,1,0.5733017921447754,0.4280608594417572,0.5719391107559204,0.4266982078552246,0.5733017921447754
1,1,0.8538893461227417,1,0.8580713272094727,0.1461106240749359,0.8538893461227417,0.14192871749401093,0.8580713272094727
1,0,0.8406496047973633,0,0.8448841571807861,0.8406496047973633,0.15935038030147552,0.8448841571807861,0.15511588752269745
1,0,0.6885730028152466,0,0.6918331384658813,0.6885730028152466,0.3114270567893982,0.6918331384658813,0.30816689133644104
1,1,0.9755898118019104,1,0.9772218465805054,0.024410150945186615,0.9755898118019104,0.022778136655688286,0.9772218465805054
1,1,0.6795316338539124,1,0.6826687455177307,0.32046833634376526,0.6795316338539124,0.31733131408691406,0.6826687455177307
1,0,0.5585451126098633,0,0.5596595406532288,0.5585451126098633,0.44145485758781433,0.5596595406532288,0.44034048914909363
1,1,0.8167904615402222,1,0.821049690246582,0.18320947885513306,0.8167904615402222,0.17895029485225677,0.821049690246582
1,1,0.665917694568634,1,0.6688600778579712,0.3340822458267212,0.665917694568634,0.3311399817466736,0.6688600778579712
1,1,0.9147622585296631,1,0.9182515144348145,0.08523771166801453,0.9147622585296631,0.08174849301576614,0.9182515144348145
1,1,0.8005842566490173,1,0.8048141002655029,0.19941583275794983,0.8005842566490173,0.19518589973449707,0.8048141002655029
1,0,0.7267445921897888,0,0.7304613590240479,0.7267445921897888,0.2732554078102112,0.7304613590240479,0.26953861117362976
1,1,0.9032687544822693,1,0.906955361366272,0.0967312678694725,0.9032687544822693,0.09304464608430862,0.906955361366272
1,1,0.9366732835769653,1,0.939675509929657,0.06332670152187347,0.9366732835769653,0.0603245347738266,0.939675509929657
1,0,0.6735773086547852,0,0.6766304969787598,0.6735773086547852,0.32642272114753723,0.6766304969787598,0.32336944341659546
1,1,0.6547110080718994,1,0.6574851274490356,0.3452889919281006,0.6547110080718994,0.34251493215560913,0.6574851274490356
1,0,0.7037857174873352,0,0.7072407603263855,0.7037857174873352,0.29621422290802,0.7072407603263855,0.2927592992782593
1,1,0.6723682284355164,1,0.6754041910171509,0.32763177156448364,0.6723682284355164,0.3245958089828491,0.6754041910171509
1,1,0.9653082489967346,1,0.9673860669136047,0.034691765904426575,0.9653082489967346,0.03261397406458855,0.9673860669136047
1,1,0.8824889063835144,1,0.8864474892616272,0.11751110106706619,0.8824889063835144,0.11355243623256683,0.8864474892616272
1,1,0.9256457090377808,1,0.9289127588272095,0.07435427606105804,0.9256457090377808,0.07108727097511292,0.9289127588272095
1,0,0.7485628128051758,0,0.7524879574775696,0.7485628128051758,0.2514372169971466,0.7524879574775696,0.24751204252243042
1,1,0.8309809565544128,1,0.8352357745170593,0.16901904344558716,0.8309809565544128,0.1647641956806183,0.8352357745170593
1,1,0.5504773259162903,1,0.5514404773712158,0.4495227038860321,0.5504773259162903,0.4485595226287842,0.5514404773712158
1,1,0.565496563911438,1,0.5667402744293213,0.4345034658908844,0.565496563911438,0.4332597553730011,0.5667402744293213
1,1,0.9296366572380066,1,0.9328127503395081,0.07036328315734863,0.9296366572380066,0.06718724220991135,0.9328127503395081
1,1,0.9241476058959961,1,0.9274474382400513,0.07585236430168152,0.9241476058959961,0.07255258411169052,0.9274474382400513
1,1,0.6164332032203674,1,0.6185864806175232,0.38356679677963257,0.6164332032203674,0.3814134895801544,0.6185864806175232
1,1,0.9517345428466797,1,0.9542992115020752,0.0482654944062233,0.9517345428466797,0.04570072144269943,0.9542992115020752
1,0,0.894331157207489,0,0.8981473445892334,0.894331157207489,0.10566886514425278,0.8981473445892334,0.10185267776250839
1,1,0.6891840696334839,1,0.6924524307250977,0.31081587076187134,0.6891840696334839,0.3075476288795471,0.6924524307250977
1,1,0.8981159925460815,1,0.9018797278404236,0.10188400000333786,0.8981159925460815,0.09812027215957642,0.9018797278404236
1,1,0.7246289849281311,1,0.7283234596252441,0.2753709852695465,0.7246289849281311,0.27167659997940063,0.7283234596252441
1,1,0.8839429616928101,1,0.8878858685493469,0.11605700105428696,0.8839429616928101,0.11211415380239487,0.8878858685493469
1,1,0.5176485180854797,1,0.5179873704910278,0.48235148191452026,0.5176485180854797,0.48201262950897217,0.5179873704910278
1,0,0.8098024725914001,0,0.8140533566474915,0.8098024725914001,0.19019745290279388,0.8140533566474915,0.18594661355018616
1,1,0.7594844102859497,1,0.7634973526000977,0.2405155897140503,0.7594844102859497,0.23650260269641876,0.7634973526000977
1,1,0.733325183391571,1,0.7371091842651367,0.2666747570037842,0.733325183391571,0.2628907263278961,0.7371091842651367
1,1,0.7075322866439819,1,0.7110326886177063,0.29246777296066284,0.7075322866439819,0.2889673113822937,0.7110326886177063
1,1,0.7562704682350159,1,0.7602588534355164,0.24372953176498413,0.7562704682350159,0.23974119126796722,0.7602588534355164
1,1,0.9596496820449829,1,0.9619428515434265,0.04035031422972679,0.9596496820449829,0.038057222962379456,0.9619428515434265
1,1,0.523369550704956,1,0.5238179564476013,0.47663044929504395,0.523369550704956,0.47618207335472107,0.5238179564476013
1,1,0.9440423250198364,1,0.94684237241745,0.05595766380429268,0.9440423250198364,0.05315758287906647,0.94684237241745
1,1,0.7065720558166504,1,0.7100609540939331,0.2934279441833496,0.7065720558166504,0.2899390757083893,0.7100609540939331
1,1,0.8965502977371216,1,0.9003362059593201,0.10344967246055603,0.8965502977371216,0.09966380894184113,0.9003362059593201
1,1,0.6403387784957886,1,0.6428875923156738,0.3596612215042114,0.6403387784957886,0.35711243748664856,0.6428875923156738
1,0,0.9395983219146729,0,0.9425228834152222,0.9395983219146729,0.06040165200829506,0.9425228834152222,0.05747712031006813
1,0,0.5887377262115479,0,0.5904058814048767,0.5887377262115479,0.41126224398612976,0.5904058814048767,0.4095941185951233
1,1,0.8482797741889954,1,0.8524876236915588,0.15172019600868225,0.8482797741889954,0.14751236140727997,0.8524876236915588
1,0,0.6867063045501709,0,0.6899414658546448,0.6867063045501709,0.3132936656475067,0.6899414658546448,0.31005847454071045
1,1,0.7866097688674927,1,0.7907876372337341,0.21339017152786255,0.7866097688674927,0.20921239256858826,0.7907876372337341
1,1,0.6770628094673157,1,0.6801654100418091,0.32293716073036194,0.6770628094673157,0.3198345899581909,0.6801654100418091
1,1,0.8060272932052612,1,0.8102709054946899,0.19397270679473877,0.8060272932052612,0.18972910940647125,0.8102709054946899
1,1,0.8132577538490295,1,0.8175135850906372,0.18674226105213165,0.8132577538490295,0.18248644471168518,0.8175135850906372
1,0,0.5042881369590759,0,0.5043705105781555,0.5042881369590759,0.49571192264556885,0.5043705105781555,0.4956294894218445
1,1,0.969319224357605,1,0.9712321758270264,0.030680779367685318,0.969319224357605,0.0287677813321352,0.9712321758270264
1,1,0.6228432655334473,1,0.6251049041748047,0.3771567642688751,0.6228432655334473,0.37489503622055054,0.6251049041748047
1,1,0.710991621017456,1,0.7145330309867859,0.2890084385871887,0.710991621017456,0.28546690940856934,0.7145330309867859
1,0,0.9238954186439514,0,0.9272005558013916,0.9238954186439514,0.07610466331243515,0.9272005558013916,0.07279941439628601
1,1,0.7664178609848022,1,0.7704804539680481,0.23358215391635895,0.7664178609848022,0.2295195758342743,0.7704804539680481
1,1,0.5555852651596069,1,0.5566443204879761,0.44441473484039307,0.5555852651596069,0.4433557093143463,0.5566443204879761
1,0,0.9224848747253418,0,0.9258202314376831,0.9224848747253418,0.0775151327252388,0.9258202314376831,0.07417979091405869
1,1,0.9781842827796936,1,0.9796905517578125,0.02181571163237095,0.9781842827796936,0.020309511572122574,0.9796905517578125
1,0,0.9455015659332275,0,0.9482590556144714,0.9455015659332275,0.054498396813869476,0.9482590556144714,0.051740966737270355
1,1,0.6219854354858398,1,0.6242327094078064,0.37801453471183777,0.6219854354858398,0.3757672905921936,0.6242327094078064
1,1,0.8628637790679932,1,0.8669925332069397,0.13713625073432922,0.8628637790679932,0.13300742208957672,0.8669925332069397
1,1,0.964914858341217,1,0.9670082330703735,0.03508511558175087,0.964914858341217,0.032991740852594376,0.9670082330703735
1,1,0.8281100988388062,1,0.8323681354522705,0.17188993096351624,0.8281100988388062,0.16763179004192352,0.8323681354522705
1,1,0.8499690294265747,1,0.8541696667671204,0.1500309556722641,0.8499690294265747,0.14583037793636322,0.8541696667671204
1,1,0.6865578889846802,1,0.6897910833358765,0.3134421110153198,0.6865578889846802,0.3102089464664459,0.6897910833358765
1,1,0.975021243095398,1,0.9766800403594971,0.024978794157505035,0.975021243095398,0.023319993168115616,0.9766800403594971
1,1,0.7335910797119141,1,0.7373777031898499,0.26640889048576355,0.7335910797119141,0.26262223720550537,0.7373777031898499
1,1,0.8836855888366699,1,0.8876312375068665,0.11631444096565247,0.8836855888366699,0.11236874014139175,0.8876312375068665
1,1,0.7755736112594604,1,0.7796940207481384,0.22442638874053955,0.7755736112594604,0.22030600905418396,0.7796940207481384
1,1,0.9715967774391174,1,0.9734111428260803,0.0284032691270113,0.9715967774391174,0.026588810607790947,0.9734111428260803
1,1,0.9399207830429077,1,0.9428365230560303,0.0600791871547699,0.9399207830429077,0.05716341733932495,0.9428365230560303
1,1,0.9479167461395264,1,0.9506015181541443,0.05208326503634453,0.9479167461395264,0.04939841106534004,0.9506015181541443
1,0,0.8996895551681519,0,0.9034304022789001,0.8996895551681519,0.10031044483184814,0.9034304022789001,0.09656953811645508
1,0,0.6531208157539368,0,0.6558704376220703,0.6531208157539368,0.34687915444374084,0.6558704376220703,0.3441295027732849
1,0,0.668829619884491,0,0.6718144416809082,0.668829619884491,0.3311704397201538,0.6718144416809082,0.3281855583190918
1,1,0.7223373055458069,1,0.7260070443153381,0.2776626646518707,0.7223373055458069,0.27399295568466187,0.7260070443153381
1,1,0.9880479574203491,1,0.989009439945221,0.01195202860981226,0.9880479574203491,0.010990575887262821,0.989009439945221
1,1,0.6534019708633423,1,0.6561560034751892,0.3465979993343353,0.6534019708633423,0.34384405612945557,0.6561560034751892
1,0,0.7577192783355713,0,0.7617188096046448,0.7577192783355713,0.2422807216644287,0.7617188096046448,0.23828116059303284
1,1,0.823605477809906,1,0.82786625623703,0.176394522190094,0.823605477809906,0.17213375866413116,0.82786625623703
1,1,0.9798583984375,1,0.9812800884246826,0.020141586661338806,0.9798583984375,0.01871994137763977,0.9812800884246826
1,1,0.5542935729026794,1,0.5553284287452698,0.44570639729499817,0.5542935729026794,0.4446715712547302,0.5553284287452698
1,1,0.8436937928199768,1,0.8479188680648804,0.15630614757537842,0.8436937928199768,0.15208113193511963,0.8479188680648804
1,1,0.7419000864028931,1,0.7457661628723145,0.25809991359710693,0.7419000864028931,0.2542338967323303,0.7457661628723145
1,1,0.9401664733886719,1,0.9430755376815796,0.05983356758952141,0.9401664733886719,0.05692450329661369,0.9430755376815796
1,0,0.650137722492218,0,0.6528412699699402,0.650137722492218,0.349862277507782,0.6528412699699402,0.3471587896347046
1,0,0.8798050880432129,0,0.8837916851043701,0.8798050880432129,0.1201949343085289,0.8837916851043701,0.11620833724737167
1,1,0.9021642208099365,1,0.9058678150177002,0.09783583134412766,0.9021642208099365,0.09413212537765503,0.9058678150177002
1,1,0.5250898599624634,1,0.5255711674690247,0.47491008043289185,0.5250898599624634,0.47442880272865295,0.5255711674690247
1,1,0.9704688787460327,1,0.9723327159881592,0.02953105978667736,0.9704688787460327,0.027667339891195297,0.9723327159881592
1,1,0.9666303992271423,1,0.9686550498008728,0.033369582146406174,0.9666303992271423,0.0313449390232563,0.9686550498008728
1,1,0.9706805944442749,1,0.9725351929664612,0.029319368302822113,0.9706805944442749,0.027464818209409714,0.9725351929664612
1,1,0.902525007724762,1,0.9062231779098511,0.09747502207756042,0.902525007724762,0.09377685189247131,0.9062231779098511
1,1,0.7576952576637268,1,0.7616947293281555,0.2423046976327896,0.7576952576637268,0.23830531537532806,0.7616947293281555
1,1,0.9041363596916199,1,0.9078092575073242,0.09586367011070251,0.9041363596916199,0.09219073504209518,0.9078092575073242
1,0,0.6175850629806519,0,0.6197579503059387,0.6175850629806519,0.38241493701934814,0.6197579503059387,0.3802420496940613
1,1,0.6314105987548828,1,0.6338145732879639,0.3685894012451172,0.6314105987548828,0.3661854565143585,0.6338145732879639
1,1,0.8486420512199402,1,0.852848470211029,0.15135785937309265,0.8486420512199402,0.14715157449245453,0.852848470211029
1,0,0.6907863020896912,0,0.6940757632255554,0.6907863020896912,0.30921369791030884,0.6940757632255554,0.3059242367744446
1,0,0.7271987199783325,0,0.7309202551841736,0.7271987199783325,0.2728012502193451,0.7309202551841736,0.26907971501350403
1,1,0.9194723963737488,1,0.9228699207305908,0.08052761107683182,0.9194723963737488,0.07713008671998978,0.9228699207305908
1,1,0.662865936756134,1,0.6657631397247314,0.3371340334415436,0.662865936756134,0.33423689007759094,0.6657631397247314
1,1,0.9108830690383911,1,0.9144428968429565,0.08911700546741486,0.9108830690383911,0.08555707335472107,0.9144428968429565
1,0,0.7239751815795898,0,0.7276626229286194,0.7239751815795898,0.27602478861808777,0.7276626229286194,0.2723373770713806
1,0,0.6527279615402222,0,0.6554715633392334,0.6527279615402222,0.34727200865745544,0.6554715633392334,0.3445284068584442
1,1,0.6289803385734558,1,0.6313443183898926,0.3710196018218994,0.6289803385734558,0.3686557114124298,0.6313443183898926
1,1,0.7951306700706482,1,0.7993431091308594,0.20486927032470703,0.7951306700706482,0.20065689086914062,0.7993431091308594
1,1,0.577593207359314,1,0.5790594816207886,0.42240679264068604,0.577593207359314,0.42094048857688904,0.5790594816207886
1,1,0.9410375356674194,1,0.9439225792884827,0.05896247550845146,0.9410375356674194,0.05607738345861435,0.9439225792884827
1,1,0.8944626450538635,1,0.8982770442962646,0.10553738474845886,0.8944626450538635,0.10172295570373535,0.8982770442962646
1,0,0.7862952947616577,0,0.790471613407135,0.7862952947616577,0.21370470523834229,0.790471613407135,0.2095283418893814
1,1,0.6968796253204346,1,0.700248122215271,0.30312031507492065,0.6968796253204346,0.29975181818008423,0.700248122215271
1,1,0.8765672445297241,1,0.8805854916572571,0.12343278527259827,0.8765672445297241,0.11941453069448471,0.8805854916572571
1,1,0.9040460586547852,1,0.9077203869819641,0.09595397114753723,0.9040460586547852,0.0922795832157135,0.9077203869819641
1,1,0.9860294461250305,1,0.9871125817298889,0.013970507308840752,0.9860294461250305,0.012887382879853249,0.9871125817298889
1,1,0.8829345703125,1,0.8868884444236755,0.11706537008285522,0.8829345703125,0.11311154067516327,0.8868884444236755
1,1,0.815468966960907,1,0.8197270631790161,0.18453103303909302,0.815468966960907,0.1802728921175003,0.8197270631790161
1,0,0.5897911787033081,0,0.591478168964386,0.5897911787033081,0.41020888090133667,0.591478168964386,0.408521831035614
1,1,0.9028888940811157,1,0.906581461429596,0.09711111336946487,0.9028888940811157,0.09341859817504883,0.906581461429596
1,1,0.7770950794219971,1,0.781224250793457,0.22290484607219696,0.7770950794219971,0.2187756896018982,0.781224250793457
1,0,0.5723820924758911,0,0.5737528800964355,0.5723820924758911,0.4276179373264313,0.5737528800964355,0.42624709010124207
1,1,0.9842979311943054,1,0.9854807257652283,0.015702079981565475,0.9842979311943054,0.014519250020384789,0.9854807257652283
1,0,0.7423753142356873,0,0.7462457418441772,0.7423753142356873,0.25762462615966797,0.7462457418441772,0.25375425815582275
1,1,0.6124356389045715,1,0.6145205497741699,0.3875643312931061,0.6124356389045715,0.3854794502258301,0.6145205497741699
1,1,0.776681125164032,1,0.7808079123497009,0.22331887483596802,0.776681125164032,0.21919214725494385,0.7808079123497009
1,0,0.5786554217338562,0,0.5801411271095276,0.5786554217338562,0.4213445782661438,0.5801411271095276,0.4198588728904724
1,1,0.9250776767730713,1,0.9283571243286133,0.07492237538099289,0.9250776767730713,0.07164283841848373,0.9283571243286133
1,1,0.9378789663314819,1,0.9408495426177979,0.06212106719613075,0.9378789663314819,0.059150490909814835,0.9408495426177979
1,1,0.5170013904571533,1,0.5173277854919434,0.48299863934516907,0.5170013904571533,0.48267215490341187,0.5173277854919434
1,1,0.8038384318351746,1,0.8080770373344421,0.19616156816482544,0.8038384318351746,0.19192300736904144,0.8080770373344421
1,1,0.943778395652771,1,0.9465860724449158,0.056221578270196915,0.943778395652771,0.05341387540102005,0.9465860724449158
1,1,0.8351186513900757,1,0.839366614818573,0.16488131880760193,0.8351186513900757,0.1606333702802658,0.839366614818573
1,1,0.9803206920623779,1,0.9817185401916504,0.019679324701428413,0.9803206920623779,0.01828153245151043,0.9817185401916504
1,0,0.7542807459831238,0,0.7582533359527588,0.7542807459831238,0.2457192838191986,0.7582533359527588,0.2417466938495636
1,1,0.9618934392929077,1,0.9641034007072449,0.038106586784124374,0.9618934392929077,0.035896606743335724,0.9641034007072449
1,0,0.5475428104400635,0,0.548450767993927,0.5475428104400635,0.45245715975761414,0.548450767993927,0.4515492916107178
1,1,0.6556283831596375,1,0.6584165096282959,0.34437158703804016,0.6556283831596375,0.3415835201740265,0.6584165096282959
1,1,0.8116576075553894,1,0.8159113526344299,0.1883424073457718,0.8116576075553894,0.18408869206905365,0.8159113526344299
1,1,0.9570627212524414,1,0.9594481587409973,0.042937248945236206,0.9570627212524414,0.040551792830228806,0.9594481587409973
1,1,0.9385626316070557,1,0.9415150284767151,0.06143740564584732,0.9385626316070557,0.0584850087761879,0.9415150284767151
1,1,0.7138925194740295,1,0.717467725276947,0.28610751032829285,0.7138925194740295,0.282532274723053,0.717467725276947
1,1,0.7717540264129639,1,0.7758514285087585,0.22824594378471375,0.7717540264129639,0.22414857149124146,0.7758514285087585
1,1,0.9426162838935852,1,0.9454571008682251,0.05738374590873718,0.9426162838935852,0.05454285070300102,0.9454571008682251
1,0,0.660851240158081,0,0.6637183427810669,0.660851240158081,0.33914873003959656,0.6637183427810669,0.3362816572189331
1,0,0.5248420834541321,0,0.5253186225891113,0.5248420834541321,0.4751579165458679,0.5253186225891113,0.47468137741088867
1,1,0.5015193223953247,1,0.5015485286712646,0.4984806776046753,0.5015193223953247,0.49845150113105774,0.5015485286712646
1,1,0.9154647588729858,1,0.9189407825469971,0.08453517407178879,0.9154647588729858,0.08105920255184174,0.9189407825469971
1,1,0.9794792532920837,1,0.9809201955795288,0.02052079141139984,0.9794792532920837,0.019079746678471565,0.9809201955795288
1,1,0.8086655735969543,1,0.8129144310951233,0.19133441150188446,0.8086655735969543,0.18708553910255432,0.8129144310951233
1,0,0.5277352333068848,0,0.5282670855522156,0.5277352333068848,0.47226473689079285,0.5282670855522156,0.4717329144477844
1,1,0.8692030906677246,1,0.8732854723930359,0.13079683482646942,0.8692030906677246,0.1267145723104477,0.8732854723930359
1,1,0.886854887008667,1,0.8907647728919983,0.11314505338668823,0.886854887008667,0.1092352569103241,0.8907647728919983
1,1,0.7744008898735046,1,0.7785143852233887,0.22559908032417297,0.7744008898735046,0.22148558497428894,0.7785143852233887
1,1,0.956562340259552,1,0.9589652419090271,0.04343761131167412,0.956562340259552,0.04103470966219902,0.9589652419090271
1,1,0.5013103485107422,1,0.5013355612754822,0.4986896216869354,0.5013103485107422,0.4986644685268402,0.5013355612754822
1,1,0.7870075702667236,1,0.7911871671676636,0.21299245953559875,0.7870075702667236,0.2088128626346588,0.7911871671676636
1,1,0.9392127990722656,1,0.9421476721763611,0.060787227004766464,0.9392127990722656,0.05785226821899414,0.9421476721763611
1,1,0.8803388476371765,1,0.8843199610710144,0.11966115236282349,0.8803388476371765,0.11567997932434082,0.8843199610710144
1,1,0.9695732593536377,1,0.97147536277771,0.030426809564232826,0.9695732593536377,0.02852461487054825,0.97147536277771
1,1,0.9394177794456482,1,0.9423472285270691,0.0605822317302227,0.9394177794456482,0.05765282362699509,0.9423472285270691
1,1,0.9516756534576416,1,0.9542423486709595,0.048324357718229294,0.9516756534576416,0.04575769975781441,0.9542423486709595
1,0,0.5662318468093872,0,0.5674892067909241,0.5662318468093872,0.433768093585968,0.5674892067909241,0.43251076340675354
1,1,0.7159563302993774,1,0.7195550799369812,0.2840437591075897,0.7159563302993774,0.2804448902606964,0.7195550799369812
1,1,0.6303904056549072,1,0.6327775716781616,0.3696095645427704,0.6303904056549072,0.3672224283218384,0.6327775716781616
1,1,0.5937503576278687,1,0.5955080986022949,0.4062497317790985,0.5937503576278687,0.40449193120002747,0.5955080986022949
1,1,0.9476237297058105,1,0.9503175616264343,0.052376266568899155,0.9476237297058105,0.049682460725307465,0.9503175616264343
1,0,0.5787126421928406,0,0.5801993608474731,0.5787126421928406,0.4212873876094818,0.5801993608474731,0.41980066895484924
1,1,0.5957739353179932,1,0.597567617893219,0.4042261242866516,0.5957739353179932,0.40243232250213623,0.597567617893219
1,0,0.7288128733634949,0,0.7325512170791626,0.7288128733634949,0.27118709683418274,0.7325512170791626,0.2674488127231598
1,1,0.9948740601539612,1,0.9953652620315552,0.005125975701957941,0.9948740601539612,0.004634733311831951,0.9953652620315552
1,1,0.9127835035324097,1,0.9163092970848083,0.08721651881933212,0.9127835035324097,0.08369069546461105,0.9163092970848083
1,1,0.910805881023407,1,0.914367139339447,0.08919408917427063,0.910805881023407,0.0856328159570694,0.914367139339447
1,0,0.9227331876754761,0,0.9260632991790771,0.9227331876754761,0.07726677507162094,0.9260632991790771,0.07393670082092285
1,1,0.977777361869812,1,0.9793037176132202,0.02222263626754284,0.977777361869812,0.02069629542529583,0.9793037176132202
1,1,0.7283678650856018,1,0.732101559638977,0.2716321647167206,0.7283678650856018,0.26789841055870056,0.732101559638977
1,1,0.8417047262191772,1,0.845936119556427,0.15829524397850037,0.8417047262191772,0.154063880443573,0.845936119556427
1,1,0.620140790939331,1,0.6223570108413696,0.37985920906066895,0.620140790939331,0.37764301896095276,0.6223570108413696
1,1,0.9785762429237366,1,0.9800628423690796,0.02142379619181156,0.9785762429237366,0.019937139004468918,0.9800628423690796
1,1,0.9558525681495667,1,0.9582800269126892,0.04414743185043335,0.9558525681495667,0.04171999171376228,0.9582800269126892
1,1,0.9020212292671204,1,0.9057270884513855,0.09797877073287964,0.9020212292671204,0.09427286684513092,0.9057270884513855
1,1,0.8241541981697083,1,0.828414797782898,0.17584580183029175,0.8241541981697083,0.17158515751361847,0.828414797782898
1,1,0.9623100757598877,1,0.9645042419433594,0.03768995776772499,0.9623100757598877,0.03549572080373764,0.9645042419433594
1,0,0.7403756976127625,0,0.7442276477813721,0.7403756976127625,0.25962430238723755,0.7442276477813721,0.2557724118232727
1,1,0.9171513319015503,1,0.9205948710441589,0.08284864574670792,0.9171513319015503,0.07940511405467987,0.9205948710441589
1,1,0.829219400882721,1,0.8334763646125793,0.17078061401844025,0.829219400882721,0.16652360558509827,0.8334763646125793
1,1,0.9447053074836731,1,0.9474861025810242,0.0552946962416172,0.9447053074836731,0.05251386761665344,0.9474861025810242
1,1,0.9892284870147705,1,0.9901157021522522,0.010771538130939007,0.9892284870147705,0.009884296916425228,0.9901157021522522
1,1,0.9661530256271362,1,0.9681969881057739,0.03384700044989586,0.9661530256271362,0.031803034245967865,0.9681969881057739
1,1,0.6481412053108215,1,0.650813639163971,0.3518587350845337,0.6481412053108215,0.34918636083602905,0.650813639163971
1,1,0.9151688814163208,1,0.9186504483222961,0.0848311260342598,0.9151688814163208,0.08134956657886505,0.9186504483222961
1,1,0.66145259141922,1,0.6643286943435669,0.33854740858078003,0.66145259141922,0.3356713056564331,0.6643286943435669
1,1,0.8185198307037354,1,0.8227800726890564,0.18148012459278107,0.8185198307037354,0.1772199273109436,0.8227800726890564
1,1,0.8564057946205139,1,0.8605743050575256,0.14359420537948608,0.8564057946205139,0.13942572474479675,0.8605743050575256
1,0,0.9563513398170471,0,0.9587616324424744,0.9563513398170471,0.043648611754179,0.9587616324424744,0.04123839735984802
1,1,0.9634864330291748,1,0.9656355977058411,0.03651352971792221,0.9634864330291748,0.03436433523893356,0.9656355977058411
1,1,0.9352534413337708,1,0.9382922053337097,0.06474649906158447,0.9352534413337708,0.06170780211687088,0.9382922053337097
1,0,0.6649457216262817,0,0.6678736805915833,0.6649457216262817,0.33505427837371826,0.6678736805915833,0.33212628960609436
1,1,0.9074375033378601,1,0.911056637763977,0.09256250411272049,0.9074375033378601,0.08894331753253937,0.911056637763977
1,1,0.8422195911407471,1,0.8464493751525879,0.15778039395809174,0.8422195911407471,0.15355059504508972,0.8464493751525879
1,1,0.6234301328659058,1,0.6257016658782959,0.37656983733177185,0.6234301328659058,0.3742983043193817,0.6257016658782959
1,1,0.8155025243759155,1,0.8197606801986694,0.18449744582176208,0.8155025243759155,0.1802392601966858,0.8197606801986694
1,1,0.9222673177719116,1,0.9256073236465454,0.07773260772228241,0.9222673177719116,0.07439269125461578,0.9256073236465454
1,1,0.6742720603942871,1,0.677335262298584,0.3257278800010681,0.6742720603942871,0.3226647973060608,0.677335262298584
1,1,0.9095218181610107,1,0.9131056070327759,0.09047815948724747,0.9095218181610107,0.0868944302201271,0.9131056070327759
1,0,0.9459460377693176,0,0.9486902952194214,0.9459460377693176,0.05405397713184357,0.9486902952194214,0.05130970478057861
1,0,0.8317131996154785,0,0.8359670042991638,0.8317131996154785,0.1682867705821991,0.8359670042991638,0.1640329360961914
1,0,0.5893451571464539,0,0.5910241603851318,0.5893451571464539,0.41065487265586853,0.5910241603851318,0.4089758098125458
1,1,0.6901131272315979,1,0.6933936476707458,0.3098869025707245,0.6901131272315979,0.3066062927246094,0.6933936476707458
1,1,0.7734212875366211,1,0.7775289416313171,0.22657868266105652,0.7734212875366211,0.22247107326984406,0.7775289416313171
1,1,0.8715881705284119,1,0.875650942325592,0.12841182947158813,0.8715881705284119,0.12434908002614975,0.875650942325592
1,1,0.8576077818870544,1,0.8617693781852722,0.14239227771759033,0.8576077818870544,0.1382305920124054,0.8617693781852722
1,1,0.8777077198028564,1,0.8817150592803955,0.12229227274656296,0.8777077198028564,0.1182849258184433,0.8817150592803955
1,1,0.6310819387435913,1,0.6334804892539978,0.3689180612564087,0.6310819387435913,0.3665195405483246,0.6334804892539978
1,0,0.8656603693962097,0,0.8697696328163147,0.8656603693962097,0.13433963060379028,0.8697696328163147,0.13023041188716888
1,0,0.7532007694244385,0,0.757164716720581,0.7532007694244385,0.24679917097091675,0.757164716720581,0.24283532798290253
1,0,0.5473385453224182,0,0.5482425689697266,0.5473385453224182,0.4526614546775818,0.5482425689697266,0.45175740122795105
1,1,0.5919854044914246,1,0.5937116742134094,0.40801459550857544,0.5919854044914246,0.4062882959842682,0.5937116742134094
1,1,0.6865255236625671,1,0.6897582411766052,0.31347450613975525,0.6865255236625671,0.3102417290210724,0.6897582411766052
1,1,0.8142967224121094,1,0.8185536861419678,0.1857033222913742,0.8142967224121094,0.18144631385803223,0.8185536861419678
1,0,0.524458110332489,0,0.5249273777008057,0.524458110332489,0.4755418598651886,0.5249273777008057,0.4750726819038391
1,1,0.9363646507263184,1,0.9393748641014099,0.06363533437252045,0.9363646507263184,0.06062515452504158,0.9393748641014099
1,1,0.6070578098297119,1,0.6090498566627502,0.3929421305656433,0.6070578098297119,0.39095020294189453,0.6090498566627502
1,1,0.7744308114051819,1,0.7785444855690002,0.22556917369365692,0.7744308114051819,0.22145548462867737,0.7785444855690002
1,1,0.7342224717140198,1,0.738015353679657,0.2657775282859802,0.7342224717140198,0.261984646320343,0.738015353679657
1,1,0.874836266040802,1,0.8788704872131348,0.12516377866268158,0.874836266040802,0.12112946808338165,0.8788704872131348
1,0,0.6314525008201599,0,0.6338571906089783,0.6314525008201599,0.3685474693775177,0.6338571906089783,0.36614280939102173
1,1,0.7782717347145081,1,0.7824074625968933,0.22172823548316956,0.7782717347145081,0.2175925374031067,0.7824074625968933
1,0,0.5319350361824036,0,0.5325469970703125,0.5319350361824036,0.46806490421295166,0.5325469970703125,0.4674529731273651
1,1,0.9611791968345642,1,0.9634159207344055,0.038820780813694,0.9611791968345642,0.0365840345621109,0.9634159207344055
1,1,0.9596320390701294,1,0.961925745010376,0.04036799445748329,0.9596320390701294,0.03807426244020462,0.961925745010376
1,0,0.8157796859741211,0,0.8200381398200989,0.8157796859741211,0.18422028422355652,0.8200381398200989,0.17996187508106232
1,0,0.901616096496582,0,0.905328094959259,0.901616096496582,0.09838395565748215,0.905328094959259,0.09467187523841858
1,1,0.8907457590103149,1,0.8946084976196289,0.10925422608852386,0.8907457590103149,0.10539151728153229,0.8946084976196289
1,1,0.7065988183021545,1,0.7100880146026611,0.29340118169784546,0.7065988183021545,0.28991198539733887,0.7100880146026611
1,1,0.9940677881240845,1,0.9946208000183105,0.0059322332963347435,0.9940677881240845,0.005379220470786095,0.9946208000183105
1,1,0.9429185390472412,1,0.945750892162323,0.0570814311504364,0.9429185390472412,0.05424913018941879,0.945750892162323
1,1,0.7859469056129456,1,0.7901216745376587,0.21405309438705444,0.7859469056129456,0.2098783701658249,0.7901216745376587
1,1,0.9007569551467896,1,0.9044820666313171,0.09924301505088806,0.9007569551467896,0.09551797062158585,0.9044820666313171
1,0,0.6171197891235352,0,0.6192847490310669,0.6171197891235352,0.38288024067878723,0.6192847490310669,0.3807152509689331
1,1,0.7429181337356567,1,0.7467933893203735,0.25708186626434326,0.7429181337356567,0.2532065510749817,0.7467933893203735
1,1,0.9615533947944641,1,0.9637761116027832,0.03844665735960007,0.9615533947944641,0.0362238846719265,0.9637761116027832
1,0,0.5297895669937134,0,0.5303606390953064,0.5297895669937134,0.4702104330062866,0.5303606390953064,0.469639390707016
1,0,0.8008267283439636,0,0.8050573468208313,0.8008267283439636,0.19917325675487518,0.8050573468208313,0.1949426680803299
1,1,0.9497622847557068,1,0.9523899555206299,0.05023770034313202,0.9497622847557068,0.047610051929950714,0.9523899555206299
1,1,0.8665015697479248,1,0.8706046938896179,0.13349835574626923,0.8665015697479248,0.12939533591270447,0.8706046938896179
1,1,0.6442770957946777,1,0.6468886137008667,0.35572293400764465,0.6442770957946777,0.3531113564968109,0.6468886137008667
1,0,0.6295078992843628,0,0.631880521774292,0.6295078992843628,0.370492160320282,0.631880521774292,0.3681195378303528
1,1,0.9604529738426208,1,0.9627166986465454,0.039546944200992584,0.9604529738426208,0.037283286452293396,0.9627166986465454
1,1,0.880760908126831,1,0.8847377300262451,0.11923910677433014,0.880760908126831,0.11526229232549667,0.8847377300262451
1,1,0.8771640062332153,1,0.8811766505241394,0.12283596396446228,0.8771640062332153,0.11882338672876358,0.8811766505241394
1,1,0.9503015279769897,1,0.9529120922088623,0.049698539078235626,0.9503015279769897,0.047087907791137695,0.9529120922088623
1,1,0.9516480565071106,1,0.9542155265808105,0.04835199937224388,0.9516480565071106,0.04578442499041557,0.9542155265808105
1,0,0.8360132575035095,0,0.840259313583374,0.8360132575035095,0.16398672759532928,0.840259313583374,0.1597406268119812
1,1,0.9197877645492554,1,0.9231789112091064,0.08021225035190582,0.9197877645492554,0.07682110369205475,0.9231789112091064
1,1,0.7944587469100952,1,0.7986687421798706,0.20554128289222717,0.7944587469100952,0.20133128762245178,0.7986687421798706
1,0,0.6559439301490784,0,0.6587368249893188,0.6559439301490784,0.34405604004859924,0.6587368249893188,0.34126314520835876
1,1,0.666469395160675,1,0.6694197654724121,0.33353063464164734,0.666469395160675,0.3305802345275879,0.6694197654724121
1,1,0.928381085395813,1,0.9315863251686096,0.0716189369559288,0.928381085395813,0.06841370463371277,0.9315863251686096
1,1,0.8769054412841797,1,0.8809205293655396,0.12309455871582031,0.8769054412841797,0.11907950043678284,0.8809205293655396
1,0,0.8282926082611084,0,0.832550585269928,0.8282926082611084,0.1717073917388916,0.832550585269928,0.1674494445323944
1,1,0.6622909903526306,1,0.6651795506477356,0.33770906925201416,0.6622909903526306,0.3348204493522644,0.6651795506477356
1,1,0.8060076236724854,1,0.8102511763572693,0.19399242103099823,0.8060076236724854,0.1897488385438919,0.8102511763572693
1,1,0.5761390924453735,1,0.5775787830352783,0.42386096715927124,0.5761390924453735,0.4224212169647217,0.5775787830352783
1,1,0.7505096197128296,1,0.7544512748718262,0.2494903951883316,0.7505096197128296,0.24554871022701263,0.7544512748718262
1,1,0.6604605913162231,1,0.663321852684021,0.33953937888145447,0.6604605913162231,0.336678147315979,0.663321852684021
1,1,0.5847956538200378,1,0.5863927602767944,0.41520437598228455,0.5847956538200378,0.41360726952552795,0.5863927602767944
1,0,0.7175037860870361,0,0.7211200594902039,0.7175037860870361,0.28249624371528625,0.7211200594902039,0.27887988090515137
1,0,0.8303792476654053,0,0.8346349000930786,0.8303792476654053,0.16962075233459473,0.8346349000930786,0.16536512970924377
1,1,0.8708763718605042,1,0.8749450445175171,0.12912361323833466,0.8708763718605042,0.12505494058132172,0.8749450445175171
1,0,0.7382502555847168,0,0.7420822381973267,0.7382502555847168,0.26174965500831604,0.7420822381973267,0.2579177916049957
1,1,0.6256413459777832,1,0.6279498338699341,0.3743586838245392,0.6256413459777832,0.3720501661300659,0.6279498338699341
1,1,0.856384813785553,1,0.8605534434318542,0.14361515641212463,0.856384813785553,0.13944652676582336,0.8605534434318542
1,0,0.7543565034866333,0,0.7583296895027161,0.7543565034866333,0.2456434816122055,0.7583296895027161,0.24167028069496155
1,1,0.7583152651786804,1,0.7623194456100464,0.24168476462364197,0.7583152651786804,0.2376805990934372,0.7623194456100464
1,0,0.6475631594657898,0,0.6502265334129333,0.6475631594657898,0.3524368107318878,0.6502265334129333,0.34977349638938904
1,0,0.7435615062713623,0,0.7474426627159119,0.7435615062713623,0.2564384937286377,0.7474426627159119,0.25255733728408813
1,1,0.7310820817947388,1,0.7348435521125793,0.268917977809906,0.7310820817947388,0.26515641808509827,0.7348435521125793
1,1,0.8169879913330078,1,0.8212473392486572,0.18301202356815338,0.8169879913330078,0.17875270545482635,0.8212473392486572
1,1,0.8486192226409912,1,0.8528255820274353,0.15138080716133118,0.8486192226409912,0.1471744030714035,0.8528255820274353
1,1,0.8532935976982117,1,0.8574784398078918,0.1467064768075943,0.8532935976982117,0.14252154529094696,0.8574784398078918
1,1,0.7281686663627625,1,0.7319002747535706,0.27183136343955994,0.7281686663627625,0.26809969544410706,0.7319002747535706
1,1,0.9304683804512024,1,0.9336247444152832,0.06953161954879761,0.9304683804512024,0.06637521088123322,0.9336247444152832
1,1,0.9203899502754211,1,0.9237688183784485,0.07961003482341766,0.9203899502754211,0.07623115926980972,0.9237688183784485
1,0,0.8930508494377136,0,0.8968839645385742,0.8930508494377136,0.10694918781518936,0.8968839645385742,0.10311602801084518
1,1,0.9765783548355103,1,0.9781631827354431,0.023421624675393105,0.9765783548355103,0.02183683216571808,0.9781631827354431
1,1,0.659649133682251,1,0.6624982357025146,0.34035083651542664,0.659649133682251,0.33750179409980774,0.6624982357025146
1,1,0.8188510537147522,1,0.8231114149093628,0.181148961186409,0.8188510537147522,0.1768886148929596,0.8231114149093628
1,1,0.9032210111618042,1,0.906908392906189,0.096779003739357,0.9032210111618042,0.09309164434671402,0.906908392906189
1,0,0.5830094218254089,0,0.5845742225646973,0.5830094218254089,0.4169905483722687,0.5845742225646973,0.41542577743530273
1,1,0.9345803260803223,1,0.9376360774040222,0.06541970372200012,0.9345803260803223,0.06236393004655838,0.9376360774040222
1,1,0.8988428115844727,1,0.9025959968566895,0.10115721821784973,0.8988428115844727,0.09740395843982697,0.9025959968566895
1,1,0.6137464046478271,1,0.6158537864685059,0.38625359535217285,0.6137464046478271,0.38414618372917175,0.6158537864685059
1,1,0.9453707933425903,1,0.9481320977210999,0.05462920293211937,0.9453707933425903,0.051867902278900146,0.9481320977210999
1,0,0.7558044195175171,0,0.7597891092300415,0.7558044195175171,0.24419565498828888,0.7597891092300415,0.24021095037460327
1,1,0.8892371654510498,1,0.8931185603141785,0.11076279729604721,0.8892371654510498,0.10688140988349915,0.8931185603141785
1,1,0.5987134575843811,1,0.6005592346191406,0.4012865424156189,0.5987134575843811,0.3994407653808594,0.6005592346191406
1,1,0.9784996509552002,1,0.9799901843070984,0.021500328555703163,0.9784996509552002,0.020009851083159447,0.9799901843070984
1,1,0.8356096744537354,1,0.8398566246032715,0.16439029574394226,0.8356096744537354,0.16014336049556732,0.8398566246032715
1,1,0.7366185784339905,1,0.7404348850250244,0.26338139176368713,0.7366185784339905,0.259565144777298,0.7404348850250244
1,1,0.9463591575622559,1,0.9490910768508911,0.05364087596535683,0.9463591575622559,0.05090890824794769,0.9490910768508911
1,1,0.6017228960990906,1,0.6036216020584106,0.3982771337032318,0.6017228960990906,0.3963783383369446,0.6036216020584106
1,1,0.862980842590332,1,0.867108941078186,0.1370191127061844,0.862980842590332,0.13289108872413635,0.867108941078186
1,1,0.7541244626045227,1,0.7580956816673279,0.24587559700012207,0.7541244626045227,0.24190424382686615,0.7580956816673279
1,1,0.9734362363815308,1,0.9751681685447693,0.02656383439898491,0.9734362363815308,0.024831831455230713,0.9751681685447693
1,0,0.649256706237793,0,0.6519465446472168,0.649256706237793,0.35074326395988464,0.6519465446472168,0.3480534553527832
1,1,0.8168821930885315,1,0.8211413621902466,0.18311786651611328,0.8168821930885315,0.17885857820510864,0.8211413621902466
1,1,0.9857079386711121,1,0.9868098497390747,0.014292040839791298,0.9857079386711121,0.01319009717553854,0.9868098497390747
1,1,0.6100586652755737,1,0.6121026277542114,0.38994136452674866,0.6100586652755737,0.38789743185043335,0.6121026277542114
1,1,0.7259504199028015,1,0.7296589016914368,0.2740495800971985,0.7259504199028015,0.270341157913208,0.7296589016914368
1,0,0.515364408493042,0,0.5156594514846802,0.515364408493042,0.4846356511116028,0.5156594514846802,0.4843405783176422
1,1,0.9779094457626343,1,0.9794292449951172,0.02209055982530117,0.9779094457626343,0.02057073637843132,0.9794292449951172
1,0,0.8881406188011169,0,0.8920353055000305,0.8881406188011169,0.11185938864946365,0.8920353055000305,0.10796474665403366
1,0,0.8698003888130188,0,0.8738778829574585,0.8698003888130188,0.1301996409893036,0.8738778829574585,0.12612216174602509
1,0,0.763879656791687,0,0.7679246664047241,0.763879656791687,0.2361203283071518,0.7679246664047241,0.23207531869411469
1,1,0.9285659193992615,1,0.931766927242279,0.07143404334783554,0.9285659193992615,0.06823308020830154,0.931766927242279
1,1,0.6546311974525452,1,0.6574041247367859,0.34536874294281006,0.6546311974525452,0.3425959348678589,0.6574041247367859
1,1,0.5489579439163208,1,0.5498924851417542,0.4510420560836792,0.5489579439163208,0.4501074552536011,0.5498924851417542
1,1,0.6053783893585205,1,0.6073411703109741,0.3946215808391571,0.6053783893585205,0.39265888929367065,0.6073411703109741
1,1,0.8281903266906738,1,0.8324483633041382,0.17180965840816498,0.8281903266906738,0.16755163669586182,0.8324483633041382
1,1,0.9516661763191223,1,0.9542332291603088,0.048333775252103806,0.9516661763191223,0.04576680809259415,0.9542332291603088
1,1,0.977817714214325,1,0.9793420433998108,0.022182347252964973,0.977817714214325,0.020657988265156746,0.9793420433998108
1,1,0.9390965700149536,1,0.9420347213745117,0.06090341508388519,0.9390965700149536,0.05796533077955246,0.9420347213745117
1,1,0.7834631204605103,1,0.7876259684562683,0.21653684973716736,0.7834631204605103,0.21237406134605408,0.7876259684562683
1,1,0.901373028755188,1,0.9050887823104858,0.0986270159482956,0.901373028755188,0.09491124004125595,0.9050887823104858
1,1,0.6585760116577148,1,0.6614088416099548,0.34142401814460754,0.6585760116577148,0.33859115839004517,0.6614088416099548
1,1,0.9696394801139832,1,0.9715389013290405,0.030360480770468712,0.9696394801139832,0.028461113572120667,0.9715389013290405
1,1,0.793009340763092,1,0.7972138524055481,0.20699073374271393,0.793009340763092,0.20278610289096832,0.7972138524055481
1,1,0.7459717988967896,1,0.749874472618103,0.25402817130088806,0.7459717988967896,0.250125527381897,0.749874472618103
1,0,0.8853821158409119,0,0.8893088102340698,0.8853821158409119,0.11461790651082993,0.8893088102340698,0.11069115251302719
1,1,0.9245548248291016,1,0.9278457760810852,0.07544522732496262,0.9245548248291016,0.07215429097414017,0.9278457760810852
1,1,0.7080260515213013,1,0.7115324139595032,0.29197391867637634,0.7080260515213013,0.28846755623817444,0.7115324139595032
1,1,0.5490489602088928,1,0.5499852299690247,0.4509510397911072,0.5490489602088928,0.45001477003097534,0.5499852299690247
1,1,0.9482846856117249,1,0.950958251953125,0.051715318113565445,0.9482846856117249,0.049041748046875,0.950958251953125
1,1,0.9126325249671936,1,0.9161611795425415,0.0873674526810646,0.9126325249671936,0.08383888006210327,0.9161611795425415
1,1,0.9956293106079102,1,0.9960604310035706,0.00437074713408947,0.9956293106079102,0.003939500544220209,0.9960604310035706
1,0,0.5099896192550659,0,0.5101815462112427,0.5099896192550659,0.4900103509426117,0.5101815462112427,0.4898184835910797
1,1,0.9468931555747986,1,0.9496090412139893,0.053106825798749924,0.9468931555747986,0.050390902906656265,0.9496090412139893
1,1,0.9934746623039246,1,0.9940717816352844,0.006525386590510607,0.9934746623039246,0.005928261671215296,0.9940717816352844
1,1,0.8258092999458313,1,0.8300691843032837,0.1741906702518463,0.8258092999458313,0.1699308454990387,0.8300691843032837
1,1,0.9739314317703247,1,0.9756408929824829,0.02606852911412716,0.9739314317703247,0.02435917966067791,0.9756408929824829
1,1,0.5385045409202576,1,0.5392414331436157,0.46149542927742004,0.5385045409202576,0.4607585370540619,0.5392414331436157
1,0,0.8758150935173035,0,0.8798404335975647,0.8758150935173035,0.12418486177921295,0.8798404335975647,0.12015955150127411
1,1,0.9624345302581787,1,0.9646239280700684,0.03756551072001457,0.9624345302581787,0.03537602350115776,0.9646239280700684
1,1,0.827770471572876,1,0.8320289254188538,0.17222954332828522,0.827770471572876,0.16797110438346863,0.8320289254188538
1,1,0.5424466729164124,1,0.5432582497596741,0.45755332708358765,0.5424466729164124,0.45674172043800354,0.5432582497596741
1,1,0.8358364105224609,1,0.8400829434394836,0.16416355967521667,0.8358364105224609,0.15991710126399994,0.8400829434394836
1,1,0.9267313480377197,1,0.9299740791320801,0.07326864451169968,0.9267313480377197,0.07002586126327515,0.9299740791320801
1,1,0.5972041487693787,1,0.5990232825279236,0.40279582142829895,0.5972041487693787,0.4009767472743988,0.5990232825279236
1,1,0.9360078573226929,1,0.9390273094177246,0.06399213522672653,0.9360078573226929,0.060972727835178375,0.9390273094177246
1,0,0.767554521560669,0,0.7716248035430908,0.767554521560669,0.23244544863700867,0.7716248035430908,0.22837519645690918
1,1,0.946478009223938,1,0.9492064118385315,0.0535220168530941,0.946478009223938,0.05079360678792,0.9492064118385315
1,1,0.9215854406356812,1,0.9249396324157715,0.07841456681489944,0.9215854406356812,0.07506036758422852,0.9249396324157715
1,1,0.9551560282707214,1,0.9576072692871094,0.04484402388334274,0.9551560282707214,0.04239276796579361,0.9576072692871094
1,0,0.6442383527755737,0,0.6468492746353149,0.6442383527755737,0.35576167702674866,0.6468492746353149,0.35315075516700745
1,1,0.7711076140403748,1,0.7752008438110352,0.2288924753665924,0.7711076140403748,0.22479911148548126,0.7752008438110352
1,1,0.7008039355278015,1,0.7042220234870911,0.2991959750652313,0.7008039355278015,0.29577797651290894,0.7042220234870911
1,1,0.9673709869384766,1,0.9693654179573059,0.032628972083330154,0.9673709869384766,0.03063458949327469,0.9693654179573059
1,1,0.7470656037330627,1,0.7509778141975403,0.25293436646461487,0.7470656037330627,0.24902212619781494,0.7509778141975403
1,1,0.6901852488517761,1,0.6934667825698853,0.30981478095054626,0.6901852488517761,0.30653321743011475,0.6934667825698853
1,1,0.8545012474060059,1,0.858680009841919,0.14549872279167175,0.8545012474060059,0.14131996035575867,0.858680009841919
1,1,0.8565978407859802,1,0.860765278339386,0.14340215921401978,0.8565978407859802,0.13923470675945282,0.860765278339386
1,1,0.9420099258422852,1,0.9448679685592651,0.057989999651908875,0.9420099258422852,0.055132005363702774,0.9448679685592651
1,1,0.8895955085754395,1,0.8934724926948547,0.11040455102920532,0.8895955085754395,0.10652752965688705,0.8934724926948547
1,1,0.9645307660102844,1,0.9666392207145691,0.035469263792037964,0.9645307660102844,0.03336075693368912,0.9666392207145691
1,1,0.9819839596748352,1,0.9832940101623535,0.01801604963839054,0.9819839596748352,0.016705939546227455,0.9832940101623535
1,1,0.5582212209701538,1,0.5593295693397522,0.4417787790298462,0.5582212209701538,0.4406704008579254,0.5593295693397522
1,1,0.7201167941093445,1,0.7237622141838074,0.2798832356929779,0.7201167941093445,0.27623775601387024,0.7237622141838074
1,1,0.6521405577659607,1,0.6548750996589661,0.3478594422340393,0.6521405577659607,0.34512487053871155,0.6548750996589661
1,1,0.7909302115440369,1,0.7951266169548035,0.20906978845596313,0.7909302115440369,0.20487333834171295,0.7951266169548035
1,0,0.5266057848930359,0,0.527116060256958,0.5266057848930359,0.4733941853046417,0.527116060256958,0.472883939743042
1,1,0.9017814993858337,1,0.9054911136627197,0.09821843355894089,0.9017814993858337,0.09450887143611908,0.9054911136627197
1,1,0.5898239612579346,1,0.591511607170105,0.41017603874206543,0.5898239612579346,0.4084884226322174,0.591511607170105
1,1,0.8058359026908875,1,0.8100790977478027,0.19416412711143494,0.8058359026908875,0.18992090225219727,0.8100790977478027
1,1,0.9520388841629028,1,0.9545938372612,0.04796105995774269,0.9520388841629028,0.045406173914670944,0.9545938372612
1,0,0.9186275005340576,0,0.9220420122146606,0.9186275005340576,0.08137246966362,0.9220420122146606,0.07795803248882294
1,1,0.9482329487800598,1,0.9509081244468689,0.051767103374004364,0.9482329487800598,0.04909193515777588,0.9509081244468689
1,1,0.7349663972854614,1,0.738766610622406,0.26503363251686096,0.7349663972854614,0.261233389377594,0.738766610622406
1,1,0.8985031843185425,1,0.9022613763809204,0.10149683058261871,0.8985031843185425,0.09773865342140198,0.9022613763809204
1,1,0.9738941192626953,1,0.9756051301956177,0.026105890050530434,0.9738941192626953,0.024394815787672997,0.9756051301956177
1,1,0.9727973937988281,1,0.9745582938194275,0.027202581986784935,0.9727973937988281,0.025441644713282585,0.9745582938194275
1,0,0.868928849697113,0,0.8730133175849915,0.868928849697113,0.131071075797081,0.8730133175849915,0.12698662281036377
1,1,0.8816432356834412,1,0.8856108784675598,0.11835675686597824,0.8816432356834412,0.11438915878534317,0.8856108784675598
1,1,0.8474624752998352,1,0.8516735434532166,0.15253756940364838,0.8474624752998352,0.14832641184329987,0.8516735434532166
1,1,0.8597427606582642,1,0.8638917207717896,0.14025729894638062,0.8597427606582642,0.13610833883285522,0.8638917207717896
1,0,0.9159653186798096,0,0.9194316864013672,0.9159653186798096,0.08403470367193222,0.9194316864013672,0.08056826889514923
1,1,0.546596348285675,1,0.547486424446106,0.4534035623073578,0.546596348285675,0.45251354575157166,0.547486424446106
1,1,0.832241415977478,1,0.8364944458007812,0.16775856912136078,0.832241415977478,0.16350555419921875,0.8364944458007812
1,1,0.957169771194458,1,0.9595514535903931,0.04283025115728378,0.957169771194458,0.040448546409606934,0.9595514535903931
1,1,0.6302548050880432,1,0.6326397657394409,0.3697451651096344,0.6302548050880432,0.3673602044582367,0.6326397657394409
1,0,0.6983572244644165,0,0.7017444372177124,0.6983572244644165,0.30164286494255066,0.7017444372177124,0.2982555627822876
1,0,0.6762775778770447,0,0.6793690919876099,0.6762775778770447,0.32372236251831055,0.6793690919876099,0.320630818605423
1,1,0.5322088599205017,1,0.5328260660171509,0.4677911102771759,0.5322088599205017,0.4671739637851715,0.5328260660171509
1,0,0.5489129424095154,0,0.5498467087745667,0.5489129424095154,0.45108702778816223,0.5498467087745667,0.45015332102775574
1,1,0.7419018149375916,1,0.7457678914070129,0.25809818506240845,0.7419018149375916,0.25423213839530945,0.7457678914070129
1,1,0.990041971206665,1,0.9908766150474548,0.009957968257367611,0.990041971206665,0.009123321622610092,0.9908766150474548
1,1,0.8340063691139221,1,0.8382564187049866,0.16599364578723907,0.8340063691139221,0.16174358129501343,0.8382564187049866
1,0,0.7450668811798096,0,0.7489614486694336,0.7450668811798096,0.2549331486225128,0.7489614486694336,0.25103849172592163
1,1,0.9402410984039307,1,0.9431480765342712,0.05975897237658501,0.9402410984039307,0.05685196444392204,0.9431480765342712
1,1,0.9633327126502991,1,0.9654878377914429,0.03666727617383003,0.9633327126502991,0.034512147307395935,0.9654878377914429
1,1,0.7588565349578857,1,0.7628648281097412,0.24114347994327545,0.7588565349578857,0.23713518679141998,0.7628648281097412
1,1,0.9798170924186707,1,0.9812409281730652,0.020182885229587555,0.9798170924186707,0.018759122118353844,0.9812409281730652
1,1,0.5678088068962097,1,0.5690953135490417,0.4321911931037903,0.5678088068962097,0.43090465664863586,0.5690953135490417
1,1,0.900721549987793,1,0.9044471383094788,0.09927842020988464,0.900721549987793,0.09555284678936005,0.9044471383094788
1,1,0.6167125105857849,1,0.6188705563545227,0.3832874894142151,0.6167125105857849,0.3811294138431549,0.6188705563545227
1,1,0.9193421006202698,1,0.9227423071861267,0.08065787702798843,0.9193421006202698,0.07725771516561508,0.9227423071861267
1,1,0.8498088121414185,1,0.8540101051330566,0.15019121766090393,0.8498088121414185,0.14598990976810455,0.8540101051330566
1,1,0.8010215759277344,1,0.8052526712417603,0.19897842407226562,0.8010215759277344,0.19474728405475616,0.8052526712417603
1,1,0.8588945269584656,1,0.8630486130714417,0.141105517745018,0.8588945269584656,0.13695140182971954,0.8630486130714417
1,1,0.9434313774108887,1,0.9462490677833557,0.05656861513853073,0.9434313774108887,0.05375094711780548,0.9462490677833557
1,0,0.5354655981063843,0,0.5361447334289551,0.5354655981063843,0.4645344316959381,0.5361447334289551,0.4638552665710449
1,1,0.7904589176177979,1,0.7946534156799316,0.20954106748104095,0.7904589176177979,0.20534658432006836,0.7946534156799316
1,0,0.5856084227561951,0,0.5872201919555664,0.5856084227561951,0.4143916070461273,0.5872201919555664,0.4127797782421112
1,1,0.9716352224349976,1,0.9734480977058411,0.028364716097712517,0.9716352224349976,0.026551974937319756,0.9734480977058411
1,1,0.9258687496185303,1,0.9291307926177979,0.07413128018379211,0.9258687496185303,0.07086921483278275,0.9291307926177979
1,1,0.9014975428581238,1,0.9052114486694336,0.09850242733955383,0.9014975428581238,0.09478853642940521,0.9052114486694336
1,1,0.6079873442649841,1,0.609995424747467,0.3920126259326935,0.6079873442649841,0.39000454545021057,0.609995424747467
1,1,0.7483966946601868,1,0.7523204684257507,0.25160330533981323,0.7483966946601868,0.24767957627773285,0.7523204684257507
1,1,0.7864850759506226,1,0.7906622886657715,0.21351496875286102,0.7864850759506226,0.2093377411365509,0.7906622886657715
1,1,0.7608237862586975,1,0.7648467421531677,0.2391762137413025,0.7608237862586975,0.23515328764915466,0.7648467421531677
1,0,0.59190833568573,0,0.593633234500885,0.59190833568573,0.4080917239189148,0.593633234500885,0.406366765499115
1,1,0.969610333442688,1,0.9715108871459961,0.03038971498608589,0.969610333442688,0.02848910540342331,0.9715108871459961
1,1,0.7930408120155334,1,0.7972455620765686,0.20695921778678894,0.7930408120155334,0.20275448262691498,0.7972455620765686
1,1,0.7563560605049133,1,0.7603450417518616,0.24364398419857025,0.7563560605049133,0.23965495824813843,0.7603450417518616
1,1,0.7699617147445679,1,0.7740477919578552,0.23003830015659332,0.7699617147445679,0.22595228254795074,0.7740477919578552
1,1,0.743263304233551,1,0.7471417784690857,0.256736695766449,0.743263304233551,0.2528582215309143,0.7471417784690857
1,1,0.679520845413208,1,0.682657778263092,0.320479154586792,0.679520845413208,0.31734225153923035,0.682657778263092
1,1,0.9851890802383423,1,0.9863210320472717,0.014810942113399506,0.9851890802383423,0.013678922317922115,0.9863210320472717
1,1,0.5742445588111877,1,0.5756495594978333,0.42575547099113464,0.5742445588111877,0.42435041069984436,0.5756495594978333
1,0,0.6370953917503357,0,0.6395919322967529,0.6370953917503357,0.3629046380519867,0.6395919322967529,0.3604079782962799
1,1,0.9343560934066772,1,0.9374175071716309,0.06564386934041977,0.9343560934066772,0.06258245557546616,0.9374175071716309
1,1,0.9148054718971252,1,0.918293833732605,0.08519456535577774,0.9148054718971252,0.08170613646507263,0.918293833732605
1,1,0.7897560596466064,1,0.7939476370811462,0.21024392545223236,0.7897560596466064,0.20605233311653137,0.7939476370811462
1,0,0.8309212923049927,0,0.8351761698722839,0.8309212923049927,0.16907872259616852,0.8351761698722839,0.16482378542423248
1,1,0.9446098804473877,1,0.9473934173583984,0.055390164256095886,0.9446098804473877,0.05260655656456947,0.9473934173583984
1,1,0.8036910891532898,1,0.8079293370246887,0.19630888104438782,0.8036910891532898,0.19207067787647247,0.8079293370246887
1,0,0.7735527753829956,0,0.7776612043380737,0.7735527753829956,0.2264472246170044,0.7776612043380737,0.22233881056308746
1,0,0.6873089075088501,0,0.6905522346496582,0.6873089075088501,0.3126910328865051,0.6905522346496582,0.3094478249549866
1,1,0.9817573428153992,1,0.9830795526504517,0.01824270375072956,0.9817573428153992,0.01692047156393528,0.9830795526504517
1,1,0.7149108648300171,1,0.7184977531433105,0.2850891947746277,0.7149108648300171,0.28150221705436707,0.7184977531433105
1,1,0.9778560996055603,1,0.9793785214424133,0.02214394509792328,0.9778560996055603,0.02062148042023182,0.9793785214424133
1,1,0.9210382103919983,1,0.924403727054596,0.0789618268609047,0.9210382103919983,0.07559627294540405,0.924403727054596
1,0,0.772303581237793,0,0.7764043211936951,0.772303581237793,0.22769638895988464,0.7764043211936951,0.22359561920166016
1,0,0.9050868153572083,0,0.9087445139884949,0.9050868153572083,0.09491319954395294,0.9087445139884949,0.09125541895627975
1,0,0.87602299451828,0,0.8800463676452637,0.87602299451828,0.12397699803113937,0.8800463676452637,0.11995362490415573
1,1,0.9565595984458923,1,0.958962619304657,0.043440356850624084,0.9565595984458923,0.04103734716773033,0.958962619304657
1,0,0.6922482848167419,0,0.6955569982528687,0.6922482848167419,0.30775168538093567,0.6955569982528687,0.30444303154945374
1,1,0.945438802242279,1,0.9481980800628662,0.05456123873591423,0.945438802242279,0.05180194228887558,0.9481980800628662
1,0,0.5103714466094971,0,0.5105707049369812,0.5103714466094971,0.48962855339050293,0.5105707049369812,0.4894293248653412
1,1,0.8983011841773987,1,0.9020622372627258,0.10169882327318192,0.8983011841773987,0.09793772548437119,0.9020622372627258
1,1,0.9726989269256592,1,0.9744643568992615,0.027301043272018433,0.9726989269256592,0.02553567662835121,0.9744643568992615
1,1,0.8772931694984436,1,0.8813045024871826,0.12270686775445938,0.8772931694984436,0.11869552731513977,0.8813045024871826
1,1,0.6710069179534912,1,0.6740233302116394,0.328993022441864,0.6710069179534912,0.3259766399860382,0.6740233302116394
1,0,0.6258431673049927,0,0.6281551122665405,0.6258431673049927,0.37415677309036255,0.6281551122665405,0.37184494733810425
1,1,0.9455814957618713,1,0.9483366012573242,0.05441851541399956,0.9455814957618713,0.05166344344615936,0.9483366012573242
1,1,0.6786315441131592,1,0.6817560791969299,0.3213684558868408,0.6786315441131592,0.31824392080307007,0.6817560791969299
1,1,0.9695169925689697,1,0.9714215993881226,0.03048299439251423,0.9695169925689697,0.02857840433716774,0.9714215993881226
1,1,0.9615507125854492,1,0.9637735486030579,0.03844928368926048,0.9615507125854492,0.036226414144039154,0.9637735486030579
1,1,0.7111855745315552,1,0.7147293090820312,0.2888144254684448,0.7111855745315552,0.285270631313324,0.7147293090820312
1,1,0.9829280972480774,1,0.9841870665550232,0.017071900889277458,0.9829280972480774,0.015812959522008896,0.9841870665550232
1,1,0.7300971746444702,1,0.7338486909866333,0.2699028253555298,0.7300971746444702,0.2661513090133667,0.7338486909866333
1,1,0.785446047782898,1,0.7896184325218201,0.21455390751361847,0.785446047782898,0.21038150787353516,0.7896184325218201
1,1,0.8769968152046204,1,0.8810110092163086,0.12300312519073486,0.8769968152046204,0.11898895353078842,0.8810110092163086
1,1,0.5069161057472229,1,0.507049024105072,0.4930838644504547,0.5069161057472229,0.49295103549957275,0.507049024105072
1,0,0.7156602144241333,0,0.7192556858062744,0.7156602144241333,0.2843397855758667,0.7192556858062744,0.2807442843914032
1,1,0.708842933177948,1,0.7123590111732483,0.2911570966243744,0.708842933177948,0.2876409888267517,0.7123590111732483
1,0,0.6778701543807983,0,0.6809840202331543,0.6778701543807983,0.32212987542152405,0.6809840202331543,0.3190159499645233
1,1,0.9775632619857788,1,0.9791001677513123,0.022436754778027534,0.9775632619857788,0.020899871364235878,0.9791001677513123
1,1,0.778755784034729,1,0.7828941345214844,0.221244215965271,0.778755784034729,0.21710588037967682,0.7828941345214844
1,0,0.5250729918479919,0,0.5255540013313293,0.5250729918479919,0.4749269485473633,0.5255540013313293,0.47444599866867065
1,1,0.8765092492103577,1,0.8805280923843384,0.12349076569080353,0.8765092492103577,0.1194719597697258,0.8805280923843384
1,1,0.8692976236343384,1,0.873379111289978,0.130702406167984,0.8692976236343384,0.12662087380886078,0.873379111289978
1,1,0.7981514930725098,1,0.8023740649223328,0.20184852182865143,0.7981514930725098,0.19762596487998962,0.8023740649223328
1,0,0.7784281373023987,0,0.782564640045166,0.7784281373023987,0.2215718924999237,0.782564640045166,0.2174353301525116
1,0,0.7999904751777649,0,0.8042186498641968,0.7999904751777649,0.2000095099210739,0.8042186498641968,0.19578133523464203
1,1,0.7500281929969788,1,0.7539658546447754,0.24997179210186005,0.7500281929969788,0.246034175157547,0.7539658546447754
1,1,0.8191164135932922,1,0.8233768939971924,0.18088361620903015,0.8191164135932922,0.1766231209039688,0.8233768939971924
1,1,0.782382071018219,1,0.7865394353866577,0.21761798858642578,0.782382071018219,0.2134605497121811,0.7865394353866577
1,1,0.9543919563293457,1,0.9568690657615662,0.04560808464884758,0.9543919563293457,0.04313097894191742,0.9568690657615662
1,1,0.6777780055999756,1,0.6808905601501465,0.3222220242023468,0.6777780055999756,0.31910941004753113,0.6808905601501465
1,0,0.6894646883010864,0,0.6927367448806763,0.6894646883010864,0.3105352520942688,0.6927367448806763,0.3072632849216461
1,0,0.514065146446228,0,0.5143353343009949,0.514065146446228,0.4859347641468048,0.5143353343009949,0.4856646955013275
1,1,0.6014948487281799,1,0.6033895611763,0.39850518107414246,0.6014948487281799,0.3966103792190552,0.6033895611763
1,0,0.5723558068275452,0,0.5737261176109314,0.5723558068275452,0.42764419317245483,0.5737261176109314,0.4262738823890686
1,0,0.5938490033149719,0,0.5956085920333862,0.5938490033149719,0.4061509370803833,0.5956085920333862,0.40439140796661377
1,1,0.9375579953193665,1,0.9405369758605957,0.06244201958179474,0.9375579953193665,0.059462983161211014,0.9405369758605957
1,0,0.7931090593338013,0,0.7973139882087708,0.7931090593338013,0.2068910002708435,0.7973139882087708,0.20268601179122925
1,1,0.7852028608322144,1,0.789374053478241,0.21479715406894684,0.7852028608322144,0.21062590181827545,0.789374053478241
1,1,0.786839485168457,1,0.7910182476043701,0.21316054463386536,0.786839485168457,0.2089817225933075,0.7910182476043701
1,1,0.9075624346733093,1,0.9111796021461487,0.0924374908208847,0.9075624346733093,0.08882040530443192,0.9111796021461487
1,0,0.8636910319328308,0,0.867814302444458,0.8636910319328308,0.13630889356136322,0.867814302444458,0.13218571245670319
1,1,0.9627618193626404,1,0.9649388194084167,0.03723819926381111,0.9627618193626404,0.03506116941571236,0.9649388194084167
1,1,0.7182943820953369,1,0.721919596195221,0.2817056477069855,0.7182943820953369,0.27808046340942383,0.721919596195221
1,1,0.9812211990356445,1,0.9825718402862549,0.01877879723906517,0.9812211990356445,0.01742810755968094,0.9825718402862549
1,1,0.9875162839889526,1,0.9885104298591614,0.012483719736337662,0.9875162839889526,0.011489607393741608,0.9885104298591614
1,1,0.6961174011230469,1,0.6994761824607849,0.30388256907463074,0.6961174011230469,0.3005238175392151,0.6994761824607849
1,0,0.5894463658332825,0,0.5911272168159485,0.5894463658332825,0.41055360436439514,0.5911272168159485,0.4088727831840515
1,1,0.8374662399291992,1,0.8417090773582458,0.16253377497196198,0.8374662399291992,0.15829093754291534,0.8417090773582458
1,1,0.9878674745559692,1,0.9888400435447693,0.012132507748901844,0.9878674745559692,0.011159919202327728,0.9888400435447693
1,1,0.9391262531280518,1,0.9420634508132935,0.06087377667427063,0.9391262531280518,0.05793647840619087,0.9420634508132935
1,1,0.8637519478797913,1,0.8678747415542603,0.13624806702136993,0.8637519478797913,0.13212530314922333,0.8678747415542603
1,1,0.693981409072876,1,0.6973126530647278,0.30601856112480164,0.693981409072876,0.3026873469352722,0.6973126530647278
1,1,0.8963781595230103,1,0.9001664519309998,0.10362184047698975,0.8963781595230103,0.09983359277248383,0.9001664519309998
1,1,0.7436584234237671,1,0.7475403547286987,0.2563416361808777,0.7436584234237671,0.2524595856666565,0.7475403547286987
1,1,0.5134220123291016,1,0.5136798024177551,0.4865780472755432,0.5134220123291016,0.48632025718688965,0.5136798024177551
1,1,0.8893222808837891,1,0.8932026028633118,0.11067773401737213,0.8893222808837891,0.10679739713668823,0.8932026028633118
1,1,0.8475235104560852,1,0.8517343997955322,0.1524764448404312,0.8475235104560852,0.1482655555009842,0.8517343997955322
1,1,0.7085015773773193,1,0.7120136022567749,0.29149842262268066,0.7085015773773193,0.2879864275455475,0.7120136022567749
1,1,0.8906448483467102,1,0.8945088386535645,0.1093551516532898,0.8906448483467102,0.10549116134643555,0.8945088386535645
1,1,0.6436142325401306,1,0.6462152600288391,0.3563857972621918,0.6436142325401306,0.3537847101688385,0.6462152600288391
1,1,0.8971017003059387,1,0.9008798003196716,0.10289831459522247,0.8971017003059387,0.09912019222974777,0.9008798003196716
1,1,0.8590655326843262,1,0.8632186055183411,0.1409345269203186,0.8590655326843262,0.13678143918514252,0.8632186055183411
1,1,0.941070556640625,1,0.9439547657966614,0.058929380029439926,0.941070556640625,0.05604519695043564,0.9439547657966614
1,1,0.8538160920143127,1,0.8579983711242676,0.14618393778800964,0.8538160920143127,0.1420016586780548,0.8579983711242676
1,1,0.8565959930419922,1,0.860763430595398,0.1434040069580078,0.8565959930419922,0.13923655450344086,0.860763430595398
1,1,0.962644100189209,1,0.9648256301879883,0.037355925887823105,0.962644100189209,0.035174403339624405,0.9648256301879883
1,1,0.9311575889587402,1,0.9342976212501526,0.06884237378835678,0.9311575889587402,0.065702423453331,0.9342976212501526
1,1,0.9881799221038818,1,0.9891331791877747,0.011820126324892044,0.9881799221038818,0.010866849683225155,0.9891331791877747
1,1,0.8028566837310791,1,0.8070927262306213,0.1971433162689209,0.8028566837310791,0.1929072141647339,0.8070927262306213
1,1,0.8990190029144287,1,0.9027696847915649,0.10098101943731308,0.8990190029144287,0.09723033010959625,0.9027696847915649
1,1,0.8289727568626404,1,0.8332300186157227,0.17102724313735962,0.8289727568626404,0.16676998138427734,0.8332300186157227
1,1,0.8963180184364319,1,0.9001071453094482,0.10368195921182632,0.8963180184364319,0.09989289194345474,0.9001071453094482
1,1,0.8665004372596741,1,0.8706035017967224,0.13349959254264832,0.8665004372596741,0.12939652800559998,0.8706035017967224
1,1,0.7554706931114197,1,0.7594527006149292,0.24452932178974152,0.7554706931114197,0.24054723978042603,0.7594527006149292
1,0,0.7434492111206055,0,0.7473294138908386,0.7434492111206055,0.25655075907707214,0.7473294138908386,0.25267067551612854
1,1,0.9917362332344055,1,0.9924571514129639,0.00826376210898161,0.9917362332344055,0.007542910519987345,0.9924571514129639
1,1,0.811978280544281,1,0.816232442855835,0.1880216747522354,0.811978280544281,0.18376748263835907,0.816232442855835
1,1,0.9120900630950928,1,0.9156284928321838,0.08790992945432663,0.9120900630950928,0.08437155932188034,0.9156284928321838
1,0,0.9315581917762756,0,0.9346885085105896,0.9315581917762756,0.06844184547662735,0.9346885085105896,0.06531152129173279
1,1,0.7479766011238098,1,0.7518967390060425,0.2520233690738678,0.7479766011238098,0.24810323119163513,0.7518967390060425
1,1,0.962191641330719,1,0.9643903970718384,0.03780830651521683,0.962191641330719,0.035609595477581024,0.9643903970718384
1,0,0.5133500695228577,0,0.5136064887046814,0.5133500695228577,0.4866499602794647,0.5136064887046814,0.4863935708999634
1,1,0.7459388375282288,1,0.7498411536216736,0.25406116247177124,0.7459388375282288,0.25015878677368164,0.7498411536216736
1,1,0.8156945109367371,1,0.8199528455734253,0.18430547416210175,0.8156945109367371,0.1800471544265747,0.8199528455734253
1,1,0.562183141708374,1,0.5633653402328491,0.4378167986869812,0.562183141708374,0.4366346299648285,0.5633653402328491
1,0,0.8553356528282166,0,0.8595100045204163,0.8553356528282166,0.14466430246829987,0.8595100045204163,0.14048998057842255
1,1,0.9918986558914185,1,0.9926082491874695,0.008101379498839378,0.9918986558914185,0.007391768507659435,0.9926082491874695
1,0,0.5338895916938782,0,0.534538745880127,0.5338895916938782,0.4661104381084442,0.534538745880127,0.46546125411987305
1,0,0.789936900138855,0,0.7941292524337769,0.789936900138855,0.21006304025650024,0.7941292524337769,0.20587073266506195
1,1,0.9102053046226501,1,0.9137771725654602,0.08979465812444687,0.9102053046226501,0.0862228274345398,0.9137771725654602
1,1,0.5181536078453064,1,0.5185021162033081,0.481846421957016,0.5181536078453064,0.4814978837966919,0.5185021162033081
1,0,0.8106000423431396,0,0.8148521780967712,0.8106000423431396,0.18939998745918274,0.8148521780967712,0.18514782190322876
1,0,0.5636687874794006,0,0.5648786425590515,0.5636687874794006,0.43633121252059937,0.5648786425590515,0.43512141704559326
1,1,0.674173891544342,1,0.6772356629371643,0.32582607865333557,0.674173891544342,0.3227643668651581,0.6772356629371643
1,1,0.5099655389785767,1,0.5101569890975952,0.4900344908237457,0.5099655389785767,0.48984307050704956,0.5101569890975952
1,1,0.5398463606834412,1,0.5406087040901184,0.46015363931655884,0.5398463606834412,0.4593912959098816,0.5406087040901184
1,0,0.8498585820198059,0,0.854059636592865,0.8498585820198059,0.15014146268367767,0.854059636592865,0.1459403932094574
1,1,0.8395124077796936,1,0.8437500596046448,0.1604876071214676,0.8395124077796936,0.15624992549419403,0.8437500596046448
1,1,0.876941978931427,1,0.880956768989563,0.12305794656276703,0.876941978931427,0.1190432608127594,0.880956768989563
1,1,0.8618497848510742,1,0.8659853935241699,0.13815023005008698,0.8618497848510742,0.13401468098163605,0.8659853935241699
1,1,0.7734060287475586,1,0.7775135636329651,0.22659394145011902,0.7734060287475586,0.22248642146587372,0.7775135636329651
1,0,0.7750841379165649,0,0.7792016863822937,0.7750841379165649,0.22491583228111267,0.7792016863822937,0.2207983136177063
1,1,0.838045060634613,1,0.8422864675521851,0.16195496916770935,0.838045060634613,0.15771353244781494,0.8422864675521851
1,0,0.5958205461502075,0,0.597615122795105,0.5958205461502075,0.4041794538497925,0.597615122795105,0.4023849070072174
