true_label,before_pred,before_confidence,after_pred,after_confidence,before_proba_class_0,before_proba_class_1,before_proba_class_2,before_proba_class_3,before_proba_class_4,before_proba_class_5,after_proba_class_0,after_proba_class_1,after_proba_class_2,after_proba_class_3,after_proba_class_4,after_proba_class_5
0,1,0.435932457447052,1,0.3511228859424591,0.19238696992397308,0.435932457447052,0.17304469645023346,0.14676392078399658,0.003654078347608447,0.04821791499853134,0.20145103335380554,0.3511228859424591,0.18746209144592285,0.16761870682239532,0.01364445872604847,0.0787007063627243
0,2,0.28271380066871643,2,0.2533465623855591,0.26502883434295654,0.11079547554254532,0.28271380066871643,0.2543826997280121,0.014479290693998337,0.0725998505949974,0.24247118830680847,0.13408805429935455,0.2533465623855591,0.23581217229366302,0.033659663051366806,0.10062224417924881
0,2,0.366282194852829,2,0.29935309290885925,0.24321667850017548,0.11687978357076645,0.366282194852829,0.16288365423679352,0.035638656467199326,0.07509896904230118,0.22667448222637177,0.13779617846012115,0.29935309290885925,0.17263907194137573,0.0615009143948555,0.10203630477190018
0,3,0.3727228343486786,3,0.3114345073699951,0.15393103659152985,0.005290098488330841,0.2602331340312958,0.3727228343486786,0.14700435101985931,0.060818545520305634,0.17080651223659515,0.0173067357391119,0.24400123953819275,0.3114345073699951,0.16554753482341766,0.09090346843004227
0,2,0.31951704621315,2,0.27119460701942444,0.2969522476196289,0.0615682527422905,0.31951704621315,0.1647949069738388,0.08075442910194397,0.07641322910785675,0.2580338716506958,0.08862236142158508,0.27119460701942444,0.17296980321407318,0.10655216127634048,0.10262718796730042
0,3,0.49265649914741516,3,0.38906392455101013,0.20039841532707214,0.05267539992928505,0.1866513341665268,0.49265649914741516,0.005174236372113228,0.062444206327199936,0.2111944556236267,0.08521941304206848,0.20124241709709167,0.38906392455101013,0.01762152649462223,0.09565824270248413
0,2,0.3409517705440521,2,0.2868989109992981,0.2747364938259125,0.04337970167398453,0.3409517705440521,0.20606549084186554,0.06476260721683502,0.07010398805141449,0.24776141345500946,0.07072096318006516,0.2868989109992981,0.20379389822483063,0.09284503757953644,0.09797977656126022
0,2,0.29695576429367065,2,0.25501999258995056,0.2676558494567871,0.14265593886375427,0.29695576429367065,0.15741707384586334,0.06221947446465492,0.07309590280056,0.23764629662036896,0.15499164164066315,0.25501999258995056,0.16571171581745148,0.08821472525596619,0.09841562062501907
0,2,0.3316069543361664,2,0.28151237964630127,0.24376514554023743,0.07462701201438904,0.3316069543361664,0.24663065373897552,0.035806890577077866,0.06756333261728287,0.2284115105867386,0.10222237557172775,0.28151237964630127,0.23023179173469543,0.06207571178674698,0.09554625302553177
0,2,0.2806987762451172,2,0.25208547711372375,0.26740631461143494,0.014041431248188019,0.2806987762451172,0.25562727451324463,0.10110702365636826,0.08111914247274399,0.2439143806695938,0.03296055272221565,0.25208547711372375,0.2365640550851822,0.12599116563796997,0.10848432779312134
0,2,0.29804667830467224,2,0.2638057470321655,0.24999447166919708,0.06244106590747833,0.29804667830467224,0.2894384562969208,0.024530624970793724,0.07554870843887329,0.23411160707473755,0.09124690294265747,0.2638057470321655,0.25860628485679626,0.048374373465776443,0.10385522991418839
0,3,0.3052639961242676,3,0.26684173941612244,0.20841844379901886,0.019755588844418526,0.2926059067249298,0.3052639961242676,0.10485737770795822,0.06909874826669693,0.2059110850095749,0.04155920818448067,0.25927531719207764,0.26684173941612244,0.12913447618484497,0.0972781553864479
0,3,0.4904857575893402,3,0.38492700457572937,0.17440539598464966,0.0025443017948418856,0.16426225006580353,0.4904857575893402,0.10770828276872635,0.060594044625759125,0.19070498645305634,0.010797278955578804,0.18309952318668365,0.38492700457572937,0.13746537268161774,0.09300586581230164
0,3,0.3298407793045044,3,0.2835141718387604,0.2118920236825943,0.011739666573703289,0.273760050535202,0.3298407793045044,0.10260646790266037,0.07016108930110931,0.20991092920303345,0.029418403282761574,0.24980568885803223,0.2835141718387604,0.12826867401599884,0.09908217191696167
0,2,0.3782593309879303,2,0.3023498058319092,0.21889229118824005,0.11640142649412155,0.3782593309879303,0.09301166981458664,0.1275675892829895,0.06586769223213196,0.20852302014827728,0.1357882022857666,0.3023498058319092,0.11659810692071915,0.14450499415397644,0.09223584085702896
0,0,0.28242310881614685,0,0.2492346465587616,0.28242310881614685,0.0931207537651062,0.2477421909570694,0.2584700584411621,0.042304862290620804,0.07593901455402374,0.2492346465587616,0.11730653792619705,0.22801344096660614,0.23467408120632172,0.06864076852798462,0.10213053226470947
0,2,0.38882455229759216,2,0.3110293447971344,0.2517469823360443,0.0935288742184639,0.38882455229759216,0.12137437611818314,0.06728861480951309,0.07723651826381683,0.23151080310344696,0.11816603690385818,0.3110293447971344,0.1410483568906784,0.0944845899939537,0.10376086831092834
0,4,0.3515976071357727,4,0.29328209161758423,0.23722714185714722,0.039970509707927704,0.2349749207496643,0.07455232739448547,0.3515976071357727,0.061677444726228714,0.22450129687786102,0.06697163730859756,0.22305136919021606,0.10227540135383606,0.29328209161758423,0.08991818130016327
0,2,0.3247445523738861,2,0.27773788571357727,0.2350379377603531,0.018341898918151855,0.3247445523738861,0.23314101994037628,0.11930814385414124,0.06942654401063919,0.22298187017440796,0.03943650797009468,0.27773788571357727,0.2217579185962677,0.14068900048732758,0.09739676862955093
0,2,0.3138881325721741,2,0.27084386348724365,0.21258658170700073,0.21659648418426514,0.3138881325721741,0.17648231983184814,0.014833128079771996,0.06561341881752014,0.20785854756832123,0.21051360666751862,0.27084386348724365,0.18317371606826782,0.03407062217593193,0.0935395210981369
0,3,0.34695208072662354,3,0.29575011134147644,0.20424297451972961,0.008194880560040474,0.2769400179386139,0.34695208072662354,0.09714074432849884,0.06652931869029999,0.20635762810707092,0.02322814054787159,0.2537698447704315,0.29575011134147644,0.12456732988357544,0.09632694721221924
0,2,0.29956790804862976,2,0.2638434171676636,0.25993362069129944,0.05224529653787613,0.29956790804862976,0.2805096507072449,0.04204530268907547,0.06569817662239075,0.239598348736763,0.08057322353124619,0.2638434171676636,0.25232261419296265,0.06952162086963654,0.09414073824882507
0,3,0.39578360319137573,3,0.32220837473869324,0.18546554446220398,0.08582066744565964,0.24526359140872955,0.39578360319137573,0.017726130783557892,0.06994045525789261,0.19254854321479797,0.11408374458551407,0.2327970415353775,0.32220837473869324,0.03908146172761917,0.09928087145090103
0,2,0.276459276676178,2,0.24827377498149872,0.2478979229927063,0.12218315154314041,0.276459276676178,0.2695060670375824,0.022495074197649956,0.06145858392119408,0.2305494099855423,0.14258204400539398,0.24827377498149872,0.2440151870250702,0.045173898339271545,0.08940567076206207
0,2,0.3240557312965393,2,0.2745060622692108,0.24012741446495056,0.20489132404327393,0.3240557312965393,0.1365024298429489,0.039215389639139175,0.055207688361406326,0.2239401936531067,0.20105794072151184,0.2745060622692108,0.15258705615997314,0.06540237367153168,0.08250634372234344
0,2,0.34520673751831055,2,0.28655561804771423,0.28116029500961304,0.06828507781028748,0.34520673751831055,0.15998373925685883,0.07082132250070572,0.0745428130030632,0.2492716908454895,0.09532423317432404,0.28655561804771423,0.16995973885059357,0.09771494567394257,0.10117380321025848
0,2,0.3883441984653473,2,0.31055012345314026,0.24275755882263184,0.08829835057258606,0.3883441984653473,0.1372150182723999,0.07773090153932571,0.06565400958061218,0.22570452094078064,0.11355643719434738,0.31055012345314026,0.1531963348388672,0.10413836687803268,0.09285421669483185
0,1,0.314372181892395,1,0.2743469476699829,0.23169641196727753,0.314372181892395,0.2629550099372864,0.12684231996536255,0.013219635933637619,0.050914473831653595,0.22299045324325562,0.2743469476699829,0.24300645291805267,0.14810305833816528,0.031881336122751236,0.07967176288366318
0,1,0.33509165048599243,1,0.2825826108455658,0.24440021812915802,0.33509165048599243,0.23614808917045593,0.04683312401175499,0.0787309855222702,0.05879586935043335,0.22806032001972198,0.2825826108455658,0.22280126810073853,0.07424619793891907,0.10565789043903351,0.08665172010660172
0,3,0.3474941551685333,3,0.29383862018585205,0.22457735240459442,0.17870445549488068,0.1885019987821579,0.3474941551685333,0.011185857467353344,0.04953622445464134,0.2184443175792694,0.18704281747341156,0.19394822418689728,0.29383862018585205,0.028478626161813736,0.0782473236322403
0,1,0.4445001184940338,1,0.3562239110469818,0.18848289549350739,0.4445001184940338,0.25087758898735046,0.04506957158446312,0.03414791077375412,0.03692192956805229,0.19890448451042175,0.3562239110469818,0.24154455959796906,0.07526328414678574,0.06233381852507591,0.06572991609573364
0,2,0.30222126841545105,2,0.264306902885437,0.24467527866363525,0.12032695859670639,0.30222126841545105,0.24925856292247772,0.020035598427057266,0.06348232179880142,0.22898128628730774,0.1413985639810562,0.264306902885437,0.23188599944114685,0.041843559592962265,0.09158363193273544
0,1,0.3368713855743408,1,0.28917962312698364,0.23515626788139343,0.3368713855743408,0.2787051796913147,0.07713553309440613,0.01971636712551117,0.052415285259485245,0.22653526067733765,0.28917962312698364,0.2542462944984436,0.10624842345714569,0.04206607863306999,0.08172429352998734
0,1,0.8102696537971497,1,0.6369826793670654,0.07072104513645172,0.8102696537971497,0.07853434979915619,0.025024473667144775,0.0024919803254306316,0.012958510778844357,0.12155572324991226,0.6369826793670654,0.13052311539649963,0.06002344936132431,0.012527414597570896,0.0383877232670784
0,4,0.40721869468688965,4,0.3260778486728668,0.17898496985435486,0.05199527367949486,0.24089598655700684,0.061545275151729584,0.40721869468688965,0.059359777718782425,0.18656539916992188,0.08057278394699097,0.22827573120594025,0.09035006165504456,0.3260778486728668,0.0881582498550415
0,3,0.3859960436820984,3,0.3160661458969116,0.2061486542224884,0.011927423998713493,0.21682702004909515,0.3859960436820984,0.09820704907178879,0.08089376240968704,0.20642201602458954,0.029793836176395416,0.21362560987472534,0.3160661458969116,0.1247442290186882,0.10934806615114212
0,2,0.3333941102027893,2,0.28221893310546875,0.2698133587837219,0.1017046570777893,0.3333941102027893,0.20059718191623688,0.030121849849820137,0.06436881422996521,0.24443833529949188,0.12599900364875793,0.28221893310546875,0.19986054301261902,0.05513474717736244,0.09234832972288132
0,2,0.28512072563171387,2,0.2526269555091858,0.2584867775440216,0.1651921570301056,0.28512072563171387,0.2044636458158493,0.01857464201748371,0.06816192716360092,0.23634766042232513,0.174372136592865,0.2526269555091858,0.20155392587184906,0.03952278196811676,0.09557655453681946
0,2,0.31921330094337463,2,0.27112698554992676,0.2751810550689697,0.035830941051244736,0.31921330094337463,0.172943115234375,0.10850092768669128,0.08833061903715134,0.245125412940979,0.06138060241937637,0.27112698554992676,0.17880459129810333,0.13027362525463104,0.1132887601852417
0,3,0.45636096596717834,3,0.363984078168869,0.18029329180717468,0.10032868385314941,0.20878994464874268,0.45636096596717834,0.005932588130235672,0.04829447716474533,0.19370107352733612,0.13008667528629303,0.2140025645494461,0.363984078168869,0.01905565708875656,0.07916999608278275
0,3,0.36913466453552246,3,0.307682603597641,0.27119022607803345,0.03824787214398384,0.21144849061965942,0.36913466453552246,0.034031592309474945,0.07594716548919678,0.24954429268836975,0.06597130000591278,0.21073871850967407,0.307682603597641,0.06093986704945564,0.10512319952249527
0,4,0.4215052127838135,4,0.34213313460350037,0.14690671861171722,0.003100068774074316,0.21762137115001678,0.15503081679344177,0.4215052127838135,0.05583587661385536,0.16721417009830475,0.012165196239948273,0.21836812794208527,0.17344065010547638,0.34213313460350037,0.08667866885662079
0,3,0.5356636047363281,3,0.41781461238861084,0.1862896829843521,0.007483053486794233,0.1743669956922531,0.5356636047363281,0.03142860159277916,0.06476807594299316,0.20390209555625916,0.022969495505094528,0.19494464993476868,0.41781461238861084,0.060880012810230255,0.09948903322219849
0,2,0.312809556722641,2,0.2642463743686676,0.24401149153709412,0.1405821293592453,0.312809556722641,0.07759232074022293,0.1674705445766449,0.05753398686647415,0.22322428226470947,0.15349030494689941,0.2642463743686676,0.10250988602638245,0.17286519706249237,0.08366398513317108
0,2,0.3536324203014374,2,0.29188933968544006,0.28714078664779663,0.06005977839231491,0.3536324203014374,0.14181888103485107,0.08317923545837402,0.07416891306638718,0.2533831000328064,0.08754633367061615,0.29188933968544006,0.156924307346344,0.10921976715326309,0.10103706270456314
0,3,0.3929288685321808,3,0.3236781358718872,0.2420763075351715,0.02135956659913063,0.22876599431037903,0.3929288685321808,0.045092690736055374,0.06977652758359909,0.2329329401254654,0.04478012025356293,0.22415509819984436,0.3236781358718872,0.07438793778419495,0.10006574541330338
0,2,0.27201277017593384,2,0.24290867149829865,0.2646588385105133,0.2180260419845581,0.27201277017593384,0.14932790398597717,0.03353634476661682,0.06243808567523956,0.23842857778072357,0.20901750028133392,0.24290867149829865,0.16163688898086548,0.05861101672053337,0.08939733356237411
0,2,0.2717050313949585,2,0.24660015106201172,0.26428768038749695,0.2645624279975891,0.2717050313949585,0.12718747556209564,0.018869979307055473,0.05338749289512634,0.2420073300600052,0.24217818677425385,0.24660015106201172,0.1472601294517517,0.04029316082596779,0.08166101574897766
0,0,0.2712513506412506,0,0.24202628433704376,0.2712513506412506,0.22824670374393463,0.259385883808136,0.13657760620117188,0.03426848724484444,0.07026993483304977,0.24202628433704376,0.2152498960494995,0.2347838580608368,0.15186554193496704,0.05937397852540016,0.09670048952102661
0,3,0.3013565242290497,3,0.2666456997394562,0.22225692868232727,0.15171362459659576,0.26031428575515747,0.3013565242290497,0.007738645188510418,0.05661993473768234,0.21683233976364136,0.16729696094989777,0.24140587449073792,0.2666456997394562,0.02216600812971592,0.08565309643745422
0,2,0.3775722086429596,2,0.3169317841529846,0.16605998575687408,0.02827705815434456,0.3775722086429596,0.3271677792072296,0.03391335904598236,0.06700960546731949,0.1814108043909073,0.05450740456581116,0.3169317841529846,0.28753989934921265,0.06166958808898926,0.09794051200151443
0,2,0.3477386236190796,2,0.29454267024993896,0.20983381569385529,0.03662526607513428,0.3477386236190796,0.2922433912754059,0.04277419298887253,0.07078470289707184,0.2089979201555252,0.06385964155197144,0.29454267024993896,0.26173466444015503,0.07095889002084732,0.09990611672401428
0,1,0.4112716615200043,1,0.3389852046966553,0.16850101947784424,0.4112716615200043,0.20432128012180328,0.1781182885169983,0.0018192115239799023,0.03596850112080574,0.18491151928901672,0.3389852046966553,0.21077664196491241,0.19201596081256866,0.008533413521945477,0.06477724760770798
0,2,0.3077738285064697,2,0.2699205279350281,0.273613303899765,0.027312222868204117,0.3077738285064697,0.26252755522727966,0.06699822098016739,0.06177486851811409,0.24919046461582184,0.05209287256002426,0.2699205279350281,0.24228747189044952,0.09582433104515076,0.09068432450294495
0,2,0.36077556014060974,2,0.29569822549819946,0.24956810474395752,0.13771440088748932,0.36077556014060974,0.1415075808763504,0.03938312456011772,0.07105132192373276,0.23021860420703888,0.15372991561889648,0.29569822549819946,0.15659339725971222,0.06568795442581177,0.09807193279266357
0,3,0.4558628797531128,3,0.3647167384624481,0.15352864563465118,0.12426665425300598,0.21932999789714813,0.4558628797531128,0.004300434608012438,0.04271141439676285,0.17415036261081696,0.15085096657276154,0.22189213335514069,0.3647167384624481,0.01535713579505682,0.0730326697230339
0,2,0.34236210584640503,2,0.28699585795402527,0.27197882533073425,0.14210115373134613,0.34236210584640503,0.15471234917640686,0.032659463584423065,0.056186068803071976,0.24546347558498383,0.1579386442899704,0.28699585795402527,0.16732865571975708,0.05817605182528496,0.08409740030765533
0,2,0.3500175178050995,2,0.294312059879303,0.2153935432434082,0.035039834678173065,0.3500175178050995,0.26925554871559143,0.046311382204294205,0.08398221433162689,0.2116357386112213,0.06164611130952835,0.294312059879303,0.2462790459394455,0.0745035707950592,0.11162357032299042
0,3,0.5142577290534973,3,0.40201348066329956,0.19518622756004333,0.045624200254678726,0.1756175309419632,0.5142577290534973,0.007840738631784916,0.06147351861000061,0.20819485187530518,0.07757249474525452,0.19377882778644562,0.40201348066329956,0.023453721776604652,0.09498655796051025
0,2,0.32916831970214844,2,0.280131459236145,0.24072939157485962,0.03018803894519806,0.32916831970214844,0.24788178503513336,0.07517804205417633,0.07685435563325882,0.22649726271629333,0.05528552457690239,0.280131459236145,0.2310466319322586,0.10274429619312286,0.10429488122463226
0,2,0.2865341305732727,2,0.2542194426059723,0.24346965551376343,0.0675964504480362,0.2865341305732727,0.2815591096878052,0.030694954097270966,0.09014568477869034,0.22759684920310974,0.09531569480895996,0.2542194426059723,0.2512129843235016,0.05575554445385933,0.11589949578046799
0,2,0.3484903573989868,2,0.2882106602191925,0.2739501893520355,0.051854778081178665,0.3484903573989868,0.11705822497606277,0.14041167497634888,0.06823477149009705,0.24474745988845825,0.0790168046951294,0.2882106602191925,0.13737310469150543,0.15543943643569946,0.09521259367465973
0,3,0.6718053817749023,3,0.5143544673919678,0.10490445792675018,0.07118768244981766,0.12142254412174225,0.6718053817749023,0.0006816539680585265,0.02999822050333023,0.14571471512317657,0.11197720468044281,0.16093026101589203,0.5143544673919678,0.0047630611807107925,0.06226023659110069
0,2,0.2916451692581177,2,0.2588636875152588,0.21894393861293793,0.17595110833644867,0.2916451692581177,0.24513164162635803,0.012012324295938015,0.0563158355653286,0.21305564045906067,0.18365676701068878,0.2588636875152588,0.23004886507987976,0.029661450535058975,0.08471368253231049
0,2,0.3294019103050232,2,0.27957865595817566,0.27649998664855957,0.10841996222734451,0.3294019103050232,0.17860378324985504,0.02267390862107277,0.08440051227807999,0.24823440611362457,0.13143150508403778,0.27957865595817566,0.1844770908355713,0.04540577530860901,0.11087263375520706
0,1,0.6982038021087646,1,0.5334981083869934,0.11094683408737183,0.6982038021087646,0.12647688388824463,0.031165901571512222,0.008455508388578892,0.02475115843117237,0.15294094383716583,0.5334981083869934,0.1671740859746933,0.0645618736743927,0.026617614552378654,0.05520732328295708
0,2,0.26439720392227173,2,0.2398390918970108,0.25713953375816345,0.2237025648355484,0.26439720392227173,0.1748732477426529,0.021471112966537476,0.058416396379470825,0.2353474497795105,0.21410062909126282,0.2398390918970108,0.18112428486347198,0.04358063265681267,0.08600790798664093
0,3,0.4960504472255707,3,0.387810617685318,0.19307146966457367,0.026760652661323547,0.1912297159433365,0.4960504472255707,0.025329381227493286,0.06755835562944412,0.20430022478103638,0.05337587743997574,0.20297446846961975,0.387810617685318,0.05141981318593025,0.10011900961399078
0,2,0.30186983942985535,2,0.2597249746322632,0.2993226945400238,0.14354263246059418,0.30186983942985535,0.12818893790245056,0.05845190957188606,0.06862401962280273,0.2582344114780426,0.1567595899105072,0.2597249746322632,0.1451655775308609,0.08515562862157822,0.0949598103761673
0,1,0.5074676275253296,1,0.39906755089759827,0.1471153050661087,0.5074676275253296,0.24422329664230347,0.05233781784772873,0.017272278666496277,0.03158378228545189,0.17210514843463898,0.39906755089759827,0.24283470213413239,0.08529622107744217,0.04017047956585884,0.060525890439748764
0,2,0.31248989701271057,2,0.2656708061695099,0.25661489367485046,0.044374577701091766,0.31248989701271057,0.1415240615606308,0.1710909754037857,0.07390567660331726,0.2323985993862152,0.07056108117103577,0.2656708061695099,0.15512694418430328,0.17646275460720062,0.09977982193231583
0,1,0.7987398505210876,1,0.6303792595863342,0.0801820158958435,0.7987398505210876,0.09117577224969864,0.014016514644026756,0.0030911178328096867,0.012794659473001957,0.13228608667850494,0.6303792595863342,0.14434991776943207,0.040461838245391846,0.014491688460111618,0.03803125396370888
0,2,0.3009703457355499,2,0.2648448348045349,0.24593304097652435,0.27449217438697815,0.3009703457355499,0.10094434767961502,0.023153172805905342,0.054506897926330566,0.23089736700057983,0.24878652393817902,0.2648448348045349,0.12610715627670288,0.0463869571685791,0.08297721296548843
0,2,0.32556289434432983,2,0.27843257784843445,0.26827049255371094,0.01666419580578804,0.32556289434432983,0.1961963027715683,0.11534187942743301,0.07796423882246017,0.2441311627626419,0.036978092044591904,0.27843257784843445,0.19739173352718353,0.1376035362482071,0.10546284168958664
0,2,0.2932603061199188,2,0.25996705889701843,0.24467763304710388,0.13788916170597076,0.2932603061199188,0.2504652142524719,0.013621857389807701,0.06008589640259743,0.22987477481365204,0.15571168065071106,0.25996705889701843,0.23355413973331451,0.03232230618596077,0.08856993168592453
0,2,0.25904980301856995,2,0.23027478158473969,0.2442442625761032,0.20311963558197021,0.25904980301856995,0.12454373389482498,0.10885255038738251,0.060190025717020035,0.2212514877319336,0.19520866870880127,0.23027478158473969,0.1400269716978073,0.1277875453233719,0.08545055240392685
0,1,0.3779568672180176,1,0.30971312522888184,0.22586557269096375,0.3779568672180176,0.23037809133529663,0.06599650532007217,0.0410601980984211,0.0587427131831646,0.21831853687763214,0.30971312522888184,0.22127169370651245,0.09465900808572769,0.06857629865407944,0.08746124804019928
0,3,0.3535633385181427,3,0.2978847622871399,0.20197851955890656,0.023743877187371254,0.2865147590637207,0.3535633385181427,0.06431849300861359,0.069880910217762,0.20365121960639954,0.04757479578256607,0.2582387626171112,0.2978847622871399,0.09361252188682556,0.09903787821531296
0,2,0.37332823872566223,2,0.3099386990070343,0.225454643368721,0.05348138511180878,0.37332823872566223,0.25297608971595764,0.02687118761241436,0.06788851320743561,0.2200414091348648,0.08281087875366211,0.3099386990070343,0.2379465252161026,0.051886800676584244,0.09737570583820343
0,2,0.3317204713821411,2,0.28770947456359863,0.2306550294160843,0.02957690693438053,0.3317204713821411,0.3039601445198059,0.03161151707172394,0.07247590273618698,0.22478453814983368,0.05570478364825249,0.28770947456359863,0.2711276710033417,0.05827965959906578,0.10239384323358536
0,3,0.4013606309890747,3,0.3291966915130615,0.23136667907238007,0.06961993873119354,0.22007477283477783,0.4013606309890747,0.01042833924293518,0.06714969873428345,0.22644473612308502,0.10016171634197235,0.2188781201839447,0.3291966915130615,0.02758478932082653,0.09773384779691696
0,2,0.32111790776252747,2,0.2735132873058319,0.21799419820308685,0.08160772174596786,0.32111790776252747,0.26593372225761414,0.045958999544382095,0.06738746166229248,0.2102421671152115,0.10786635428667068,0.2735132873058319,0.24063348770141602,0.0730322077870369,0.09471246600151062
0,3,0.4710555374622345,3,0.3745139241218567,0.20203132927417755,0.04013315960764885,0.21144190430641174,0.4710555374622345,0.01237187534570694,0.06296614557504654,0.21074111759662628,0.0703059509396553,0.2173597365617752,0.3745139241218567,0.03161279857158661,0.09546644985675812
0,1,0.5902064442634583,1,0.4538191258907318,0.16742704808712006,0.5902064442634583,0.1624540239572525,0.030601458624005318,0.016109829768538475,0.03320116922259331,0.19285312294960022,0.4538191258907318,0.18894356489181519,0.06079995632171631,0.039322126656770706,0.06426218152046204
0,3,0.4142357110977173,3,0.34298214316368103,0.1817682981491089,0.025518300011754036,0.29282352328300476,0.4142357110977173,0.01375685166567564,0.0718972384929657,0.19601687788963318,0.05165861174464226,0.2709893584251404,0.34298214316368103,0.033953532576560974,0.10439947992563248
0,2,0.30113810300827026,2,0.2625713646411896,0.29975783824920654,0.10846325755119324,0.30113810300827026,0.19310826063156128,0.03126367926597595,0.06626889109611511,0.2617533206939697,0.1312270611524582,0.2625713646411896,0.1941695660352707,0.056373920291662216,0.09390485286712646
0,3,0.31901171803474426,3,0.2770921289920807,0.25819480419158936,0.022547582164406776,0.2607141435146332,0.31901171803474426,0.04937103018164635,0.09016070514917374,0.2400110960006714,0.04581815004348755,0.24159932136535645,0.2770921289920807,0.07802364975214005,0.1174556091427803
0,2,0.3379766047000885,2,0.28484418988227844,0.21446090936660767,0.2543819546699524,0.3379766047000885,0.10522884130477905,0.03727319836616516,0.05067850649356842,0.20913882553577423,0.23485024273395538,0.28484418988227844,0.12894657254219055,0.06371739506721497,0.07850274443626404
0,2,0.2949203848838806,2,0.2589261531829834,0.23530863225460052,0.20294608175754547,0.2949203848838806,0.18156884610652924,0.014804170466959476,0.07045189291238785,0.22210922837257385,0.2008730173110962,0.2589261531829834,0.18624663352966309,0.033934954553842545,0.09790993481874466
0,2,0.421312540769577,2,0.3328058421611786,0.19710466265678406,0.17037881910800934,0.421312540769577,0.11456489562988281,0.03294192627072334,0.06369715183973312,0.19865988194942474,0.1799401044845581,0.3328058421611786,0.1374214142560959,0.05893714725971222,0.09223568439483643
0,2,0.2726093530654907,2,0.24802035093307495,0.2335003763437271,0.25449511408805847,0.2726093530654907,0.17659826576709747,0.009654775261878967,0.05314207822084427,0.22325819730758667,0.23670358955860138,0.24802035093307495,0.18467871844768524,0.02564905397593975,0.08169010281562805
0,1,0.327572226524353,1,0.28333017230033875,0.21419894695281982,0.327572226524353,0.29171323776245117,0.0982327088713646,0.015067538246512413,0.053215380758047104,0.21231618523597717,0.28333017230033875,0.2618745267391205,0.1250329464673996,0.03499384596943855,0.08245223760604858
0,2,0.4133637845516205,2,0.3272543251514435,0.25265008211135864,0.08767659962177277,0.4133637845516205,0.11615289002656937,0.05762236565351486,0.07253432273864746,0.23423871397972107,0.11414673179388046,0.3272543251514435,0.13817454874515533,0.08583138138055801,0.10035432875156403
0,1,0.32260334491729736,1,0.28173917531967163,0.19039392471313477,0.32260334491729736,0.256529301404953,0.1787678748369217,0.00426073232665658,0.04744470864534378,0.19692207872867584,0.28173917531967163,0.24112537503242493,0.18867242336273193,0.014909446239471436,0.07663141191005707
0,1,0.3591664135456085,1,0.3070530891418457,0.17640630900859833,0.3591664135456085,0.19000063836574554,0.2350948005914688,0.0015003914013504982,0.03783150017261505,0.189444437623024,0.3070530891418457,0.19924189150333405,0.2302505075931549,0.007434978615492582,0.06657513976097107
0,3,0.6015726327896118,3,0.46576642990112305,0.14462219178676605,0.025658102706074715,0.18019765615463257,0.6015726327896118,0.0066118864342570305,0.04133755713701248,0.17688579857349396,0.054649896919727325,0.20538488030433655,0.46576642990112305,0.021756820380687714,0.07555621862411499
0,1,0.2997908294200897,1,0.26854193210601807,0.16627901792526245,0.2997908294200897,0.21179623901844025,0.27505218982696533,0.003943192772567272,0.04313855618238449,0.17994672060012817,0.26854193210601807,0.21208856999874115,0.2532835304737091,0.014171428978443146,0.07196782529354095
0,3,0.39685171842575073,3,0.3247263729572296,0.20996567606925964,0.04118065908551216,0.24921616911888123,0.39685171842575073,0.027860691770911217,0.07492509484291077,0.21072979271411896,0.06969572603702545,0.23674409091472626,0.3247263729572296,0.05344919115304947,0.10465484112501144
1,1,0.32412925362586975,1,0.28341731429100037,0.16734683513641357,0.32412925362586975,0.2812994122505188,0.179501011967659,0.00530838081613183,0.04241497442126274,0.18089264631271362,0.28341731429100037,0.25740715861320496,0.18971551954746246,0.017357995733618736,0.0712093710899353
1,1,0.7153684496879578,1,0.5479100942611694,0.08832880109548569,0.7153684496879578,0.10284574329853058,0.07188374549150467,0.0021705187391489744,0.0194026418030262,0.13233795762062073,0.5479100942611694,0.14674732089042664,0.11505703628063202,0.010676980018615723,0.04727065563201904
1,3,0.34200987219810486,3,0.2906402051448822,0.24700400233268738,0.06548506021499634,0.24934618175029755,0.34200987219810486,0.020525142550468445,0.07562971860170364,0.23300106823444366,0.0945679321885109,0.2344994693994522,0.2906402051448822,0.04300442710518837,0.10428681969642639
1,1,0.3092120587825775,1,0.2685242295265198,0.26068374514579773,0.3092120587825775,0.24831931293010712,0.09499005973339081,0.032585740089416504,0.05420904606580734,0.23912455141544342,0.2685242295265198,0.2313610464334488,0.1204560175538063,0.05824076756834984,0.08229346573352814
1,1,0.6436833739280701,1,0.4913736879825592,0.09987079352140427,0.6436833739280701,0.11155582219362259,0.11826533079147339,0.0031947095412760973,0.023429999127984047,0.1385994702577591,0.4913736879825592,0.14941726624965668,0.15546385943889618,0.013375754468142986,0.05176994949579239
1,2,0.36819034814834595,2,0.29859259724617004,0.2540387511253357,0.06563516706228256,0.36819034814834595,0.137129008769989,0.10419346392154694,0.07081317901611328,0.23206357657909393,0.09255170822143555,0.29859259724617004,0.1526620239019394,0.12667974829673767,0.0974503830075264
1,1,0.4651361107826233,1,0.36961829662323,0.15675537288188934,0.4651361107826233,0.26390892267227173,0.0440324991941452,0.035256464034318924,0.03491062670946121,0.1765701323747635,0.36961829662323,0.2515237629413605,0.07453500479459763,0.06409021466970444,0.06366253644227982
1,3,0.2873450517654419,3,0.2522846460342407,0.22506539523601532,0.11669747531414032,0.2667846977710724,0.2873450517654419,0.04099023714661598,0.06311721354722977,0.21371185779571533,0.13679872453212738,0.23987819254398346,0.2522846460342407,0.06721341609954834,0.09011314809322357
1,1,0.8744274377822876,1,0.7088338136672974,0.04535133019089699,0.8744274377822876,0.04437597095966339,0.025907890871167183,0.0006466931663453579,0.009290667250752449,0.09498430043458939,0.7088338136672974,0.09359194338321686,0.06493715941905975,0.005295166280120611,0.03235768526792526
1,4,0.3418410122394562,4,0.29129183292388916,0.1906663179397583,0.008130752481520176,0.25911691784858704,0.13991360366344452,0.3418410122394562,0.060331374406814575,0.19593460857868195,0.02298678085207939,0.241322860121727,0.15878665447235107,0.29129183292388916,0.08967728912830353
1,3,0.44910183548927307,3,0.362882524728775,0.1614833027124405,0.016664544120430946,0.27873051166534424,0.44910183548927307,0.03147067874670029,0.06254900246858597,0.1811521351337433,0.038734905421733856,0.26245686411857605,0.362882524728775,0.05965469032526016,0.09511884301900864
1,1,0.6594592332839966,1,0.5071043372154236,0.11928676813840866,0.6594592332839966,0.15944716334342957,0.029383882880210876,0.008206648752093315,0.024216264486312866,0.1587483137845993,0.5071043372154236,0.19333387911319733,0.06129336357116699,0.025772832334041595,0.053747374564409256
1,1,0.7241758108139038,1,0.5585989356040955,0.12666895985603333,0.7241758108139038,0.10254433751106262,0.016797475516796112,0.010292564518749714,0.019520830363035202,0.17092680931091309,0.5585989356040955,0.14807632565498352,0.04333530738949776,0.031071148812770844,0.04799148440361023
1,1,0.37671783566474915,1,0.3125181794166565,0.21057972311973572,0.37671783566474915,0.2512582540512085,0.09776590019464493,0.019131431356072426,0.04454683139920235,0.2105250507593155,0.3125181794166565,0.23735742270946503,0.12501636147499084,0.04128364846110344,0.073299340903759
1,1,0.4589444696903229,1,0.360950767993927,0.20068375766277313,0.4589444696903229,0.20173847675323486,0.04890463501214981,0.05560310557484627,0.03412550687789917,0.2057967334985733,0.360950767993927,0.20653076469898224,0.07887957245111465,0.08606579154729843,0.061776284128427505
1,1,0.6781805753707886,1,0.5167386531829834,0.09691803902387619,0.6781805753707886,0.15327653288841248,0.032238759100437164,0.012473970651626587,0.026912163943052292,0.13783757388591766,0.5167386531829834,0.18818339705467224,0.06526512652635574,0.03424423187971115,0.05773109942674637
1,3,0.5316469669342041,3,0.4157043993473053,0.19791452586650848,0.020896065980196,0.17649294435977936,0.5316469669342041,0.014859615825116634,0.05818988382816315,0.2124706506729126,0.046142011880874634,0.19656552374362946,0.4157043993473053,0.03660435602068901,0.09251313656568527
1,3,0.41394349932670593,3,0.33595338463783264,0.21854425966739655,0.13981395959854126,0.1655581295490265,0.41394349932670593,0.005917076021432877,0.056223101913928986,0.2177014797925949,0.1607310175895691,0.18028295040130615,0.33595338463783264,0.01875966787338257,0.08657146245241165
1,2,0.32900407910346985,2,0.2840921878814697,0.1984047144651413,0.3227410912513733,0.32900407910346985,0.07054804265499115,0.030354712158441544,0.04894727095961571,0.2014969140291214,0.2804076075553894,0.2840921878814697,0.0998278483748436,0.05629635229706764,0.07787904888391495
1,2,0.3539099395275116,2,0.28925544023513794,0.25201913714408875,0.1067877933382988,0.3539099395275116,0.1380736380815506,0.08777140080928802,0.06143808737397194,0.22968034446239471,0.12818387150764465,0.28925544023513794,0.15262557566165924,0.11219795048236847,0.08805679529905319
1,1,0.8280213475227356,1,0.654887855052948,0.057305045425891876,0.8280213475227356,0.06016656011343002,0.04198421165347099,0.0006073740078136325,0.01191553846001625,0.1067507341504097,0.654887855052948,0.11034301668405533,0.0864177867770195,0.004865014459937811,0.03673558682203293
1,1,0.3773345649242401,1,0.3155128061771393,0.14556050300598145,0.3773345649242401,0.33651837706565857,0.06678737699985504,0.03888585418462753,0.03491327166557312,0.1652090698480606,0.3155128061771393,0.29190897941589355,0.09732385724782944,0.06740124523639679,0.06264401227235794
1,1,0.4800148010253906,1,0.37554439902305603,0.15374837815761566,0.4800148010253906,0.23759345710277557,0.03945744037628174,0.04836146906018257,0.040824342519044876,0.17330992221832275,0.37554439902305603,0.2329232543706894,0.06880481541156769,0.07900272309780121,0.07041492313146591
1,1,0.5931547284126282,1,0.45557790994644165,0.1306218057870865,0.5931547284126282,0.1271613985300064,0.11675358563661575,0.00218381779268384,0.030124692246317863,0.16300825774669647,0.45557790994644165,0.1600624918937683,0.15104298293590546,0.010124331340193748,0.06018403545022011
1,1,0.7592194676399231,1,0.587174654006958,0.09036393463611603,0.7592194676399231,0.08142174035310745,0.053529273718595505,0.002214874140918255,0.013250760734081268,0.13832871615886688,0.587174654006958,0.12887665629386902,0.0969291627407074,0.011141001246869564,0.037549763917922974
1,2,0.35092905163764954,2,0.29083216190338135,0.23936320841312408,0.09962571412324905,0.35092905163764954,0.20499293506145477,0.04154105484485626,0.06354805827140808,0.22427529096603394,0.12365472316741943,0.29083216190338135,0.20186318457126617,0.06826183944940567,0.09111280739307404
1,1,0.7007821202278137,1,0.5415614247322083,0.11789368093013763,0.7007821202278137,0.1323792040348053,0.020947827026247978,0.0055235521867871284,0.022473566234111786,0.16138610243797302,0.5415614247322083,0.1746026873588562,0.04991258308291435,0.020183373242616653,0.052353862673044205
1,1,0.8956776857376099,1,0.7378932237625122,0.03954937681555748,0.8956776857376099,0.043814487755298615,0.011428959667682648,0.0019184431293979287,0.007611081935465336,0.0886416882276535,0.7378932237625122,0.09502734988927841,0.03814578056335449,0.011350350454449654,0.028941605240106583
2,1,0.4110012650489807,1,0.3344610333442688,0.1785850077867508,0.4110012650489807,0.2051689624786377,0.15586648881435394,0.00871156994253397,0.040666788816452026,0.18987509608268738,0.3344610333442688,0.2086423635482788,0.1731135994195938,0.024406082928180695,0.06950175017118454
2,3,0.5133402943611145,3,0.4006637930870056,0.17577502131462097,0.07034695148468018,0.1836240142583847,0.5133402943611145,0.00579106668010354,0.051122598350048065,0.19348038733005524,0.10387279838323593,0.199307382106781,0.4006637930870056,0.019049931317567825,0.08362563699483871
2,2,0.38743311166763306,2,0.31267663836479187,0.23641613125801086,0.06355229020118713,0.38743311166763306,0.185485377907753,0.05246531963348389,0.07464778423309326,0.223557248711586,0.09159267693758011,0.31267663836479187,0.18959231674671173,0.08040987700223923,0.10217124968767166
2,2,0.33200275897979736,2,0.2831415832042694,0.2253449261188507,0.11729627102613449,0.33200275897979736,0.23615118861198425,0.012139648199081421,0.07706523686647415,0.21761785447597504,0.13966628909111023,0.2831415832042694,0.22465263307094574,0.029922906309366226,0.10499867796897888
2,2,0.3392123579978943,2,0.2893080711364746,0.1862826645374298,0.012473076581954956,0.3392123579978943,0.2850068509578705,0.11262991279363632,0.06439507752656937,0.19255699217319489,0.030691374093294144,0.2893080711364746,0.2570396661758423,0.13681581616401672,0.09358801692724228
2,2,0.341755211353302,2,0.28861820697784424,0.204640194773674,0.03128835931420326,0.341755211353302,0.2804069519042969,0.07083173841238022,0.07107760012149811,0.20372498035430908,0.0568937323987484,0.28861820697784424,0.2523251473903656,0.09910222142934799,0.09933573007583618
2,2,0.3728378713130951,2,0.30304160714149475,0.22025847434997559,0.05060426518321037,0.3728378713130951,0.20384670794010162,0.08546259254217148,0.06699009239673615,0.21195340156555176,0.07805301994085312,0.30304160714149475,0.2010938823223114,0.11142261326313019,0.0944354385137558
2,2,0.35723936557769775,2,0.29059702157974243,0.24032482504844666,0.06554720550775528,0.35723936557769775,0.13490933179855347,0.1187492236495018,0.08323013782501221,0.22200137376785278,0.09185604006052017,0.29059702157974243,0.14998087286949158,0.1375305950641632,0.1080341786146164
2,3,0.3690384030342102,3,0.3148605227470398,0.13520970940589905,0.2960216999053955,0.15953359007835388,0.3690384030342102,0.0020985694136470556,0.03809813782572746,0.15919657051563263,0.27107155323028564,0.17812791466712952,0.3148605227470398,0.009400730952620506,0.06734266132116318
2,3,0.3707052171230316,3,0.30832141637802124,0.22869354486465454,0.05336514860391617,0.2477727085351944,0.3707052171230316,0.02357126586139202,0.07589210569858551,0.22208526730537415,0.0826520025730133,0.23450735211372375,0.30832141637802124,0.04744759202003479,0.10498638451099396
2,1,0.36089983582496643,1,0.2980266213417053,0.18364644050598145,0.36089983582496643,0.2639211416244507,0.06553458422422409,0.08707426488399506,0.038923729211091995,0.1883510947227478,0.2980266213417053,0.2409573346376419,0.09354221820831299,0.11345845460891724,0.06566429138183594
2,2,0.3215543031692505,2,0.26833227276802063,0.20118305087089539,0.06703536212444305,0.3215543031692505,0.146526038646698,0.18857575953006744,0.07512541860342026,0.19513732194900513,0.09250297397375107,0.26833227276802063,0.15733566880226135,0.18674562871456146,0.0999460518360138
2,3,0.31750157475471497,3,0.2737813889980316,0.2189149111509323,0.1046810895204544,0.2708689272403717,0.31750157475471497,0.02201937511563301,0.06601417064666748,0.21268132328987122,0.12885504961013794,0.24578002095222473,0.2737813889980316,0.04469144716858864,0.09421063214540482
2,1,0.3349720537662506,1,0.2860650420188904,0.18022574484348297,0.3349720537662506,0.22325313091278076,0.20087064802646637,0.011823073029518127,0.04885535687208176,0.1877688318490982,0.2860650420188904,0.2171591818332672,0.2021225243806839,0.029515070840716362,0.077369324862957
2,1,0.3927004635334015,1,0.319341778755188,0.1962093859910965,0.3927004635334015,0.21233150362968445,0.12820981442928314,0.0202769972383976,0.05027186498045921,0.19933222234249115,0.319341778755188,0.21031548082828522,0.14929941296577454,0.042663488537073135,0.07904756814241409
2,1,0.665617048740387,1,0.5082076787948608,0.09977664053440094,0.665617048740387,0.11673549562692642,0.09184432774782181,0.002297375351190567,0.023729152977466583,0.14003241062164307,0.5082076787948608,0.15578797459602356,0.13237087428569794,0.010809337720274925,0.05279167741537094
2,4,0.31926417350769043,4,0.2777232229709625,0.15307648479938507,0.004801101051270962,0.2608984112739563,0.1924736052751541,0.31926417350769043,0.06948626041412354,0.16856828331947327,0.01605158858001232,0.2421356588602066,0.19693966209888458,0.2777232229709625,0.09858160465955734
2,2,0.2905213534832001,2,0.25375452637672424,0.2756730020046234,0.22566837072372437,0.2905213534832001,0.07586877793073654,0.06902856379747391,0.06323986500501633,0.24487163126468658,0.21374601125717163,0.25375452637672424,0.10194093734025955,0.09560425579547882,0.09008260816335678
2,2,0.37197715044021606,2,0.30708903074264526,0.21368837356567383,0.053945161402225494,0.37197715044021606,0.2520914375782013,0.035385940223932266,0.07291188836097717,0.21074208617210388,0.08273559808731079,0.30708903074264526,0.23577840626239777,0.06213150545954704,0.10152335464954376
2,2,0.31592193245887756,2,0.26989760994911194,0.2299949824810028,0.25232306122779846,0.31592193245887756,0.07173378765583038,0.08614923059940338,0.043877050280570984,0.21755066514015198,0.23168152570724487,0.26989760994911194,0.09860004484653473,0.11165911704301834,0.07061099261045456
2,1,0.5230793356895447,1,0.4077937602996826,0.1379782259464264,0.5230793356895447,0.17812222242355347,0.12554475665092468,0.005179618485271931,0.030095767229795456,0.16494356095790863,0.4077937602996826,0.19618526101112366,0.1546960026025772,0.017745742574334145,0.0586356483399868
2,1,0.4159615635871887,1,0.34010082483291626,0.14886699616909027,0.4159615635871887,0.22079534828662872,0.17050324380397797,0.004163566045463085,0.03970929607748985,0.16923925280570984,0.34010082483291626,0.2211965173482895,0.18557976186275482,0.014908757992088795,0.06897484511137009
2,2,0.32821568846702576,2,0.27962440252304077,0.2076493203639984,0.2551295757293701,0.32821568846702576,0.1302526593208313,0.02535257674753666,0.05340022221207619,0.20489242672920227,0.23565088212490082,0.27962440252304077,0.1492634415626526,0.04911178722977638,0.08145704120397568
2,2,0.32331305742263794,2,0.27514222264289856,0.23700730502605438,0.1392814964056015,0.32331305742263794,0.21165628731250763,0.027291638776659966,0.061450324952602386,0.22282104194164276,0.15529057383537292,0.27514222264289856,0.20634102821350098,0.051327209919691086,0.0890779197216034
2,1,0.4476202130317688,1,0.35732612013816833,0.15899062156677246,0.4476202130317688,0.2567530870437622,0.07559983432292938,0.02092943713068962,0.04010675102472305,0.17690008878707886,0.35732612013816833,0.24496521055698395,0.10676781833171844,0.044626686722040176,0.0694141536951065
2,2,0.2796937823295593,2,0.24851025640964508,0.2580425441265106,0.08876702189445496,0.2796937823295593,0.25221168994903564,0.029684562236070633,0.09160039573907852,0.23527580499649048,0.11397205293178558,0.24851025640964508,0.23165155947208405,0.054159875959157944,0.11643051356077194
2,3,0.3854925036430359,3,0.3190811276435852,0.18923290073871613,0.17759524285793304,0.19215337932109833,0.3854925036430359,0.004875494167208672,0.050650566816329956,0.19679227471351624,0.18848858773708344,0.1988501101732254,0.3190811276435852,0.01639598235487938,0.08039190620183945
2,3,0.53277587890625,3,0.4182283282279968,0.14199571311473846,0.009336437098681927,0.2322779893875122,0.53277587890625,0.02780865505337715,0.055805403739213943,0.17035561800003052,0.026819515973329544,0.23797357082366943,0.4182283282279968,0.05628617852926254,0.09033670276403427
2,2,0.3075571060180664,2,0.2637372314929962,0.23203133046627045,0.10664847493171692,0.3075571060180664,0.24067872762680054,0.05037593096494675,0.06270841509103775,0.21779541671276093,0.12845423817634583,0.2637372314929962,0.22327613830566406,0.07717985659837723,0.08955708891153336
2,3,0.3544454276561737,3,0.29868295788764954,0.19653169810771942,0.09486977010965347,0.27796676754951477,0.3544454276561737,0.01595953479409218,0.06022688001394272,0.2001013457775116,0.12201366573572159,0.2532293200492859,0.29868295788764954,0.036359403282403946,0.08961325883865356
2,2,0.31334149837493896,2,0.26398709416389465,0.25545409321784973,0.06981348246335983,0.31334149837493896,0.15312843024730682,0.1253013163805008,0.08296123147010803,0.2297905683517456,0.09520851820707321,0.26398709416389465,0.16231925785541534,0.14164772629737854,0.10704687237739563
2,2,0.3236375153064728,2,0.27693575620651245,0.27409565448760986,0.12008094787597656,0.3236375153064728,0.19564774632453918,0.02324036881327629,0.0632978305220604,0.247382253408432,0.1412264108657837,0.27693575620651245,0.19674862921237946,0.04628847539424896,0.09141847491264343
2,4,0.35310009121894836,4,0.30055972933769226,0.1604054719209671,0.0028525555972009897,0.21311424672603607,0.21827566623687744,0.35310009121894836,0.052252016961574554,0.17586342990398407,0.0113905668258667,0.21329817175865173,0.21679344773292542,0.30055972933769226,0.08209467679262161
2,2,0.3518490195274353,2,0.29567164182662964,0.22901810705661774,0.15322883427143097,0.3518490195274353,0.19391502439975739,0.011080898344516754,0.06090812012553215,0.22087354958057404,0.16811224818229675,0.29567164182662964,0.1972714364528656,0.028233520686626434,0.08983761817216873
2,2,0.3317011296749115,2,0.27674487233161926,0.22537089884281158,0.05949779972434044,0.3317011296749115,0.21217355132102966,0.09970761090517044,0.07154899835586548,0.2128494679927826,0.0861414223909378,0.27674487233161926,0.20430192351341248,0.12232421338558197,0.09763815999031067
2,1,0.5739997625350952,1,0.4412475824356079,0.1244959607720375,0.5739997625350952,0.1994764506816864,0.05736510083079338,0.012154407799243927,0.03250829130411148,0.1562584936618805,0.4412475824356079,0.21523123979568481,0.092316634953022,0.03217673301696777,0.06276927143335342
2,3,0.4271138906478882,3,0.34349265694618225,0.20586948096752167,0.016599876806139946,0.22334149479866028,0.4271138906478882,0.06163562834262848,0.06543969362974167,0.2092360556125641,0.03783683851361275,0.22113919258117676,0.34349265694618225,0.09223303943872452,0.09606225043535233
2,1,0.9932290315628052,1,0.9524361491203308,0.003373289480805397,0.9932290315628052,0.0020831443835049868,0.0010010466212406754,1.1031383110093884e-05,0.0003023406316060573,0.02003718912601471,0.9524361491203308,0.01444282103329897,0.00877968966960907,0.0004108463763259351,0.003893244545906782
2,0,0.26246950030326843,0,0.23939579725265503,0.26246950030326843,0.20509490370750427,0.25108975172042847,0.19681787490844727,0.011433401145040989,0.07309453189373016,0.23939579725265503,0.20246756076812744,0.2322959303855896,0.19688107073307037,0.028494395315647125,0.10046526789665222
2,2,0.37042364478111267,2,0.30153489112854004,0.28645479679107666,0.09653430432081223,0.37042364478111267,0.09859254956245422,0.08388978242874146,0.06410496681928635,0.2532254457473755,0.12096499651670456,0.30153489112854004,0.12271086126565933,0.10996276885271072,0.09160108119249344
2,2,0.38968250155448914,2,0.3121247887611389,0.23658795654773712,0.06145935505628586,0.38968250155448914,0.1594107449054718,0.0812821164727211,0.071577288210392,0.2223966270685196,0.0890241414308548,0.3121247887611389,0.1700820028781891,0.10763914883136749,0.0987333208322525
2,2,0.4101603925228119,2,0.33207762241363525,0.22108957171440125,0.05413300171494484,0.4101603925228119,0.2169051170349121,0.020738163962960243,0.07697370648384094,0.21824583411216736,0.08392059057950974,0.33207762241363525,0.21543164551258087,0.043736282736063004,0.10658802092075348
2,2,0.33975425362586975,2,0.2857270836830139,0.17694932222366333,0.03034520521759987,0.33975425362586975,0.11672677844762802,0.27385738492012024,0.06236704811453819,0.18344955146312714,0.05538542941212654,0.2857270836830139,0.13829155266284943,0.24680200219154358,0.09034430235624313
2,3,0.3435375690460205,3,0.2896338403224945,0.23449411988258362,0.025833336636424065,0.24606060981750488,0.3435375690460205,0.07885535806417465,0.0712190568447113,0.22346287965774536,0.049950819462537766,0.23089157044887543,0.2896338403224945,0.10659296810626984,0.0994679406285286
2,2,0.4235607981681824,2,0.3312435448169708,0.1763382852077484,0.05108772590756416,0.4235607981681824,0.14104145765304565,0.1462852656841278,0.06168654188513756,0.18266530334949493,0.07874329388141632,0.3312435448169708,0.15695369243621826,0.160893976688385,0.08950026333332062
2,2,0.34105727076530457,2,0.28555893898010254,0.22872228920459747,0.1854984164237976,0.34105727076530457,0.15219371020793915,0.023413466289639473,0.06911475211381912,0.217689648270607,0.18882088363170624,0.28555893898010254,0.16507267951965332,0.046292826533317566,0.09656503051519394
2,1,0.37835419178009033,1,0.3169585168361664,0.19899535179138184,0.37835419178009033,0.18101218342781067,0.196823850274086,0.0029207165353000164,0.04189370945096016,0.20486198365688324,0.3169585168361664,0.19209739565849304,0.20334090292453766,0.011646765284240246,0.07109436392784119
2,4,0.3931671380996704,4,0.3238900899887085,0.13800346851348877,0.005394584033638239,0.24406234920024872,0.16137054562568665,0.3931671380996704,0.05800190567970276,0.15906095504760742,0.017589906230568886,0.2342861294746399,0.17689113318920135,0.3238900899887085,0.08828187733888626
2,2,0.28731539845466614,2,0.25070127844810486,0.24151907861232758,0.24768750369548798,0.28731539845466614,0.09174209088087082,0.06613525748252869,0.06560065597295761,0.2228117287158966,0.22666127979755402,0.25070127844810486,0.11545276641845703,0.09244056046009064,0.09193234890699387
2,2,0.30100545287132263,2,0.2639886736869812,0.24041679501533508,0.27943259477615356,0.30100545287132263,0.0948331356048584,0.0315525159239769,0.052759476006031036,0.22661395370960236,0.2509852647781372,0.2639886736869812,0.12046955525875092,0.057050418108701706,0.08089219778776169
2,3,0.5853762030601501,3,0.45200586318969727,0.12302865833044052,0.03804321587085724,0.20105412602424622,0.5853762030601501,0.006903220899403095,0.04559461027383804,0.1566818803548813,0.07059907913208008,0.21872660517692566,0.45200586318969727,0.022148363292217255,0.07983817160129547
2,1,0.4925175905227661,1,0.3868672549724579,0.16429851949214935,0.4925175905227661,0.19596073031425476,0.10420004278421402,0.008302563801407814,0.034720584750175476,0.1835339516401291,0.3868672549724579,0.20687170326709747,0.1347067654132843,0.024163343012332916,0.06385710090398788
2,2,0.31971994042396545,2,0.2697169780731201,0.2775186002254486,0.12273910641670227,0.31971994042396545,0.1462700217962265,0.05714371055364609,0.07660859078168869,0.24499164521694183,0.14076553285121918,0.2697169780731201,0.15857484936714172,0.083749920129776,0.10220110416412354
2,2,0.35882318019866943,2,0.29273638129234314,0.24255453050136566,0.05124178156256676,0.35882318019866943,0.13199321925640106,0.13666889071464539,0.07871842384338379,0.22436776757240295,0.0780475065112114,0.29273638129234314,0.14841249585151672,0.15196339786052704,0.10447243601083755
2,2,0.3178063631057739,2,0.27286213636398315,0.18994224071502686,0.017420928925275803,0.3178063631057739,0.16486497223377228,0.2431398183107376,0.06682562083005905,0.19235748052597046,0.03796478360891342,0.27286213636398315,0.17471954226493835,0.22748105227947235,0.09461501985788345
2,2,0.39039260149002075,2,0.31948310136795044,0.18079355359077454,0.028606465086340904,0.39039260149002075,0.2706741690635681,0.05238485336303711,0.07714834809303284,0.18939606845378876,0.05413826182484627,0.31948310136795044,0.2491232454776764,0.08165153861045837,0.10620769113302231
2,2,0.2719435393810272,2,0.2467096596956253,0.19923406839370728,0.008612830191850662,0.2719435393810272,0.25900211930274963,0.19524909555912018,0.06595834344625473,0.1997159719467163,0.02364855632185936,0.2467096596956253,0.23867303133010864,0.19699397683143616,0.09425881505012512
2,0,0.29957228899002075,0,0.2566668689250946,0.29957228899002075,0.10492787510156631,0.27460360527038574,0.16927219927310944,0.0643387958407402,0.08728530257940292,0.2566668689250946,0.12586601078510284,0.24193477630615234,0.17417249083518982,0.09028783440589905,0.11107203364372253
2,1,0.6441209316253662,1,0.49407193064689636,0.11186390370130539,0.6441209316253662,0.15020641684532166,0.06892621517181396,0.003670496167615056,0.0212120171636343,0.1504499912261963,0.49407193064689636,0.18379415571689606,0.10827987641096115,0.014772314578294754,0.04863171651959419
3,4,0.3903002142906189,4,0.32350173592567444,0.14955571293830872,0.0015538429142907262,0.1907518208026886,0.20832550525665283,0.3903002142906189,0.059512909501791,0.16862232983112335,0.0075813522562384605,0.19892333447933197,0.2111942619085312,0.32350173592567444,0.09017694741487503
3,1,0.3396110534667969,1,0.289631724357605,0.2390139400959015,0.3396110534667969,0.23329667747020721,0.12528157234191895,0.01383924763649702,0.04895748943090439,0.2281522899866104,0.289631724357605,0.2244310826063156,0.14712220430374146,0.032946910709142685,0.07771574705839157
3,3,0.4639894366264343,3,0.36992499232292175,0.16302834451198578,0.11630548536777496,0.20526917278766632,0.4639894366264343,0.0026516378857195377,0.048755887895822525,0.1817941814661026,0.14453169703483582,0.2125903069972992,0.36992499232292175,0.011082054115831852,0.08007679879665375
3,3,0.37766262888908386,3,0.3157181143760681,0.21247707307338715,0.05904204398393631,0.27251574397087097,0.37766262888908386,0.013476474210619926,0.06482608616352081,0.21361659467220306,0.08951268345117569,0.2529560625553131,0.3157181143760681,0.032817475497722626,0.09537909179925919
3,3,0.4330745339393616,3,0.35287901759147644,0.1993943452835083,0.039017364382743835,0.2590080797672272,0.4330745339393616,0.012946761213243008,0.056558895856142044,0.20836733281612396,0.06880669295787811,0.2488798350095749,0.35287901759147644,0.03252498060464859,0.08854226768016815
3,3,0.4315527677536011,3,0.3508358895778656,0.16287203133106232,0.074347585439682,0.26668938994407654,0.4315527677536011,0.0054522170685231686,0.059085916727781296,0.18099451065063477,0.10625167936086655,0.25300392508506775,0.3508358895778656,0.018014639616012573,0.09089940041303635
3,3,0.3968002498149872,3,0.32515913248062134,0.22384759783744812,0.05622527748346329,0.2341264933347702,0.3968002498149872,0.018263665959239006,0.07073665410280228,0.22040826082229614,0.08623426407575607,0.22723303735256195,0.32515913248062134,0.04017774388194084,0.10078761726617813
3,3,0.2803975045681,3,0.2519381046295166,0.19164960086345673,0.008440214209258556,0.2782979905605316,0.2803975045681,0.1660638451576233,0.07515086233615875,0.19455446302890778,0.023329738527536392,0.25065526366233826,0.2519381046295166,0.1765107661485672,0.10301174968481064
3,2,0.3343600034713745,2,0.28092220425605774,0.2686578631401062,0.06674056500196457,0.3343600034713745,0.19918988645076752,0.056284379214048386,0.07476724684238434,0.24213071167469025,0.09402623772621155,0.28092220425605774,0.19760450720787048,0.08375008404254913,0.10156624019145966
3,2,0.32034891843795776,2,0.2706107199192047,0.25147801637649536,0.057959724217653275,0.32034891843795776,0.09548136591911316,0.20406262576580048,0.07066931575536728,0.22958466410636902,0.08472740650177002,0.2706107199192047,0.1189252957701683,0.19921064376831055,0.09694113582372665
3,3,0.3536384403705597,3,0.30217400193214417,0.1310884952545166,0.004210652783513069,0.2781141996383667,0.3536384403705597,0.18531787395477295,0.04763029143214226,0.15399812161922455,0.01490352675318718,0.2566784918308258,0.30217400193214417,0.19482222199440002,0.07742365449666977
3,2,0.2821986675262451,2,0.25455212593078613,0.2345726639032364,0.20246689021587372,0.2821986675262451,0.22195543348789215,0.00739759998396039,0.051408685743808746,0.2245175838470459,0.20315715670585632,0.25455212593078613,0.21624252200126648,0.02145901694893837,0.08007164299488068
3,3,0.5201699137687683,3,0.4079751968383789,0.16706633567810059,0.05712518468499184,0.20332512259483337,0.5201699137687683,0.004510083235800266,0.047803301364183426,0.1886264830827713,0.09100034087896347,0.21554693579673767,0.4079751968383789,0.016221921890974045,0.08062908053398132
3,3,0.3873499929904938,3,0.32196125388145447,0.22415760159492493,0.029787098988890648,0.2672566771507263,0.3873499929904938,0.032235413789749146,0.059213150292634964,0.2220516949892044,0.056376464664936066,0.2502244710922241,0.32196125388145447,0.059483788907527924,0.0899023786187172
3,1,0.7783092856407166,1,0.6055126190185547,0.0937470942735672,0.7783092856407166,0.0656437799334526,0.044783033430576324,0.0009679912473075092,0.01654880680143833,0.14380866289138794,0.6055126190185547,0.11289263516664505,0.0870683416724205,0.00643856730312109,0.04427924379706383
3,2,0.3774572014808655,2,0.3097783923149109,0.19941477477550507,0.18693888187408447,0.3774572014808655,0.16689079999923706,0.018378525972366333,0.0509197860956192,0.20083126425743103,0.19220907986164093,0.3097783923149109,0.17795510590076447,0.03976784646511078,0.07945840805768967
3,3,0.2630070447921753,3,0.24081604182720184,0.2061329185962677,0.197350412607193,0.2609080970287323,0.2630070447921753,0.01062353141605854,0.06197796389460564,0.20408448576927185,0.1981373280286789,0.2395090013742447,0.24081604182720184,0.02723035216331482,0.09022286534309387
3,3,0.7437317371368408,3,0.5781513452529907,0.09282038360834122,0.006428609136492014,0.11414127051830292,0.7437317371368408,0.005419632885605097,0.037458375096321106,0.14066241681575775,0.02294040657579899,0.16187207400798798,0.5781513452529907,0.020428599789738655,0.07594515383243561
3,3,0.5410414338111877,3,0.42045092582702637,0.16762028634548187,0.009792104363441467,0.1894109547138214,0.5410414338111877,0.0321265384554863,0.06000858545303345,0.18969503045082092,0.027559280395507812,0.20611430704593658,0.42045092582702637,0.061764467507600784,0.09441599249839783
3,1,0.5780436992645264,1,0.44509926438331604,0.15140759944915771,0.5780436992645264,0.18346349895000458,0.041649043560028076,0.013667650520801544,0.0317685641348362,0.17917443811893463,0.44509926438331604,0.20413833856582642,0.07456628233194351,0.03498315066099167,0.06203842908143997
3,3,0.32307732105255127,3,0.2788689434528351,0.2028268575668335,0.01760653592646122,0.28785908222198486,0.32307732105255127,0.11140114814043045,0.05722903832793236,0.20327042043209076,0.0386466383934021,0.25784164667129517,0.2788689434528351,0.13530567288398743,0.08606665581464767
3,3,0.3038358986377716,3,0.2654653489589691,0.22549928724765778,0.09804370999336243,0.28220880031585693,0.3038358986377716,0.024785028770565987,0.06562720984220505,0.2167966663837433,0.1231289878487587,0.25247952342033386,0.2654653489589691,0.0483846515417099,0.09374485164880753
3,3,0.5349240899085999,3,0.41758352518081665,0.15660445392131805,0.02185922861099243,0.21849988400936127,0.5349240899085999,0.020209522917866707,0.04790286347270012,0.18129505217075348,0.04759213700890541,0.22731786966323853,0.41758352518081665,0.045121971517801285,0.08108949661254883
3,1,0.5893548130989075,1,0.46038249135017395,0.09659375995397568,0.5893548130989075,0.09551578015089035,0.19682718813419342,0.0006766161532141268,0.02103183977305889,0.13478392362594604,0.46038249135017395,0.13376040756702423,0.2185799926519394,0.00463638361543417,0.04785679653286934
3,1,0.7818673849105835,1,0.6084023118019104,0.07297702133655548,0.7818673849105835,0.09196341782808304,0.03710012882947922,0.0025483896024525166,0.013543608598411083,0.12151419371366501,0.6084023118019104,0.14218071103096008,0.07674743980169296,0.01244666613638401,0.038708653301000595
3,3,0.3483203053474426,3,0.29628199338912964,0.2722209692001343,0.05579133704304695,0.23737794160842896,0.3483203053474426,0.021890580654144287,0.06439883261919022,0.25060486793518066,0.08539708703756332,0.2283434271812439,0.29628199338912964,0.04523434117436409,0.09413827955722809
3,2,0.35805633664131165,2,0.30412721633911133,0.18485283851623535,0.08763254433870316,0.35805633664131165,0.3047904968261719,0.010854745283722878,0.0538131445646286,0.1941034346818924,0.11691109091043472,0.30412721633911133,0.27261117100715637,0.028298882767558098,0.0839482918381691
3,2,0.28537052869796753,2,0.24555009603500366,0.24885207414627075,0.14400984346866608,0.28537052869796753,0.12385983765125275,0.1266895979642868,0.07121814042329788,0.22374235093593597,0.154311865568161,0.24555009603500366,0.13929523527622223,0.1414489597082138,0.09565150737762451
3,3,0.3246179521083832,3,0.27713319659233093,0.24259690940380096,0.03722875937819481,0.2510915696620941,0.3246179521083832,0.059494420886039734,0.0849703773856163,0.22739215195178986,0.06366243958473206,0.2327703833580017,0.27713319659233093,0.08753295242786407,0.11150886863470078
3,3,0.551249086856842,3,0.42381393909454346,0.14734488725662231,0.03809782862663269,0.19148491322994232,0.551249086856842,0.015589306131005287,0.056233957409858704,0.17297036945819855,0.06901958584785461,0.2066650092601776,0.42381393909454346,0.03761698305606842,0.08991411328315735
3,3,0.41157886385917664,3,0.3343733847141266,0.21226678788661957,0.03795819729566574,0.24219849705696106,0.41157886385917664,0.029891159385442734,0.06610643118619919,0.213258758187294,0.06624232977628708,0.23324863612651825,0.3343733847141266,0.056319329887628555,0.09655757993459702
3,3,0.5049723982810974,3,0.39419063925743103,0.17408736050128937,0.02450401708483696,0.20694629848003387,0.5049723982810974,0.026216505095362663,0.06327342987060547,0.19123411178588867,0.05048781633377075,0.2150643914937973,0.39419063925743103,0.052858300507068634,0.09616469591856003
3,3,0.6147294640541077,3,0.4759353995323181,0.14309890568256378,0.009595497511327267,0.17066039144992828,0.6147294640541077,0.012589799240231514,0.04932587593793869,0.17683462798595428,0.028213193640112877,0.1993083506822586,0.4759353995323181,0.03392871841788292,0.08577977120876312
3,3,0.58460533618927,3,0.4497813284397125,0.1234016939997673,0.05061750486493111,0.19488605856895447,0.58460533618927,0.007928835228085518,0.038560666143894196,0.15637162327766418,0.08536594361066818,0.21328304708003998,0.4497813284397125,0.024235285818576813,0.07096271961927414
3,1,0.3301222026348114,1,0.2834727466106415,0.2258952409029007,0.3301222026348114,0.22396592795848846,0.1552274078130722,0.009719292633235455,0.0550699308514595,0.21907725930213928,0.2834727466106415,0.21780464053153992,0.16979528963565826,0.025857912376523018,0.0839921310544014
3,2,0.3251551687717438,2,0.27204430103302,0.23546063899993896,0.06476817280054092,0.3251551687717438,0.19716328382492065,0.09899187088012695,0.07846079766750336,0.218489870429039,0.09092603623867035,0.27204430103302,0.19367273151874542,0.12129053473472595,0.10357655584812164
3,1,0.3120175898075104,1,0.2728710174560547,0.22191299498081207,0.3120175898075104,0.196594700217247,0.20183619856834412,0.005091953556984663,0.06254653632640839,0.2164885252714157,0.2728710174560547,0.19938857853412628,0.2029840648174286,0.0166719201952219,0.09159591048955917
3,3,0.4889637231826782,3,0.3853680193424225,0.1791689246892929,0.009795528836548328,0.20986859500408173,0.4889637231826782,0.04135982692241669,0.07084337621927261,0.19486099481582642,0.027063611894845963,0.21695876121520996,0.3853680193424225,0.07199036329984665,0.1037582978606224
4,2,0.32824018597602844,2,0.27866679430007935,0.2269003540277481,0.017709407955408096,0.32824018597602844,0.2063274383544922,0.14590029418468475,0.07492232322692871,0.21685396134853363,0.0383564755320549,0.27866679430007935,0.20329666137695312,0.1606595665216446,0.10216660052537918
4,1,0.3582489788532257,1,0.2996113896369934,0.21603995561599731,0.3582489788532257,0.2632690668106079,0.08113417029380798,0.029749128967523575,0.05155866965651512,0.21250362694263458,0.2996113896369934,0.24304594099521637,0.10926277935504913,0.055273205041885376,0.08030299842357635
4,2,0.27464842796325684,2,0.2427368313074112,0.23357172310352325,0.04976465180516243,0.27464842796325684,0.2494826465845108,0.12166829407215118,0.07086428254842758,0.21744412183761597,0.07607638835906982,0.2427368313074112,0.22739823162555695,0.13962478935718536,0.09671970456838608
4,2,0.379865825176239,2,0.3055886924266815,0.17815710604190826,0.045343101024627686,0.379865825176239,0.13015715777873993,0.1973690390586853,0.06910774856805801,0.1827217936515808,0.07213292270898819,0.3055886924266815,0.14763469994068146,0.19588418304920197,0.09603773057460785
4,2,0.3219536542892456,2,0.27601221203804016,0.21427227556705475,0.2718484103679657,0.3219536542892456,0.10309797525405884,0.027004733681678772,0.061822887510061264,0.20932595431804657,0.24605269730091095,0.27601221203804016,0.12735706567764282,0.05126773566007614,0.08998436480760574
4,0,0.28459951281547546,0,0.25088170170783997,0.28459951281547546,0.13568903505802155,0.2688179612159729,0.209697425365448,0.02961900644004345,0.0715770572423935,0.25088170170783997,0.15169459581375122,0.2413462996482849,0.2038806974887848,0.053953684866428375,0.09824301302433014
4,4,0.44596096873283386,4,0.35758474469184875,0.16183529794216156,0.007936595007777214,0.2381492555141449,0.10000237077474594,0.44596096873283386,0.046115465462207794,0.17962588369846344,0.023172223940491676,0.23352119326591492,0.12952947616577148,0.35758474469184875,0.07656644284725189
4,3,0.4528891146183014,3,0.3622742295265198,0.19977335631847382,0.015014140866696835,0.22586551308631897,0.4528891146183014,0.04116310924291611,0.06529480218887329,0.20778043568134308,0.03582058101892471,0.22584767639636993,0.3622742295265198,0.07106202840805054,0.09721512347459793
4,2,0.3243383467197418,2,0.2832668125629425,0.17776267230510712,0.12804751098155975,0.3243383467197418,0.3106352388858795,0.006832963787019253,0.052383266389369965,0.18828310072422028,0.15067556500434875,0.2832668125629425,0.2750818431377411,0.020585115998983383,0.08210752159357071
4,2,0.2676394283771515,2,0.24419891834259033,0.16536550223827362,0.009214629419147968,0.2676394283771515,0.2617741823196411,0.23086410760879517,0.06514210999011993,0.17608188092708588,0.024773720651865005,0.24419891834259033,0.24055111408233643,0.22087262570858002,0.09352172166109085
4,2,0.3050777316093445,2,0.2609616219997406,0.2628428041934967,0.04974640533328056,0.3050777316093445,0.18699945509433746,0.11538519710302353,0.07994843274354935,0.2358420044183731,0.07613552361726761,0.2609616219997406,0.18715181946754456,0.13482412695884705,0.1050848439335823
4,4,0.4151568114757538,4,0.33474045991897583,0.151070237159729,0.05785401910543442,0.2834244966506958,0.0435747466981411,0.4151568114757538,0.04891972616314888,0.1684638261795044,0.08777596801519394,0.2582915425300598,0.07240426540374756,0.33474045991897583,0.07832394540309906
4,1,0.5464497208595276,1,0.42744460701942444,0.12646879255771637,0.5464497208595276,0.22937291860580444,0.06025473400950432,0.0063210162334144115,0.031132729724049568,0.15819332003593445,0.42744460701942444,0.23703214526176453,0.09560565650463104,0.020672142505645752,0.061052028089761734
4,4,0.8627078533172607,4,0.690423309803009,0.04251936078071594,0.0007375739514827728,0.047306302934885025,0.028277916833758354,0.8627078533172607,0.01845104806125164,0.08936811983585358,0.005691401194781065,0.09608432650566101,0.06774316728115082,0.690423309803009,0.0506896935403347
4,4,0.6794407963752747,4,0.5177028179168701,0.09352898597717285,0.0011482337722554803,0.11606456339359283,0.07387904822826385,0.6794407963752747,0.03593834489583969,0.13462629914283752,0.006779407616704702,0.15588682889938354,0.11469924449920654,0.5177028179168701,0.07030539959669113
4,4,0.28874289989471436,4,0.2599047124385834,0.1634393036365509,0.003099653171375394,0.22158068418502808,0.2604084610939026,0.28874289989471436,0.06272900849580765,0.17657974362373352,0.011947833001613617,0.21712882816791534,0.2422962784767151,0.2599047124385834,0.09214252233505249
4,0,0.306167870759964,0,0.26094818115234375,0.306167870759964,0.16837647557258606,0.24985726177692413,0.15077759325504303,0.05162186548113823,0.07319880276918411,0.26094818115234375,0.17385004460811615,0.2273007482290268,0.16129086911678314,0.0778806060552597,0.09872956573963165
4,4,0.9123818874359131,4,0.76417076587677,0.02798682078719139,0.0016774021787568927,0.04359399899840355,0.005918710492551327,0.9123818874359131,0.008441247045993805,0.071676105260849,0.010596168227493763,0.09685155749320984,0.024950802326202393,0.76417076587677,0.03175460547208786
4,4,0.6277297139167786,4,0.47772714495658875,0.10840978473424911,0.018240299075841904,0.17824576795101166,0.03234513849020004,0.6277297139167786,0.0350293405354023,0.14492176473140717,0.043190691620111465,0.20314790308475494,0.06373311579227448,0.47772714495658875,0.06727936863899231
4,4,0.7016282081604004,4,0.5338582992553711,0.12214221805334091,0.006283724680542946,0.09903477132320404,0.0391770675778389,0.7016282081604004,0.03173402324318886,0.16282902657985687,0.021699612960219383,0.14121128618717194,0.07521568983793259,0.5338582992553711,0.06518609076738358
5,3,0.3588981330394745,3,0.30359846353530884,0.2626340091228485,0.033928386867046356,0.23873116075992584,0.3588981330394745,0.02388463169336319,0.08192362636327744,0.2455744445323944,0.06116429716348648,0.23016268014907837,0.30359846353530884,0.048189677298069,0.11131040751934052
5,3,0.42656755447387695,3,0.34613361954689026,0.15251150727272034,0.19419525563716888,0.17996874451637268,0.42656755447387695,0.003439101856201887,0.04331780970096588,0.17212536931037903,0.20282423496246338,0.19260931015014648,0.34613361954689026,0.013099691830575466,0.07320773601531982
5,3,0.3709262013435364,3,0.31043773889541626,0.22387903928756714,0.05816568806767464,0.2631111145019531,0.3709262013435364,0.01690366491675377,0.06701424717903137,0.22031216323375702,0.08819776773452759,0.245849609375,0.31043773889541626,0.038100264966487885,0.09710240364074707
5,2,0.32267045974731445,2,0.2791905999183655,0.25284257531166077,0.20993338525295258,0.32267045974731445,0.15174315869808197,0.010641461238265038,0.052169036120176315,0.23657284677028656,0.2084994912147522,0.2791905999183655,0.1672450453042984,0.027507834136486053,0.08098415285348892
5,3,0.31587934494018555,3,0.27653905749320984,0.2709805369377136,0.08158724009990692,0.2514229118824005,0.31587934494018555,0.011488564312458038,0.06864137947559357,0.24919062852859497,0.1102660670876503,0.23682871460914612,0.27653905749320984,0.029119295999407768,0.09805630147457123
5,1,0.32726046442985535,1,0.284942090511322,0.18017476797103882,0.32726046442985535,0.18326450884342194,0.2575942575931549,0.0035416334867477417,0.04816446080803871,0.18997755646705627,0.284942090511322,0.19218429923057556,0.24218451976776123,0.013170870952308178,0.07754068821668625
5,4,0.26764976978302,4,0.2433444857597351,0.22308491170406342,0.009783629328012466,0.23837903141975403,0.19280855357646942,0.26764976978302,0.06829417496919632,0.21502907574176788,0.025711799040436745,0.22493517398834229,0.19474780559539795,0.2433444857597351,0.0962316170334816
5,3,0.49516844749450684,3,0.3944827616214752,0.2030642330646515,0.010723154991865158,0.2071049064397812,0.49516844749450684,0.01986953429877758,0.06406974792480469,0.21532154083251953,0.02920844778418541,0.21822252869606018,0.3944827616214752,0.0444067008793354,0.09835807234048843
5,2,0.31831610202789307,2,0.2706720232963562,0.22924138605594635,0.029249979183077812,0.31831610202789307,0.18815286457538605,0.16561463475227356,0.06942498683929443,0.21657559275627136,0.05348972603678703,0.2706720232963562,0.18938441574573517,0.1736629158258438,0.09621528536081314
5,1,0.39955708384513855,1,0.33092209696769714,0.17981114983558655,0.39955708384513855,0.16155530512332916,0.22178243100643158,0.004181681200861931,0.03311237692832947,0.192396342754364,0.33092209696769714,0.17890235781669617,0.2218611240386963,0.0149523401632905,0.06096574291586876
5,3,0.3203170895576477,3,0.2745856046676636,0.2404041886329651,0.02573646977543831,0.24756266176700592,0.3203170895576477,0.08113369345664978,0.08484587073326111,0.2259543538093567,0.04953444004058838,0.23050276935100555,0.2745856046676636,0.10804469883441925,0.1113782525062561
5,2,0.3481922149658203,2,0.2880895435810089,0.2043917328119278,0.042255476117134094,0.3481922149658203,0.22648455202579498,0.10964922606945038,0.06902671605348587,0.20062512159347534,0.06877055764198303,0.2880895435810089,0.215110644698143,0.1314268708229065,0.09597723931074142
5,2,0.31122130155563354,2,0.2655310332775116,0.22816230356693268,0.1319778710603714,0.31122130155563354,0.21343158185482025,0.03399883210659027,0.08120808750391006,0.2150496542453766,0.14827172458171844,0.2655310332775116,0.2055186927318573,0.05901612341403961,0.10661269724369049
5,4,0.38079628348350525,4,0.30589038133621216,0.21047291159629822,0.050468869507312775,0.1725355088710785,0.11262011528015137,0.38079628348350525,0.0731063261628151,0.20448820292949677,0.0775233805179596,0.1786649078130722,0.13372255861759186,0.30589038133621216,0.09971052408218384
5,2,0.3200576603412628,2,0.27511677145957947,0.23324933648109436,0.020137425512075424,0.3200576603412628,0.2534300684928894,0.09470337629318237,0.07842207700014114,0.22191493213176727,0.04203564673662186,0.27511677145957947,0.2347816526889801,0.12030986696481705,0.10584113001823425
5,3,0.5371311902999878,3,0.4176510274410248,0.16309167444705963,0.013626697473227978,0.1985631287097931,0.5371311902999878,0.026786696165800095,0.06080061197280884,0.18587230145931244,0.03443374112248421,0.21245437860488892,0.4176510274410248,0.054494861513376236,0.09509361535310745
5,2,0.3276793360710144,2,0.2806102931499481,0.23153625428676605,0.1380508691072464,0.3276793360710144,0.2233627438545227,0.01190898846834898,0.06746178865432739,0.22164419293403625,0.1559971123933792,0.2806102931499481,0.21629919111728668,0.02953326515853405,0.09591595083475113
5,0,0.2894878387451172,0,0.2480306476354599,0.2894878387451172,0.12956486642360687,0.2546100616455078,0.11149527132511139,0.13419532775878906,0.08064661920070648,0.2480306476354599,0.14366775751113892,0.22731883823871613,0.12973375618457794,0.14713554084300995,0.1041133850812912
5,2,0.2984670400619507,2,0.25935062766075134,0.20963935554027557,0.036343738436698914,0.2984670400619507,0.11978340893983841,0.27012017369270325,0.06564626842737198,0.20402270555496216,0.0620526485145092,0.25935062766075134,0.1395004242658615,0.24235403537750244,0.09271959960460663
5,2,0.2941027283668518,2,0.25335440039634705,0.278025358915329,0.17313532531261444,0.2941027283668518,0.10309462249279022,0.08072678744792938,0.07091519981622696,0.24386273324489594,0.17677877843379974,0.25335440039634705,0.12430919706821442,0.10528276115655899,0.09641215205192566
5,2,0.40950852632522583,2,0.335362046957016,0.19417916238307953,0.029683247208595276,0.40950852632522583,0.269305557012558,0.0261177159845829,0.07120579481124878,0.20202477276325226,0.05641159042716026,0.335362046957016,0.2522802948951721,0.05171537026762962,0.10220585018396378
5,4,0.5028488039970398,4,0.3934711515903473,0.2020798921585083,0.014742282219231129,0.1835397332906723,0.04932088777422905,0.5028488039970398,0.04746841639280319,0.21183548867702484,0.03578905388712883,0.1984321027994156,0.08127927035093307,0.3934711515903473,0.07919303327798843
5,3,0.47396349906921387,3,0.37595751881599426,0.1781102865934372,0.05019842088222504,0.22703814506530762,0.47396349906921387,0.010448262095451355,0.060241393744945526,0.1933886557817459,0.08181990683078766,0.22804881632328033,0.37595751881599426,0.02817535027861595,0.09260977804660797
5,3,0.2931263744831085,3,0.2608772814273834,0.24810542166233063,0.18871940672397614,0.2068386673927307,0.2931263744831085,0.008381117135286331,0.05482902750372887,0.23294201493263245,0.19343842566013336,0.2058667093515396,0.2608772814273834,0.023328321054577827,0.08354715257883072
5,3,0.4907912611961365,3,0.38779106736183167,0.1937558799982071,0.011303517036139965,0.20227959752082825,0.4907912611961365,0.031095294281840324,0.07077446579933167,0.20626944303512573,0.029939569532871246,0.21239018440246582,0.38779106736183167,0.05953210964798927,0.10407763719558716
5,2,0.3231768310070038,2,0.27991530299186707,0.16646312177181244,0.006854159291833639,0.3231768310070038,0.21556179225444794,0.23163481056690216,0.0563092976808548,0.1783723086118698,0.020434129983186722,0.27991530299186707,0.21260465681552887,0.22324733436107635,0.08542624115943909
5,1,0.26280778646469116,1,0.24089257419109344,0.1934049129486084,0.26280778646469116,0.23473788797855377,0.24034623801708221,0.01068087574094534,0.05802226811647415,0.19560086727142334,0.24089257419109344,0.22310233116149902,0.22670909762382507,0.027352862060070038,0.08634227514266968
5,2,0.3050696551799774,2,0.2688204348087311,0.16818928718566895,0.0067832893691957,0.3050696551799774,0.3041955530643463,0.13702315092086792,0.07873903959989548,0.17939680814743042,0.020264435559511185,0.2688204348087311,0.268297016620636,0.15608491003513336,0.10713643580675125
5,2,0.3332427144050598,2,0.2771531939506531,0.20216135680675507,0.22197584807872772,0.3332427144050598,0.0906163901090622,0.10063748061656952,0.05136623978614807,0.1973721981048584,0.21031370759010315,0.2771531939506531,0.11444125324487686,0.12289188802242279,0.07782774418592453
5,3,0.49857765436172485,3,0.39341652393341064,0.1375872939825058,0.04103668034076691,0.2607443332672119,0.49857765436172485,0.018345344811677933,0.04370863735675812,0.1640823781490326,0.07214295864105225,0.25330230593681335,0.39341652393341064,0.04175477474927902,0.07530110329389572
5,3,0.3833373188972473,3,0.31297561526298523,0.2137480080127716,0.025061285123229027,0.22432628273963928,0.3833373188972473,0.07718364894390106,0.07634352147579193,0.21047760546207428,0.049081508070230484,0.21749769151210785,0.31297561526298523,0.10537395626306534,0.10459356009960175
5,3,0.48870962858200073,3,0.39055752754211426,0.17979857325553894,0.015853947028517723,0.23564018309116364,0.48870962858200073,0.014277379959821701,0.06572021543979645,0.19802609086036682,0.0380522646009922,0.23796117305755615,0.39055752754211426,0.03543915972113609,0.09996376931667328
5,2,0.31903526186943054,2,0.27504247426986694,0.19350630044937134,0.25861454010009766,0.31903526186943054,0.1564270406961441,0.016638251021504402,0.055778637528419495,0.19584424793720245,0.23848676681518555,0.27504247426986694,0.16949696838855743,0.03699466958642006,0.08413486927747726
5,2,0.3349193334579468,2,0.2792283296585083,0.24875108897686005,0.16496405005455017,0.3349193334579468,0.13657605648040771,0.04960164800286293,0.06518779695034027,0.2281501144170761,0.1726091355085373,0.2792283296585083,0.15182997286319733,0.07631006836891174,0.09187246859073639
5,2,0.3339284062385559,2,0.28554481267929077,0.2114914059638977,0.024528121575713158,0.3339284062385559,0.2896987795829773,0.0820479691028595,0.0583052895963192,0.2093838006258011,0.04846661165356636,0.28554481267929077,0.2592756152153015,0.11006005108356476,0.08726904541254044
5,2,0.3561846911907196,2,0.3051353693008423,0.19459787011146545,0.04932522401213646,0.3561846911907196,0.32789650559425354,0.016844535246491432,0.05515122041106224,0.20238171517848969,0.07967229932546616,0.3051353693008423,0.28845781087875366,0.03840387240052223,0.0859488844871521
5,3,0.41170191764831543,3,0.3383406400680542,0.2081524282693863,0.015978796407580376,0.25829872488975525,0.41170191764831543,0.03202294558286667,0.07384508103132248,0.212895929813385,0.03723436966538429,0.24651210010051727,0.3383406400680542,0.05970533937215805,0.10531160980463028
5,3,0.43506792187690735,3,0.3504543900489807,0.17911779880523682,0.004143326543271542,0.20459707081317902,0.43506792187690735,0.1255069375038147,0.05156698077917099,0.19179905951023102,0.014851843938231468,0.2099321186542511,0.3504543900489807,0.15063509345054626,0.08232751488685608
5,3,0.35297903418540955,3,0.2996412217617035,0.21658194065093994,0.0757514238357544,0.28259339928627014,0.35297903418540955,0.015598924830555916,0.056495301425457,0.21504049003124237,0.10535066574811935,0.2576306462287903,0.2996412217617035,0.03601546958088875,0.08632148802280426
5,3,0.2652793824672699,3,0.2423262894153595,0.2072923481464386,0.007089274935424328,0.2389814704656601,0.2652793824672699,0.20926107466220856,0.07209650427103043,0.20494720339775085,0.02069729007780552,0.22573819756507874,0.2423262894153595,0.20626728236675262,0.10002380609512329
5,0,0.26581692695617676,0,0.242454394698143,0.26581692695617676,0.25828948616981506,0.22377637028694153,0.1790427267551422,0.011774739250540733,0.06129978224635124,0.242454394698143,0.2377694994211197,0.2156977504491806,0.1853778064250946,0.02918853797018528,0.089511938393116
5,2,0.3193741738796234,2,0.2778766453266144,0.2228861153125763,0.012386802583932877,0.3193741738796234,0.28667452931404114,0.08499850332736969,0.07367976009845734,0.21764366328716278,0.030565878376364708,0.2778766453266144,0.2582196295261383,0.11307705193758011,0.10261712223291397
5,3,0.6303907632827759,3,0.48210206627845764,0.12752856314182281,0.006366759538650513,0.15446171164512634,0.6303907632827759,0.02878297120332718,0.052469246089458466,0.16283826529979706,0.021262746304273605,0.18547141551971436,0.48210206627845764,0.05924583598971367,0.08907962590456009
5,3,0.34547877311706543,3,0.29617753624916077,0.1766621470451355,0.018269913271069527,0.3323887586593628,0.34547877311706543,0.05505889281630516,0.07214141637086868,0.18780601024627686,0.04021593928337097,0.2885081470012665,0.29617753624916077,0.08507616072893143,0.10221617668867111
5,3,0.5937722325325012,3,0.4583585560321808,0.14263908565044403,0.03992893174290657,0.1749771535396576,0.5937722325325012,0.004041973035782576,0.04464058205485344,0.1739831566810608,0.07327067106962204,0.1998864710330963,0.4583585560321808,0.01546360831707716,0.07903751730918884
5,0,0.2705642580986023,0,0.24388684332370758,0.2705642580986023,0.15904216468334198,0.22377538681030273,0.25275030732154846,0.013652577064931393,0.08021531999111176,0.24388684332370758,0.17000122368335724,0.21437835693359375,0.23286157846450806,0.03207731619477272,0.10679468512535095
5,3,0.6300984025001526,3,0.4856902062892914,0.1423465460538864,0.023580651730298996,0.15808269381523132,0.6300984025001526,0.0063482169061899185,0.03954343870282173,0.17682328820228577,0.05214446038007736,0.1898757666349411,0.4856902062892914,0.02138533815741539,0.07408091425895691
5,3,0.337398499250412,3,0.2918088436126709,0.21174122393131256,0.04752931743860245,0.3171469271183014,0.337398499250412,0.018605560064315796,0.06757853180170059,0.21265029907226562,0.07708258181810379,0.27979448437690735,0.2918088436126709,0.04076578468084335,0.09789793938398361
5,3,0.4736633896827698,3,0.3775613307952881,0.15107868611812592,0.02595069445669651,0.2687261998653412,0.4736633896827698,0.02491595596075058,0.05566510930657387,0.17374476790428162,0.05251329019665718,0.2569153308868408,0.3775613307952881,0.0510818250477314,0.08818341046571732
5,3,0.4930611550807953,3,0.3919643461704254,0.13614650070667267,0.008317816071212292,0.263010174036026,0.4930611550807953,0.03915504366159439,0.06030935421586037,0.16354325413703918,0.024493882432579994,0.25578048825263977,0.3919643461704254,0.07014945894479752,0.09406855702400208
5,3,0.28425416350364685,3,0.2511320412158966,0.25666072964668274,0.05815332010388374,0.2653506398200989,0.28425416350364685,0.05987315997481346,0.07570797204971313,0.23430433869361877,0.0854727178812027,0.23966377973556519,0.2511320412158966,0.08718161284923553,0.10224548727273941
5,3,0.41177383065223694,3,0.3347550928592682,0.1584634780883789,0.014339138753712177,0.2726309299468994,0.41177383065223694,0.08316226303577423,0.059630364179611206,0.17499810457229614,0.0342237614095211,0.25298193097114563,0.3347550928592682,0.11294028908014297,0.09010088443756104
5,1,0.8021953105926514,1,0.6297816634178162,0.05578107759356499,0.8021953105926514,0.06941855698823929,0.061825986951589584,0.0006405748426914215,0.010138551704585552,0.1029888316988945,0.6297816634178162,0.11948367953300476,0.11044364422559738,0.004956254735589027,0.03234579786658287
5,1,0.3892069160938263,1,0.3212597370147705,0.2078610360622406,0.3892069160938263,0.22648677229881287,0.12021151930093765,0.009422464296221733,0.04681125655770302,0.20981226861476898,0.3212597370147705,0.22240540385246277,0.14464160799980164,0.025657882913947105,0.07622305303812027
5,2,0.3540186882019043,2,0.2938683331012726,0.23806457221508026,0.15237128734588623,0.3540186882019043,0.16619175672531128,0.022935204207897186,0.06641851365566254,0.2244405299425125,0.16575762629508972,0.2938683331012726,0.17582657933235168,0.04580153152346611,0.09430531412363052
5,3,0.4814141094684601,3,0.3818759322166443,0.15178847312927246,0.13297215104103088,0.19094401597976685,0.4814141094684601,0.0019433123525232077,0.04093792662024498,0.17435777187347412,0.1593679040670395,0.2037687599658966,0.3818759322166443,0.009033961221575737,0.07159564644098282
5,2,0.308626651763916,2,0.262774795293808,0.22043068706989288,0.056467603892087936,0.308626651763916,0.11651520431041718,0.22855554521083832,0.06940431892871857,0.2090776115655899,0.08290211856365204,0.262774795293808,0.13559316098690033,0.21428151428699493,0.09537076950073242
5,3,0.39849692583084106,3,0.3278881013393402,0.16787509620189667,0.10063272714614868,0.26529914140701294,0.39849692583084106,0.006971875671297312,0.06072428822517395,0.18227159976959229,0.1287548691034317,0.24872207641601562,0.3278881013393402,0.021002909168601036,0.09136037528514862
5,2,0.33606651425361633,2,0.28082332015037537,0.2641792893409729,0.18454600870609283,0.33606651425361633,0.06470683217048645,0.09240617603063583,0.05809513106942177,0.23847143352031708,0.1869034767150879,0.28082332015037537,0.09172038733959198,0.11683589220046997,0.08524546027183533
5,2,0.3075670301914215,2,0.26307693123817444,0.1985628455877304,0.12765748798847198,0.3075670301914215,0.25303754210472107,0.049014631658792496,0.06416043639183044,0.1954348385334015,0.1447744369506836,0.26307693123817444,0.2304174304008484,0.07556572556495667,0.0907307043671608
5,2,0.31647589802742004,2,0.2669524550437927,0.25569650530815125,0.10001643002033234,0.31647589802742004,0.18300946056842804,0.0759909376502037,0.06881078332662582,0.2309548556804657,0.12207857519388199,0.2669524550437927,0.1840217411518097,0.10129817575216293,0.09469423443078995
5,1,0.6229576468467712,1,0.4794553816318512,0.11201418936252594,0.6229576468467712,0.11543278396129608,0.12467256188392639,0.0007444681832566857,0.02417835220694542,0.14948615431785583,0.4794553816318512,0.1525699645280838,0.1607620120048523,0.004961835686117411,0.052764616906642914
5,2,0.3813176155090332,2,0.31313592195510864,0.24632662534713745,0.05091852694749832,0.3813176155090332,0.2134532481431961,0.0332629419863224,0.07472103089094162,0.23271961510181427,0.07976505905389786,0.31313592195510864,0.211144357919693,0.059732966125011444,0.10350204259157181
5,3,0.390108585357666,3,0.32199764251708984,0.19135212898254395,0.011753755621612072,0.2650708556175232,0.390108585357666,0.07678676396608353,0.06492786109447479,0.19848765432834625,0.02983652614057064,0.24766410887241364,0.32199764251708984,0.1067553460597992,0.09525871276855469
5,3,0.430425763130188,3,0.35044631361961365,0.21135951578617096,0.02705821767449379,0.24516940116882324,0.430425763130188,0.018221072852611542,0.0677659884095192,0.21618497371673584,0.0535140223801136,0.23910994827747345,0.35044631361961365,0.04090984910726547,0.09983491897583008
5,1,0.764716625213623,1,0.5893591046333313,0.09347975999116898,0.764716625213623,0.08657952398061752,0.029642155393958092,0.0053457883186638355,0.020236048847436905,0.1413828432559967,0.5893591046333313,0.1342075616121292,0.06480296701192856,0.020245207473635674,0.050002362579107285
5,3,0.4296485483646393,3,0.34486135840415955,0.1932525336742401,0.004091233946382999,0.1652020812034607,0.4296485483646393,0.13747163116931915,0.07033395022153854,0.2004297375679016,0.014613649807870388,0.1801774650812149,0.34486135840415955,0.15903650224208832,0.10088120400905609
5,3,0.29506269097328186,3,0.2609640955924988,0.26770055294036865,0.1303294152021408,0.23422817885875702,0.29506269097328186,0.017499642446637154,0.055179450660943985,0.24427182972431183,0.14981096982955933,0.22308561205863953,0.2609640955924988,0.03830469399690628,0.08356287330389023
5,3,0.585586667060852,3,0.45234036445617676,0.1712723821401596,0.04023957625031471,0.1527605801820755,0.585586667060852,0.004449681378901005,0.0456911101937294,0.19625714421272278,0.07337887585163116,0.1815868467092514,0.45234036445617676,0.016444223001599312,0.07999253273010254
5,3,0.4289648234844208,3,0.3474735617637634,0.2572297751903534,0.021523738279938698,0.18491800129413605,0.4289648234844208,0.029096784070134163,0.07826681435108185,0.24550823867321014,0.045526959002017975,0.1962026208639145,0.3474735617637634,0.055872417986392975,0.10941626876592636
5,3,0.3457275629043579,3,0.2945927083492279,0.19667358696460724,0.018805136904120445,0.30452272295951843,0.3457275629043579,0.06820057332515717,0.06607039272785187,0.2008262574672699,0.040773048996925354,0.27026331424713135,0.2945927083492279,0.09781519323587418,0.0957295224070549
5,4,0.33929410576820374,4,0.29153767228126526,0.1347699910402298,0.008319397456943989,0.30911925435066223,0.15077248215675354,0.33929410576820374,0.05772479251027107,0.15571758151054382,0.02348639816045761,0.2736654281616211,0.16804881393909454,0.29153767228126526,0.08754408359527588
5,2,0.3344152271747589,2,0.2800308167934418,0.2614905536174774,0.05789372697472572,0.3344152271747589,0.19303098320960999,0.06352841854095459,0.08964107930660248,0.23694327473640442,0.085088811814785,0.2800308167934418,0.19279825687408447,0.09062957763671875,0.11450918763875961
5,2,0.30943983793258667,2,0.2690642178058624,0.21385520696640015,0.17644277215003967,0.30943983793258667,0.22014878690242767,0.010069180279970169,0.07004421204328537,0.20934869349002838,0.1837148517370224,0.2690642178058624,0.21351386606693268,0.026269739493727684,0.0980885773897171
5,4,0.3149416446685791,4,0.2764986753463745,0.16752800345420837,0.004126585088670254,0.2875645160675049,0.1643722504377365,0.3149416446685791,0.061466991901397705,0.18008975684642792,0.01455327682197094,0.25993651151657104,0.17777855694293976,0.2764986753463745,0.09114322066307068
5,3,0.41279324889183044,3,0.3417171835899353,0.2195853739976883,0.0127513837069273,0.25980672240257263,0.41279324889183044,0.026820506900548935,0.06824279576539993,0.22257272899150848,0.03220481425523758,0.2495095580816269,0.3417171835899353,0.05336402729153633,0.10063164681196213
5,3,0.4381929337978363,3,0.3551464378833771,0.2075064331293106,0.04290228337049484,0.24081310629844666,0.4381929337978363,0.011931498534977436,0.058653708547353745,0.21375124156475067,0.07327329367399216,0.23649361729621887,0.3551464378833771,0.030721573159098625,0.09061379730701447
5,2,0.33593669533729553,2,0.2833440899848938,0.2053380161523819,0.07825976610183716,0.33593669533729553,0.27475422620773315,0.05043281614780426,0.0552784763276577,0.20281700789928436,0.10533115267753601,0.2833440899848938,0.2471775859594345,0.07815267145633698,0.08317754417657852
5,2,0.3442946970462799,2,0.2904186546802521,0.258606493473053,0.22304365038871765,0.3442946970462799,0.09152321517467499,0.028982870280742645,0.053549088537693024,0.23911304771900177,0.21625366806983948,0.2904186546802521,0.11808648705482483,0.05407581478357315,0.08205237239599228
5,3,0.43050581216812134,3,0.3499123454093933,0.1823706030845642,0.08707714080810547,0.2434738278388977,0.43050581216812134,0.004446317907422781,0.052126336842775345,0.1952507048845291,0.11817551404237747,0.23759284615516663,0.3499123454093933,0.015668835490942,0.08339975029230118
5,3,0.4909881353378296,3,0.3865458369255066,0.1789196878671646,0.02314693108201027,0.2168283760547638,0.4909881353378296,0.02282673865556717,0.06729010492563248,0.19472461938858032,0.04854660853743553,0.22187454998493195,0.3865458369255066,0.04808945581316948,0.1002190038561821
5,3,0.3442814350128174,3,0.2925054132938385,0.21068879961967468,0.028903283178806305,0.2929500639438629,0.3442814350128174,0.05403812974691391,0.06913833320140839,0.2095436453819275,0.0543641522526741,0.2621239721775055,0.2925054132938385,0.08315601199865341,0.09830670803785324
5,3,0.5894792675971985,3,0.45537567138671875,0.1566382497549057,0.01585857756435871,0.16922573745250702,0.5894792675971985,0.012125247158110142,0.05667290836572647,0.18510957062244415,0.03907065838575363,0.1950875073671341,0.45537567138671875,0.03255900740623474,0.09279760718345642
5,3,0.44460877776145935,3,0.3537747859954834,0.14453089237213135,0.09799536317586899,0.24850353598594666,0.44460877776145935,0.018275098875164986,0.046086255460977554,0.16491274535655975,0.12665775418281555,0.2383001148700714,0.3537747859954834,0.04048025235533714,0.07587437331676483
5,3,0.3418501615524292,3,0.28926882147789,0.25978371500968933,0.05969471484422684,0.230902299284935,0.3418501615524292,0.028384165838360786,0.07938492298126221,0.2400612235069275,0.08841346949338913,0.22159342467784882,0.28926882147789,0.053361084312200546,0.1073019877076149
5,1,0.294660359621048,1,0.2579338550567627,0.23967793583869934,0.294660359621048,0.2693060636520386,0.09617260843515396,0.045531775802373886,0.054651256650686264,0.22417457401752472,0.2579338550567627,0.24264274537563324,0.12056528776884079,0.07255268841981888,0.08213081955909729
5,1,0.6305506825447083,1,0.48268717527389526,0.1272933930158615,0.6305506825447083,0.14689359068870544,0.0640982836484909,0.00431416928768158,0.026849918067455292,0.16280360519886017,0.48268717527389526,0.17943602800369263,0.10216052085161209,0.016340604051947594,0.056572090834379196
5,3,0.32118672132492065,3,0.2758835554122925,0.23110723495483398,0.01169210858643055,0.21670225262641907,0.32118672132492065,0.14250318706035614,0.07680852711200714,0.22061492502689362,0.029068028554320335,0.21117891371250153,0.2758835554122925,0.15885668992996216,0.10439790785312653
5,3,0.37582045793533325,3,0.31283050775527954,0.22245217859745026,0.0941091775894165,0.2400905191898346,0.37582045793533325,0.011538389138877392,0.05598922073841095,0.2190888524055481,0.12214038521051407,0.23074302077293396,0.31283050775527954,0.029360029846429825,0.08583725243806839
5,1,0.2875235378742218,1,0.25562116503715515,0.21345849335193634,0.2875235378742218,0.25379711389541626,0.17401672899723053,0.015448079444468021,0.05575607344508171,0.20880098640918732,0.25562116503715515,0.23485073447227478,0.18174825608730316,0.03508488088846207,0.0838940218091011
5,3,0.4856087863445282,3,0.38844552636146545,0.19716571271419525,0.04460015520453453,0.2198827862739563,0.4856087863445282,0.004765774589031935,0.04797681048512459,0.21059341728687286,0.07673784345388412,0.2267841398715973,0.38844552636146545,0.01680142991244793,0.08063759654760361
5,3,0.47098857164382935,3,0.371339350938797,0.1659197211265564,0.0060017891228199005,0.202393040060997,0.47098857164382935,0.08583200722932816,0.0688648447394371,0.18281279504299164,0.019179031252861023,0.2092290073633194,0.371339350938797,0.11683684587478638,0.10060300678014755
5,3,0.46019548177719116,3,0.3661321699619293,0.20854701101779938,0.04417244344949722,0.1996309459209442,0.46019548177719116,0.011827760376036167,0.07562634348869324,0.2138763815164566,0.07452994585037231,0.2076222002506256,0.3661321699619293,0.030454121530056,0.10738510638475418
5,2,0.3351055383682251,2,0.28579181432724,0.19971463084220886,0.028613468632102013,0.3351055383682251,0.29904094338417053,0.07256023585796356,0.06496510654687881,0.20108497142791748,0.05373093858361244,0.28579181432724,0.26452183723449707,0.10109218955039978,0.09377828240394592
5,3,0.34687864780426025,3,0.2921024560928345,0.21592296659946442,0.12457767874002457,0.23429718613624573,0.34687864780426025,0.015238247811794281,0.06308531761169434,0.21168866753578186,0.14569991827011108,0.2237630933523178,0.2921024560928345,0.03496750444173813,0.0917784571647644
5,3,0.28572484850883484,3,0.25512105226516724,0.25837618112564087,0.1018819659948349,0.2657375931739807,0.28572484850883484,0.017427166923880577,0.07085228711366653,0.2382688671350479,0.1266355812549591,0.24285897612571716,0.25512105226516724,0.03816625475883484,0.09894930571317673
5,3,0.5617299675941467,3,0.4330822229385376,0.16890881955623627,0.06145736947655678,0.15535704791545868,0.5617299675941467,0.004780183080583811,0.04776659235358238,0.1914699375629425,0.09635370224714279,0.1808965504169464,0.4330822229385376,0.017002861946821213,0.08119469881057739
5,3,0.32175007462501526,3,0.2779189944267273,0.22660665214061737,0.14051641523838043,0.24430613219738007,0.32175007462501526,0.013479181565344334,0.0533415712416172,0.21903282403945923,0.1583213210105896,0.23051214218139648,0.2779189944267273,0.03221418708562851,0.08200050890445709
5,3,0.3361465036869049,3,0.2915705442428589,0.2183094620704651,0.008685978129506111,0.3028753697872162,0.3361465036869049,0.06588225811719894,0.06810038536787033,0.2174799144268036,0.024340776726603508,0.2716432213783264,0.2915705442428589,0.09638658910989761,0.098579041659832
5,1,0.839113712310791,1,0.669001579284668,0.06161084398627281,0.839113712310791,0.06816516071557999,0.018074197694659233,0.0021063440944999456,0.010929816402494907,0.11352121084928513,0.669001579284668,0.12159019708633423,0.0493541955947876,0.01146170124411583,0.035071179270744324
5,1,0.3622969686985016,1,0.30814969539642334,0.1670083999633789,0.3622969686985016,0.2007785141468048,0.22508123517036438,0.0015447774203494191,0.04329009726643562,0.1821046620607376,0.30814969539642334,0.2063690721988678,0.2230226844549179,0.007566029671579599,0.0727878212928772
5,2,0.2747819721698761,2,0.24709147214889526,0.22190837562084198,0.16120153665542603,0.2747819721698761,0.2626613676548004,0.016840938478708267,0.06260575354099274,0.2137056440114975,0.17200328409671783,0.24709147214889526,0.23963508009910583,0.03708658739924431,0.09047789871692657
5,2,0.3019442558288574,2,0.2618226110935211,0.22241513431072235,0.13369926810264587,0.3019442558288574,0.24565480649471283,0.02752540446817875,0.06876114755868912,0.2127314954996109,0.1505565196275711,0.2618226110935211,0.22758714854717255,0.05146168917417526,0.09584058821201324
5,2,0.32567042112350464,2,0.2834925353527069,0.22337019443511963,0.07232657074928284,0.32567042112350464,0.29845380783081055,0.01165566686540842,0.06852324306964874,0.21944047510623932,0.10201936215162277,0.2834925353527069,0.26717647910118103,0.029527127742767334,0.09834405034780502
5,4,0.34901535511016846,4,0.288657009601593,0.20647066831588745,0.045371849089860916,0.23209276795387268,0.09300099313259125,0.34901535511016846,0.07404828071594238,0.20208245515823364,0.07220228761434555,0.21879398822784424,0.11756163090467453,0.288657009601593,0.1007026955485344
5,3,0.7733975648880005,3,0.5972522497177124,0.07060139626264572,0.033625323325395584,0.09442892670631409,0.7733975648880005,0.0026089486200362444,0.02533782459795475,0.11750178784132004,0.07099617272615433,0.14316101372241974,0.5972522497177124,0.012507219798862934,0.05858148634433746
5,3,0.47084254026412964,3,0.3761589527130127,0.19630970060825348,0.00952165387570858,0.2208893895149231,0.47084254026412964,0.03416360914707184,0.06827317178249359,0.20764020085334778,0.026586217805743217,0.2249625325202942,0.3761589527130127,0.06331758946180344,0.10133453458547592
5,3,0.43827125430107117,3,0.3498055934906006,0.2006465196609497,0.01195074524730444,0.20436275005340576,0.43827125430107117,0.06794428080320358,0.07682450115680695,0.20575891435146332,0.03028903342783451,0.20833973586559296,0.3498055934906006,0.09861306101083755,0.10719361156225204
5,3,0.3187096416950226,3,0.2760709822177887,0.23711107671260834,0.0789714902639389,0.2771371006965637,0.3187096416950226,0.022697893902659416,0.06537283957004547,0.2258286476135254,0.10701942443847656,0.251068115234375,0.2760709822177887,0.04588530585169792,0.09412754327058792
5,2,0.33454737067222595,2,0.28199857473373413,0.24575330317020416,0.11793737858533859,0.33454737067222595,0.20577168464660645,0.0275181382894516,0.06847211718559265,0.22869640588760376,0.13889625668525696,0.28199857473373413,0.20271314680576324,0.05168916657567024,0.09600643068552017
5,2,0.33612221479415894,2,0.28602954745292664,0.20518381893634796,0.016208592802286148,0.33612221479415894,0.27223286032676697,0.08704733103513718,0.0832052007317543,0.20455805957317352,0.03647897392511368,0.28602954745292664,0.24786970019340515,0.11425687372684479,0.11080673336982727
5,3,0.85187828540802,3,0.6832028031349182,0.05370405316352844,0.01011277362704277,0.06503302603960037,0.85187828540802,0.0020235772244632244,0.01724827289581299,0.10452742874622345,0.03362796828150749,0.11903974413871765,0.6832028031349182,0.011274388991296291,0.048327647149562836
5,3,0.312883585691452,3,0.27378925681114197,0.2262488156557083,0.1337473839521408,0.2573392987251282,0.312883585691452,0.00737513555213809,0.062405847012996674,0.21967677772045135,0.15371520817279816,0.23975417017936707,0.27378925681114197,0.021473564207553864,0.09159108251333237
5,2,0.3132968246936798,2,0.2726787328720093,0.24644894897937775,0.2695256769657135,0.3132968246936798,0.09071176499128342,0.022986823692917824,0.05703001469373703,0.23166291415691376,0.24618414044380188,0.2726787328720093,0.11749803274869919,0.04624750465154648,0.085728719830513
5,3,0.40666675567626953,3,0.33597931265830994,0.19742900133132935,0.024747515097260475,0.28010091185569763,0.40666675567626953,0.022628530859947205,0.06842735409736633,0.20566172897815704,0.05018525570631027,0.2608133852481842,0.33597931265830994,0.047224923968315125,0.100135438144207
5,3,0.35865697264671326,3,0.3089626431465149,0.16141344606876373,0.10241478681564331,0.33083078265190125,0.35865697264671326,0.003767639398574829,0.042916297912597656,0.17963559925556183,0.13188442587852478,0.29247134923934937,0.3089626431465149,0.013995496556162834,0.07305055111646652
5,3,0.5287701487541199,3,0.4126749038696289,0.183874249458313,0.07108624279499054,0.16680908203125,0.5287701487541199,0.00327860563993454,0.046181678771972656,0.20138037204742432,0.10560338199138641,0.18848863244056702,0.4126749038696289,0.01306682825088501,0.07878591120243073
5,3,0.4870884418487549,3,0.3865901827812195,0.16469192504882812,0.017077015712857246,0.24324464797973633,0.4870884418487549,0.024170171469449997,0.06372779607772827,0.18508896231651306,0.039705269038677216,0.24122437834739685,0.3865901827812195,0.0502714067697525,0.09711969643831253
5,2,0.33509278297424316,2,0.2829437851905823,0.23519088327884674,0.10898710042238235,0.33509278297424316,0.2266603410243988,0.02600892260670662,0.06805996596813202,0.2224709391593933,0.13194166123867035,0.2829437851905823,0.21695776283740997,0.049857839941978455,0.09582792967557907
5,3,0.3426298499107361,3,0.29386889934539795,0.2540634572505951,0.06547897309064865,0.2565053701400757,0.3426298499107361,0.011933126486837864,0.06938926130533218,0.23984688520431519,0.09549488872289658,0.2414103001356125,0.29386889934539795,0.030046792700886726,0.09933219850063324
5,3,0.4421371519565582,3,0.3552738428115845,0.16085514426231384,0.06762771308422089,0.2589512765407562,0.4421371519565582,0.010825986042618752,0.05960266664624214,0.17877276241779327,0.0992436483502388,0.24703200161457062,0.3552738428115845,0.02859393320977688,0.091083824634552
5,2,0.34658393263816833,2,0.2948659658432007,0.21370209753513336,0.017542541027069092,0.34658393263816833,0.28626829385757446,0.06858674436807632,0.06731634587049484,0.21231858432292938,0.03886371850967407,0.2948659658432007,0.25895553827285767,0.09811712801456451,0.0968790277838707
5,1,0.30179789662361145,1,0.26676860451698303,0.236461341381073,0.30179789662361145,0.23414550721645355,0.1641114503145218,0.007146659307181835,0.056337159126996994,0.2260304093360901,0.26676860451698303,0.22452448308467865,0.17637121677398682,0.02098846808075905,0.08531678467988968
5,1,0.3603396713733673,1,0.3018840253353119,0.18277880549430847,0.3603396713733673,0.22789110243320465,0.16346631944179535,0.008649598807096481,0.05687451362609863,0.19037699699401855,0.3018840253353119,0.22114907205104828,0.17647120356559753,0.02397129312157631,0.08614754676818848
5,3,0.641058623790741,3,0.4896855354309082,0.14182384312152863,0.0515221506357193,0.12797273695468903,0.641058623790741,0.004471788182854652,0.03315084055066109,0.1757621169090271,0.08835544437170029,0.163911834359169,0.4896855354309082,0.016796909272670746,0.06548811495304108
5,2,0.3128189146518707,2,0.27249976992607117,0.2112235277891159,0.28190115094184875,0.3128189146518707,0.1294708102941513,0.02195456065237522,0.04263099282979965,0.20870082080364227,0.25390303134918213,0.27249976992607117,0.14967228472232819,0.04484355449676514,0.0703805461525917
5,3,0.4486773908138275,3,0.3604145348072052,0.15864133834838867,0.02942538820207119,0.2778671979904175,0.4486773908138275,0.0315953753888607,0.05379333347082138,0.1778774857521057,0.056641835719347,0.26029035449028015,0.3604145348072052,0.05944649875164032,0.08532927930355072
5,2,0.40631747245788574,2,0.32186633348464966,0.1899833232164383,0.05575457215309143,0.40631747245788574,0.19300442934036255,0.08803451806306839,0.06690572947263718,0.19205693900585175,0.08351949602365494,0.32186633348464966,0.19412609934806824,0.11390086263418198,0.09453020989894867
5,2,0.3379787504673004,2,0.28032538294792175,0.25608399510383606,0.1643170714378357,0.3379787504673004,0.09805991500616074,0.08684329688549042,0.05671704187989235,0.23217277228832245,0.17176124453544617,0.28032538294792175,0.12096211314201355,0.11138244718313217,0.08339598029851913
5,3,0.49221518635749817,3,0.3851531147956848,0.21267911791801453,0.047468751668930054,0.17186327278614044,0.49221518635749817,0.01662902534008026,0.05914463475346565,0.21782314777374268,0.07865285128355026,0.18847230076789856,0.3851531147956848,0.03857451304793358,0.0913240984082222
5,3,0.3496144413948059,3,0.30076706409454346,0.19562293589115143,0.03044353611767292,0.32934361696243286,0.3496144413948059,0.023478275164961815,0.07149726152420044,0.20274534821510315,0.057304635643959045,0.28880929946899414,0.30076706409454346,0.048034556210041046,0.10233916342258453
5,3,0.5049723982810974,3,0.39419063925743103,0.17408736050128937,0.02450401708483696,0.20694629848003387,0.5049723982810974,0.026216505095362663,0.06327342987060547,0.19123411178588867,0.05048781633377075,0.2150643914937973,0.39419063925743103,0.052858300507068634,0.09616469591856003
5,3,0.3038766384124756,3,0.2686161398887634,0.26609793305397034,0.04277319088578224,0.27889546751976013,0.3038766384124756,0.02690531313419342,0.0814514309167862,0.24545447528362274,0.07091795653104782,0.2534119188785553,0.2686161398887634,0.05176137015223503,0.10983817279338837
5,3,0.7611650824546814,3,0.5906757116317749,0.07267535477876663,0.015168861486017704,0.11817757785320282,0.7611650824546814,0.004697548225522041,0.028115643188357353,0.1198062002658844,0.041334498673677444,0.16668473184108734,0.5906757116317749,0.018643714487552643,0.06285517662763596
5,3,0.459094762802124,3,0.3663070499897003,0.18665523827075958,0.038289863616228104,0.2342168390750885,0.459094762802124,0.015851078554987907,0.06589215248823166,0.19877542555332184,0.06777768582105637,0.23190979659557343,0.3663070499897003,0.03723295032978058,0.09799718111753464
5,1,0.5684601068496704,1,0.4380408227443695,0.13881972432136536,0.5684601068496704,0.12723347544670105,0.1300075352191925,0.002630501287057996,0.03284869343042374,0.1681361198425293,0.4380408227443695,0.1584720015525818,0.1608106940984726,0.011369951069355011,0.06317029148340225
5,2,0.358119934797287,2,0.2933902442455292,0.2817862331867218,0.11473191529512405,0.358119934797287,0.09718096256256104,0.08312181383371353,0.06505923718214035,0.24930594861507416,0.13541775941848755,0.2933902442455292,0.12097665667533875,0.10879407078027725,0.09211531281471252
5,3,0.5357583165168762,3,0.4188656806945801,0.1446325033903122,0.017698656767606735,0.22477951645851135,0.5357583165168762,0.017940804362297058,0.059190232306718826,0.17210699617862701,0.04131673276424408,0.2322007268667221,0.4188656806945801,0.041699837893247604,0.09381000697612762
5,3,0.35003209114074707,3,0.2985190153121948,0.2200070172548294,0.041286371648311615,0.2948351800441742,0.35003209114074707,0.02375730127096176,0.07008206099271774,0.21776704490184784,0.06989535689353943,0.2656748592853546,0.2985190153121948,0.04802066832780838,0.10012301802635193
5,1,0.39041706919670105,1,0.32430005073547363,0.23460808396339417,0.39041706919670105,0.1930425763130188,0.12993119657039642,0.0033584744669497013,0.048642467707395554,0.2294628918170929,0.32430005073547363,0.20099681615829468,0.1536044180393219,0.012825923971831799,0.07880988717079163
5,2,0.3265463709831238,2,0.2744833528995514,0.23382455110549927,0.0745398998260498,0.3265463709831238,0.22473041713237762,0.07348528504371643,0.0668734535574913,0.21877187490463257,0.10063667595386505,0.2744833528995514,0.21295586228370667,0.09966735541820526,0.0934848040342331
5,3,0.5572509765625,3,0.43369030952453613,0.15372727811336517,0.034580789506435394,0.19702714681625366,0.5572509765625,0.005882544443011284,0.05153123289346695,0.18083824217319489,0.06564637273550034,0.21403935551643372,0.43369030952453613,0.019710835069417953,0.08607486635446548
5,3,0.6535022258758545,3,0.49997133016586304,0.11229418963193893,0.019041264429688454,0.16196146607398987,0.6535022258758545,0.012257841415703297,0.04094306379556656,0.1511521190404892,0.045285921543836594,0.19384191930294037,0.49997133016586304,0.03357686847448349,0.07617181539535522
5,3,0.45805811882019043,3,0.3654780685901642,0.18729320168495178,0.03998381271958351,0.2347186654806137,0.45805811882019043,0.01637125015258789,0.06357491761445999,0.19909118115901947,0.06974922120571136,0.23207762837409973,0.3654780685901642,0.038030751049518585,0.09557315707206726
5,2,0.2699698507785797,2,0.24330788850784302,0.25855982303619385,0.15889793634414673,0.2699698507785797,0.22397372126579285,0.01770920678973198,0.0708894357085228,0.2362750619649887,0.16974660754203796,0.24330788850784302,0.21431809663772583,0.03824339434504509,0.09810889512300491
5,1,0.42771872878074646,1,0.34344282746315,0.16803252696990967,0.42771872878074646,0.2312774658203125,0.1111663430929184,0.013216875493526459,0.04858791083097458,0.1820746511220932,0.34344282746315,0.22619597613811493,0.1375255137681961,0.032374825328588486,0.07838624715805054
5,2,0.3063392639160156,2,0.26233047246932983,0.24233205616474152,0.23280806839466095,0.3063392639160156,0.07595333456993103,0.08090893179178238,0.06165838614106178,0.22372235357761383,0.2177119255065918,0.26233047246932983,0.1017356887459755,0.10619834810495377,0.0883011743426323
5,1,0.611035168170929,1,0.4651055335998535,0.14129051566123962,0.611035168170929,0.1620849072933197,0.026132732629776,0.029455116018652916,0.030001476407051086,0.17202730476856232,0.4651055335998535,0.18884225189685822,0.05467335134744644,0.059303298592567444,0.060048241168260574
5,2,0.31337371468544006,2,0.26902157068252563,0.2666260302066803,0.11761072278022766,0.31337371468544006,0.19471970200538635,0.024551717564463615,0.08311808854341507,0.24106425046920776,0.13826081156730652,0.26902157068252563,0.19472594559192657,0.047706715762615204,0.10922077298164368
5,1,0.4916256368160248,1,0.3877114951610565,0.17978662252426147,0.4916256368160248,0.15930049121379852,0.1273222416639328,0.0029049015138298273,0.039060208946466446,0.19578148424625397,0.3877114951610565,0.1803370863199234,0.15487734973430634,0.011881129816174507,0.06941145658493042
5,3,0.8246780633926392,3,0.6530828475952148,0.06596546620130539,0.004188501741737127,0.07630161195993423,0.8246780633926392,0.007941579446196556,0.020924776792526245,0.11745793372392654,0.018058309331536293,0.12966445088386536,0.6530828475952148,0.027886759489774704,0.053849756717681885
5,3,0.38412290811538696,3,0.3177551031112671,0.15846912562847137,0.005416373256593943,0.21557413041591644,0.38412290811538696,0.1810661107301712,0.05535132437944412,0.1741461604833603,0.017579736188054085,0.21463148295879364,0.3177551031112671,0.19064956903457642,0.08523804694414139
5,0,0.346500962972641,0,0.2891465425491333,0.346500962972641,0.14858251810073853,0.2692331373691559,0.1372334361076355,0.028198732063174248,0.0702512189745903,0.2891465425491333,0.16268320381641388,0.24360798299312592,0.154136061668396,0.05261644348502159,0.09780972450971603
5,3,0.3454773724079132,3,0.2950172424316406,0.23508521914482117,0.025242719799280167,0.27832940220832825,0.3454773724079132,0.03843065723776817,0.07743459194898605,0.227135568857193,0.049895044416189194,0.25473886728286743,0.2950172424316406,0.06638102233409882,0.10683226585388184
5,3,0.5166992545127869,3,0.40194129943847656,0.15275448560714722,0.025800436735153198,0.21819297969341278,0.5166992545127869,0.024928100407123566,0.06162470951676369,0.17566609382629395,0.052490234375,0.22380176186561584,0.40194129943847656,0.05127813667058945,0.09482255578041077
5,2,0.3542473316192627,2,0.2922019064426422,0.23119764029979706,0.07501313090324402,0.3542473316192627,0.21095645427703857,0.04664968326687813,0.08193577826023102,0.21867908537387848,0.10180559754371643,0.2922019064426422,0.20548520982265472,0.07373194396495819,0.10809624195098877
5,3,0.4428175091743469,3,0.35848504304885864,0.19295375049114227,0.04031064733862877,0.2505331039428711,0.4428175091743469,0.010873962193727493,0.06251098215579987,0.20390444993972778,0.07039344310760498,0.24347741901874542,0.35848504304885864,0.028908969834446907,0.0948307141661644
5,3,0.5519248247146606,3,0.425057053565979,0.16414986550807953,0.01248216349631548,0.16546037793159485,0.5519248247146606,0.027600036934018135,0.07838275283575058,0.18652693927288055,0.03241338953375816,0.18753711879253387,0.425057053565979,0.05556458607316017,0.11290087550878525
5,3,0.34062325954437256,3,0.2906772494316101,0.22693385183811188,0.031022213399410248,0.28454628586769104,0.34062325954437256,0.04398253560066223,0.07289180159568787,0.220603808760643,0.05709662288427353,0.25724634528160095,0.2906772494316101,0.07237452268600464,0.10200140625238419
5,3,0.3250432312488556,3,0.28218868374824524,0.16918687522411346,0.00607545068487525,0.3035740256309509,0.3250432312488556,0.12210553139448166,0.07401490211486816,0.18110451102256775,0.018905824050307274,0.26939070224761963,0.28218868374824524,0.14512088894844055,0.10328943282365799
5,2,0.28997182846069336,2,0.25821369886398315,0.26197776198387146,0.23080135881900787,0.28997182846069336,0.14637963473796844,0.012346502393484116,0.05852293595671654,0.2410079836845398,0.22113445401191711,0.25821369886398315,0.16230608522891998,0.03026161901652813,0.08707612007856369
5,2,0.3133377432823181,2,0.2693467438220978,0.2261943221092224,0.0152133172377944,0.3133377432823181,0.1905219703912735,0.17236824333667755,0.08236438035964966,0.21586419641971588,0.03451088070869446,0.2693467438220978,0.19211161136627197,0.17947983741760254,0.10868678987026215
5,2,0.29445821046829224,2,0.26117053627967834,0.23747636377811432,0.14047157764434814,0.29445821046829224,0.2550036907196045,0.011104046367108822,0.06148606538772583,0.22567451000213623,0.15797847509384155,0.26117053627967834,0.23685811460018158,0.02818520925939083,0.0901331976056099
5,2,0.3417215645313263,2,0.2916184663772583,0.17372514307498932,0.011062858626246452,0.3417215645313263,0.3009882867336273,0.10015428066253662,0.07234785705804825,0.18418434262275696,0.028372982516884804,0.2916184663772583,0.2675311267375946,0.12670308351516724,0.10159003734588623
5,3,0.3983026444911957,3,0.32715755701065063,0.21263708174228668,0.05801530182361603,0.23529095947742462,0.3983026444911957,0.009952818974852562,0.08580117672681808,0.21360838413238525,0.08840379863977432,0.22881323099136353,0.32715755701065063,0.026696855202317238,0.11532019078731537
5,2,0.3200381100177765,2,0.2748817205429077,0.20753370225429535,0.14130954444408417,0.3200381100177765,0.24420014023780823,0.014488627202808857,0.07242979109287262,0.20482128858566284,0.15776154398918152,0.2748817205429077,0.2287531942129135,0.03358547389507294,0.10019677877426147
5,3,0.37452054023742676,3,0.3139105439186096,0.1723673790693283,0.011444758623838425,0.302128404378891,0.37452054023742676,0.07908613234758377,0.06045273318886757,0.1853078156709671,0.029367826879024506,0.2712971270084381,0.3139105439186096,0.10916297137737274,0.0909537523984909
5,2,0.3222368359565735,2,0.2729141414165497,0.293200820684433,0.06572644412517548,0.3222368359565735,0.16956165432929993,0.0805458053946495,0.06872853636741638,0.2559594213962555,0.09269719570875168,0.2729141414165497,0.1764519065618515,0.10642505437135696,0.09555236995220184
5,1,0.9861121773719788,1,0.9236408472061157,0.00641933036968112,0.9861121773719788,0.003999236971139908,0.0027297299820929766,1.1235336387471762e-05,0.000728284940123558,0.030229080468416214,0.9236408472061157,0.021919775754213333,0.01691148243844509,0.000405389117076993,0.006893363315612078
5,2,0.2586279511451721,2,0.23306940495967865,0.2533299922943115,0.05095488950610161,0.2586279511451721,0.25469717383384705,0.10397612303495407,0.07841382175683975,0.2298157662153244,0.07732152938842773,0.23306940495967865,0.23065748810768127,0.12551288306713104,0.10362285375595093
5,3,0.529327929019928,3,0.4158249795436859,0.18113172054290771,0.017620360478758812,0.19886557757854462,0.529327929019928,0.013016595505177975,0.06003773957490921,0.2007131427526474,0.0412302240729332,0.21385952830314636,0.4158249795436859,0.03356495872139931,0.09480706602334976
5,2,0.3336626887321472,2,0.27873632311820984,0.2615242600440979,0.12071240693330765,0.3336626887321472,0.16079497337341309,0.04453533515334129,0.07877038419246674,0.2362298220396042,0.13972647488117218,0.27873632311820984,0.16976803541183472,0.07098115235567093,0.10455823689699173
5,3,0.5105262994766235,3,0.40249213576316833,0.19121378660202026,0.015869900584220886,0.2004970908164978,0.5105262994766235,0.017816513776779175,0.06407644599676132,0.2065710425376892,0.038094889372587204,0.2133309692144394,0.40249213576316833,0.04120943322777748,0.09830151498317719
5,1,0.5298944115638733,1,0.41131967306137085,0.13346755504608154,0.5298944115638733,0.15677762031555176,0.1407354772090912,0.004361299332231283,0.03476369380950928,0.16123205423355103,0.41131967306137085,0.17986007034778595,0.16714465618133545,0.015786616131663322,0.06465698778629303
5,3,0.45800843834877014,3,0.37010711431503296,0.18714512884616852,0.020006101578474045,0.24825848639011383,0.45800843834877014,0.013347672298550606,0.07323426008224487,0.20151939988136292,0.0441347099840641,0.24416020512580872,0.37010711431503296,0.033527567982673645,0.10655105113983154
5,3,0.3516525328159332,3,0.29795393347740173,0.15758831799030304,0.0044697304256260395,0.2376573532819748,0.3516525328159332,0.18600915372371674,0.0626227930188179,0.17273443937301636,0.015362286940217018,0.22833412885665894,0.29795393347740173,0.19332587718963623,0.09228943288326263
5,3,0.4575047791004181,3,0.36509761214256287,0.17095059156417847,0.052732955664396286,0.24458637833595276,0.4575047791004181,0.012140601873397827,0.06208479776978493,0.187078595161438,0.08415593206882477,0.23860812187194824,0.36509761214256287,0.031034715473651886,0.09402510523796082
5,3,0.6204257011413574,3,0.4755740463733673,0.13117457926273346,0.0038816360756754875,0.15760645270347595,0.6204257011413574,0.04594157263636589,0.040970031172037125,0.16552025079727173,0.015150640159845352,0.18750019371509552,0.4755740463733673,0.08116472512483597,0.07509015500545502
5,4,0.3779939115047455,4,0.31363433599472046,0.1650974154472351,0.005585151724517345,0.22196777164936066,0.1705188751220703,0.3779939115047455,0.058836884796619415,0.17868034541606903,0.017911823466420174,0.21846944093704224,0.18264499306678772,0.31363433599472046,0.08865909278392792
5,3,0.3439735472202301,3,0.2933565378189087,0.21745383739471436,0.08011429756879807,0.2810056805610657,0.3439735472202301,0.015066409483551979,0.062386274337768555,0.21484394371509552,0.10903682559728622,0.25571325421333313,0.2933565378189087,0.035047803074121475,0.09200159460306168
5,1,0.7914479374885559,1,0.6154050230979919,0.0678710788488388,0.7914479374885559,0.0663120448589325,0.055779315531253815,0.0009203639347106218,0.01766916736960411,0.11604013293981552,0.6154050230979919,0.11422290652990341,0.10156182944774628,0.006251814775168896,0.046518273651599884
5,2,0.32008445262908936,2,0.27158045768737793,0.21271184086799622,0.12973149120807648,0.32008445262908936,0.2316783368587494,0.03376996889710426,0.0720239207148552,0.20575709640979767,0.1470598727464676,0.27158045768737793,0.21804682910442352,0.058949243277311325,0.09860662370920181
5,3,0.33501818776130676,3,0.28640496730804443,0.23590585589408875,0.10590829700231552,0.2484012097120285,0.33501818776130676,0.014320885762572289,0.06044566258788109,0.22569125890731812,0.13100111484527588,0.23374347388744354,0.28640496730804443,0.03365558758378029,0.08950353413820267
5,3,0.5985804200172424,3,0.45794570446014404,0.13946117460727692,0.04283683001995087,0.16224630177021027,0.5985804200172424,0.00677136518061161,0.05010387673974037,0.17025130987167358,0.07636532187461853,0.18868179619312286,0.45794570446014404,0.021814368665218353,0.08494152873754501
5,3,0.3806595206260681,3,0.31651586294174194,0.20833703875541687,0.10976215451955795,0.24157938361167908,0.3806595206260681,0.008464179933071136,0.05119774490594864,0.21018178761005402,0.1360059380531311,0.23241525888442993,0.31651586294174194,0.023860106244683266,0.08102106302976608
5,0,0.2785118520259857,0,0.24469469487667084,0.2785118520259857,0.21166808903217316,0.26998624205589294,0.07700686901807785,0.10388489812612534,0.0589420422911644,0.24469469487667084,0.2030809074640274,0.23958170413970947,0.10218911617994308,0.12523312866687775,0.08522046357393265
5,3,0.423494815826416,3,0.3452913165092468,0.20599620044231415,0.04530814290046692,0.24986958503723145,0.423494815826416,0.012615728192031384,0.06271547824144363,0.21163932979106903,0.07566288858652115,0.24129709601402283,0.3452913165092468,0.031749337911605835,0.09436004608869553
5,1,0.5776574611663818,1,0.4466760754585266,0.11756380647420883,0.5776574611663818,0.12481047213077545,0.15153776109218597,0.0017761565977707505,0.026654306799173355,0.15148863196372986,0.4466760754585266,0.157770037651062,0.17999586462974548,0.008783259429037571,0.05528616905212402
5,2,0.28788912296295166,2,0.25423547625541687,0.2657149136066437,0.18232768774032593,0.28788912296295166,0.17509189248085022,0.01861809566617012,0.07035834342241287,0.24076473712921143,0.18642187118530273,0.25423547625541687,0.18136422336101532,0.039576999843120575,0.09763666987419128
5,2,0.26428666710853577,2,0.24277673661708832,0.24760793149471283,0.19654467701911926,0.26428666710853577,0.22928078472614288,0.008660641498863697,0.05361935496330261,0.2322617918252945,0.19854067265987396,0.24277673661708832,0.2204417586326599,0.0238167867064476,0.08216233551502228
5,3,0.388254314661026,3,0.31981950998306274,0.17731118202209473,0.014058956876397133,0.2705421447753906,0.388254314661026,0.08759690821170807,0.06223646551370621,0.1878066062927246,0.0335763581097126,0.2502346932888031,0.31981950998306274,0.11633237451314926,0.0922304093837738
5,2,0.30074357986450195,2,0.2630697190761566,0.28222453594207764,0.09112810343503952,0.30074357986450195,0.2247646152973175,0.02539953589439392,0.07573963701725006,0.25195515155792236,0.11691326647996902,0.2630697190761566,0.21585921943187714,0.04909222945570946,0.10311037302017212
5,3,0.36710280179977417,3,0.3079555332660675,0.2644287943840027,0.035262610763311386,0.23026680946350098,0.36710280179977417,0.028759760782122612,0.07417923212051392,0.24644102156162262,0.06271863728761673,0.22434017062187195,0.3079555332660675,0.05460917204618454,0.10393550246953964
5,0,0.3084885776042938,0,0.26799148321151733,0.3084885776042938,0.04406994953751564,0.24375660717487335,0.2718954384326935,0.04738646373152733,0.08440286666154861,0.26799148321151733,0.0714680477976799,0.22837480902671814,0.24596558511257172,0.07507846504449844,0.11112162470817566
5,3,0.3507227301597595,3,0.2960317134857178,0.21471160650253296,0.12240246683359146,0.2381284236907959,0.3507227301597595,0.009718398563563824,0.06431634724140167,0.21212413907051086,0.1448155790567398,0.22757528722286224,0.2960317134857178,0.025914160534739494,0.09353920072317123
5,3,0.6379681825637817,3,0.4903290271759033,0.13399538397789001,0.022426120936870575,0.1561209261417389,0.6379681825637817,0.007110136095434427,0.04237920418381691,0.1698915958404541,0.0504506416618824,0.18847458064556122,0.4903290271759033,0.023121623322367668,0.07773258537054062
5,3,0.30908170342445374,3,0.2726619243621826,0.22829103469848633,0.06487453728914261,0.3079906105995178,0.30908170342445374,0.015072627924382687,0.07468947023153305,0.22194699943065643,0.09443041682243347,0.2720077931880951,0.2726619243621826,0.035039860755205154,0.1039130762219429
5,2,0.3007703721523285,2,0.26284274458885193,0.262734055519104,0.14669521152973175,0.3007703721523285,0.2076946347951889,0.019682670012116432,0.062423039227724075,0.23977996408939362,0.16139914095401764,0.26284274458885193,0.20439501106739044,0.04124708101153374,0.09033606946468353
5,3,0.4798097610473633,3,0.3818374276161194,0.18453645706176758,0.017541399225592613,0.2311486452817917,0.4798097610473633,0.02329052798449993,0.06367325037717819,0.1995307058095932,0.04034889116883278,0.23251131176948547,0.3818374276161194,0.04891635850071907,0.09685536473989487
5,3,0.3212062418460846,3,0.2768098711967468,0.22898170351982117,0.08500073850154877,0.2700269818305969,0.3212062418460846,0.02027772180736065,0.07450661808252335,0.2199617326259613,0.11220817267894745,0.2460276335477829,0.2768098711967468,0.04239099100232124,0.102601557970047
5,2,0.3850710988044739,2,0.30906960368156433,0.24954314529895782,0.08120075613260269,0.3850710988044739,0.14055362343788147,0.07613065838813782,0.06750071793794632,0.23019392788410187,0.1073777824640274,0.30906960368156433,0.1558694690465927,0.10277698189020157,0.09471213817596436
5,3,0.473378986120224,3,0.3746950626373291,0.18486864864826202,0.061324045062065125,0.21281203627586365,0.473378986120224,0.009230507537722588,0.05838575214147568,0.19784274697303772,0.09350059926509857,0.2176922857761383,0.3746950626373291,0.025835547596216202,0.0904337614774704
5,2,0.36881184577941895,2,0.30635109543800354,0.21456997096538544,0.07816528528928757,0.36881184577941895,0.24888062477111816,0.01854204759001732,0.0710301622748375,0.21205170452594757,0.10679847747087479,0.30635109543800354,0.23453016579151154,0.040192797780036926,0.10007578134536743
5,1,0.7355057597160339,1,0.5659350156784058,0.08947664499282837,0.7355057597160339,0.09200527518987656,0.06251467764377594,0.0011177259730175138,0.019379908218979836,0.13531982898712158,0.5659350156784058,0.13790564239025116,0.10606877505779266,0.006895179860293865,0.04787558317184448
5,3,0.4706946611404419,3,0.3757193386554718,0.1744982898235321,0.0315566286444664,0.2486797422170639,0.4706946611404419,0.016465328633785248,0.05810542032122612,0.19149330258369446,0.05993688851594925,0.24358555674552917,0.3757193386554718,0.03853008151054382,0.0907348170876503
5,2,0.35620883107185364,2,0.29386624693870544,0.19403846561908722,0.23894508183002472,0.35620883107185364,0.05957700312137604,0.10965099185705185,0.04157966002821922,0.19451773166656494,0.22406187653541565,0.29386624693870544,0.08722628653049469,0.13200689852237701,0.06832101196050644
5,2,0.34179431200027466,2,0.28976789116859436,0.24279798567295074,0.261890172958374,0.34179431200027466,0.06254970282316208,0.044328998774290085,0.04663882404565811,0.22970592975616455,0.2418249249458313,0.28976789116859436,0.09143159538507462,0.07236475497484207,0.07490494847297668
5,2,0.38642796874046326,2,0.30906522274017334,0.22341981530189514,0.12056691944599152,0.38642796874046326,0.14471787214279175,0.06017168238759041,0.06469570845365524,0.2130252718925476,0.1401108056306839,0.30906522274017334,0.1586097776889801,0.08738917857408524,0.09179981052875519
5,3,0.32819148898124695,3,0.2841454744338989,0.19096879661083221,0.1434044986963272,0.2757362127304077,0.32819148898124695,0.006813372019678354,0.0548856183886528,0.19670315086841583,0.16192583739757538,0.25244611501693726,0.2841454744338989,0.02044408954679966,0.08433529734611511
5,2,0.309222549200058,2,0.26171907782554626,0.1891934722661972,0.07094380259513855,0.309222549200058,0.16711771488189697,0.2057010382413864,0.05782134830951691,0.18746185302734375,0.09628740698099136,0.26171907782554626,0.17231136560440063,0.19842174649238586,0.08379857242107391
5,2,0.31153276562690735,2,0.2671114504337311,0.2876439392566681,0.10504359006881714,0.31153276562690735,0.18132595717906952,0.03992850333452225,0.07452531903982162,0.25302207469940186,0.12764625251293182,0.2671114504337311,0.1849461942911148,0.06617219746112823,0.10110187530517578
5,3,0.48492616415023804,3,0.3823898136615753,0.18516795337200165,0.05235925316810608,0.21386553347110748,0.48492616415023804,0.012927060015499592,0.050754036754369736,0.19884581863880157,0.0843166783452034,0.21929001808166504,0.3823898136615753,0.03260541334748268,0.08255215734243393
5,2,0.35293081402778625,2,0.293959379196167,0.22768868505954742,0.06858550012111664,0.35293081402778625,0.2383066713809967,0.034524958580732346,0.07796326279640198,0.21827222406864166,0.09661601483821869,0.293959379196167,0.22513525187969208,0.060614049434661865,0.10540302842855453
5,3,0.6104010343551636,3,0.46968743205070496,0.13301020860671997,0.0641581118106842,0.15435191988945007,0.6104010343551636,0.0014142560539767146,0.03666439652442932,0.1668577641248703,0.10169079899787903,0.18460465967655182,0.46968743205070496,0.007620733231306076,0.06953856348991394
5,3,0.3911047577857971,3,0.321917325258255,0.18198613822460175,0.007628713268786669,0.25250276923179626,0.3911047577857971,0.07824838161468506,0.08852929621934891,0.19145610928535461,0.02220139466226101,0.23915177583694458,0.321917325258255,0.10791732370853424,0.11735605448484421
5,3,0.3430127799510956,3,0.2936401665210724,0.22182771563529968,0.026107855141162872,0.2985513210296631,0.3430127799510956,0.04911576956510544,0.061384543776512146,0.21839480102062225,0.051059652119874954,0.26721706986427307,0.2936401665210724,0.07843147963285446,0.0912567675113678
5,1,0.47422194480895996,1,0.36861422657966614,0.16830523312091827,0.47422194480895996,0.19873639941215515,0.08256777375936508,0.03048364445567131,0.04568496719002724,0.1823897659778595,0.36861422657966614,0.2041863203048706,0.11244122684001923,0.05714733526110649,0.07522113621234894
5,4,0.6086267232894897,4,0.4645526707172394,0.12426796555519104,0.007474130019545555,0.16509394347667694,0.059105392545461655,0.6086267232894897,0.03543177247047424,0.1578979790210724,0.023398179560899734,0.1915021389722824,0.0953168049454689,0.4645526707172394,0.0673322007060051
5,3,0.44635874032974243,3,0.3610909879207611,0.17917869985103607,0.023238712921738625,0.26587975025177,0.44635874032974243,0.02097739651799202,0.06436669081449509,0.19425585865974426,0.04851240664720535,0.2539757490158081,0.3610909879207611,0.04525371640920639,0.09691131860017776
5,3,0.38140150904655457,3,0.31663280725479126,0.22062180936336517,0.03741321712732315,0.2606448531150818,0.38140150904655457,0.02650553174316883,0.07341299951076508,0.21831393241882324,0.06541182845830917,0.24448809027671814,0.31663280725479126,0.051758818328380585,0.10339448601007462
5,3,0.28989455103874207,3,0.2604348659515381,0.2705767750740051,0.06822223961353302,0.2862864136695862,0.28989455103874207,0.01720806397497654,0.06781192123889923,0.24851736426353455,0.09748406708240509,0.25822877883911133,0.2604348659515381,0.03824956715106964,0.09708546102046967
5,2,0.32111790776252747,2,0.2735132873058319,0.21799419820308685,0.08160772174596786,0.32111790776252747,0.26593372225761414,0.045958999544382095,0.06738746166229248,0.2102421671152115,0.10786635428667068,0.2735132873058319,0.24063348770141602,0.0730322077870369,0.09471246600151062
5,3,0.3837875723838806,3,0.3175555467605591,0.22623111307621002,0.07257900387048721,0.24236802756786346,0.3837875723838806,0.016144027933478355,0.05889029800891876,0.22177459299564362,0.10245928168296814,0.232400044798851,0.3175555467605591,0.03691093623638153,0.0888996422290802
5,3,0.4902819097042084,3,0.3861422836780548,0.17826537787914276,0.12714079022407532,0.1579478234052658,0.4902819097042084,0.0029167800676077604,0.04344731941819191,0.1942276656627655,0.1543879210948944,0.17890217900276184,0.3861422836780548,0.011887969449162483,0.07445205003023148
5,2,0.2545791268348694,2,0.23383943736553192,0.2170918881893158,0.21752288937568665,0.2545791268348694,0.23343248665332794,0.018050752580165863,0.05932287871837616,0.20985999703407288,0.21014289557933807,0.23383943736553192,0.22046375274658203,0.03874966502189636,0.08694423735141754
5,2,0.33504945039749146,2,0.2793271839618683,0.26964420080184937,0.092191681265831,0.33504945039749146,0.1663626730442047,0.07178386300802231,0.06496809422969818,0.24101847410202026,0.11626925319433212,0.2793271839618683,0.17361745238304138,0.09809733182191849,0.09167029708623886
5,2,0.3150789141654968,2,0.2690191864967346,0.26923060417175293,0.07855777442455292,0.3150789141654968,0.21078886091709137,0.04986050724983215,0.07648326456546783,0.2417663037776947,0.10472620278596878,0.2690191864967346,0.20474348962306976,0.0769050195813179,0.10283972322940826
5,3,0.3944731056690216,3,0.32836776971817017,0.18446633219718933,0.008183593861758709,0.29019495844841003,0.3944731056690216,0.05938461422920227,0.06329748034477234,0.19595158100128174,0.023614468052983284,0.26656389236450195,0.32836776971817017,0.09074146300554276,0.09476081281900406
5,3,0.42407241463661194,3,0.34618639945983887,0.20943187177181244,0.034328971058130264,0.2519271969795227,0.42407241463661194,0.01629055291414261,0.06394904851913452,0.2143867462873459,0.06276945769786835,0.24304881691932678,0.34618639945983887,0.037832655012607574,0.09577591717243195
5,1,0.7221810817718506,1,0.5575506091117859,0.09689932316541672,0.7221810817718506,0.13319413363933563,0.02011672779917717,0.0076522184535861015,0.019956475123763084,0.14248880743980408,0.5575506091117859,0.17685818672180176,0.04898149147629738,0.02540471963584423,0.048716116696596146
5,1,0.39986947178840637,1,0.3263271152973175,0.1680830717086792,0.39986947178840637,0.23835286498069763,0.13149072229862213,0.011568300426006317,0.050635550171136856,0.1811329424381256,0.3263271152973175,0.2296324074268341,0.15331079065799713,0.029414905235171318,0.0801817998290062
5,3,0.33271700143814087,3,0.2825224995613098,0.2248915135860443,0.1354789286851883,0.2305455356836319,0.33271700143814087,0.022224104031920433,0.05414295941591263,0.21652890741825104,0.1534680426120758,0.2202117145061493,0.2825224995613098,0.044956814497709274,0.08231201767921448
5,2,0.34364813566207886,2,0.2835981547832489,0.19450393319129944,0.07332483679056168,0.34364813566207886,0.23313871026039124,0.08251050114631653,0.07287382334470749,0.19266784191131592,0.09932025521993637,0.2835981547832489,0.2178986668586731,0.10761021822690964,0.09890490770339966
5,2,0.34520673751831055,2,0.28655561804771423,0.28116029500961304,0.06828507781028748,0.34520673751831055,0.15998373925685883,0.07082132250070572,0.0745428130030632,0.2492716908454895,0.09532423317432404,0.28655561804771423,0.16995973885059357,0.09771494567394257,0.10117380321025848
5,2,0.3660735487937927,2,0.30105501413345337,0.22071324288845062,0.02292506955564022,0.3660735487937927,0.13201431930065155,0.1901979297399521,0.06807591021060944,0.21349777281284332,0.04585275053977966,0.30105501413345337,0.15058641135692596,0.19297462701797485,0.09603343904018402
5,3,0.37002187967300415,3,0.30613428354263306,0.22300802171230316,0.09061773866415024,0.22988173365592957,0.37002187967300415,0.019890474155545235,0.06658010184764862,0.21704314649105072,0.11773268133401871,0.2215649038553238,0.30613428354263306,0.04203221946954727,0.09549272060394287
5,2,0.4283704161643982,2,0.34076783061027527,0.226754829287529,0.07356657087802887,0.4283704161643982,0.17530494928359985,0.0232396200299263,0.07276364415884018,0.2212149202823639,0.102981336414814,0.34076783061027527,0.18573889136314392,0.04708041995763779,0.10221656411886215
5,3,0.3655185401439667,3,0.3077777326107025,0.21009257435798645,0.030037129297852516,0.2905592620372772,0.3655185401439667,0.03366751968860626,0.07012496143579483,0.21129290759563446,0.056377992033958435,0.26335152983665466,0.3077777326107025,0.060920991003513336,0.1002788171172142
5,3,0.8175526261329651,3,0.645226776599884,0.07462063431739807,0.011642071418464184,0.07264622300863266,0.8175526261329651,0.00308397994376719,0.020454496145248413,0.12692682445049286,0.03593658283352852,0.12463592737913132,0.645226776599884,0.014577403664588928,0.05269657447934151
5,2,0.30024269223213196,2,0.2664235532283783,0.18634264171123505,0.19364313781261444,0.30024269223213196,0.2625303566455841,0.007041805423796177,0.05019929260015488,0.19269241392612457,0.19778840243816376,0.2664235532283783,0.24320849776268005,0.020824884995818138,0.07906225323677063
5,2,0.31288543343544006,2,0.26793643832206726,0.251524418592453,0.12942001223564148,0.31288543343544006,0.20599813759326935,0.03242281824350357,0.06774918735027313,0.23101378977298737,0.1471053808927536,0.26793643832206726,0.20171481370925903,0.057453054934740067,0.09477652609348297
5,3,0.4871862232685089,3,0.3867316246032715,0.14942772686481476,0.013434686698019505,0.2584676146507263,0.4871862232685089,0.03956986591219902,0.05191389471292496,0.17329619824886322,0.03374297171831131,0.2514358162879944,0.3867316246032715,0.0702800452709198,0.08451337367296219
5,4,0.3754017651081085,4,0.30826428532600403,0.21511848270893097,0.015889978036284447,0.20366047322750092,0.11593221127986908,0.3754017651081085,0.07399704307317734,0.21119052171707153,0.035982925444841385,0.20348325371742249,0.13877810537815094,0.30826428532600403,0.10230088233947754
5,1,0.43287622928619385,1,0.35133233666419983,0.1739562451839447,0.43287622928619385,0.1599961519241333,0.19311398267745972,0.0027406823355704546,0.03731667250394821,0.18914619088172913,0.35133233666419983,0.1786985844373703,0.20305629074573517,0.011283469386398792,0.06648316234350204
5,3,0.27297720313072205,3,0.24974773824214935,0.19115981459617615,0.2154216468334198,0.2642385959625244,0.27297720313072205,0.0055383299477398396,0.05066441372036934,0.1960674524307251,0.2126435786485672,0.2442891001701355,0.24974773824214935,0.017690835520625114,0.07956130802631378
5,1,0.3057316839694977,1,0.26948001980781555,0.24203957617282867,0.3057316839694977,0.3034382462501526,0.06521038711071014,0.0294168833643198,0.05416326969861984,0.22994112968444824,0.26948001980781555,0.26810532808303833,0.09435214847326279,0.054945316165685654,0.08317604660987854
5,3,0.4240354597568512,3,0.3412536084651947,0.23072229325771332,0.04019756615161896,0.20029355585575104,0.4240354597568512,0.023929301649332047,0.08082183450460434,0.22570960223674774,0.06888022273778915,0.20503611862659454,0.3412536084651947,0.048426833003759384,0.11069360375404358
5,2,0.5215199589729309,2,0.39900678396224976,0.16310785710811615,0.019068848341703415,0.5215199589729309,0.16596587002277374,0.0643165186047554,0.06602104008197784,0.18118035793304443,0.04216703400015831,0.39900678396224976,0.18333065509796143,0.09629449993371964,0.09802060574293137
5,3,0.30150821805000305,3,0.26515722274780273,0.2544434070587158,0.01216851081699133,0.2484084665775299,0.30150821805000305,0.1001180037856102,0.0833534300327301,0.2362867146730423,0.029965709894895554,0.23246553540229797,0.26515722274780273,0.12540078163146973,0.11072400957345963
5,2,0.3003215193748474,2,0.26569122076034546,0.2724659740924835,0.06713893264532089,0.3003215193748474,0.2696149945259094,0.022758468985557556,0.06770009547472,0.24869304895401,0.0960431694984436,0.26569122076034546,0.2469225525856018,0.04606235772371292,0.09658768773078918
5,3,0.5042061805725098,3,0.39669910073280334,0.17066960036754608,0.009184619411826134,0.2174268662929535,0.5042061805725098,0.042032498866319656,0.05648016557097435,0.19007252156734467,0.026116838678717613,0.22404973208904266,0.39669910073280334,0.07337766885757446,0.08968410640954971
5,2,0.32015523314476013,2,0.2724947929382324,0.2847062647342682,0.04970588907599449,0.32015523314476013,0.19105441868305206,0.08584749698638916,0.06853071600198746,0.25161850452423096,0.07689512521028519,0.2724947929382324,0.19189956784248352,0.11145303398370743,0.09563901275396347
5,2,0.43937385082244873,2,0.34387314319610596,0.1603381335735321,0.09128586202859879,0.43937385082244873,0.20657072961330414,0.03769160434603691,0.06473975628614426,0.17339485883712769,0.11827026307582855,0.34387314319610596,0.20595504343509674,0.06485536694526672,0.09365121275186539
5,2,0.3359745442867279,2,0.2852999269962311,0.19335110485553741,0.010346153751015663,0.3359745442867279,0.1802234649658203,0.21273642778396606,0.06736823171377182,0.19602680206298828,0.026831023395061493,0.2852999269962311,0.18688532710075378,0.20917026698589325,0.09578664600849152
5,3,0.31279921531677246,3,0.27599942684173584,0.1515185832977295,0.0021055431570857763,0.2311917543411255,0.31279921531677246,0.24428889155387878,0.058096081018447876,0.16868983209133148,0.009240648709237576,0.2247660607099533,0.27599942684173584,0.23333799839019775,0.08796611428260803
5,2,0.41486024856567383,2,0.3333338499069214,0.20784208178520203,0.02893000654876232,0.41486024856567383,0.2201940417289734,0.05254044011235237,0.075633205473423,0.20844817161560059,0.05461622402071953,0.3333338499069214,0.21678423881530762,0.08191040903329849,0.10490711778402328
5,2,0.35594257712364197,2,0.2935085892677307,0.27880874276161194,0.052536725997924805,0.35594257712364197,0.15158407390117645,0.09271129965782166,0.06841661781072617,0.2486412674188614,0.08002816140651703,0.2935085892677307,0.16436710953712463,0.11770274490118027,0.09575218707323074
5,3,0.4840747117996216,3,0.38069450855255127,0.16175685822963715,0.03543546050786972,0.2315893918275833,0.4840747117996216,0.020161990076303482,0.06698162853717804,0.1808142513036728,0.06446681916713715,0.23072445392608643,0.38069450855255127,0.043953269720077515,0.09934668242931366
5,2,0.28749558329582214,2,0.2500855326652527,0.24445928633213043,0.08745574206113815,0.28749558329582214,0.08452461659908295,0.23443418741226196,0.06163056567311287,0.2240033596754074,0.11143893748521805,0.2500855326652527,0.10888823866844177,0.2177220731973648,0.08786184340715408
5,1,0.4014092981815338,1,0.3274863362312317,0.17871780693531036,0.4014092981815338,0.22485409677028656,0.1390186846256256,0.01211572252213955,0.04388437792658806,0.18901701271533966,0.3274863362312317,0.22092345356941223,0.15936805307865143,0.030381713062524796,0.07282345741987228
5,3,0.29454559087753296,3,0.2606755197048187,0.19256775081157684,0.006442046724259853,0.2104390561580658,0.29454559087753296,0.22203204035758972,0.07397351413965225,0.19531549513339996,0.019431328400969505,0.20745117962360382,0.2606755197048187,0.21514663100242615,0.10197989642620087
5,2,0.2993396818637848,2,0.2617819905281067,0.25252169370651245,0.02350509911775589,0.2993396818637848,0.24909885227680206,0.08199512213468552,0.09353949129581451,0.23322147130966187,0.046493977308273315,0.2617819905281067,0.23106960952281952,0.10863275825977325,0.11880018562078476
5,3,0.3287467658519745,3,0.28237783908843994,0.20871296525001526,0.1001080647110939,0.2843770980834961,0.3287467658519745,0.01833616942167282,0.05971904844045639,0.20740137994289398,0.12591716647148132,0.25589513778686523,0.28237783908843994,0.03975469991564751,0.08865373581647873
5,3,0.617732584476471,3,0.47546735405921936,0.11874543130397797,0.005137513391673565,0.18070842325687408,0.617732584476471,0.03190898522734642,0.045767102390527725,0.1551215648651123,0.018378255888819695,0.20631766319274902,0.47546735405921936,0.06353850662708282,0.08117657899856567
5,2,0.2993675172328949,2,0.26250317692756653,0.24859751760959625,0.012603470124304295,0.2993675172328949,0.2236844152212143,0.13771812617778778,0.07802896201610565,0.23137471079826355,0.030529344454407692,0.26250317692756653,0.21536049246788025,0.1549142301082611,0.1053180918097496
5,3,0.4515398144721985,3,0.3641589283943176,0.15537850558757782,0.0499366857111454,0.2774435877799988,0.4515398144721985,0.011223926208913326,0.05447739362716675,0.17644259333610535,0.08161424845457077,0.26158979535102844,0.3641589283943176,0.0296102873980999,0.08658412843942642
5,4,0.44251587986946106,4,0.35097378492355347,0.15518246591091156,0.03398841619491577,0.2541641294956207,0.061276502907276154,0.44251587986946106,0.052872586995363235,0.17225411534309387,0.0614064484834671,0.2408284693956375,0.09163681417703629,0.35097378492355347,0.08290039002895355
5,2,0.3083982467651367,2,0.2687048316001892,0.25644734501838684,0.08452225476503372,0.3083982467651367,0.2590729892253876,0.026088863611221313,0.06547030806541443,0.23706115782260895,0.11154662817716599,0.2687048316001892,0.2387070655822754,0.05019982159137726,0.09378049522638321
5,1,0.3352915644645691,1,0.28866225481033325,0.2073928266763687,0.3352915644645691,0.2345268428325653,0.16766728460788727,0.005290534347295761,0.04983091726899147,0.20829768478870392,0.28866225481033325,0.22644051909446716,0.18028569221496582,0.017237812280654907,0.07907605916261673
5,2,0.29384171962738037,2,0.2609656751155853,0.23422013223171234,0.2756219506263733,0.29384171962738037,0.12459441274404526,0.014585836790502071,0.057135943323373795,0.22371093928813934,0.24986256659030914,0.2609656751155853,0.14571179449558258,0.03394319489598274,0.08580590039491653
5,3,0.5108118057250977,3,0.4020845890045166,0.1435983031988144,0.0061599621549248695,0.23457249999046326,0.5108118057250977,0.04663468152284622,0.05822273716330528,0.16982033848762512,0.020003393292427063,0.2370014786720276,0.4020845890045166,0.07910970598459244,0.09198048710823059
5,3,0.4250999093055725,3,0.34802040457725525,0.2311249077320099,0.028290865942835808,0.2300625890493393,0.4250999093055725,0.013206995092332363,0.07221468538045883,0.23006588220596313,0.055241383612155914,0.2293471246957779,0.34802040457725525,0.03292674198746681,0.10439850389957428
5,3,0.2747913897037506,3,0.24901165068149567,0.2248934954404831,0.18430179357528687,0.2446853667497635,0.2747913897037506,0.007218400947749615,0.06410963088274002,0.2173248827457428,0.18984206020832062,0.23013897240161896,0.24901165068149567,0.021021582186222076,0.09266088902950287
5,2,0.3359696865081787,2,0.2841218113899231,0.20813895761966705,0.057627663016319275,0.3359696865081787,0.27740854024887085,0.0421028696000576,0.07875217497348785,0.2052401602268219,0.08579152077436447,0.2841218113899231,0.24946328997612,0.06931914389133453,0.10606412589550018
5,2,0.3570987284183502,2,0.289618581533432,0.19899703562259674,0.13607163727283478,0.3570987284183502,0.08473341166973114,0.16321642696857452,0.0598827600479126,0.19468986988067627,0.1503896266222,0.289618581533432,0.10901666432619095,0.17016646265983582,0.08611881732940674
5,1,0.4805625081062317,1,0.37804582715034485,0.16241732239723206,0.4805625081062317,0.18737003207206726,0.12100227177143097,0.0073164077475667,0.041331350803375244,0.18094664812088013,0.37804582715034485,0.19939230382442474,0.148156076669693,0.022033780813217163,0.07142535597085953
5,1,0.500947117805481,1,0.39518001675605774,0.16039620339870453,0.500947117805481,0.22916670143604279,0.0648716539144516,0.009281751699745655,0.03533652424812317,0.18232771754264832,0.39518001675605774,0.23232896625995636,0.09858788549900055,0.026319066062569618,0.06525642424821854
5,1,0.5959346294403076,1,0.458659291267395,0.15207242965698242,0.5959346294403076,0.14903712272644043,0.07041486352682114,0.003967664670199156,0.028573323041200638,0.1813887059688568,0.458659291267395,0.1789216697216034,0.10751954466104507,0.01524228136986494,0.058268431574106216
5,2,0.293150931596756,2,0.26029035449028015,0.2726971209049225,0.03527059778571129,0.293150931596756,0.27073192596435547,0.045189376920461655,0.0829601138830185,0.24781249463558197,0.0617719404399395,0.26029035449028015,0.24659806489944458,0.0730956569314003,0.11043152213096619
5,3,0.5058647990226746,3,0.4009648561477661,0.18452532589435577,0.03248950093984604,0.21522660553455353,0.5058647990226746,0.006778876297175884,0.055114876478910446,0.20212553441524506,0.06212613731622696,0.22439874708652496,0.4009648561477661,0.02142915315926075,0.08895565569400787
5,2,0.32337358593940735,2,0.2716289162635803,0.270902544260025,0.13921944797039032,0.32337358593940735,0.13104376196861267,0.05555647611618042,0.07990428805351257,0.24085162580013275,0.15324178338050842,0.2716289162635803,0.1470702439546585,0.0821090042591095,0.1050984337925911
5,1,0.29729539155960083,1,0.25866857171058655,0.24631436169147491,0.29729539155960083,0.2460266798734665,0.10726406425237656,0.04222384840250015,0.06087566167116165,0.22764189541339874,0.25866857171058655,0.22746127843856812,0.12942808866500854,0.06870898604393005,0.08809119462966919
5,2,0.32759296894073486,2,0.2737703323364258,0.23698918521404266,0.08514590561389923,0.32759296894073486,0.20132343471050262,0.07571402937173843,0.07323446124792099,0.219727024435997,0.10962884873151779,0.2737703323364258,0.1966850310564041,0.10122621804475784,0.09896254539489746
5,4,0.7551499605178833,4,0.581728994846344,0.07754912227392197,0.0008782836957834661,0.08981800824403763,0.051840100437402725,0.7551499605178833,0.024764591827988625,0.1239762082695961,0.0059102987870574,0.1369820535182953,0.09430500864982605,0.581728994846344,0.0570974126458168
5,3,0.3407849371433258,3,0.2935241162776947,0.22630594670772552,0.025969775393605232,0.3026207983493805,0.3407849371433258,0.036197762936353683,0.0681208074092865,0.22227391600608826,0.05108155310153961,0.27077487111091614,0.2935241162776947,0.06400548666715622,0.09834008663892746
5,3,0.708255410194397,3,0.5426192283630371,0.11168104410171509,0.03127460926771164,0.11749546974897385,0.708255410194397,0.00557375606149435,0.02571972645819187,0.15474453568458557,0.06518522650003433,0.1601719707250595,0.5426192283630371,0.020201386883854866,0.057077616453170776
5,3,0.2912362813949585,3,0.2563687264919281,0.24184316396713257,0.043730106204748154,0.28101566433906555,0.2912362813949585,0.06872667372226715,0.07344813644886017,0.22596637904644012,0.07072103023529053,0.2502228319644928,0.2563687264919281,0.09614142775535583,0.10057958215475082
5,3,0.4869832694530487,3,0.3836785554885864,0.1443818062543869,0.08895889669656754,0.22552044689655304,0.4869832694530487,0.00686745997518301,0.04728815332055092,0.16801059246063232,0.12091503292322159,0.22744907438755035,0.3836785554885864,0.021228395402431488,0.07871841639280319
5,3,0.45733073353767395,3,0.36070290207862854,0.17117401957511902,0.1274198293685913,0.180221289396286,0.45733073353767395,0.00995637010782957,0.05389777943491936,0.18503856658935547,0.1514207273721695,0.1916263848543167,0.36070290207862854,0.02680359035730362,0.08440779894590378
5,3,0.3344307839870453,3,0.28686970472335815,0.2519575357437134,0.01784309558570385,0.25551190972328186,0.3344307839870453,0.06266672164201736,0.07759007066488266,0.2366761863231659,0.039187271147966385,0.23893886804580688,0.28686970472335815,0.09198278933763504,0.10634511709213257
5,1,0.44753679633140564,1,0.35768505930900574,0.16296327114105225,0.44753679633140564,0.19035406410694122,0.15298332273960114,0.006939369719475508,0.03922305628657341,0.18009395897388458,0.35768505930900574,0.20013725757598877,0.17252711951732635,0.021107684820890427,0.06844894587993622
5,1,0.5146862864494324,1,0.40266522765159607,0.14625027775764465,0.5146862864494324,0.17004252970218658,0.13250817358493805,0.003596980357542634,0.03291575238108635,0.17131108045578003,0.40266522765159607,0.18977892398834229,0.16020570695400238,0.01382953766733408,0.062209609895944595
5,3,0.31381627917289734,3,0.274421751499176,0.21905387938022614,0.023832356557250023,0.3118605613708496,0.31381627917289734,0.06160940229892731,0.06982749700546265,0.21496866643428802,0.04764556512236595,0.2732589840888977,0.274421751499176,0.09082145243883133,0.09888359159231186
5,3,0.5870774984359741,3,0.45537126064300537,0.1562892198562622,0.011253012344241142,0.1815161257982254,0.5870774984359741,0.017507024109363556,0.04635712131857872,0.1853407770395279,0.03103484958410263,0.2051686942577362,0.45537126064300537,0.04190078377723694,0.08118364214897156
5,2,0.29319122433662415,2,0.256057471036911,0.2532840669155121,0.02148783765733242,0.29319122433662415,0.19225625693798065,0.15402676165103912,0.08575381338596344,0.23183420300483704,0.043395791202783585,0.256057471036911,0.19224537909030914,0.16537024080753326,0.11109689623117447
5,1,0.31245675683021545,1,0.2693578898906708,0.22562019526958466,0.31245675683021545,0.2675054371356964,0.09949096292257309,0.03445135056972504,0.06047530472278595,0.2159132957458496,0.2693578898906708,0.24238801002502441,0.12380880117416382,0.060244400054216385,0.0882875919342041
5,3,0.5229029655456543,3,0.41218578815460205,0.15109668672084808,0.023651672527194023,0.23679566383361816,0.5229029655456543,0.012035214342176914,0.05351772904396057,0.17736946046352386,0.050331201404333115,0.24066230654716492,0.41218578815460205,0.03180883452296257,0.0876423642039299
5,1,0.3468722999095917,1,0.2947274446487427,0.2113925665616989,0.3468722999095917,0.27511927485466003,0.10204080492258072,0.017234675586223602,0.047340329736471176,0.21053938567638397,0.2947274446487427,0.25180116295814514,0.12837614119052887,0.03835943341255188,0.07619640976190567
5,2,0.33046451210975647,2,0.28205713629722595,0.24405892193317413,0.04646547883749008,0.33046451210975647,0.26138922572135925,0.04398682340979576,0.0736350491642952,0.22957830131053925,0.07441197335720062,0.28205713629722595,0.24052871763706207,0.07169219106435776,0.10173168778419495
5,2,0.3259088099002838,2,0.2726300358772278,0.2456693798303604,0.1415555477142334,0.3259088099002838,0.15938526391983032,0.0596843883395195,0.06779657304286957,0.22501030564308167,0.15473195910453796,0.2726300358772278,0.16771598160266876,0.08606496453285217,0.09384677559137344
5,2,0.3688381314277649,2,0.3035508692264557,0.2824603021144867,0.15125592052936554,0.3688381314277649,0.09291158616542816,0.03295053169131279,0.07158349454402924,0.25323525071144104,0.1656869351863861,0.3035508692264557,0.11899693310260773,0.058849725872278214,0.09968023747205734
5,1,0.27055808901786804,1,0.24856923520565033,0.2223266214132309,0.27055808901786804,0.21196229755878448,0.24096952378749847,0.004137188196182251,0.05004629120230675,0.21753574907779694,0.24856923520565033,0.21059517562389374,0.22976480424404144,0.014530489221215248,0.07900460809469223
5,3,0.31912970542907715,3,0.27929359674453735,0.23040947318077087,0.17478463053703308,0.21911147236824036,0.31912970542907715,0.003074917010962963,0.053489800542593,0.22385840117931366,0.18555326759815216,0.21634279191493988,0.27929359674453735,0.011930438689887524,0.08302141726016998
5,2,0.42806464433670044,2,0.33438706398010254,0.2236800640821457,0.09355079382658005,0.42806464433670044,0.09782391786575317,0.10389319807291031,0.05298737436532974,0.21517342329025269,0.11902782320976257,0.33438706398010254,0.12269412726163864,0.12781447172164917,0.08090310543775558
5,2,0.42246946692466736,2,0.330984503030777,0.22768887877464294,0.09833673387765884,0.42246946692466736,0.09364736080169678,0.10324479639530182,0.05461271107196808,0.21750429272651672,0.12297175824642181,0.330984503030777,0.11895757913589478,0.1271079182624817,0.08247394859790802
5,2,0.3173099160194397,2,0.2725093960762024,0.23743388056755066,0.026827989146113396,0.3173099160194397,0.25103819370269775,0.08750452101230621,0.07988549023866653,0.22378939390182495,0.05089158937335014,0.2725093960762024,0.2324206382036209,0.11360252648591995,0.10678645223379135
5,3,0.31777423620224,3,0.27722153067588806,0.23629169166088104,0.10524947196245193,0.26982006430625916,0.31777423620224,0.0105989258736372,0.060265637934207916,0.22668936848640442,0.13087859749794006,0.2480686902999878,0.27722153067588806,0.027524003759026527,0.08961787074804306
5,2,0.4309238791465759,2,0.3363034129142761,0.21403440833091736,0.06725426763296127,0.4309238791465759,0.08623549342155457,0.1389334350824356,0.06261854618787766,0.20907585322856903,0.09523905813694,0.3363034129142761,0.11275822669267654,0.15589402616024017,0.09072933346033096
5,3,0.5516869425773621,3,0.4295409917831421,0.1550167351961136,0.006279123481363058,0.19654735922813416,0.5516869425773621,0.03131822496652603,0.059151649475097656,0.18135908246040344,0.020546359941363335,0.2130882441997528,0.4295409917831421,0.061201706528663635,0.09426368027925491
5,3,0.5054662227630615,3,0.39486634731292725,0.19685280323028564,0.06287316232919693,0.1680266410112381,0.5054662227630615,0.007091587409377098,0.059689611196517944,0.20810087025165558,0.09585155546665192,0.18688231706619263,0.39486634731292725,0.021771306172013283,0.09252762049436569
5,2,0.2890491187572479,2,0.2550777494907379,0.25442811846733093,0.11820044368505478,0.2890491187572479,0.24547545611858368,0.025240710005164146,0.06760618835687637,0.23390482366085052,0.138961523771286,0.2550777494907379,0.22828242182731628,0.04869266226887703,0.09508080780506134
5,3,0.3565475642681122,3,0.2986258268356323,0.17526619136333466,0.10308786481618881,0.28470343351364136,0.3565475642681122,0.02136567421257496,0.05902927368879318,0.1843494474887848,0.12855449318885803,0.2563011050224304,0.2986258268356323,0.04414122924208641,0.08802785724401474
5,3,0.32900476455688477,3,0.2894081473350525,0.2581947445869446,0.013356957584619522,0.29442304372787476,0.32900476455688477,0.03321893885731697,0.07180154323577881,0.24548177421092987,0.032837897539138794,0.2683808505535126,0.2894081473350525,0.060971833765506744,0.10291952639818192
5,2,0.33945754170417786,2,0.28244924545288086,0.25471433997154236,0.10617747902870178,0.33945754170417786,0.1786307543516159,0.04807266592979431,0.07294724136590958,0.2323911041021347,0.1282627284526825,0.28244924545288086,0.1826220154762268,0.07487839460372925,0.09939651191234589
5,3,0.29049044847488403,3,0.2568652033805847,0.28414013981819153,0.05976272001862526,0.2449815720319748,0.29049044847488403,0.03674125671386719,0.08388379216194153,0.253037691116333,0.08775699883699417,0.22879356145858765,0.2568652033805847,0.06306349486112595,0.1104830875992775
5,1,0.39003539085388184,1,0.32213011384010315,0.22650021314620972,0.39003539085388184,0.22745075821876526,0.09570445120334625,0.011296320706605911,0.04901287704706192,0.22269508242607117,0.32213011384010315,0.22332942485809326,0.12404762208461761,0.029058462008833885,0.07873926311731339
5,2,0.29489272832870483,2,0.25998616218566895,0.20485156774520874,0.008695279248058796,0.29489272832870483,0.19919022917747498,0.2166452705860138,0.07572497427463531,0.20299264788627625,0.023739978671073914,0.25998616218566895,0.19916513562202454,0.210859015583992,0.10325711220502853
5,3,0.43436968326568604,3,0.3487015664577484,0.2102643996477127,0.016054555773735046,0.21687999367713928,0.43436968326568604,0.049974311143159866,0.07245717197656631,0.21302714943885803,0.03712179511785507,0.21755698323249817,0.3487015664577484,0.08027621358633041,0.10331634432077408
5,3,0.7116618156433105,3,0.5484369993209839,0.0883886069059372,0.032981567084789276,0.13759689033031464,0.7116618156433105,0.002388909226283431,0.026982193812727928,0.13299456238746643,0.06808343529701233,0.1796341985464096,0.5484369993209839,0.011446656659245491,0.05940422788262367
5,3,0.37340056896209717,3,0.31147500872612,0.15090689063072205,0.007251034956425428,0.2676037847995758,0.37340056896209717,0.1417178362607956,0.05911986529827118,0.16833408176898956,0.021416379138827324,0.24839985370635986,0.31147500872612,0.16130200028419495,0.08907273411750793
5,1,0.8691845536231995,1,0.7039065957069397,0.045683931559324265,0.8691845536231995,0.05094267800450325,0.024738693609833717,0.0004413367132656276,0.00900884810835123,0.09518135339021683,0.7039065957069397,0.10249239206314087,0.06275030970573425,0.004073071293532848,0.03159625083208084
5,2,0.3034144639968872,2,0.2659696638584137,0.22875066101551056,0.1281341314315796,0.3034144639968872,0.2529475688934326,0.010699249804019928,0.07605401426553726,0.21953773498535156,0.1480983942747116,0.2659696638584137,0.23505504429340363,0.027424342930316925,0.1039147898554802
5,1,0.4341024160385132,1,0.35073181986808777,0.1885261982679367,0.4341024160385132,0.24298213422298431,0.08331871032714844,0.012843765318393707,0.03822670504450798,0.19904285669326782,0.35073181986808777,0.2364823967218399,0.11430738121271133,0.03210045024752617,0.06733512878417969
5,3,0.3039514720439911,3,0.2666899859905243,0.2362823486328125,0.03373510763049126,0.296227365732193,0.3039514720439911,0.056752219796180725,0.07305153459310532,0.22475948929786682,0.05991524085402489,0.2620677649974823,0.2666899859905243,0.08530498296022415,0.10126253217458725
5,2,0.31150662899017334,2,0.2697348892688751,0.2548334002494812,0.04411114752292633,0.31150662899017334,0.2604701817035675,0.053089383989572525,0.07598927617073059,0.2353430688381195,0.07150422781705856,0.2697348892688751,0.23886646330356598,0.08109267055988312,0.10345868021249771
5,2,0.30535954236984253,2,0.2666597366333008,0.24047870934009552,0.15834525227546692,0.30535954236984253,0.21516229212284088,0.011092138476669788,0.06956207752227783,0.22672444581985474,0.1707020103931427,0.2666597366333008,0.2102251946926117,0.028055276721715927,0.09763331711292267
5,1,0.34089088439941406,1,0.2913739085197449,0.20069576799869537,0.34089088439941406,0.21582627296447754,0.19112282991409302,0.00838735792785883,0.043076787143945694,0.2033185064792633,0.2913739085197449,0.21360793709754944,0.19667987525463104,0.023528125137090683,0.07149168848991394
5,3,0.43988966941833496,3,0.35467445850372314,0.19374783337116241,0.054549314081668854,0.2383129894733429,0.43988966941833496,0.009879406541585922,0.06362081319093704,0.2032141089439392,0.08591662347316742,0.23389632999897003,0.35467445850372314,0.02691868506371975,0.09537971019744873
5,2,0.3170436918735504,2,0.27666521072387695,0.2308935523033142,0.02104683220386505,0.3170436918735504,0.29833984375,0.05888468399643898,0.07379140704870224,0.22305941581726074,0.04384051263332367,0.27666521072387695,0.26547136902809143,0.08817858248949051,0.1027849093079567
5,3,0.4123445153236389,3,0.3327178657054901,0.17935264110565186,0.018767427653074265,0.2451411932706833,0.4123445153236389,0.07269889116287231,0.07169535011053085,0.18901723623275757,0.040799688547849655,0.23371024429798126,0.3327178657054901,0.10235843062400818,0.1013965830206871
5,2,0.3081328570842743,2,0.266838014125824,0.274048388004303,0.06662967056035995,0.3081328570842743,0.23614220321178436,0.0445578508079052,0.07048911601305008,0.24641543626785278,0.09430105239152908,0.266838014125824,0.22271715104579926,0.07175080478191376,0.09797754138708115
5,3,0.475102961063385,3,0.37629204988479614,0.1846400797367096,0.05373278632760048,0.2215697467327118,0.475102961063385,0.012308248318731785,0.05264618247747421,0.1980295181274414,0.08562637865543365,0.22413717210292816,0.37629204988479614,0.031468454748392105,0.08444640040397644
5,3,0.40345340967178345,3,0.3286612033843994,0.1748054325580597,0.011234467849135399,0.2519051730632782,0.40345340967178345,0.07313250750303268,0.08546893298625946,0.1862209141254425,0.028866413980722427,0.23867619037628174,0.3286612033843994,0.10303393006324768,0.11454132199287415
5,3,0.48039111495018005,3,0.3830658495426178,0.17327673733234406,0.011083116754889488,0.2403588593006134,0.48039111495018005,0.029247697442770004,0.06564252078533173,0.19163565337657928,0.029609477147459984,0.23933564126491547,0.3830658495426178,0.057236816734075546,0.09911660850048065
5,3,0.33519792556762695,3,0.2875628173351288,0.21741682291030884,0.02890409342944622,0.29702502489089966,0.33519792556762695,0.044544339179992676,0.07691170275211334,0.21430546045303345,0.05442607402801514,0.2648914158344269,0.2875628173351288,0.0730108916759491,0.10580332577228546
5,3,0.33010274171829224,3,0.2841776907444,0.224997878074646,0.02691691555082798,0.2924042046070099,0.33010274171829224,0.05025014281272888,0.07532806694507599,0.21903789043426514,0.05178113281726837,0.2617088258266449,0.2841776907444,0.07912559807300568,0.10416880995035172
5,3,0.4385761022567749,3,0.3503527045249939,0.18833157420158386,0.02863972634077072,0.23588889837265015,0.4385761022567749,0.03669222444295883,0.07187145203351974,0.1973094344139099,0.05490025505423546,0.22991393506526947,0.3503527045249939,0.06496243923902512,0.10256129503250122
5,3,0.41376450657844543,3,0.3375515639781952,0.18134264647960663,0.014919973909854889,0.2694639265537262,0.41376450657844543,0.0529482401907444,0.06756069511175156,0.19275525212287903,0.03533713147044182,0.2522510886192322,0.3375515639781952,0.08353348821401596,0.09857150167226791
5,2,0.3331115245819092,2,0.2753762900829315,0.2134789377450943,0.11020801216363907,0.3331115245819092,0.12619554996490479,0.16548116505146027,0.05152491107583046,0.20355281233787537,0.12991034984588623,0.2753762900829315,0.14243048429489136,0.17121846973896027,0.07751166075468063
5,3,0.48469775915145874,3,0.38306984305381775,0.15865953266620636,0.015161553397774696,0.23986327648162842,0.48469775915145874,0.034035831689834595,0.06758201867341995,0.17941197752952576,0.03641097620129585,0.23755837976932526,0.38306984305381775,0.06306241452693939,0.10048644989728928
