true_label,before_pred,before_confidence,after_pred,after_confidence,before_proba_class_0,before_proba_class_1,before_proba_class_2,before_proba_class_3,before_proba_class_4,before_proba_class_5,after_proba_class_0,after_proba_class_1,after_proba_class_2,after_proba_class_3,after_proba_class_4,after_proba_class_5
0,0,0.3045349419116974,0,0.3039853870868683,0.3045349419116974,0.05581345409154892,0.2543039619922638,0.10203707963228226,0.026276811957359314,0.25703373551368713,0.3039853870868683,0.056187842041254044,0.2540741562843323,0.10241184383630753,0.026552995666861534,0.2567877471446991
0,0,0.385086327791214,0,0.3840462863445282,0.385086327791214,0.0727243423461914,0.10263451188802719,0.13321565091609955,0.018868474289774895,0.2874707281589508,0.3840462863445282,0.07313545793294907,0.10303690284490585,0.13356350362300873,0.019103698432445526,0.28711408376693726
0,2,0.310908704996109,2,0.31030428409576416,0.25388437509536743,0.02437298186123371,0.310908704996109,0.04717135801911354,0.14059746265411377,0.22306501865386963,0.25364792346954346,0.024637535214424133,0.31030428409576416,0.04752605780959129,0.14088256657123566,0.223001629114151
0,2,0.3943038582801819,2,0.39331698417663574,0.09597401320934296,0.001684988266788423,0.3943038582801819,0.08590871095657349,0.12092828750610352,0.30120018124580383,0.09641320258378983,0.0017272911500185728,0.39331698417663574,0.08634970337152481,0.12134125083684921,0.30085158348083496
0,0,0.29418322443962097,0,0.29353511333465576,0.29418322443962097,0.08405707776546478,0.19964011013507843,0.055592868477106094,0.14370623230934143,0.22282038629055023,0.29353511333465576,0.08439934998750687,0.1995871365070343,0.05593486502766609,0.1439046710729599,0.22263886034488678
0,5,0.49227285385131836,5,0.4911853075027466,0.35342317819595337,0.0043559749610722065,0.06589692831039429,0.07803073525428772,0.006020315457135439,0.49227285385131836,0.3532277047634125,0.004450411070138216,0.06641640514135361,0.078579381108284,0.006140881683677435,0.4911853075027466
0,5,0.35798391699790955,5,0.3572629988193512,0.32635799050331116,0.012955207377672195,0.1884504109621048,0.04625268280506134,0.06799977272748947,0.35798391699790955,0.32585155963897705,0.013145669363439083,0.18867580592632294,0.046634700149297714,0.06842930614948273,0.3572629988193512
0,0,0.3741947114467621,0,0.3731321096420288,0.3741947114467621,0.1720372438430786,0.1155286580324173,0.08696001768112183,0.020459212362766266,0.2308201789855957,0.3731321096420288,0.17221714556217194,0.11588016152381897,0.08734869211912155,0.02070002630352974,0.23072192072868347
0,0,0.35488516092300415,0,0.354253888130188,0.35488516092300415,0.024140795692801476,0.25849539041519165,0.047367773950099945,0.020181743428111076,0.2949291169643402,0.354253888130188,0.024424204602837563,0.2584451735019684,0.047762468457221985,0.020436985418200493,0.2946772873401642
0,5,0.36744558811187744,5,0.36690956354141235,0.3656730055809021,0.004934900905936956,0.20339900255203247,0.024174030870199203,0.034373488277196884,0.36744558811187744,0.3651484251022339,0.005035152658820152,0.20370431244373322,0.024469759315252304,0.034732747822999954,0.36690956354141235
0,5,0.39176496863365173,5,0.39080509543418884,0.30281588435173035,0.006832550745457411,0.15669214725494385,0.08454351127147675,0.05735093727707863,0.39176496863365173,0.3024635314941406,0.006955328863114119,0.1570267379283905,0.08498606085777283,0.057763222604990005,0.39080509543418884
0,5,0.47929519414901733,5,0.4777175784111023,0.19806267321109772,0.0042500002309679985,0.14965912699699402,0.10474719107151031,0.06398583203554153,0.47929519414901733,0.198285773396492,0.004337381571531296,0.1500380039215088,0.10520003736019135,0.0644211694598198,0.4777175784111023
0,5,0.5345544815063477,5,0.5334631204605103,0.3660525977611542,0.0040931375697255135,0.05789266526699066,0.028949715197086334,0.008457407355308533,0.5345544815063477,0.36599814891815186,0.004185606725513935,0.058420781046152115,0.029315298423171043,0.008617112413048744,0.5334631204605103
0,5,0.5288796424865723,5,0.5273157358169556,0.21913668513298035,0.005927968304604292,0.1830635815858841,0.038287051022052765,0.024705074727535248,0.5288796424865723,0.21945419907569885,0.00604478782042861,0.18349392712116241,0.038678765296936035,0.025012612342834473,0.5273157358169556
0,2,0.3268718123435974,2,0.32628801465034485,0.25024309754371643,0.018895385786890984,0.3268718123435974,0.03454265370965004,0.08826199918985367,0.2811850905418396,0.2501303255558014,0.01913265697658062,0.32628801465034485,0.03487096354365349,0.08868353813886642,0.2808944284915924
0,5,0.3818613588809967,5,0.38101112842559814,0.3478107154369354,0.01061309315264225,0.10614190995693207,0.10226240754127502,0.05131051689386368,0.3818613588809967,0.34719857573509216,0.010781057178974152,0.10658633708953857,0.10270972549915314,0.051713135093450546,0.38101112842559814
0,0,0.29130229353904724,0,0.2908841073513031,0.29130229353904724,0.015831707045435905,0.20372791588306427,0.033089227974414825,0.1674543172121048,0.2885945439338684,0.2908841073513031,0.016041090711951256,0.20379982888698578,0.03340337425470352,0.1676778644323349,0.2881937325000763
0,0,0.533878743648529,0,0.5319573879241943,0.533878743648529,0.0279468335211277,0.10956883430480957,0.038300398737192154,0.09679922461509705,0.1935058832168579,0.5319573879241943,0.028260404244065285,0.11004319787025452,0.038669098168611526,0.09727860242128372,0.1937912553548813
0,0,0.37058138847351074,0,0.36966103315353394,0.37058138847351074,0.01537838950753212,0.14384345710277557,0.07786466181278229,0.09028756618499756,0.3020445704460144,0.36966103315353394,0.015586445108056068,0.14416739344596863,0.07828008383512497,0.09070204943418503,0.30160292983055115
0,2,0.3554198741912842,2,0.3545320928096771,0.2565174102783203,0.05260131508111954,0.3554198741912842,0.04418318718671799,0.0734567791223526,0.21782144904136658,0.2562946081161499,0.052974022924900055,0.3545320928096771,0.04453510791063309,0.07385373115539551,0.21781043708324432
0,5,0.5331525802612305,5,0.5316256880760193,0.13641443848609924,0.0017363629303872585,0.25934305787086487,0.0400397889316082,0.029313785955309868,0.5331525802612305,0.13695484399795532,0.001781731960363686,0.25953468680381775,0.040445778518915176,0.029657261446118355,0.5316256880760193
0,0,0.375175416469574,0,0.37410658597946167,0.375175416469574,0.037463318556547165,0.2184101790189743,0.11477546393871307,0.0526764914393425,0.20149914920330048,0.37410658597946167,0.03778984025120735,0.2183784395456314,0.11512889713048935,0.05304505303502083,0.20155112445354462
0,5,0.2568560838699341,5,0.2564125955104828,0.21678850054740906,0.1555371880531311,0.17353063821792603,0.1487588882446289,0.04852864891290665,0.2568560838699341,0.21659795939922333,0.15565894544124603,0.17357134819030762,0.14890854060649872,0.04885055124759674,0.2564125955104828
0,5,0.4225262403488159,5,0.42146676778793335,0.3461790084838867,0.04138362780213356,0.09240876883268356,0.0758911669254303,0.02161109633743763,0.4225262403488159,0.34565553069114685,0.041762642562389374,0.09288093447685242,0.07635415345430374,0.021880051121115685,0.42146676778793335
0,2,0.5691605806350708,2,0.5670734643936157,0.12765270471572876,0.015391960740089417,0.5691605806350708,0.08089279383420944,0.053645942360162735,0.15325605869293213,0.1281396895647049,0.015615124255418777,0.5670734643936157,0.0813869833946228,0.05408472940325737,0.15370003879070282
0,2,0.33922702074050903,2,0.33847689628601074,0.2883412837982178,0.048800379037857056,0.33922702074050903,0.04072531685233116,0.07357922941446304,0.20932675898075104,0.28793779015541077,0.049167267978191376,0.33847689628601074,0.041068654507398605,0.07398022711277008,0.20936913788318634
0,2,0.33147484064102173,2,0.3308136463165283,0.20551973581314087,0.009071857668459415,0.33147484064102173,0.03478327393531799,0.23533830046653748,0.1838119477033615,0.2056010663509369,0.009218285791575909,0.3308136463165283,0.03510776907205582,0.23527182638645172,0.18398742377758026
0,0,0.3962060809135437,0,0.3949635624885559,0.3962060809135437,0.09636490792036057,0.21657632291316986,0.10998991876840591,0.02732384204864502,0.15353897213935852,0.3949635624885559,0.09674479812383652,0.21655072271823883,0.11035045981407166,0.027605131268501282,0.1537853181362152
0,0,0.2716579735279083,0,0.2712004780769348,0.2716579735279083,0.18166224658489227,0.16136609017848969,0.012873293831944466,0.17586666345596313,0.19657368957996368,0.2712004780769348,0.18172189593315125,0.16151480376720428,0.013049249537289143,0.1759529709815979,0.19656062126159668
0,5,0.5416830778121948,5,0.5399925112724304,0.24676702916622162,0.021515853703022003,0.10755226761102676,0.0725989043712616,0.00988282822072506,0.5416830778121948,0.24696671962738037,0.021797792986035347,0.10808759927749634,0.07310391217470169,0.010051385499536991,0.5399925112724304
0,4,0.3423452079296112,4,0.34162214398384094,0.24770891666412354,0.06769351661205292,0.2630705237388611,0.021616866812109947,0.3423452079296112,0.05756492167711258,0.24758633971214294,0.06810072064399719,0.2628611922264099,0.021871494129300117,0.34162214398384094,0.05795818939805031
0,5,0.2762117087841034,5,0.2758367359638214,0.27150002121925354,0.06873559206724167,0.27551567554473877,0.07281374931335449,0.03522321954369545,0.2762117087841034,0.27115482091903687,0.06912176311016083,0.27514514327049255,0.07320171594619751,0.03553982451558113,0.2758367359638214
0,0,0.44819730520248413,0,0.44682830572128296,0.44819730520248413,0.09549917280673981,0.27856630086898804,0.04071418195962906,0.028185630217194557,0.1088373214006424,0.44682830572128296,0.0959470197558403,0.2783772051334381,0.041080012917518616,0.028491279110312462,0.10927620530128479
0,1,0.4248164892196655,1,0.42378389835357666,0.17214462161064148,0.4248164892196655,0.31328558921813965,0.03784952312707901,0.017720280215144157,0.034183602780103683,0.17250429093837738,0.42378389835357666,0.3130008280277252,0.038217220455408096,0.01796051487326622,0.034533288329839706
0,0,0.3369867503643036,0,0.3361245095729828,0.3369867503643036,0.058326348662376404,0.1862678825855255,0.0512164868414402,0.24518395960330963,0.12201851606369019,0.3361245095729828,0.058690041303634644,0.18634332716464996,0.0515693798661232,0.2449461668729782,0.12232664972543716
0,5,0.4111558794975281,5,0.41009220480918884,0.23772022128105164,0.008277039974927902,0.18673504889011383,0.13825026154518127,0.017861444503068924,0.4111558794975281,0.23775626718997955,0.008418573066592216,0.18698911368846893,0.13864679634571075,0.018097074702382088,0.41009220480918884
0,2,0.3817916810512543,2,0.38098159432411194,0.2847488820552826,0.027062224224209785,0.3817916810512543,0.03980244696140289,0.02475280873477459,0.2418418526649475,0.28456205129623413,0.027364881709218025,0.38098159432411194,0.040169958025217056,0.025040820240974426,0.24188080430030823
0,5,0.46727871894836426,5,0.4659108817577362,0.27119970321655273,0.01188290398567915,0.15032336115837097,0.04960247874259949,0.04971279576420784,0.46727871894836426,0.2711431086063385,0.012067855335772038,0.150736466050148,0.05001555383205414,0.05012623965740204,0.4659108817577362
0,5,0.4084532856941223,5,0.40745797753334045,0.30291375517845154,0.016109315678477287,0.18370088934898376,0.04796762764453888,0.040855057537555695,0.4084532856941223,0.3026280105113983,0.01633218675851822,0.1839875727891922,0.04836641624569893,0.04122782498598099,0.40745797753334045
0,5,0.40947794914245605,5,0.4084007143974304,0.16511507332324982,0.02476835995912552,0.289860337972641,0.08447850495576859,0.02629971131682396,0.40947794914245605,0.1654309332370758,0.025052469223737717,0.2895980775356293,0.08492445200681686,0.026593394577503204,0.4084007143974304
0,0,0.48386362195014954,0,0.48259976506233215,0.48386362195014954,0.046014100313186646,0.044293686747550964,0.07422924041748047,0.012880726717412472,0.33871856331825256,0.48259976506233215,0.046437520533800125,0.04470980167388916,0.074733205139637,0.013082345947623253,0.33843734860420227
0,5,0.3240889310836792,5,0.3234759569168091,0.20386049151420593,0.007116415537893772,0.2538835108280182,0.04066205024719238,0.1703886091709137,0.3240889310836792,0.2039475291967392,0.007240003440529108,0.25371313095092773,0.04100895673036575,0.17061445116996765,0.3234759569168091
0,5,0.7426601052284241,5,0.7406249046325684,0.15020298957824707,0.0020358008332550526,0.054458752274513245,0.04602193832397461,0.004620388615876436,0.7426601052284241,0.15099428594112396,0.002091055503115058,0.055024318397045135,0.046539079397916794,0.004726369399577379,0.7406249046325684
0,2,0.3160775303840637,2,0.31543412804603577,0.2356192171573639,0.027195274829864502,0.3160775303840637,0.06462423503398895,0.09908466786146164,0.25739917159080505,0.23548556864261627,0.02747514471411705,0.31543412804603577,0.06500707566738129,0.099458709359169,0.2571393847465515
0,0,0.44881606101989746,0,0.4474928081035614,0.44881606101989746,0.011495575308799744,0.2099469006061554,0.052235450595617294,0.05725618079304695,0.22024986147880554,0.4474928081035614,0.011673830449581146,0.21012535691261292,0.052645083516836166,0.05767868459224701,0.22038419544696808
0,5,0.4283630847930908,5,0.4272320866584778,0.17494356632232666,0.005723945330828428,0.254639208316803,0.1160612478852272,0.020268892869353294,0.4283630847930908,0.17526540160179138,0.005833463743329048,0.25462886691093445,0.11651378124952316,0.020526401698589325,0.4272320866584778
0,0,0.5090520977973938,0,0.5073661804199219,0.5090520977973938,0.04110128432512283,0.22725923359394073,0.027299484238028526,0.04671010375022888,0.14857782423496246,0.5073661804199219,0.04148435220122337,0.22742260992527008,0.02761039137840271,0.0471152625977993,0.14900121092796326
0,0,0.366251140832901,0,0.3653513193130493,0.366251140832901,0.12398269772529602,0.30681657791137695,0.03399902209639549,0.03812562674283981,0.13082505762577057,0.3653513193130493,0.12435036897659302,0.30633413791656494,0.034321367740631104,0.03846503421664238,0.13117772340774536
0,0,0.4941098093986511,0,0.49234017729759216,0.4941098093986511,0.047060586512088776,0.20959125459194183,0.04217328503727913,0.08734413236379623,0.11972088366746902,0.49234017729759216,0.04744710773229599,0.20973888039588928,0.04254299774765968,0.0877893716096878,0.12014144659042358
0,0,0.26912862062454224,0,0.2687413990497589,0.26912862062454224,0.06444194167852402,0.23861932754516602,0.17052574455738068,0.02275020256638527,0.23453423380851746,0.2687413990497589,0.06481119990348816,0.2384195178747177,0.17066968977451324,0.023000100627541542,0.23435811698436737
0,2,0.3504745364189148,2,0.34973809123039246,0.1795949637889862,0.010096958838403225,0.3504745364189148,0.1062656044960022,0.04764570668339729,0.3059222102165222,0.179818257689476,0.010256200097501278,0.34973809123039246,0.10667751729488373,0.0480227917432785,0.30548718571662903
0,2,0.38646143674850464,2,0.3855425715446472,0.1524895429611206,0.01114595215767622,0.38646143674850464,0.08651316910982132,0.04773050174117088,0.3156593143939972,0.1528366208076477,0.011318541131913662,0.3855425715446472,0.08695639669895172,0.04811803251504898,0.3152278959751129
0,2,0.6017489433288574,2,0.5996198058128357,0.12801477313041687,0.044152647256851196,0.6017489433288574,0.051597774028778076,0.01443291362375021,0.16005289554595947,0.12855368852615356,0.044575367122888565,0.5996198058128357,0.05205116420984268,0.014652862213551998,0.16054712235927582
0,0,0.4463261067867279,0,0.44511425495147705,0.4463261067867279,0.033735986799001694,0.2255767583847046,0.04537134990096092,0.013272874057292938,0.23571695387363434,0.44511425495147705,0.03408203646540642,0.22573386132717133,0.04576883837580681,0.013471771031618118,0.2358292192220688
0,0,0.33834922313690186,0,0.337606281042099,0.33834922313690186,0.03643842041492462,0.30334994196891785,0.08217163383960724,0.051709216088056564,0.18798154592514038,0.337606281042099,0.036766167730093,0.30284929275512695,0.08257400244474411,0.052083007991313934,0.18812130391597748
0,3,0.279790997505188,3,0.279448002576828,0.17513568699359894,0.035988084971904755,0.26182517409324646,0.279790997505188,0.009627068415284157,0.23763300478458405,0.17533157765865326,0.03631478548049927,0.2615910768508911,0.279448002576828,0.009778784587979317,0.2375357449054718
0,0,0.42567771673202515,0,0.42453256249427795,0.42567771673202515,0.04199080914258957,0.21322007477283478,0.03806290403008461,0.024724081158638,0.25632432103157043,0.42453256249427795,0.04236611723899841,0.2133835405111313,0.038421981036663055,0.025011276826262474,0.25628453493118286
0,2,0.31764164566993713,2,0.31714481115341187,0.20860548317432404,0.006554760504513979,0.31764164566993713,0.13725759088993073,0.028174223378300667,0.3017663359642029,0.20871791243553162,0.006672853138297796,0.31714481115341187,0.13761956989765167,0.028473276644945145,0.30137163400650024
0,5,0.6794811487197876,5,0.6775767207145691,0.20626476407051086,0.005430043209344149,0.044884372502565384,0.06049926206469536,0.003440357046201825,0.6794811487197876,0.20691752433776855,0.005547291599214077,0.04537138342857361,0.06106439605355263,0.0035226799082010984,0.6775767207145691
0,5,0.4547226130962372,5,0.45363086462020874,0.2654082477092743,0.002691393019631505,0.2175777703523636,0.03327742591500282,0.026322608813643456,0.4547226130962372,0.2654854357242584,0.0027547511272132397,0.21785758435726166,0.03363481163978577,0.026636535301804543,0.45363086462020874
0,0,0.3763405978679657,0,0.37546196579933167,0.3763405978679657,0.03931597247719765,0.2552231252193451,0.0629933550953865,0.02088969759643078,0.24523720145225525,0.37546196579933167,0.03967011347413063,0.2551226019859314,0.06341099739074707,0.021144675090909004,0.2451895922422409
0,2,0.35600775480270386,2,0.3551766276359558,0.2157977819442749,0.015770982950925827,0.35600775480270386,0.0654463917016983,0.08149755001068115,0.26547953486442566,0.21583405137062073,0.015981514006853104,0.3551766276359558,0.0658494085073471,0.08190944790840149,0.2652489244937897
0,5,0.3746139705181122,5,0.3737682104110718,0.17617036402225494,0.0269054863601923,0.18797028064727783,0.23311704397201538,0.0012228062842041254,0.3746139705181122,0.17643754184246063,0.027200888842344284,0.18819428980350494,0.23314355313777924,0.0012555057182908058,0.3737682104110718
0,2,0.4602430462837219,2,0.45880845189094543,0.1562991887331009,0.022413000464439392,0.4602430462837219,0.11683635413646698,0.02074153907597065,0.22346684336662292,0.156656414270401,0.022683637216687202,0.45880845189094543,0.11727405339479446,0.02100013568997383,0.22357726097106934
0,0,0.3829694092273712,0,0.38223475217819214,0.3829694092273712,0.02258152700960636,0.26054900884628296,0.030640006065368652,0.018644271418452263,0.2846158444881439,0.38223475217819214,0.022859785705804825,0.26055094599723816,0.030970226973295212,0.018892118707299232,0.2844921350479126
0,0,0.31015145778656006,0,0.30944666266441345,0.31015145778656006,0.14712686836719513,0.2442992925643921,0.030909258872270584,0.09685856103897095,0.1706545501947403,0.30944666266441345,0.14734143018722534,0.24403545260429382,0.03119698539376259,0.09720297157764435,0.1707765907049179
0,0,0.33112862706184387,0,0.3303641378879547,0.33112862706184387,0.07431121915578842,0.2278827428817749,0.078756183385849,0.037521179765462875,0.2504001259803772,0.3303641378879547,0.07469616085290909,0.2277822047472,0.07914113253355026,0.037844739854335785,0.2501716613769531
0,5,0.41200217604637146,5,0.41124606132507324,0.386290580034256,0.011190513148903847,0.05966049060225487,0.12097378075122833,0.00988247524946928,0.41200217604637146,0.38570600748062134,0.011373383924365044,0.060129694640636444,0.1214945986866951,0.010050222277641296,0.41124606132507324
0,2,0.31896212697029114,2,0.31838417053222656,0.27883318066596985,0.017050227150321007,0.31896212697029114,0.04826867952942848,0.0960473120212555,0.240838423371315,0.2785152792930603,0.017270643264055252,0.31838417053222656,0.04863869398832321,0.09645089507102966,0.24074025452136993
0,2,0.364930659532547,2,0.3638586103916168,0.18901360034942627,0.188113272190094,0.364930659532547,0.03175320848822594,0.1355334222316742,0.09065593034029007,0.18907985091209412,0.18818369507789612,0.3638586103916168,0.032049182802438736,0.13580679893493652,0.09102179110050201
0,0,0.37716031074523926,0,0.3761953115463257,0.37716031074523926,0.0335594043135643,0.12701208889484406,0.044030118733644485,0.10902886837720871,0.30920910835266113,0.3761953115463257,0.033881302922964096,0.12737905979156494,0.044392071664333344,0.10942744463682175,0.3087247312068939
0,0,0.3697192966938019,0,0.3687194287776947,0.3697192966938019,0.2013479471206665,0.20430848002433777,0.01631292700767517,0.06142275407910347,0.14688856899738312,0.3687194287776947,0.2014150470495224,0.20436164736747742,0.016524896025657654,0.061809390783309937,0.14716963469982147
0,0,0.47194063663482666,0,0.47041237354278564,0.47194063663482666,0.05128681659698486,0.22397328913211823,0.04232550039887428,0.034441567957401276,0.1760321408510208,0.47041237354278564,0.05169172212481499,0.22408229112625122,0.04270067438483238,0.03478272259235382,0.17633022367954254
0,0,0.40439507365226746,0,0.4034038782119751,0.40439507365226746,0.017290674149990082,0.21478122472763062,0.05347975343465805,0.03445257246494293,0.27560076117515564,0.4034038782119751,0.017522554844617844,0.2149343639612198,0.05389155447483063,0.03479434922337532,0.2754533290863037
0,0,0.3167058825492859,0,0.31595948338508606,0.3167058825492859,0.08549612015485764,0.2131369560956955,0.15590833127498627,0.030363891273736954,0.19838882982730865,0.31595948338508606,0.08585544675588608,0.2130565196275711,0.1560935527086258,0.03064989112317562,0.1983851194381714
0,0,0.29444852471351624,0,0.29378998279571533,0.29444852471351624,0.11471623182296753,0.2565158009529114,0.05845778435468674,0.14518924057483673,0.13067246973514557,0.29378998279571533,0.11500091850757599,0.2561188042163849,0.05880090594291687,0.14537805318832397,0.13091139495372772
0,0,0.295684278011322,0,0.2950095236301422,0.295684278011322,0.11448875814676285,0.2247946560382843,0.06403710693120956,0.10259343683719635,0.19840171933174133,0.2950095236301422,0.11477118730545044,0.2245895266532898,0.06438200920820236,0.10290301591157913,0.1983446329832077
0,2,0.40102970600128174,2,0.39997926354408264,0.23322787880897522,0.01615963503718376,0.40102970600128174,0.07506527006626129,0.04046326130628586,0.234054297208786,0.23324882984161377,0.01637844555079937,0.39997926354408264,0.07549913972616196,0.04082319885492325,0.23407113552093506
0,0,0.4375932216644287,0,0.43639591336250305,0.4375932216644287,0.06659349799156189,0.28905361890792847,0.018004653975367546,0.031229818239808083,0.1575251668691635,0.43639591336250305,0.06703998893499374,0.28886157274246216,0.018244406208395958,0.031558576971292496,0.15789946913719177
0,0,0.4084641635417938,0,0.40771788358688354,0.4084641635417938,0.007117133587598801,0.23161092400550842,0.021629296243190765,0.018388163298368454,0.31279030442237854,0.40771788358688354,0.007249589543789625,0.23184511065483093,0.02190961129963398,0.018641609698534012,0.3126361072063446
0,5,0.334502637386322,5,0.33394092321395874,0.3239966034889221,0.026941152289509773,0.22900532186031342,0.05887958034873009,0.02667473629117012,0.334502637386322,0.32350417971611023,0.027237117290496826,0.22905473411083221,0.0592939555644989,0.026969119906425476,0.33394092321395874
0,0,0.3544688820838928,0,0.35363462567329407,0.3544688820838928,0.014929902739822865,0.16929708421230316,0.054676603525877,0.12531234323978424,0.28131526708602905,0.35363462567329407,0.015132739208638668,0.1695244163274765,0.05506058409810066,0.1256696730852127,0.2809780240058899
0,5,0.3619760274887085,5,0.36135873198509216,0.2846544682979584,0.01629325933754444,0.2625693380832672,0.06919123977422714,0.0053155673667788506,0.3619760274887085,0.2845109701156616,0.016519857570528984,0.26254308223724365,0.06964762508869171,0.005419791676104069,0.36135873198509216
0,2,0.2841639518737793,2,0.2836593687534332,0.2579568326473236,0.21690571308135986,0.2841639518737793,0.025877580046653748,0.10629947483539581,0.10879641771316528,0.25762349367141724,0.21681341528892517,0.2836593687534332,0.026143265888094902,0.10663417726755142,0.10912630707025528
0,5,0.5080929398536682,5,0.5066438913345337,0.240274116396904,0.004237234126776457,0.18017089366912842,0.03723428025841713,0.02999056503176689,0.5080929398536682,0.24048848450183868,0.004327586852014065,0.1805916279554367,0.03761688619852066,0.030331555753946304,0.5066438913345337
0,5,0.2997693717479706,5,0.299185186624527,0.28027477860450745,0.06331129372119904,0.18257072567939758,0.13960739970207214,0.0344664491713047,0.2997693717479706,0.2798227369785309,0.06368154287338257,0.18266767263412476,0.13986922800540924,0.034773681312799454,0.299185186624527
0,5,0.674699604511261,5,0.6726074814796448,0.14835400879383087,0.001580636715516448,0.09311060607433319,0.07413696497678757,0.00811819825321436,0.674699604511261,0.14901933073997498,0.0016242272686213255,0.09374646097421646,0.07472842186689377,0.008274048566818237,0.6726074814796448
0,2,0.3782484531402588,2,0.3771635591983795,0.26510241627693176,0.11938988417387009,0.3782484531402588,0.0993313267827034,0.027601653710007668,0.11032632738351822,0.264812707901001,0.1197364553809166,0.3771635591983795,0.09971142560243607,0.02788541465997696,0.11069033294916153
0,2,0.3472234606742859,2,0.34651732444763184,0.2975127100944519,0.04779396951198578,0.3472234606742859,0.04946887493133545,0.029588351026177406,0.22841259837150574,0.29713737964630127,0.048172496259212494,0.34651732444763184,0.049852073192596436,0.029894346371293068,0.22842639684677124
0,2,0.5582773685455322,2,0.556228756904602,0.17410366237163544,0.03787798061966896,0.5582773685455322,0.02970421127974987,0.08171463757753372,0.11832220107316971,0.17447930574417114,0.038250572979450226,0.556228756904602,0.030032914131879807,0.0822015330195427,0.11880689859390259
0,0,0.3940955102443695,0,0.39277657866477966,0.3940955102443695,0.07157357037067413,0.17875847220420837,0.1487031728029251,0.06310369074344635,0.1437656134366989,0.39277657866477966,0.07194563001394272,0.17886647582054138,0.1489301472902298,0.0634717121720314,0.14400939643383026
0,5,0.30487945675849915,5,0.3044931888580322,0.30464980006217957,0.0217781662940979,0.2744908630847931,0.02562716044485569,0.06857459247112274,0.30487945675849915,0.30426496267318726,0.02203975059092045,0.2742871940135956,0.02591385319828987,0.06900101155042648,0.3044931888580322
0,2,0.48342159390449524,2,0.4817925691604614,0.23127080500125885,0.04018974304199219,0.48342159390449524,0.029389100149273872,0.08845632523298264,0.12727253139019012,0.23134353756904602,0.04055602103471756,0.4817925691604614,0.029703432694077492,0.08891076594591141,0.12769366800785065
0,0,0.37434181571006775,0,0.3734634518623352,0.37434181571006775,0.11242705583572388,0.2966788709163666,0.04201846569776535,0.010291925631463528,0.16424189507961273,0.3734634518623352,0.11284048110246658,0.2963273227214813,0.04238121956586838,0.010454121977090836,0.16453348100185394
0,2,0.37152162194252014,2,0.37049752473831177,0.2315446138381958,0.11394760757684708,0.37152162194252014,0.06624486297369003,0.023997876793146133,0.1927434504032135,0.23145340383052826,0.11430762708187103,0.37049752473831177,0.06663478910923004,0.024262113496661186,0.1928444653749466
0,5,0.30954232811927795,5,0.3091447353363037,0.21243341267108917,0.005486554000526667,0.20330028235912323,0.26257795095443726,0.006659386679530144,0.30954232811927795,0.21256066858768463,0.005591220688074827,0.20346680283546448,0.2624567151069641,0.006779851857572794,0.3091447353363037
0,2,0.3066210150718689,2,0.3059237003326416,0.16493389010429382,0.10635112971067429,0.3066210150718689,0.13496315479278564,0.036744482815265656,0.2503862977027893,0.16507025063037872,0.10667305439710617,0.3059237003326416,0.13521037995815277,0.037052255123853683,0.25007033348083496
0,5,0.41845133900642395,5,0.4172188341617584,0.1785404533147812,0.01522765401750803,0.1909540891647339,0.16471995413303375,0.03210648521780968,0.41845133900642395,0.17877501249313354,0.015436670742928982,0.19114066660404205,0.16500288248062134,0.03242591395974159,0.4172188341617584
1,2,0.38884425163269043,2,0.38766738772392273,0.1514425426721573,0.08428845554590225,0.38884425163269043,0.1632717251777649,0.018540896475315094,0.19361212849617004,0.15169841051101685,0.08467882126569748,0.38766738772392273,0.16348601877689362,0.018768461421132088,0.19370095431804657
1,1,0.4466531574726105,1,0.44528886675834656,0.201634481549263,0.4466531574726105,0.20924851298332214,0.04934431612491608,0.012238004244863987,0.08088155090808868,0.20182029902935028,0.44528886675834656,0.20940251648426056,0.049738965928554535,0.012422259896993637,0.08132702857255936
1,0,0.3937319219112396,0,0.39270976185798645,0.3937319219112396,0.1538485288619995,0.11321605741977692,0.05227476730942726,0.007953750900924206,0.2789749801158905,0.39270976185798645,0.15417248010635376,0.11362870037555695,0.05266861245036125,0.008089541457593441,0.27873092889785767
1,0,0.41317233443260193,0,0.41180169582366943,0.41317233443260193,0.0900832861661911,0.15322797000408173,0.024968622252345085,0.1593954712152481,0.15915237367153168,0.41180169582366943,0.09047146141529083,0.1534796804189682,0.025237753987312317,0.15962578356266022,0.15938356518745422
1,1,0.2802182137966156,1,0.279756098985672,0.27111294865608215,0.2802182137966156,0.19019824266433716,0.0932985171675682,0.017887230962514877,0.1472848504781723,0.27071061730384827,0.279756098985672,0.19025316834449768,0.09365873038768768,0.018105337396264076,0.14751604199409485
1,2,0.36419469118118286,2,0.3631948232650757,0.1945246160030365,0.039585378021001816,0.36419469118118286,0.05864257365465164,0.10455656051635742,0.23849619925022125,0.19460035860538483,0.03991759195923805,0.3631948232650757,0.05901851877570152,0.10492277145385742,0.23834586143493652
1,2,0.4712195098400116,2,0.4696573317050934,0.1483486443758011,0.045776356011629105,0.4712195098400116,0.020931635051965714,0.22027558088302612,0.09344823658466339,0.14871454238891602,0.04616008326411247,0.4696573317050934,0.02118992805480957,0.2203824520111084,0.09389565885066986
1,5,0.3350064754486084,5,0.3343583941459656,0.32065895199775696,0.01093369722366333,0.17306149005889893,0.10682795196771622,0.05351134389638901,0.3350064754486084,0.32010871171951294,0.011101054958999157,0.17329859733581543,0.10723289847373962,0.0539003424346447,0.3343583941459656
1,1,0.3709322214126587,1,0.3698785901069641,0.16589991748332977,0.3709322214126587,0.22617022693157196,0.0779384970664978,0.023070605471730232,0.1359885036945343,0.16609619557857513,0.3698785901069641,0.22608689963817596,0.0783262774348259,0.02332708239555359,0.13628491759300232
1,5,0.3647884428501129,5,0.3639313578605652,0.22241148352622986,0.013814943842589855,0.2613269090652466,0.05462774261832237,0.08303049951791763,0.3647884428501129,0.22243905067443848,0.014010138809680939,0.26114845275878906,0.05501975119113922,0.0834512785077095,0.3639313578605652
1,5,0.3094257712364197,5,0.3088717460632324,0.10250690579414368,0.0034262705594301224,0.28817233443260193,0.18632759153842926,0.11014113575220108,0.3094257712364197,0.10289070010185242,0.0034980897326022387,0.28775885701179504,0.18646670877933502,0.11051376909017563,0.3088717460632324
1,0,0.3102293014526367,0,0.30954599380493164,0.3102293014526367,0.12432239204645157,0.2764260172843933,0.029920607805252075,0.11370362341403961,0.14539816975593567,0.30954599380493164,0.1246175467967987,0.2759764492511749,0.030206192284822464,0.11402451246976852,0.14562919735908508
1,1,0.3495508134365082,1,0.34877997636795044,0.29314109683036804,0.3495508134365082,0.20993278920650482,0.028332049027085304,0.054215118288993835,0.06482808291912079,0.2927524149417877,0.34877997636795044,0.2100050002336502,0.028627296909689903,0.054602473974227905,0.06523287296295166
1,0,0.3733804523944855,0,0.3723319172859192,0.3733804523944855,0.10987786203622818,0.2625468671321869,0.023822816088795662,0.09852216392755508,0.13184989988803864,0.3723319172859192,0.11024212092161179,0.2622714340686798,0.024085359647870064,0.09890276193618774,0.13216637074947357
1,0,0.30201205611228943,0,0.30138710141181946,0.30201205611228943,0.24405935406684875,0.1771671324968338,0.025024322792887688,0.08166666328907013,0.17007052898406982,0.30138710141181946,0.243814155459404,0.17727307975292206,0.025285758078098297,0.08203284442424774,0.17020705342292786
1,1,0.3415478467941284,1,0.3406333923339844,0.15286676585674286,0.3415478467941284,0.2573033571243286,0.047014813870191574,0.09785199165344238,0.10341525077819824,0.15307213366031647,0.3406333923339844,0.25697848200798035,0.04735659807920456,0.09820244461297989,0.10375690460205078
1,5,0.5526054501533508,5,0.5508953928947449,0.2207895964384079,0.013118602335453033,0.1306680142879486,0.07726813107728958,0.005550159141421318,0.5526054501533508,0.22111928462982178,0.01332513801753521,0.13120713829994202,0.07779119163751602,0.0056618619710206985,0.5508953928947449
1,5,0.38095420598983765,5,0.3799540102481842,0.296417772769928,0.09751538187265396,0.09536921977996826,0.11537320166826248,0.014370203949511051,0.38095420598983765,0.29601097106933594,0.09792488068342209,0.0957803800702095,0.11576022952795029,0.01456950418651104,0.3799540102481842
1,2,0.489705890417099,2,0.48792338371276855,0.16637612879276276,0.054451603442430496,0.489705890417099,0.03980674967169762,0.165213942527771,0.08444572240114212,0.16666854918003082,0.05485307425260544,0.48792338371276855,0.04016317054629326,0.1655101478099823,0.0848817303776741
1,2,0.3443084955215454,2,0.3434827923774719,0.2946191430091858,0.09921438246965408,0.3443084955215454,0.03533225879073143,0.06326160579919815,0.16326408088207245,0.294141948223114,0.09959470480680466,0.3434827923774719,0.03565144166350365,0.06364728510379791,0.16348189115524292
1,1,0.41838982701301575,1,0.4171733260154724,0.24767328798770905,0.41838982701301575,0.15424160659313202,0.045070286840200424,0.013496759347617626,0.12112824618816376,0.24760200083255768,0.4171733260154724,0.15456309914588928,0.045443177223205566,0.013690791092813015,0.12152761220932007
1,2,0.442658931016922,2,0.4411642551422119,0.11223948001861572,0.04139409214258194,0.442658931016922,0.06372861564159393,0.23623093962669373,0.10374794155359268,0.11263130605220795,0.041746485978364944,0.4411642551422119,0.06413249671459198,0.23617440462112427,0.10415112227201462
1,2,0.43702223896980286,2,0.43560990691185,0.12340396642684937,0.2512796223163605,0.43702223896980286,0.031210564076900482,0.08989361673593521,0.06718998402357101,0.123786062002182,0.25116220116615295,0.43560990691185,0.03152332827448845,0.09031505137681961,0.06760338693857193
1,5,0.2586863338947296,5,0.25835686922073364,0.21601799130439758,0.19876299798488617,0.24073101580142975,0.06188612058758736,0.023915518075227737,0.2586863338947296,0.21593758463859558,0.19877181947231293,0.2405110001564026,0.06225131079554558,0.024171389639377594,0.25835686922073364
1,1,0.4160451292991638,1,0.41497358679771423,0.2792591154575348,0.4160451292991638,0.18567591905593872,0.02122289314866066,0.019015472382307053,0.07878147065639496,0.27909618616104126,0.41497358679771423,0.185946986079216,0.0214858315885067,0.01926165260374546,0.07923572510480881
1,2,0.4835135340690613,2,0.48184913396835327,0.18731917440891266,0.038952939212322235,0.4835135340690613,0.03730372339487076,0.0732794925570488,0.17963112890720367,0.18756236135959625,0.03931127116084099,0.48184913396835327,0.03765504062175751,0.07372008264064789,0.1799020618200302
1,2,0.40710657835006714,2,0.4059285521507263,0.2471224069595337,0.13288956880569458,0.40710657835006714,0.01648613065481186,0.048515357077121735,0.1478799432516098,0.24702365696430206,0.13324953615665436,0.4059285521507263,0.01670435070991516,0.04889271408319473,0.14820121228694916
1,1,0.48284754157066345,1,0.48126745223999023,0.26033565402030945,0.48284754157066345,0.08648014813661575,0.03264317661523819,0.040083758533000946,0.09760971367359161,0.26028719544410706,0.48126745223999023,0.08694224059581757,0.03297801315784454,0.04045331850647926,0.09807183593511581
2,0,0.32616469264030457,0,0.3253594636917114,0.32616469264030457,0.05547914281487465,0.23213431239128113,0.06520305573940277,0.10927363485097885,0.21174518764019012,0.3253594636917114,0.055834975093603134,0.23195567727088928,0.0655682310461998,0.10960204154253006,0.2116796225309372
2,5,0.3594082295894623,5,0.3586849570274353,0.12646807730197906,0.01568242907524109,0.24186205863952637,0.2478090077638626,0.008770190179347992,0.3594082295894623,0.12687505781650543,0.015898115932941437,0.24185428023338318,0.24777093529701233,0.008916708640754223,0.3586849570274353
2,2,0.5469303727149963,2,0.5452890992164612,0.1107766181230545,0.007330468390136957,0.5469303727149963,0.03628075122833252,0.03658963739871979,0.26209214329719543,0.11133032292127609,0.007467910181730986,0.5452890992164612,0.03666635602712631,0.03697695583105087,0.26226937770843506
2,5,0.417510449886322,5,0.41638582944869995,0.17794235050678253,0.031812895089387894,0.267010897397995,0.09265923500061035,0.013064197264611721,0.417510449886322,0.17822209000587463,0.03213862329721451,0.2668880820274353,0.09310847520828247,0.013256876729428768,0.41638582944869995
2,5,0.3493714928627014,5,0.34851834177970886,0.1991608440876007,0.008841910399496555,0.23316757380962372,0.08631034195423126,0.1231478750705719,0.3493714928627014,0.19923409819602966,0.008984115906059742,0.23306937515735626,0.08670414984226227,0.12348991632461548,0.34851834177970886
2,2,0.4770386219024658,2,0.47549766302108765,0.09628365188837051,0.008149039931595325,0.4770386219024658,0.09399975836277008,0.07899722456932068,0.2455315738916397,0.0967443585395813,0.008289848454296589,0.47549766302108765,0.0944608747959137,0.07945385575294495,0.24555326998233795
2,2,0.3859306871891022,2,0.3847057819366455,0.18252964317798615,0.051036398857831955,0.3859306871891022,0.09762953221797943,0.08425889164209366,0.19861480593681335,0.1826333999633789,0.05139212682843208,0.3847057819366455,0.09799142181873322,0.08463357388973236,0.1986437439918518
2,2,0.47188249230384827,2,0.4703567326068878,0.16342580318450928,0.030316481366753578,0.47188249230384827,0.03686217963695526,0.06632374972105026,0.23118934035301208,0.16376414895057678,0.030636468902230263,0.4703567326068878,0.037214819341897964,0.06676167994737625,0.23126614093780518
2,2,0.3107750117778778,2,0.3101486265659332,0.20530325174331665,0.09617471694946289,0.3107750117778778,0.16646350920200348,0.0054753441363573074,0.2158082276582718,0.2053150087594986,0.09654592722654343,0.3101486265659332,0.16664785146713257,0.005575879942625761,0.21576669812202454
2,5,0.43912553787231445,5,0.4379042685031891,0.3101276457309723,0.023719970136880875,0.11531364917755127,0.07491432875394821,0.03679889813065529,0.43912553787231445,0.30980390310287476,0.024002021178603172,0.11576502025127411,0.07537008821964264,0.03715472295880318,0.4379042685031891
2,2,0.3864904046058655,2,0.38540253043174744,0.1271132379770279,0.2880619764328003,0.3864904046058655,0.035647157579660416,0.09535710513591766,0.06733003258705139,0.12746284902095795,0.28767403960227966,0.38540253043174744,0.03597337380051613,0.09575702250003815,0.06773027777671814
2,4,0.4753415882587433,4,0.47368547320365906,0.14366517961025238,0.018201062455773354,0.1773087978363037,0.05809885635972023,0.4753415882587433,0.12738440930843353,0.14402452111244202,0.01843622885644436,0.17756521701812744,0.05850866809487343,0.47368547320365906,0.12777991592884064
2,2,0.4070371687412262,2,0.4059031009674072,0.09708143025636673,0.013584612868726254,0.4070371687412262,0.11704280972480774,0.07504960149526596,0.29020437598228455,0.09750790894031525,0.01377924159169197,0.4059031009674072,0.11744702607393265,0.07547645270824432,0.2898862361907959
2,5,0.3274822235107422,5,0.3268645107746124,0.28743886947631836,0.0479811429977417,0.23418650031089783,0.08404896408319473,0.01886226050555706,0.3274822235107422,0.28708404302597046,0.04835318401455879,0.23413734138011932,0.08446337282657623,0.019097542390227318,0.3268645107746124
2,2,0.3523055613040924,2,0.351247102022171,0.16740943491458893,0.09142796695232391,0.3523055613040924,0.06355839967727661,0.19778764247894287,0.12751102447509766,0.1675291508436203,0.09177074581384659,0.351247102022171,0.06391287595033646,0.19776394963264465,0.12777619063854218
2,2,0.3747394382953644,2,0.37362825870513916,0.1415124088525772,0.2262106090784073,0.3747394382953644,0.06334588676691055,0.041087258607149124,0.15310446918010712,0.14178211987018585,0.2261103093624115,0.37362825870513916,0.06372243165969849,0.04142113775014877,0.15333585441112518
2,2,0.30960822105407715,2,0.30894216895103455,0.25387367606163025,0.01775543764233589,0.30960822105407715,0.12485286593437195,0.12330777943134308,0.17060206830501556,0.2535792291164398,0.01797253079712391,0.30894216895103455,0.12515181303024292,0.1236107125878334,0.17074355483055115
2,0,0.3024574816226959,0,0.3018089234828949,0.3024574816226959,0.10392063111066818,0.2681725323200226,0.03292446210980415,0.15539191663265228,0.13713306188583374,0.3018089234828949,0.10425368696451187,0.26775863766670227,0.03322053328156471,0.15557639300823212,0.13738176226615906
2,2,0.3871765732765198,2,0.3863737881183624,0.2608488202095032,0.013061627745628357,0.3871765732765198,0.03581610694527626,0.03421083465218544,0.26888594031333923,0.26082298159599304,0.013257517479360104,0.3863737881183624,0.036170195788145065,0.03455698490142822,0.2688184678554535
2,2,0.29343733191490173,2,0.2928850054740906,0.24867627024650574,0.2089448720216751,0.29343733191490173,0.03388379514217377,0.15870404243469238,0.056353628635406494,0.24841387569904327,0.208906352519989,0.2928850054740906,0.034187380224466324,0.15889331698417664,0.056713949888944626
2,2,0.39241304993629456,2,0.3912465572357178,0.2335590124130249,0.10579562187194824,0.39241304993629456,0.04641086608171463,0.04245375469326973,0.1793677657842636,0.23347021639347076,0.10617537051439285,0.3912465572357178,0.04676991328597069,0.04280128702521324,0.1795366406440735
2,2,0.3214465379714966,2,0.3205956518650055,0.17416535317897797,0.1800280660390854,0.3214465379714966,0.0772840678691864,0.06539259105920792,0.18168340623378754,0.17423789203166962,0.18007321655750275,0.3205956518650055,0.07763129472732544,0.06574133783578873,0.18172064423561096
2,2,0.3118118345737457,2,0.311124324798584,0.21559086441993713,0.09031200408935547,0.3118118345737457,0.04770443215966225,0.07898440957069397,0.25559642910957336,0.21551315486431122,0.09067342430353165,0.311124324798584,0.04804857447743416,0.07935372740030289,0.25528672337532043
2,2,0.37391045689582825,2,0.3728252947330475,0.1872209757566452,0.08583902567625046,0.37391045689582825,0.06329599767923355,0.05284734070301056,0.2368861734867096,0.18732500076293945,0.0862225666642189,0.3728252947330475,0.06367582082748413,0.0532124824821949,0.23673886060714722
2,4,0.4451434314250946,4,0.4436410963535309,0.11687521636486053,0.0707709938287735,0.23254038393497467,0.03367483988404274,0.4451434314250946,0.10099510103464127,0.11726294457912445,0.07118425518274307,0.23250994086265564,0.03399762138724327,0.4436410963535309,0.10140423476696014
2,0,0.3611336052417755,0,0.36037111282348633,0.3611336052417755,0.037612434476614,0.24890479445457458,0.05881156399846077,0.02113616280257702,0.272401362657547,0.36037111282348633,0.03796030208468437,0.24884234368801117,0.059222880750894547,0.021393263712525368,0.27221009135246277
2,5,0.5023649334907532,5,0.5009063482284546,0.2970512807369232,0.023062145337462425,0.0955846905708313,0.06247955560684204,0.019457418471574783,0.5023649334907532,0.2969686686992645,0.023352516815066338,0.09610192477703094,0.06295144557952881,0.019719168543815613,0.5009063482284546
2,5,0.3778369128704071,5,0.3770032525062561,0.14178656041622162,0.015522749163210392,0.3403001129627228,0.08510822057723999,0.03944545239210129,0.3778369128704071,0.14216940104961395,0.015737926587462425,0.33972713351249695,0.0855562761425972,0.03980601951479912,0.3770032525062561
2,2,0.29733946919441223,2,0.29669424891471863,0.21240869164466858,0.03292377293109894,0.29733946919441223,0.09790073335170746,0.18321047723293304,0.17621676623821259,0.21230486035346985,0.033216144889593124,0.29669424891471863,0.09823291748762131,0.18325647711753845,0.17629535496234894
2,5,0.4011731445789337,5,0.4001259505748749,0.18258003890514374,0.019550031051039696,0.2602898180484772,0.11538060754537582,0.021026333793997765,0.4011731445789337,0.18282228708267212,0.019796090200543404,0.2601730525493622,0.11579936742782593,0.021283213049173355,0.4001259505748749
2,5,0.35765501856803894,5,0.3568812310695648,0.2721702754497528,0.028310390189290047,0.24469923973083496,0.04059913009405136,0.056566037237644196,0.35765501856803894,0.27195292711257935,0.028610002249479294,0.24463404715061188,0.0409548319876194,0.05696699768304825,0.3568812310695648
2,2,0.5450029373168945,2,0.5430620908737183,0.16425463557243347,0.024336308240890503,0.5450029373168945,0.1009172797203064,0.025339828804135323,0.1401490420103073,0.16465507447719574,0.024629885330796242,0.5430620908737183,0.10141022503376007,0.025640329346060753,0.14060235023498535
2,5,0.34489351511001587,5,0.34420111775398254,0.255122572183609,0.0020239849109202623,0.2450685352087021,0.06969226896762848,0.08319912105798721,0.34489351511001587,0.25499486923217773,0.0020725373178720474,0.2449951320886612,0.0701112300157547,0.08362509310245514,0.34420111775398254
2,2,0.3717688322067261,2,0.37101811170578003,0.21346773207187653,0.034618932753801346,0.3717688322067261,0.04212258756160736,0.020817188546061516,0.3172047436237335,0.21362897753715515,0.03496192768216133,0.37101811170578003,0.042498186230659485,0.021077025681734085,0.3168157935142517
2,2,0.4509803056716919,2,0.44924691319465637,0.08690058439970016,0.10098500549793243,0.4509803056716919,0.12101351469755173,0.10135278105735779,0.13876774907112122,0.08728291094303131,0.10135307908058167,0.44924691319465637,0.121344655752182,0.10172034054994583,0.13905219733715057
2,2,0.5134270787239075,2,0.5114594101905823,0.12129567563533783,0.15912257134914398,0.5134270787239075,0.04175981879234314,0.06982581317424774,0.0945691242814064,0.12170650064945221,0.15944477915763855,0.5114594101905823,0.04212546348571777,0.07025620341300964,0.09500770270824432
2,5,0.3318626582622528,5,0.33119726181030273,0.2716882824897766,0.009819247759878635,0.18920612335205078,0.15517407655715942,0.04224967584013939,0.3318626582622528,0.2714151442050934,0.009973740205168724,0.18935850262641907,0.15545323491096497,0.04260215535759926,0.33119726181030273
2,1,0.9797390699386597,1,0.9792122840881348,0.007766591850668192,0.9797390699386597,0.00578725291416049,0.0022494832519441843,0.0002980193239636719,0.004159641917794943,0.007952634245157242,0.9792122840881348,0.0059346104972064495,0.0023176956456154585,0.00031017817673273385,0.004272614140063524
2,0,0.3754224181175232,0,0.3748037815093994,0.3754224181175232,0.029842007905244827,0.2725715935230255,0.02605913206934929,0.005122927483171225,0.2909819781780243,0.3748037815093994,0.030172785744071007,0.2725588083267212,0.02636585384607315,0.005225590895861387,0.2908731698989868
2,5,0.32001450657844543,5,0.31947702169418335,0.21986424922943115,0.013596510514616966,0.2997317910194397,0.030862940475344658,0.11593008786439896,0.32001450657844543,0.21990767121315002,0.013789944350719452,0.29932644963264465,0.031173858791589737,0.11632498353719711,0.31947702169418335
2,0,0.3104809522628784,0,0.30983078479766846,0.3104809522628784,0.016356971114873886,0.22753691673278809,0.08551377058029175,0.14447124302387238,0.2156400978565216,0.30983078479766846,0.016564946621656418,0.22741390764713287,0.08588715642690659,0.14472174644470215,0.21558144688606262
2,5,0.47520017623901367,5,0.47391146421432495,0.14602363109588623,0.0054755061864852905,0.2907966673374176,0.042547550052404404,0.03995653986930847,0.47520017623901367,0.14649012684822083,0.0055840094573795795,0.29072168469429016,0.04294770956039429,0.04034500569105148,0.47391146421432495
2,2,0.3126453459262848,2,0.3119499385356903,0.16308289766311646,0.03973301872611046,0.3126453459262848,0.08325087279081345,0.12154662609100342,0.27974122762680054,0.16325101256370544,0.04005603864789009,0.3119499385356903,0.08361761271953583,0.12185103446245193,0.2792743742465973
2,5,0.33595243096351624,5,0.33530229330062866,0.2651410400867462,0.012967190705239773,0.2518860399723053,0.044915229082107544,0.08913806080818176,0.33595243096351624,0.26494160294532776,0.013154622167348862,0.25176119804382324,0.0452820248901844,0.08955826610326767,0.33530229330062866
2,2,0.473827987909317,2,0.4722537696361542,0.1112368106842041,0.01265865657478571,0.473827987909317,0.06269174814224243,0.2258550226688385,0.11372982710599899,0.11167425662279129,0.01284741424024105,0.4722537696361542,0.06311915069818497,0.22594094276428223,0.11416440457105637
2,2,0.37517160177230835,2,0.3744320273399353,0.32755857706069946,0.013044177554547787,0.37517160177230835,0.03772641345858574,0.04335513710975647,0.20314407348632812,0.32713496685028076,0.013239164836704731,0.3744320273399353,0.0380873829126358,0.04373951628804207,0.20336703956127167
2,5,0.28885218501091003,5,0.28833407163619995,0.17182132601737976,0.08624345064163208,0.2424010932445526,0.19504870474338531,0.015633251518011093,0.28885218501091003,0.17195960879325867,0.08661111444234848,0.24217869341373444,0.19508184492588043,0.015834655612707138,0.28833407163619995
2,4,0.34468403458595276,4,0.34395697712898254,0.15400327742099762,0.005062076263129711,0.28427356481552124,0.05182869732379913,0.34468403458595276,0.16014829277992249,0.1542993187904358,0.0051592388190329075,0.2839476466178894,0.05221211910247803,0.34395697712898254,0.16042472422122955
2,2,0.25310617685317993,2,0.25265589356422424,0.17508026957511902,0.10493472963571548,0.25310617685317993,0.09870835393667221,0.1381780356168747,0.22999240458011627,0.1750914603471756,0.10521063208580017,0.25265589356422424,0.09899818152189255,0.13835065066814423,0.22969329357147217
2,0,0.4322763681411743,0,0.43093395233154297,0.4322763681411743,0.13865111768245697,0.2226448357105255,0.04094740375876427,0.019241055473685265,0.1462392956018448,0.43093395233154297,0.13900935649871826,0.2226916402578354,0.04130455479025841,0.019482381641864777,0.14657804369926453
2,2,0.5066302418708801,2,0.5048884749412537,0.08896149694919586,0.03371721878647804,0.5066302418708801,0.18969887495040894,0.02237376570701599,0.15861843526363373,0.08943085372447968,0.03406008705496788,0.5048884749412537,0.18997840583324432,0.022647716104984283,0.15899448096752167
2,2,0.4453134834766388,2,0.44391676783561707,0.16925163567066193,0.06093550845980644,0.4453134834766388,0.03489818796515465,0.04668986052274704,0.24291127920150757,0.16953961551189423,0.06135205551981926,0.44391676783561707,0.03523489832878113,0.04707171022891998,0.24288499355316162
2,0,0.3029761016368866,0,0.3024246394634247,0.3029761016368866,0.06877883523702621,0.20995129644870758,0.029198288917541504,0.09237376600503922,0.2967216670513153,0.3024246394634247,0.06916499137878418,0.209954172372818,0.029488395899534225,0.09275538474321365,0.29621249437332153
2,2,0.38486361503601074,2,0.38381603360176086,0.11274326592683792,0.032648827880620956,0.38486361503601074,0.05295806750655174,0.1227903887629509,0.29399579763412476,0.1131293922662735,0.03296446055173874,0.38381603360176086,0.05334077402949333,0.1231582909822464,0.2935909926891327
2,5,0.2775919437408447,5,0.277190625667572,0.25032079219818115,0.013265996240079403,0.24579469859600067,0.07153519243001938,0.1414913833141327,0.2775919437408447,0.25008827447891235,0.013449962250888348,0.24558882415294647,0.07191816717386246,0.14176413416862488,0.277190625667572
2,0,0.285988986492157,0,0.28547951579093933,0.285988986492157,0.03487681597471237,0.1944785714149475,0.15187181532382965,0.0630374327301979,0.2697463929653168,0.28547951579093933,0.03518323972821236,0.19450713694095612,0.15208221971988678,0.0634031668305397,0.26934465765953064
2,2,0.3074020743370056,2,0.3068847060203552,0.29941636323928833,0.02187032625079155,0.3074020743370056,0.0728248730301857,0.06493274122476578,0.23355354368686676,0.2989518344402313,0.022124238312244415,0.3068847060203552,0.07322818040847778,0.06532983481884003,0.2334812730550766
2,5,0.3403400480747223,5,0.3396831750869751,0.28960996866226196,0.029172265902161598,0.24340680241584778,0.06339244544506073,0.03407849371433258,0.3403400480747223,0.2892845869064331,0.02947615273296833,0.24334490299224854,0.063804492354393,0.03440671041607857,0.3396831750869751
2,0,0.3852311968803406,0,0.38415661454200745,0.3852311968803406,0.1187528446316719,0.2776040732860565,0.05734292417764664,0.029489630833268166,0.13157933950424194,0.38415661454200745,0.11912107467651367,0.27728402614593506,0.05773068219423294,0.029788022860884666,0.13191960752010345
3,5,0.6062989830970764,5,0.6042171716690063,0.1646765023469925,0.001610531355254352,0.10856807976961136,0.04924144968390465,0.06960445642471313,0.6062989830970764,0.16518503427505493,0.0016533539164811373,0.10913063585758209,0.04969283565878868,0.07012097537517548,0.6042171716690063
3,0,0.4585270881652832,0,0.4571399688720703,0.4585270881652832,0.07253630459308624,0.09807483851909637,0.033596497029066086,0.04229472205042839,0.2949706017971039,0.4571399688720703,0.07298731058835983,0.09853577613830566,0.033935852348804474,0.04267274588346481,0.29472824931144714
3,5,0.41680824756622314,5,0.4156597852706909,0.21158482134342194,0.0688614696264267,0.22432367503643036,0.0753726065158844,0.0030491636134684086,0.41680824756622314,0.21171900629997253,0.06929333508014679,0.22440028190612793,0.07581102102994919,0.003116529667750001,0.4156597852706909
3,2,0.3358665406703949,2,0.3352656364440918,0.2388668805360794,0.02785075455904007,0.3358665406703949,0.06269628554582596,0.029401246458292007,0.3053183853626251,0.2388465702533722,0.028149519115686417,0.3352656364440918,0.06311202794313431,0.029708582907915115,0.30491766333580017
3,5,0.43087393045425415,5,0.42980775237083435,0.28822728991508484,0.013802765868604183,0.1814364641904831,0.07341993600130081,0.012239563278853893,0.43087393045425415,0.2880932092666626,0.014007773250341415,0.1817726194858551,0.07388976961374283,0.012428823858499527,0.42980775237083435
3,5,0.30051442980766296,5,0.30005186796188354,0.17875869572162628,0.033694323152303696,0.2719556987285614,0.2047431617975235,0.010333651676774025,0.30051442980766296,0.17894816398620605,0.03401290625333786,0.2716728150844574,0.20482099056243896,0.010493241250514984,0.30005186796188354
3,2,0.3234521746635437,2,0.3229425847530365,0.3038606345653534,0.016682377085089684,0.3234521746635437,0.08708647638559341,0.024366550147533417,0.24455173313617706,0.3034767806529999,0.01690506935119629,0.3229425847530365,0.08752213418483734,0.024645041674375534,0.24450838565826416
3,5,0.45245519280433655,5,0.4513271450996399,0.3252021074295044,0.008167542517185211,0.13260121643543243,0.049478691071271896,0.03209512308239937,0.45245519280433655,0.3249278962612152,0.008312520571053028,0.13308557868003845,0.04990501329302788,0.032441869378089905,0.4513271450996399
3,5,0.3407573699951172,5,0.3399452269077301,0.15319548547267914,0.04067016392946243,0.3010946810245514,0.10042028874158859,0.06386198103427887,0.3407573699951172,0.15344306826591492,0.04100717604160309,0.30056318640708923,0.10079541057348251,0.06424590200185776,0.3399452269077301
3,5,0.39895036816596985,5,0.39793339371681213,0.1401044726371765,0.022330990061163902,0.29801416397094727,0.024008259177207947,0.11659179627895355,0.39895036816596985,0.1404811143875122,0.02259775809943676,0.29768872261047363,0.024286260828375816,0.11701275408267975,0.39793339371681213
3,2,0.3105076551437378,2,0.3099572956562042,0.0716952458024025,0.008460608310997486,0.3105076551437378,0.3027265667915344,0.18337182700634003,0.12323819845914841,0.0720951035618782,0.008599272929131985,0.3099572956562042,0.3022283911705017,0.18352992832660675,0.12359001487493515
3,5,0.3837180733680725,5,0.3828863203525543,0.2953249216079712,0.018088892102241516,0.21987654268741608,0.05848461017012596,0.024506917223334312,0.3837180733680725,0.29507118463516235,0.018327731639146805,0.22001220285892487,0.05890984088182449,0.024792784824967384,0.3828863203525543
3,5,0.6695983409881592,5,0.6674598455429077,0.07928498089313507,0.008432690054178238,0.1279253214597702,0.11097675561904907,0.003781933570280671,0.6695983409881592,0.07988019287586212,0.008591810241341591,0.12857747077941895,0.11162184923887253,0.0038687933702021837,0.6674598455429077
3,0,0.3226735293865204,0,0.32190874218940735,0.3226735293865204,0.09450918436050415,0.27101483941078186,0.06006656587123871,0.06764732301235199,0.18408861756324768,0.32190874218940735,0.09486638754606247,0.27060866355895996,0.060430511832237244,0.06801673769950867,0.18416886031627655
3,0,0.5144394636154175,0,0.5130898356437683,0.5144394636154175,0.32007718086242676,0.0469120629131794,0.029580125585198402,0.004682010039687157,0.0843091830611229,0.5130898356437683,0.31999650597572327,0.04735313355922699,0.029927236959338188,0.004780853632837534,0.08485256135463715
3,2,0.5940660238265991,2,0.5917484164237976,0.12474934011697769,0.04665973782539368,0.5940660238265991,0.0916845053434372,0.04683179408311844,0.09600862860679626,0.12523703277111053,0.04707326367497444,0.5917484164237976,0.09218490868806839,0.04724597930908203,0.0965103805065155
3,3,0.2878783941268921,3,0.28734394907951355,0.2671319544315338,0.08895913511514664,0.18412232398986816,0.2878783941268921,0.027337629348039627,0.14457060396671295,0.26673585176467896,0.08931738883256912,0.18419204652309418,0.28734394907951355,0.027610283344984055,0.14480049908161163
3,5,0.6734235286712646,5,0.6713435053825378,0.12242095917463303,0.0034349802881479263,0.05680452287197113,0.1374187469482422,0.006497243419289589,0.6734235286712646,0.12308860570192337,0.0035160351544618607,0.05733421444892883,0.13808828592300415,0.006629376672208309,0.6713435053825378
3,5,0.48391440510749817,5,0.4827432930469513,0.33130332827568054,0.005137085914611816,0.06665696203708649,0.10142869502305984,0.011559582315385342,0.48391440510749817,0.3311288058757782,0.005242567975074053,0.06715862452983856,0.10197759419679642,0.011749152094125748,0.4827432930469513
3,1,0.28811419010162354,1,0.28766143321990967,0.24255137145519257,0.28811419010162354,0.2596021294593811,0.022076494991779327,0.0488295815885067,0.1388261914253235,0.24237892031669617,0.28766143321990967,0.2593293786048889,0.0223270021378994,0.04918786138296127,0.13911543786525726
3,5,0.2950771152973175,5,0.2945779860019684,0.2590223550796509,0.014573466032743454,0.24173705279827118,0.07667124271392822,0.11291871964931488,0.2950771152973175,0.2587529420852661,0.014769492670893669,0.24156908690929413,0.0770595595240593,0.11327095329761505,0.2945779860019684
3,2,0.2423734813928604,2,0.24203439056873322,0.22884957492351532,0.13159720599651337,0.2423734813928604,0.15167230367660522,0.04565754905343056,0.1998499631881714,0.2285950779914856,0.13181538879871368,0.24203439056873322,0.15181584656238556,0.045976169407367706,0.19976311922073364
3,5,0.4866930842399597,5,0.4851865768432617,0.13833481073379517,0.008150855079293251,0.2175809144973755,0.12905393540859222,0.02018645405769348,0.4866930842399597,0.13877756893634796,0.008293643593788147,0.2177831083536148,0.1295119822025299,0.02044706605374813,0.4851865768432617
3,1,0.2701832950115204,1,0.2697664201259613,0.18400506675243378,0.2701832950115204,0.22086969017982483,0.16769017279148102,0.006784324534237385,0.1504673808813095,0.18407469987869263,0.2697664201259613,0.22075143456459045,0.16783159971237183,0.006899923551827669,0.15067598223686218
3,2,0.35131922364234924,2,0.3502958118915558,0.24183541536331177,0.1431792974472046,0.35131922364234924,0.07314017415046692,0.0919368714094162,0.0985889658331871,0.2415820062160492,0.1434049755334854,0.3502958118915558,0.07350212335586548,0.0922861397266388,0.09892892092466354
3,5,0.3203427195549011,5,0.3197326064109802,0.2772311866283417,0.032760102301836014,0.21354679763317108,0.13241097331047058,0.023708228021860123,0.3203427195549011,0.2769034206867218,0.033072974532842636,0.2135731279850006,0.1327444314956665,0.023973416537046432,0.3197326064109802
3,2,0.3521043658256531,2,0.3512575626373291,0.18519175052642822,0.020058246329426765,0.3521043658256531,0.09799647331237793,0.06792037189006805,0.27672863006591797,0.18534140288829803,0.02029900625348091,0.3512575626373291,0.09838856756687164,0.06831734627485275,0.27639612555503845
3,4,0.3322407603263855,4,0.3314560055732727,0.18959051370620728,0.03403495252132416,0.1494336724281311,0.04932120442390442,0.3322407603263855,0.24537891149520874,0.1896744817495346,0.03434395417571068,0.149678036570549,0.04967668280005455,0.3314560055732727,0.24517087638378143
3,5,0.5090439915657043,5,0.5076700448989868,0.3101038336753845,0.012242497876286507,0.10422364622354507,0.0435464046895504,0.020839642733335495,0.5090439915657043,0.31003493070602417,0.01243936363607645,0.10477065294981003,0.04396656155586243,0.021118462085723877,0.5076700448989868
3,3,0.3053094744682312,3,0.3048107922077179,0.13450732827186584,0.012220964767038822,0.28046515583992004,0.3053094744682312,0.04251023009419441,0.22498689591884613,0.13483965396881104,0.0123990997672081,0.28012600541114807,0.3048107922077179,0.042861633002758026,0.22496284544467926
3,5,0.43660473823547363,5,0.4353480339050293,0.15210099518299103,0.004604683723300695,0.19259382784366608,0.1859046369791031,0.028191201388835907,0.43660473823547363,0.15246568620204926,0.00469722505658865,0.19282767176628113,0.1861632913351059,0.028498182073235512,0.4353480339050293
3,5,0.46110284328460693,5,0.4597897231578827,0.20319464802742004,0.009408699348568916,0.17690791189670563,0.14255067706108093,0.00683526461943984,0.46110284328460693,0.20344866812229156,0.009566436521708965,0.1772519052028656,0.14298230409622192,0.006960981525480747,0.4597897231578827
3,5,0.5954498648643494,5,0.5936409831047058,0.2058308869600296,0.0032351668924093246,0.10018379986286163,0.09101942926645279,0.004280912224203348,0.5954498648643494,0.20629942417144775,0.0033106289338320494,0.10077434033155441,0.09159992635250092,0.004374629817903042,0.5936409831047058
3,2,0.42128899693489075,2,0.4200567603111267,0.06590836495161057,0.008425896055996418,0.42128899693489075,0.25434955954551697,0.10518530756235123,0.14484192430973053,0.0663285180926323,0.008567350916564465,0.4200567603111267,0.25424686074256897,0.1056085005402565,0.1451920121908188
3,5,0.3528195023536682,5,0.35188114643096924,0.2755228877067566,0.052032094448804855,0.15859860181808472,0.0703447163105011,0.09068229794502258,0.3528195023536682,0.27513039112091064,0.05239320546388626,0.15881101787090302,0.07072610408067703,0.091058149933815,0.35188114643096924
3,0,0.30367234349250793,0,0.3029995858669281,0.30367234349250793,0.05299343541264534,0.1405206322669983,0.07671111077070236,0.15707916021347046,0.2690233290195465,0.3029995858669281,0.05334003269672394,0.14075107872486115,0.07707004994153976,0.1572490930557251,0.26859015226364136
3,0,0.5454649925231934,0,0.543728768825531,0.5454649925231934,0.092463418841362,0.10783868283033371,0.019260741770267487,0.007749611511826515,0.22722256183624268,0.543728768825531,0.0929914340376854,0.10837103426456451,0.019523408263921738,0.007891170680522919,0.22749416530132294
3,5,0.48508405685424805,5,0.4838275611400604,0.2777220904827118,0.004827750846743584,0.1564144790172577,0.06953806430101395,0.006413532420992851,0.48508405685424805,0.2777769863605499,0.004927631001919508,0.15689553320407867,0.07003546506166458,0.006536918692290783,0.4838275611400604
4,5,0.31288596987724304,5,0.3122331500053406,0.2402254045009613,0.042245157063007355,0.25318264961242676,0.0746002048254013,0.07686062157154083,0.31288596987724304,0.24004143476486206,0.04258159175515175,0.25292226672172546,0.07498062402009964,0.07724101096391678,0.3122331500053406
4,0,0.27702346444129944,0,0.27652862668037415,0.27702346444129944,0.12374866753816605,0.19199736416339874,0.019823260605335236,0.22217854857444763,0.1652286797761917,0.27652862668037415,0.12402680516242981,0.19200636446475983,0.02005074918270111,0.22202669084072113,0.16536064445972443
4,5,0.3693476915359497,5,0.36825522780418396,0.20051386952400208,0.030351649969816208,0.17534472048282623,0.08802180737257004,0.13642020523548126,0.3693476915359497,0.20053289830684662,0.030642708763480186,0.17547911405563354,0.08839362114667892,0.13669636845588684,0.36825522780418396
4,2,0.43819400668144226,2,0.43677377700805664,0.10537175834178925,0.031946565955877304,0.43819400668144226,0.04274226725101471,0.16626714169979095,0.21547828614711761,0.10578204691410065,0.032263077795505524,0.43677377700805664,0.043102893978357315,0.1665339469909668,0.2155442237854004
4,2,0.39606860280036926,2,0.39474213123321533,0.18720005452632904,0.10299183428287506,0.39606860280036926,0.05311579257249832,0.10231833159923553,0.1583053320646286,0.18727417290210724,0.10334116965532303,0.39474213123321533,0.05347286909818649,0.10266876965761185,0.15850093960762024
4,5,0.3022143542766571,5,0.3018116056919098,0.2985028028488159,0.01683131605386734,0.25017890334129333,0.11193177103996277,0.020340820774435997,0.3022143542766571,0.29812341928482056,0.01705358363687992,0.2500818371772766,0.11233963817358017,0.020589910447597504,0.3018116056919098
4,5,0.3647800087928772,5,0.36390042304992676,0.19613023102283478,0.008513960987329483,0.26009243726730347,0.05932752788066864,0.11115582287311554,0.3647800087928772,0.19626586139202118,0.00865466333925724,0.2599048912525177,0.05972488969564438,0.1115492507815361,0.36390042304992676
4,5,0.5418714284896851,5,0.5399476885795593,0.14372682571411133,0.0019588463474065065,0.1382213979959488,0.08859410881996155,0.08562736213207245,0.5418714284896851,0.14417093992233276,0.0020075966604053974,0.13867560029029846,0.08908332139253616,0.08611486852169037,0.5399476885795593
4,2,0.2948267459869385,2,0.2943837344646454,0.15414193272590637,0.03650219365954399,0.2948267459869385,0.2298157513141632,0.014181912876665592,0.27053144574165344,0.15441066026687622,0.03683038800954819,0.2943837344646454,0.2297566831111908,0.014377287589013577,0.27024123072624207
4,2,0.22694598138332367,2,0.22678731381893158,0.20581915974617004,0.003839032491669059,0.22694598138332367,0.1826985478401184,0.16737203299999237,0.21332527697086334,0.20577585697174072,0.00391547754406929,0.22678731381893158,0.18276908993721008,0.16751009225845337,0.21324217319488525
4,5,0.4308391809463501,5,0.42963317036628723,0.23471114039421082,0.022888367995619774,0.22225700318813324,0.049269914627075195,0.04003438726067543,0.4308391809463501,0.23476667702198029,0.02316204458475113,0.2223702371120453,0.049668088555336,0.04039987176656723,0.42963317036628723
4,4,0.5687761306762695,4,0.5670015215873718,0.10613461583852768,0.017950624227523804,0.24146737158298492,0.013645995408296585,0.5687761306762695,0.052025288343429565,0.10669614374637604,0.018206803128123283,0.24174830317497253,0.013859745115041733,0.5670015215873718,0.05248747393488884
4,2,0.2855965793132782,2,0.2850000858306885,0.24638377130031586,0.10824331641197205,0.2855965793132782,0.04973968118429184,0.1459968239068985,0.16403986513614655,0.24605098366737366,0.10854299366474152,0.2850000858306885,0.05007185786962509,0.14618195593357086,0.1641521453857422
4,4,0.3689507842063904,4,0.36812490224838257,0.2479896992444992,0.003378820139914751,0.18473094701766968,0.028151176869869232,0.3689507842063904,0.16679862141609192,0.24792705476284027,0.0034513750579208136,0.18495666980743408,0.028452197089791298,0.36812490224838257,0.16708777844905853
4,5,0.34650152921676636,5,0.3458367884159088,0.14460644125938416,0.0014999817358329892,0.27482548356056213,0.031417954713106155,0.2011485993862152,0.34650152921676636,0.1449616253376007,0.0015384417492896318,0.2746165692806244,0.03173667564988136,0.20130988955497742,0.3458367884159088
4,2,0.3546285033226013,2,0.35383298993110657,0.15996915102005005,0.006617318838834763,0.3546285033226013,0.0454876534640789,0.16451013088226318,0.2687871754169464,0.16024747490882874,0.006735349539667368,0.35383298993110657,0.045854467898607254,0.16477327048778534,0.2685564458370209
4,0,0.5048993229866028,0,0.5033729076385498,0.5048993229866028,0.038230981677770615,0.13328535854816437,0.0185699425637722,0.03666182607412338,0.2683526277542114,0.5033729076385498,0.03861087188124657,0.13377107679843903,0.01882236637175083,0.037033889442682266,0.268388956785202
4,4,0.7066868543624878,4,0.7046552300453186,0.08125807344913483,0.007230105344206095,0.1664554327726364,0.003397425403818488,0.7066868543624878,0.034972161054611206,0.08190631866455078,0.007376561872661114,0.16718228161334991,0.0034793722443282604,0.7046552300453186,0.03540020063519478
4,4,0.4525682032108307,4,0.4514157772064209,0.09581243246793747,0.009426290169358253,0.3186647295951843,0.017628632485866547,0.4525682032108307,0.10589970648288727,0.09631390869617462,0.009586232714354992,0.31841179728507996,0.017871670424938202,0.4514157772064209,0.10640065371990204
4,4,0.34887459874153137,4,0.3481746017932892,0.26418328285217285,0.010843764990568161,0.15327171981334686,0.01839279942214489,0.34887459874153137,0.20443378388881683,0.2640203535556793,0.011011646129190922,0.15359513461589813,0.018628224730491638,0.3481746017932892,0.20457006990909576
5,5,0.43662241101264954,5,0.4356772303581238,0.3478643000125885,0.008111827075481415,0.10470381379127502,0.0969165712594986,0.005781047511845827,0.43662241101264954,0.34750625491142273,0.008257344365119934,0.10522643476724625,0.09743800759315491,0.005894734524190426,0.4356772303581238
5,2,0.28292277455329895,2,0.282497763633728,0.21622364223003387,0.07760762423276901,0.28292277455329895,0.15412060916423798,0.007503488101065159,0.26162177324295044,0.21618951857089996,0.07799430936574936,0.282497763633728,0.15435762703418732,0.007629562169313431,0.26133114099502563
5,5,0.47686734795570374,5,0.4754408597946167,0.23884598910808563,0.01433013379573822,0.14629511535167694,0.11040372401475906,0.013257673010230064,0.47686734795570374,0.23895692825317383,0.014540083706378937,0.14672257006168365,0.11088240891695023,0.01345714833587408,0.4754408597946167
5,2,0.3370743691921234,2,0.3366594910621643,0.32015907764434814,0.019605033099651337,0.3370743691921234,0.03499353304505348,0.01150610763579607,0.27666187286376953,0.31984743475914,0.019861651584506035,0.3366594910621643,0.03534891828894615,0.01168784312903881,0.2765945792198181
5,5,0.5541073679924011,5,0.5524464249610901,0.22684074938297272,0.01295434683561325,0.15473231673240662,0.03991473466157913,0.011450517922639847,0.5541073679924011,0.22717392444610596,0.013160583563148975,0.15525655448436737,0.04032246768474579,0.011640004813671112,0.5524464249610901
5,5,0.3917768597602844,5,0.39075741171836853,0.16180606186389923,0.04111570864915848,0.2751697897911072,0.11673551797866821,0.013396038673818111,0.3917768597602844,0.16210082173347473,0.04147399589419365,0.2749394476413727,0.11713944375514984,0.013588826172053814,0.39075741171836853
5,5,0.44462159276008606,5,0.4437181055545807,0.3674609959125519,0.007873408496379852,0.12813638150691986,0.016228238120675087,0.03567942976951599,0.44462159276008606,0.36706432700157166,0.008017642423510551,0.1286747008562088,0.016465816646814346,0.03605931997299194,0.4437181055545807
5,5,0.6463696956634521,5,0.6443002820014954,0.155846506357193,0.004141241777688265,0.09746944904327393,0.08784724771976471,0.008325885981321335,0.6463696956634521,0.15645745396614075,0.004233648534864187,0.09808163344860077,0.08844499289989471,0.008481974713504314,0.6443002820014954
5,5,0.34408167004585266,5,0.3433643877506256,0.31452512741088867,0.01692085713148117,0.1802125722169876,0.0529119111597538,0.09134789556264877,0.34408167004585266,0.31401053071022034,0.017142070457339287,0.1804199069738388,0.05329867824912071,0.09176450222730637,0.3433643877506256
5,0,0.399280309677124,0,0.3981457054615021,0.399280309677124,0.07482539117336273,0.11416052281856537,0.1304541826248169,0.01373453252017498,0.2675449550151825,0.3981457054615021,0.07524066418409348,0.11455167084932327,0.13081377744674683,0.013928426429629326,0.26731979846954346
5,5,0.617578387260437,5,0.6158402562141418,0.2663083076477051,0.009153994731605053,0.05352642759680748,0.029676565900444984,0.023756273090839386,0.617578387260437,0.266679048538208,0.009322671219706535,0.054033081978559494,0.03004603274166584,0.024078834801912308,0.6158402562141418
5,0,0.2804320752620697,0,0.279997855424881,0.2804320752620697,0.03283021226525307,0.24640490114688873,0.05135847255587578,0.12835051119327545,0.260623961687088,0.279997855424881,0.03313316032290459,0.24618269503116608,0.051716431975364685,0.12865401804447174,0.26031580567359924
5,5,0.36768239736557007,5,0.3668038845062256,0.335809588432312,0.06837447732686996,0.13082577288150787,0.04273273050785065,0.05457499995827675,0.36768239736557007,0.3351592719554901,0.06878779828548431,0.13118988275527954,0.043092288076877594,0.05496687814593315,0.3668038845062256
5,0,0.3983560800552368,0,0.39733752608299255,0.3983560800552368,0.012207587249577045,0.11711212992668152,0.03780752420425415,0.14017166197299957,0.2943449914455414,0.39733752608299255,0.01239062286913395,0.11753056943416595,0.03815791755914688,0.1405460089445114,0.2940373420715332
5,5,0.5552417039871216,5,0.5537322759628296,0.2657622694969177,0.006161975208669901,0.1349800080060959,0.017355311661958694,0.02049875073134899,0.5552417039871216,0.26601889729499817,0.0062852236442267895,0.135569229722023,0.017610933631658554,0.020783349871635437,0.5537322759628296
5,5,0.4508455991744995,5,0.44951385259628296,0.1552790403366089,0.005950344260782003,0.15567030012607574,0.20735034346580505,0.02490440011024475,0.4508455991744995,0.15564845502376556,0.006062663625925779,0.15603867173194885,0.2075430452823639,0.0251933503895998,0.44951385259628296
5,5,0.2959699332714081,5,0.2954424023628235,0.23092485964298248,0.05944117158651352,0.28431782126426697,0.08295933902263641,0.04638684540987015,0.2959699332714081,0.23079974949359894,0.05981383100152016,0.28386810421943665,0.08334027230739594,0.04673563316464424,0.2954424023628235
5,0,0.38696080446243286,0,0.38597095012664795,0.38696080446243286,0.02748546190559864,0.2167268842458725,0.034653645008802414,0.07641468942165375,0.25775858759880066,0.38597095012664795,0.02778042107820511,0.2168005406856537,0.03498493507504463,0.07684050500392914,0.25762253999710083
5,4,0.3660392463207245,4,0.3651290833950043,0.15890201926231384,0.017715400084853172,0.24653908610343933,0.036139115691185,0.3660392463207245,0.17466507852077484,0.1591702401638031,0.01794120855629444,0.2464129775762558,0.03646940737962723,0.3651290833950043,0.1748771071434021
5,0,0.29559287428855896,0,0.29504984617233276,0.29559287428855896,0.03996572643518448,0.2666895091533661,0.0443989634513855,0.14223916828632355,0.211113840341568,0.29504984617233276,0.040293797850608826,0.2663366496562958,0.044739868491888046,0.14249853789806366,0.21108125150203705
5,2,0.49537986516952515,2,0.494165301322937,0.09873617440462112,0.0027217078022658825,0.49537986516952515,0.054415471851825714,0.018723074346780777,0.33002370595932007,0.0992923378944397,0.002786675002425909,0.494165301322937,0.05488539859652519,0.018985869362950325,0.32988443970680237
5,0,0.43966513872146606,0,0.438387006521225,0.43966513872146606,0.01390653196722269,0.15813493728637695,0.017622290179133415,0.1519865244626999,0.21868453919887543,0.438387006521225,0.01410785410553217,0.15848420560359955,0.017856230959296227,0.1523524522781372,0.2188122570514679
5,5,0.43939685821533203,5,0.4381619095802307,0.17789585888385773,0.008739273995161057,0.1900235265493393,0.171025350689888,0.01291919220238924,0.43939685821533203,0.17820045351982117,0.008887260220944881,0.1902860701084137,0.17135195434093475,0.013112278655171394,0.4381619095802307
5,5,0.6255649328231812,5,0.623477041721344,0.18989874422550201,0.012396099045872688,0.0749393031001091,0.07624271512031555,0.02095821499824524,0.6255649328231812,0.19039754569530487,0.012599576264619827,0.07548658549785614,0.07679291069507599,0.021246325224637985,0.623477041721344
5,5,0.507480263710022,5,0.5061295032501221,0.28952473402023315,0.004783201962709427,0.12081952393054962,0.06861677020788193,0.008775508031249046,0.507480263710022,0.2895662486553192,0.004883137997239828,0.12136651575565338,0.06912287324666977,0.008931688964366913,0.5061295032501221
5,5,0.4661672115325928,5,0.464590460062027,0.1575375199317932,0.005329460371285677,0.16744813323020935,0.09808804839849472,0.10542961955070496,0.4661672115325928,0.1578594297170639,0.005431627854704857,0.16773909330368042,0.09852182865142822,0.10585761070251465,0.464590460062027
5,5,0.3270762264728546,5,0.3263280987739563,0.23886558413505554,0.05495572090148926,0.2192380279302597,0.1267489492893219,0.0331154502928257,0.3270762264728546,0.23869438469409943,0.05532165989279747,0.21917492151260376,0.1270604431629181,0.03342056646943092,0.3263280987739563
5,5,0.35463231801986694,5,0.3538568317890167,0.09760908782482147,0.0018143601482734084,0.25372567772865295,0.2232510894536972,0.06896752864122391,0.35463231801986694,0.09802650660276413,0.0018588253296911716,0.25359541177749634,0.2232794165611267,0.06938296556472778,0.3538568317890167
5,2,0.42220476269721985,2,0.4209522306919098,0.08968815207481384,0.04766948148608208,0.42220476269721985,0.046572212129831314,0.29736965894699097,0.09649580717086792,0.09011805057525635,0.04804972931742668,0.4209522306919098,0.04694917052984238,0.2970080077648163,0.0969228446483612
5,2,0.4156358540058136,2,0.41438308358192444,0.08527354896068573,0.02813468873500824,0.4156358540058136,0.2778714895248413,0.08041209727525711,0.11267232149839401,0.0856931284070015,0.02843046374619007,0.41438308358192444,0.2775927782058716,0.08083151280879974,0.11306894570589066
5,0,0.26634877920150757,0,0.2659851014614105,0.26634877920150757,0.026430917903780937,0.1878487765789032,0.21135516464710236,0.05315791815519333,0.2548583447933197,0.2659851014614105,0.026701772585511208,0.18792036175727844,0.2113109976053238,0.05351520702242851,0.2545665204524994
5,5,0.5785728693008423,5,0.5768548846244812,0.16015104949474335,0.004677353892475367,0.19785858690738678,0.053519781678915024,0.005220379214733839,0.5785728693008423,0.16070522367954254,0.004777271766215563,0.1983332335948944,0.0540003664791584,0.00532896863296628,0.5768548846244812
5,2,0.5410972237586975,2,0.5390110611915588,0.12718239426612854,0.09997940808534622,0.5410972237586975,0.07072975486516953,0.030298590660095215,0.13071265816688538,0.12761346995830536,0.1004391759634018,0.5390110611915588,0.07117819786071777,0.030620327219367027,0.13113771378993988
5,2,0.29136332869529724,2,0.29094308614730835,0.22758613526821136,0.011766048148274422,0.29136332869529724,0.03421560674905777,0.17963334918022156,0.2554354965686798,0.22753901779651642,0.011939305812120438,0.29094308614730835,0.03453446552157402,0.17980895936489105,0.25523513555526733
5,2,0.3494890034198761,2,0.3486672639846802,0.16052433848381042,0.004447226412594318,0.3494890034198761,0.12096088379621506,0.09824114292860031,0.2663373649120331,0.1607716977596283,0.0045347390696406364,0.3486672639846802,0.12131897360086441,0.09863461554050446,0.26607272028923035
5,2,0.30660131573677063,2,0.30606335401535034,0.17520439624786377,0.015400764532387257,0.30660131573677063,0.1669505387544632,0.04654208943247795,0.28930097818374634,0.17538750171661377,0.01560561265796423,0.30606335401535034,0.1671653687953949,0.04690084233880043,0.28887730836868286
5,5,0.5328510403633118,5,0.5313484072685242,0.23019562661647797,0.015844061970710754,0.18479132652282715,0.02713945135474205,0.009178509935736656,0.5328510403633118,0.23051267862319946,0.01607980579137802,0.1852494329214096,0.027469174936413765,0.009340559132397175,0.5313484072685242
5,5,0.5628179311752319,5,0.561053991317749,0.24138401448726654,0.001973661594092846,0.09394645690917969,0.05320633202791214,0.04667164757847786,0.5628179311752319,0.2416491061449051,0.002023933921009302,0.09449483454227448,0.05366940051317215,0.0471087284386158,0.561053991317749
5,5,0.40646159648895264,5,0.40526673197746277,0.2141571193933487,0.01828145794570446,0.20300281047821045,0.10166754573583603,0.056429423391819,0.40646159648895264,0.21421346068382263,0.018512863665819168,0.20311054587364197,0.10207414627075195,0.0568222738802433,0.40526673197746277
5,2,0.32677769660949707,2,0.3261350989341736,0.19388389587402344,0.007373136468231678,0.32677769660949707,0.06901411712169647,0.1145215630531311,0.2884295880794525,0.19400882720947266,0.007499598897993565,0.3261350989341736,0.06941650807857513,0.1148977056145668,0.288042277097702
5,0,0.38221845030784607,0,0.3812365233898163,0.38221845030784607,0.07552466541528702,0.1352960765361786,0.040151190012693405,0.048974279314279556,0.31783536076545715,0.3812365233898163,0.0759444460272789,0.13565172255039215,0.04050222784280777,0.04935336485505104,0.3173116445541382
5,0,0.3379057049751282,0,0.3372693657875061,0.3379057049751282,0.0051246751099824905,0.2052096724510193,0.09729329496622086,0.05202043056488037,0.3024462163448334,0.3372693657875061,0.005223380867391825,0.2053350806236267,0.0977170467376709,0.05241096392273903,0.30204418301582336
5,5,0.6203920245170593,5,0.6183643341064453,0.1497780680656433,0.003725590882822871,0.07475940883159637,0.13654421269893646,0.01480064820498228,0.6203920245170593,0.15035413205623627,0.0038097009528428316,0.07530838251113892,0.13713285326957703,0.01503066997975111,0.6183643341064453
5,5,0.5893205404281616,5,0.5872346758842468,0.10864906758069992,0.00706377811729908,0.15085633099079132,0.10629668086767197,0.03781360015273094,0.5893205404281616,0.10918452590703964,0.007196352351456881,0.15135100483894348,0.10683225095272064,0.038201212882995605,0.5872346758842468
5,5,0.3354685306549072,5,0.33493566513061523,0.3101827800273895,0.014228010550141335,0.11581776291131973,0.21643629670143127,0.007866616360843182,0.3354685306549072,0.3098115622997284,0.01443187240511179,0.1162508949637413,0.21656696498394012,0.008003029972314835,0.33493566513061523
5,5,0.4679495096206665,5,0.46656057238578796,0.2856242060661316,0.04602641239762306,0.1256742775440216,0.05575564131140709,0.018969938158988953,0.4679495096206665,0.2854808568954468,0.04642552509903908,0.1261283904314041,0.05618515610694885,0.019219495356082916,0.46656057238578796
5,5,0.4301971197128296,5,0.4290282428264618,0.17772051692008972,0.008704953826963902,0.20149117708206177,0.17063432931900024,0.011251923628151417,0.4301971197128296,0.17802351713180542,0.008852421306073666,0.20170792937278748,0.17096005380153656,0.01142785232514143,0.4290282428264618
5,5,0.4297790825366974,5,0.42865997552871704,0.3047160804271698,0.015989083796739578,0.14949508011341095,0.02718118578195572,0.07283945381641388,0.4297790825366974,0.30444616079330444,0.01621231622993946,0.14989592134952545,0.027487581595778465,0.07329803705215454,0.42865997552871704
5,5,0.3718557059764862,5,0.37097010016441345,0.2829954922199249,0.017553037032485008,0.18804344534873962,0.1036575585603714,0.035894788801670074,0.3718557059764862,0.2827076017856598,0.01778087206184864,0.18823683261871338,0.1040739044547081,0.036230746656656265,0.37097010016441345
5,5,0.688608705997467,5,0.6862944960594177,0.09443943202495575,0.0009209479903802276,0.10609976202249527,0.05538586527109146,0.05454520881175995,0.688608705997467,0.09506253898143768,0.0009487573406659067,0.10673760622739792,0.055900391191244125,0.055056132376194,0.6862944960594177
5,5,0.4410340189933777,5,0.439747154712677,0.2244851291179657,0.019820518791675568,0.21441322565078735,0.06268098950386047,0.03756610304117203,0.4410340189933777,0.22458788752555847,0.020071925595402718,0.2145606428384781,0.06311134248971939,0.037921056151390076,0.439747154712677
5,2,0.40148210525512695,2,0.4004455804824829,0.11433152109384537,0.0075870081782341,0.40148210525512695,0.15185704827308655,0.04208555445075035,0.28265678882598877,0.11475544422864914,0.00771922804415226,0.4004455804824829,0.1522037535905838,0.04245340824127197,0.28242257237434387
5,2,0.40022242069244385,2,0.39903485774993896,0.10152789205312729,0.253635436296463,0.40022242069244385,0.11015962064266205,0.015967080369591713,0.11848756670951843,0.10192393511533737,0.25346076488494873,0.39903485774993896,0.11054416000843048,0.016178445890545845,0.11885781586170197
5,0,0.3990006148815155,0,0.397798627614975,0.3990006148815155,0.05873679369688034,0.15936602652072906,0.09802043437957764,0.03666281700134277,0.24821330606937408,0.397798627614975,0.05912403762340546,0.15961739420890808,0.0984141156077385,0.03699168562889099,0.2480541169643402
5,2,0.318648099899292,2,0.31827592849731445,0.28504276275634766,0.015720805153250694,0.318648099899292,0.040120914578437805,0.026369968429207802,0.31409746408462524,0.28486865758895874,0.015940703451633453,0.31827592849731445,0.04049180448055267,0.026669692248106003,0.3137531578540802
5,5,0.4714375138282776,5,0.47005271911621094,0.20533962547779083,0.031862661242485046,0.22676588594913483,0.04923028498888016,0.015364064835011959,0.4714375138282776,0.20558986067771912,0.03220035508275032,0.22692948579788208,0.04964384064078331,0.015583682805299759,0.47005271911621094
5,2,0.29532715678215027,2,0.2948791980743408,0.28025567531585693,0.03038553148508072,0.29532715678215027,0.017791230231523514,0.2008078396320343,0.17543262243270874,0.27990394830703735,0.03068670444190502,0.2948791980743408,0.018015768378973007,0.2008906751871109,0.17562368512153625
5,5,0.543513298034668,5,0.5416830778121948,0.11320189386606216,0.019983403384685516,0.2189849317073822,0.07951117306947708,0.024805331602692604,0.543513298034668,0.11371003836393356,0.020248079672455788,0.21924270689487457,0.08000940829515457,0.025106707587838173,0.5416830778121948
5,0,0.35753992199897766,0,0.35681480169296265,0.35753992199897766,0.03262738883495331,0.3389855623245239,0.017864890396595,0.09466592967510223,0.15831641852855682,0.35681480169296265,0.03295369818806648,0.3383883237838745,0.018098028376698494,0.09510435163974762,0.1586408168077469
5,2,0.324158251285553,2,0.323261559009552,0.1960144340991974,0.06992550194263458,0.324158251285553,0.10856471210718155,0.1311894953250885,0.1701476126909256,0.19596494734287262,0.07026940584182739,0.323261559009552,0.10885872691869736,0.13142021000385284,0.17022518813610077
5,2,0.25959673523902893,2,0.2591792345046997,0.23752430081367493,0.050824280828237534,0.25959673523902893,0.10803849995136261,0.1151520162820816,0.22886407375335693,0.2372477948665619,0.051158368587493896,0.2591792345046997,0.10833901911973953,0.11543547362089157,0.22864015400409698
5,5,0.403409481048584,5,0.40223759412765503,0.1920558661222458,0.20317772030830383,0.12770089507102966,0.06517037749290466,0.008485673926770687,0.403409481048584,0.19221054017543793,0.20328406989574432,0.12806503474712372,0.06557659804821014,0.008626130409538746,0.40223759412765503
5,2,0.3833189904689789,2,0.3822755813598633,0.17010609805583954,0.011993381194770336,0.3833189904689789,0.131870836019516,0.06077433377504349,0.2419363260269165,0.17033421993255615,0.012169924564659595,0.3822755813598633,0.13221605122089386,0.06117011979222298,0.24183407425880432
5,5,0.2875683605670929,5,0.2871576249599457,0.21643401682376862,0.012326991185545921,0.25852498412132263,0.1872570961713791,0.03788845241069794,0.2875683605670929,0.21643248200416565,0.01250495482236147,0.2582933306694031,0.1873915195465088,0.03822006285190582,0.2871576249599457
5,5,0.4427635073661804,5,0.4416104555130005,0.1932024508714676,0.009910364635288715,0.26657673716545105,0.06935598701238632,0.018191037699580193,0.4427635073661804,0.19350075721740723,0.010074307210743427,0.2665584981441498,0.06982012838125229,0.01843584142625332,0.4416104555130005
5,0,0.4357012212276459,0,0.4341769516468048,0.4357012212276459,0.15329605340957642,0.14247655868530273,0.04797334596514702,0.05481349676847458,0.1657392829656601,0.4341769516468048,0.15356044471263885,0.1427745819091797,0.04833628609776497,0.05519137904047966,0.16596028208732605
5,5,0.6104579567909241,5,0.6084678173065186,0.18906068801879883,0.0019956056494265795,0.05100850388407707,0.11208239942789078,0.03539487347006798,0.6104579567909241,0.18955302238464355,0.002046896843239665,0.05147773027420044,0.11266869306564331,0.03578586131334305,0.6084678173065186
5,5,0.4375624656677246,5,0.4363747537136078,0.27495139837265015,0.024340469390153885,0.17839615046977997,0.06619806587696075,0.01855142042040825,0.4375624656677246,0.27484339475631714,0.0246279239654541,0.17871256172657013,0.0666453093290329,0.0187960434705019,0.4363747537136078
5,5,0.49854061007499695,5,0.4971044659614563,0.25529909133911133,0.02147747203707695,0.08438754081726074,0.13866104185581207,0.001634181709960103,0.49854061007499695,0.25541770458221436,0.021755307912826538,0.0848957970738411,0.13914991915225983,0.0016767990309745073,0.4971044659614563
5,5,0.48258617520332336,5,0.48173102736473083,0.40578094124794006,0.01199364848434925,0.06711170822381973,0.02472555637359619,0.007802064064890146,0.48258617520332336,0.4054133892059326,0.012195837683975697,0.06765749305486679,0.025051506236195564,0.007950680330395699,0.48173102736473083
5,2,0.3637464940547943,2,0.36294516921043396,0.13777904212474823,0.005937740206718445,0.3637464940547943,0.09289216995239258,0.07454574853181839,0.32509881258010864,0.1381450742483139,0.0060479408130049706,0.36294516921043396,0.09332288801670074,0.07497391104698181,0.32456502318382263
5,2,0.39042791724205017,2,0.3896065652370453,0.06765662133693695,0.007608409505337477,0.39042791724205017,0.04586013779044151,0.3592979311943054,0.1291489154100418,0.06810913234949112,0.007743521593511105,0.3896065652370453,0.04625679925084114,0.3586912453174591,0.12959273159503937
5,5,0.3193579316139221,5,0.31875768303871155,0.2567847669124603,0.011468131095170975,0.21927064657211304,0.04226582869887352,0.15085266530513763,0.3193579316139221,0.25658199191093445,0.011638745665550232,0.2192707508802414,0.04261551797389984,0.15113534033298492,0.31875768303871155
5,5,0.25912436842918396,5,0.2587616443634033,0.24710826575756073,0.08925336599349976,0.23827284574508667,0.13610829412937164,0.030132943764328957,0.25912436842918396,0.24682101607322693,0.08960510790348053,0.23803921043872833,0.1363564431667328,0.030416544526815414,0.2587616443634033
5,5,0.4091136157512665,5,0.40811219811439514,0.2620752453804016,0.0011840758379548788,0.17804603278636932,0.02441277541220188,0.1251683086156845,0.4091136157512665,0.2620171010494232,0.0012162402272224426,0.1783512532711029,0.024699021130800247,0.12560419738292694,0.40811219811439514
5,5,0.5088257193565369,5,0.5072992444038391,0.14488302171230316,0.006226502824574709,0.24230021238327026,0.07859888672828674,0.0191656444221735,0.5088257193565369,0.1453593373298645,0.006346140522509813,0.24247193336486816,0.07909901440143585,0.019424302503466606,0.5072992444038391
5,5,0.5344235301017761,5,0.5326730012893677,0.17401200532913208,0.015143824741244316,0.18642638623714447,0.0697486624121666,0.02024552971124649,0.5344235301017761,0.17441871762275696,0.015365829691290855,0.18679767847061157,0.07023229449987411,0.020512502640485764,0.5326730012893677
5,2,0.430052250623703,2,0.42877140641212463,0.06978041678667068,0.010959407314658165,0.430052250623703,0.25160709023475647,0.08009310811758041,0.15750770270824432,0.07020866870880127,0.011129297316074371,0.42877140641212463,0.25153160095214844,0.08052907884120941,0.15782998502254486
5,0,0.589310884475708,0,0.5871346592903137,0.589310884475708,0.061807285994291306,0.16668811440467834,0.0218545813113451,0.060831453651189804,0.099507637321949,0.5871346592903137,0.062277901917696,0.16712547838687897,0.022135861217975616,0.061299536377191544,0.10002664476633072
5,5,0.5176477432250977,5,0.5159801244735718,0.15541435778141022,0.02605556696653366,0.20797666907310486,0.0841427743434906,0.008762919344007969,0.5176477432250977,0.15584932267665863,0.026363061740994453,0.2082548886537552,0.08463778346776962,0.008914818055927753,0.5159801244735718
5,5,0.4577314853668213,5,0.4564855098724365,0.17567875981330872,0.009368923492729664,0.2700410783290863,0.06291376799345016,0.024265989661216736,0.4577314853668213,0.17604221403598785,0.009527049027383327,0.27001816034317017,0.06336876004934311,0.02455829456448555,0.4564855098724365
5,5,0.396050363779068,5,0.3950372338294983,0.21774347126483917,0.032323408871889114,0.2649153172969818,0.05319904536008835,0.03576839715242386,0.396050363779068,0.21783770620822906,0.03264757990837097,0.26476994156837463,0.053598761558532715,0.03610881417989731,0.3950372338294983
5,5,0.44550949335098267,5,0.4443609118461609,0.2560275197029114,0.008567680604755878,0.18437398970127106,0.09902253746986389,0.006498781032860279,0.44550949335098267,0.2560763657093048,0.008716258220374584,0.18471242487430573,0.09951340407133102,0.006620629690587521,0.4443609118461609
5,3,0.3242660462856293,3,0.32362326979637146,0.12202376127243042,0.019094442948698997,0.16174127161502838,0.3242660462856293,0.0583605132997036,0.31451401114463806,0.12237901240587234,0.01932862587273121,0.16198356449604034,0.32362326979637146,0.05874687060713768,0.31393852829933167
5,5,0.5043153762817383,5,0.5027847290039062,0.25850337743759155,0.00796294305473566,0.13544915616512299,0.05319793522357941,0.04057127237319946,0.5043153762817383,0.258582204580307,0.008105314336717129,0.1359294205904007,0.053636837750673294,0.04096151143312454,0.5027847290039062
5,0,0.3775732219219208,0,0.37647348642349243,0.3775732219219208,0.10854259878396988,0.25391024351119995,0.04719523340463638,0.05899220332503319,0.15378642082214355,0.37647348642349243,0.10890378057956696,0.2536739110946655,0.047550056129693985,0.059369392693042755,0.15402933955192566
5,2,0.31718909740448,2,0.3165226876735687,0.2674933969974518,0.1648375242948532,0.31718909740448,0.016969991847872734,0.07277523726224899,0.16073477268218994,0.267159104347229,0.16503089666366577,0.3165226876735687,0.017184318974614143,0.0731593444943428,0.1609436273574829
5,5,0.5594462752342224,5,0.5577043890953064,0.20164453983306885,0.007615038193762302,0.16778329014778137,0.038496315479278564,0.025014527142047882,0.5594462752342224,0.20204591751098633,0.00775633892044425,0.1682719737291336,0.038893941789865494,0.02532748319208622,0.5577043890953064
5,0,0.32352447509765625,0,0.3228546977043152,0.32352447509765625,0.03717117756605148,0.2719433009624481,0.14314885437488556,0.02916010096669197,0.1950521469116211,0.3228546977043152,0.03749809041619301,0.2716163396835327,0.14343662559986115,0.02945232018828392,0.19514189660549164
5,2,0.26979151368141174,2,0.26930612325668335,0.2674809396266937,0.16736666858196259,0.26979151368141174,0.0646795853972435,0.07953696697950363,0.15114432573318481,0.26701119542121887,0.1674652248620987,0.26930612325668335,0.06502635031938553,0.07988067716360092,0.1513105183839798
5,5,0.6224203705787659,5,0.6204440593719482,0.12811440229415894,0.00435513025149703,0.15786558389663696,0.08143159747123718,0.005812923423945904,0.6224203705787659,0.1287219077348709,0.004450466483831406,0.1584484726190567,0.08200349658727646,0.005931592546403408,0.6204440593719482
5,5,0.5169987082481384,5,0.5153900384902954,0.15660570561885834,0.0018148230155929923,0.22135958075523376,0.06093357503414154,0.04228755831718445,0.5169987082481384,0.1570543497800827,0.001861081924289465,0.22160957753658295,0.0613974966108799,0.04268748313188553,0.5153900384902954
5,5,0.5930361747741699,5,0.5910449028015137,0.11990749090909958,0.008500088937580585,0.1330786645412445,0.13444149494171143,0.01103605329990387,0.5930361747741699,0.1204647496342659,0.008653456345200539,0.13362739980220795,0.13498897850513458,0.011220506392419338,0.5910449028015137
5,2,0.35983824729919434,2,0.3589473366737366,0.22323599457740784,0.010872009210288525,0.35983824729919434,0.07679423689842224,0.09983430057764053,0.22942516207695007,0.2232159823179245,0.011036703363060951,0.3589473366737366,0.07719852775335312,0.1002281978726387,0.22937323153018951
5,5,0.3845524787902832,5,0.383655846118927,0.348041296005249,0.04613330215215683,0.12697023153305054,0.06395532190799713,0.03034740872681141,0.3845524787902832,0.3474031984806061,0.0465167872607708,0.1273786425590515,0.06438162177801132,0.030663883313536644,0.383655846118927
5,5,0.287576287984848,5,0.2871531546115875,0.24474447965621948,0.043429017066955566,0.24634724855422974,0.1641377955675125,0.013765166513621807,0.287576287984848,0.2445816993713379,0.04377731680870056,0.2461753636598587,0.16435690224170685,0.013955582864582539,0.2871531546115875
5,5,0.4710656404495239,5,0.46988412737846375,0.3076336979866028,0.009141199290752411,0.1081031858921051,0.09998708963394165,0.004069209564477205,0.4710656404495239,0.30751708149909973,0.009299952536821365,0.10862929373979568,0.10051295161247253,0.004156680312007666,0.46988412737846375
5,5,0.34673571586608887,5,0.3458843231201172,0.30678558349609375,0.07451578229665756,0.12224607914686203,0.11160241067409515,0.03811442106962204,0.34673571586608887,0.30621984601020813,0.07490699738264084,0.12258380651473999,0.11196178197860718,0.03844328969717026,0.3458843231201172
5,5,0.5672405958175659,5,0.5654536485671997,0.19434355199337006,0.002302265726029873,0.15124596655368805,0.06454135477542877,0.020326271653175354,0.5672405958175659,0.1947726607322693,0.0023591427598148584,0.1517702341079712,0.065041683614254,0.020602628588676453,0.5654536485671997
5,2,0.3581870198249817,2,0.35723015666007996,0.1551271229982376,0.23863103985786438,0.3581870198249817,0.041630472987890244,0.04146395996212959,0.16496045887470245,0.15536199510097504,0.23847779631614685,0.35723015666007996,0.04196888208389282,0.041801851242780685,0.16515938937664032
5,5,0.5002401471138,5,0.4987220764160156,0.26331204175949097,0.016289908438920975,0.11257725208997726,0.09014114737510681,0.01743949018418789,0.5002401471138,0.2633574903011322,0.016521209850907326,0.11307649314403534,0.09064166992902756,0.017681080847978592,0.4987220764160156
5,5,0.3294658064842224,5,0.3288547098636627,0.3257727026939392,0.03413437679409981,0.1958284080028534,0.029997050762176514,0.08480168133974075,0.3294658064842224,0.3251867890357971,0.03445984795689583,0.19597475230693817,0.030302658677101135,0.08522124588489532,0.3288547098636627
5,2,0.23749706149101257,2,0.23710384964942932,0.1688603013753891,0.14016886055469513,0.23749706149101257,0.14849573373794556,0.12396254390478134,0.18101543188095093,0.16886873543262482,0.14030656218528748,0.23710384964942932,0.14859868586063385,0.12416064739227295,0.1809615194797516
5,5,0.4865034520626068,5,0.4849838316440582,0.17902570962905884,0.01335354894399643,0.18551850318908691,0.12175941467285156,0.013839354738593102,0.4865034520626068,0.17936164140701294,0.013553538359701633,0.18583351373672485,0.12222347408533096,0.014044108800590038,0.4849838316440582
5,0,0.39972710609436035,0,0.39845791459083557,0.39972710609436035,0.07961253821849823,0.15528102219104767,0.033512942492961884,0.11525926738977432,0.21660715341567993,0.39845791459083557,0.08000322431325912,0.1555221974849701,0.03382355347275734,0.11561061441898346,0.2165824919939041
5,3,0.7538264393806458,3,0.751683235168457,0.029143910855054855,0.011624423786997795,0.05340476706624031,0.7538264393806458,0.010411632247269154,0.14158876240253448,0.029538022354245186,0.011835938319563866,0.05396314337849617,0.751683235168457,0.010606929659843445,0.1423727422952652
5,5,0.6108914017677307,5,0.6090683937072754,0.1767444759607315,0.006119668949395418,0.1628248542547226,0.0372203066945076,0.006199283059686422,0.6108914017677307,0.1773141771554947,0.00624360516667366,0.1634167730808258,0.0376325398683548,0.006324421614408493,0.6090683937072754
5,5,0.5771894454956055,5,0.5754839181900024,0.26301977038383484,0.0045046377927064896,0.07436541467905045,0.05671939626336098,0.024201389402151108,0.5771894454956055,0.2632761001586914,0.004601746331900358,0.0749099999666214,0.057212259620428085,0.02451595664024353,0.5754839181900024
5,5,0.30928120017051697,5,0.3087015151977539,0.2656571567058563,0.03996846079826355,0.24917228519916534,0.09105758368968964,0.04486333206295967,0.30928120017051697,0.26536107063293457,0.040304169058799744,0.24897441267967224,0.09144480526447296,0.04521400108933449,0.3087015151977539
5,5,0.4650627374649048,5,0.4637042284011841,0.253001868724823,0.04181605577468872,0.1818636655807495,0.01863991655409336,0.039615754038095474,0.4650627374649048,0.2530325949192047,0.042199596762657166,0.18218649923801422,0.018887097015976906,0.039989933371543884,0.4637042284011841
5,5,0.581664502620697,5,0.579621434211731,0.12277828902006149,0.0032755997963249683,0.16089743375778198,0.06240146607160568,0.068982794880867,0.581664502620697,0.12330320477485657,0.0033498103730380535,0.16136683523654938,0.06288086622953415,0.06947790086269379,0.579621434211731
5,3,0.9114680886268616,3,0.9099665880203247,0.01396202202886343,0.005442831665277481,0.039486974477767944,0.9114680886268616,0.005954405292868614,0.02368568815290928,0.014233599416911602,0.0055749197490513325,0.04004612937569618,0.9099665880203247,0.006096166092902422,0.02408260852098465
5,5,0.3156428933143616,5,0.3150348663330078,0.26651206612586975,0.06269711256027222,0.24711491167545319,0.08019150048494339,0.027841510251164436,0.3156428933143616,0.2662240266799927,0.06308456510305405,0.2469411939382553,0.08058774471282959,0.028127601370215416,0.3150348663330078
5,0,0.40833646059036255,0,0.4071005582809448,0.40833646059036255,0.0850285068154335,0.19441966712474823,0.04029015824198723,0.04560669884085655,0.22631850838661194,0.4071005582809448,0.08543946593999863,0.19455239176750183,0.040636491030454636,0.045970216393470764,0.22630088031291962
5,5,0.3731538653373718,5,0.3722083866596222,0.14822621643543243,0.006346419919282198,0.27785101532936096,0.1007925420999527,0.09362993389368057,0.3731538653373718,0.14853538572788239,0.0064607341773808,0.2775563597679138,0.10119791328907013,0.09404118359088898,0.3722083866596222
5,2,0.4325059652328491,2,0.43137505650520325,0.24878689646720886,0.01571299508213997,0.4325059652328491,0.05635727941989899,0.0240522138774395,0.22258462011814117,0.2488240748643875,0.015934087336063385,0.43137505650520325,0.05678612366318703,0.0243387371301651,0.22274188697338104
5,0,0.3781530559062958,0,0.37730321288108826,0.3781530559062958,0.04797003045678139,0.18516920506954193,0.07899928838014603,0.006551006808876991,0.30315735936164856,0.37730321288108826,0.048359353095293045,0.18541446328163147,0.0794418603181839,0.0066703069023787975,0.3028108477592468
5,5,0.5598819851875305,5,0.5580089092254639,0.09515227377414703,0.003340256866067648,0.18642765283584595,0.12395354360342026,0.031244240701198578,0.5598819851875305,0.09567880630493164,0.0034155172761529684,0.1868293583393097,0.12447462975978851,0.031592726707458496,0.5580089092254639
5,4,0.31356891989707947,4,0.31287285685539246,0.21204496920108795,0.025993552058935165,0.14543366432189941,0.07872535288333893,0.31356891989707947,0.22423352301120758,0.2119889259338379,0.026261094957590103,0.1456698477268219,0.07909579575061798,0.31287285685539246,0.22411154210567474
5,0,0.5091497898101807,0,0.5075536966323853,0.5091497898101807,0.0237786453217268,0.15269166231155396,0.047259747982025146,0.025559168308973312,0.24156096577644348,0.5075536966323853,0.02407037653028965,0.15313318371772766,0.04767540469765663,0.025863397866487503,0.24170394241809845
5,2,0.3837624192237854,2,0.38252943754196167,0.12477172911167145,0.034119028598070145,0.3837624192237854,0.13013194501399994,0.15680228173732758,0.17041265964508057,0.12507213652133942,0.034423839300870895,0.38252943754196167,0.13041777908802032,0.15700016915798187,0.1705566644668579
5,5,0.4249303638935089,5,0.4240281879901886,0.1794319599866867,0.005147265270352364,0.32885244488716125,0.031416717916727066,0.03022128902375698,0.4249303638935089,0.17982521653175354,0.005251050461083651,0.3285754919052124,0.03176133334636688,0.030558733269572258,0.4240281879901886
5,0,0.3228323459625244,0,0.3221917748451233,0.3228323459625244,0.06983625143766403,0.29785290360450745,0.13352850079536438,0.010768633335828781,0.16518136858940125,0.3221917748451233,0.07023375481367111,0.297381728887558,0.13385362923145294,0.010931731201708317,0.16540738940238953
5,0,0.3855914771556854,0,0.3844815492630005,0.3855914771556854,0.12286844104528427,0.187177836894989,0.06005891412496567,0.02293158881366253,0.22137172520160675,0.3844815492630005,0.12321799993515015,0.18731532990932465,0.06044592335820198,0.023190829902887344,0.22134838998317719
5,3,0.7983362078666687,3,0.7961006164550781,0.0675840750336647,0.01894509233534336,0.06799333542585373,0.7983362078666687,0.006276879925280809,0.040864333510398865,0.06823279708623886,0.019249077886343002,0.06864390522241592,0.7961006164550781,0.006412952207028866,0.04136059433221817
5,2,0.2878400385379791,2,0.2872403562068939,0.19775620102882385,0.2292822003364563,0.2878400385379791,0.05788351967930794,0.07378886640071869,0.1534491628408432,0.19771528244018555,0.22906512022018433,0.2872403562068939,0.058228470385074615,0.07413847744464874,0.15361228585243225
5,5,0.4551393687725067,5,0.453678697347641,0.162476047873497,0.008925709873437881,0.21371954679489136,0.0710715800523758,0.08866773545742035,0.4551393687725067,0.1627916842699051,0.009073860943317413,0.21384114027023315,0.07150490581989288,0.08910965919494629,0.453678697347641
5,2,0.31209510564804077,2,0.31144651770591736,0.13487152755260468,0.02935941517353058,0.31209510564804077,0.09902790188789368,0.11639135330915451,0.3082546889781952,0.1351575404405594,0.029647041112184525,0.31144651770591736,0.09939145296812057,0.11672423779964447,0.3076331317424774
5,0,0.323432594537735,0,0.32262754440307617,0.323432594537735,0.103551484644413,0.20800569653511047,0.027706213295459747,0.1728491187095642,0.16445496678352356,0.32262754440307617,0.10388418287038803,0.20794683694839478,0.027979232370853424,0.17296040058135986,0.16460184752941132
5,0,0.35317838191986084,0,0.3523627817630768,0.35317838191986084,0.014405005611479282,0.1124955415725708,0.12031068652868271,0.0843648836016655,0.31524553894996643,0.3523627817630768,0.014603707939386368,0.11288021504878998,0.1206815093755722,0.08477535843849182,0.31469643115997314
5,5,0.4736257791519165,5,0.4723866581916809,0.2615332007408142,0.007668399251997471,0.19482706487178802,0.04615657031536102,0.01618894934654236,0.4736257791519165,0.26162534952163696,0.007807804271578789,0.1951831430196762,0.0465753935277462,0.016421731561422348,0.4723866581916809
5,5,0.46110284328460693,5,0.4597897231578827,0.20319464802742004,0.009408699348568916,0.17690791189670563,0.14255067706108093,0.00683526461943984,0.46110284328460693,0.20344866812229156,0.009566436521708965,0.1772519052028656,0.14298230409622192,0.006960981525480747,0.4597897231578827
5,5,0.5113323926925659,5,0.5098394751548767,0.23784661293029785,0.01108794379979372,0.17873968183994293,0.037746135145425797,0.023247268050909042,0.5113323926925659,0.23806235194206238,0.011269591748714447,0.1791577786207199,0.0381300263106823,0.02354072779417038,0.5098394751548767
5,3,0.6688680648803711,3,0.6668144464492798,0.0337289422750473,0.002800453919917345,0.11099723726511002,0.6688680648803711,0.018182814121246338,0.1654224991798401,0.03413185477256775,0.002869421150535345,0.1116555705666542,0.6668144464492798,0.01845700480043888,0.16607169806957245
5,5,0.5592484474182129,5,0.557600736618042,0.2711344063282013,0.009035345166921616,0.09263287484645844,0.043662168085575104,0.024286776781082153,0.5592484474182129,0.27131685614585876,0.009196657687425613,0.09319476783275604,0.044092677533626556,0.02459835074841976,0.557600736618042
5,0,0.34763389825820923,0,0.3467821180820465,0.34763389825820923,0.11800691485404968,0.13061988353729248,0.07151617854833603,0.03218770772218704,0.30003538727760315,0.3467821180820465,0.11835600435733795,0.13093972206115723,0.07190774381160736,0.03249351307749748,0.299520879983902
5,0,0.318856805562973,0,0.31810370087623596,0.318856805562973,0.05983590707182884,0.24536094069480896,0.04912133887410164,0.14156410098075867,0.1852608472108841,0.31810370087623596,0.06019652634859085,0.24510261416435242,0.049466200172901154,0.14180482923984528,0.18532618880271912
5,5,0.6068877577781677,5,0.6049533486366272,0.11742474883794785,0.003197962185367942,0.18778611719608307,0.06993730366230011,0.014766163192689419,0.6068877577781677,0.11801663041114807,0.0032725664786994457,0.18828971683979034,0.0704723447561264,0.0149953942745924,0.6049533486366272
5,5,0.5567354559898376,5,0.5554037094116211,0.3263775110244751,0.006496184039860964,0.07187586277723312,0.02698219195008278,0.011532767675817013,0.5567354559898376,0.32646816968917847,0.006626620423048735,0.07244233787059784,0.02732851542532444,0.011730589903891087,0.5554037094116211
5,2,0.31187498569488525,2,0.31140750646591187,0.2959980368614197,0.07752807438373566,0.31187498569488525,0.04104238748550415,0.014370015822350979,0.25918644666671753,0.29563167691230774,0.07795301824808121,0.31140750646591187,0.041398920118808746,0.014571175910532475,0.25903773307800293
5,5,0.31229713559150696,5,0.31165117025375366,0.2056037187576294,0.04144570603966713,0.24459393322467804,0.160824716091156,0.0352347269654274,0.31229713559150696,0.20560809969902039,0.04178013652563095,0.244386687874794,0.1610259860754013,0.035547904670238495,0.31165117025375366
5,5,0.49029555916786194,5,0.4886742830276489,0.16252252459526062,0.012597235850989819,0.16937844455242157,0.137279212474823,0.027926987037062645,0.49029555916786194,0.1628827303647995,0.012787780724465847,0.16971872746944427,0.13769975304603577,0.02823667600750923,0.4886742830276489
5,5,0.32518914341926575,5,0.3245982527732849,0.13306912779808044,0.01602932997047901,0.3124704957008362,0.1796063333749771,0.03363548964262009,0.32518914341926575,0.1334226429462433,0.01624305173754692,0.3119649589061737,0.17981337010860443,0.033957768231630325,0.3245982527732849
5,5,0.5913130640983582,5,0.5892345309257507,0.1323825716972351,0.010395181365311146,0.1357174962759018,0.10453960299491882,0.025652069598436356,0.5913130640983582,0.13290902972221375,0.010570268146693707,0.13624025881290436,0.10507944226264954,0.025966472923755646,0.5892345309257507
5,5,0.3823694586753845,5,0.38134095072746277,0.2222801297903061,0.03298512101173401,0.15044353902339935,0.19002114236354828,0.021900631487369537,0.3823694586753845,0.22228483855724335,0.03330228477716446,0.15074093639850616,0.19017437100410461,0.022156579419970512,0.38134095072746277
5,2,0.3477775752544403,2,0.3469424843788147,0.19587300717830658,0.041509486734867096,0.3477775752544403,0.031663477420806885,0.12240640819072723,0.2607700526714325,0.19596488773822784,0.0418526828289032,0.3469424843788147,0.03196856006979942,0.12275230139493942,0.26051902770996094
5,0,0.31165552139282227,0,0.31105107069015503,0.31165552139282227,0.041368648409843445,0.20810964703559875,0.03855352848768234,0.11398670077323914,0.28632593154907227,0.31105107069015503,0.041707806289196014,0.2081262171268463,0.03888330236077309,0.11433972418308258,0.2858918309211731
5,0,0.36819717288017273,0,0.3670910894870758,0.36819717288017273,0.09342630952596664,0.15017344057559967,0.040789246559143066,0.12603197991847992,0.22138197720050812,0.3670910894870758,0.09378716349601746,0.15039582550525665,0.041116975247859955,0.12632934749126434,0.221279576420784
5,2,0.325937420129776,2,0.32540982961654663,0.23556150496006012,0.0457494854927063,0.325937420129776,0.05284615606069565,0.019418902695178986,0.32048651576042175,0.23556272685527802,0.04612647742033005,0.32540982961654663,0.05324319750070572,0.019663071259856224,0.3199947476387024
5,0,0.3418251574039459,0,0.34098154306411743,0.3418251574039459,0.1098155751824379,0.2715757191181183,0.08570010960102081,0.026005031540989876,0.16507841646671295,0.34098154306411743,0.11016883701086044,0.27121758460998535,0.08608255535364151,0.026277441531419754,0.16527195274829865
5,3,0.9164561033248901,3,0.9150977730751038,0.01356058195233345,0.0007750032236799598,0.026132144033908844,0.9164561033248901,0.001541946199722588,0.041534122079610825,0.013829031959176064,0.0008017476066015661,0.02656211145222187,0.9150977730751038,0.0015896736877039075,0.04211971536278725
5,5,0.30577144026756287,5,0.30515068769454956,0.13103128969669342,0.0073944153264164925,0.23850175738334656,0.16675950586795807,0.15054158866405487,0.30577144026756287,0.1313210427761078,0.007518154568970203,0.2383137196302414,0.16692669689655304,0.1507696956396103,0.30515068769454956
5,0,0.4274487793445587,0,0.4267269968986511,0.4274487793445587,0.016080429777503014,0.1208694651722908,0.014829976484179497,0.017974507063627243,0.40279680490493774,0.4267269968986511,0.01631898805499077,0.12143056094646454,0.015056083910167217,0.018231002613902092,0.40223628282546997
5,5,0.4829733073711395,5,0.48182034492492676,0.3343559205532074,0.009783856570720673,0.11920402944087982,0.04026314988732338,0.013419706374406815,0.4829733073711395,0.33417224884033203,0.009952838532626629,0.11975506693124771,0.04066959023475647,0.01362991239875555,0.48182034492492676
5,5,0.36145973205566406,5,0.360563725233078,0.22703857719898224,0.009324716404080391,0.21120713651180267,0.12930448353290558,0.06166531518101692,0.36145973205566406,0.22700345516204834,0.009473429061472416,0.21125087141990662,0.12964925169944763,0.06205927953124046,0.360563725233078
5,5,0.3884335160255432,5,0.387607216835022,0.23564767837524414,0.018039660528302193,0.2891940772533417,0.03942519798874855,0.029259856790304184,0.3884335160255432,0.23573529720306396,0.01827995851635933,0.289005309343338,0.03979434072971344,0.02957792580127716,0.387607216835022
5,5,0.508111298084259,5,0.5064886808395386,0.21603447198867798,0.012050757184624672,0.1678277850151062,0.0629175677895546,0.03305802494287491,0.508111298084259,0.21626827120780945,0.012239323928952217,0.1682218760251999,0.06337571889162064,0.03340616449713707,0.5064886808395386
5,5,0.7598800659179688,5,0.757688045501709,0.08042895048856735,0.002650993876159191,0.06107974424958229,0.08848020434379578,0.0074800606817007065,0.7598800659179688,0.0811033770442009,0.002719269134104252,0.061676811426877975,0.08917956054210663,0.007632978726178408,0.757688045501709
5,5,0.4047303795814514,5,0.40373969078063965,0.2888638973236084,0.03050284832715988,0.20406213402748108,0.04350431635975838,0.028336431831121445,0.4047303795814514,0.28864362835884094,0.03082445077598095,0.20426146686077118,0.04388495907187462,0.028645746409893036,0.40373969078063965
5,2,0.39036616683006287,2,0.38954418897628784,0.0831383615732193,0.003307413076981902,0.39036616683006287,0.10068496316671371,0.05996419116854668,0.3625389635562897,0.08360791951417923,0.0033802008256316185,0.38954418897628784,0.10115663707256317,0.060401562601327896,0.3619094491004944
5,0,0.2952269911766052,0,0.2946946322917938,0.2952269911766052,0.16489942371845245,0.20374087989330292,0.054110001772642136,0.024654744192957878,0.2573680579662323,0.2946946322917938,0.16508251428604126,0.203751340508461,0.05447302386164665,0.02491798624396324,0.25708046555519104
5,5,0.4752976596355438,5,0.4742061495780945,0.33510923385620117,0.008910967968404293,0.13528548181056976,0.014930443838238716,0.030466224998235703,0.4752976596355438,0.3349249064922333,0.009069213643670082,0.1358262598514557,0.01515638642013073,0.030817067250609398,0.4742061495780945
5,5,0.46258679032325745,5,0.46126434206962585,0.24111391603946686,0.010366546921432018,0.19852586090564728,0.04441244900226593,0.042994529008865356,0.46258679032325745,0.24120987951755524,0.010535281151533127,0.19879814982414246,0.04480789974331856,0.043384402990341187,0.46126434206962585
5,2,0.3538911044597626,2,0.35315394401550293,0.11919374763965607,0.0035874913446605206,0.3538911044597626,0.09304632991552353,0.09674735367298126,0.33353391289711,0.11959505081176758,0.0036632376722991467,0.35315394401550293,0.09347537159919739,0.0971745103597641,0.33293792605400085
5,5,0.5179700255393982,5,0.5164318084716797,0.2388514131307602,0.006386213935911655,0.14378757774829865,0.08097337186336517,0.012031394056975842,0.5179700255393982,0.23906643688678741,0.0065088761039078236,0.1442830115556717,0.08148620277643204,0.012223674915730953,0.5164318084716797
5,2,0.5126115083694458,2,0.510821521282196,0.08489550650119781,0.017538147047162056,0.5126115083694458,0.09270444512367249,0.0715092197060585,0.22074119746685028,0.08536379039287567,0.017774619162082672,0.510821521282196,0.0931747555732727,0.07196543365716934,0.22089985013008118
5,2,0.440375953912735,2,0.4391127824783325,0.10123875737190247,0.003914340864866972,0.440375953912735,0.1641254723072052,0.04346117377281189,0.246884286403656,0.10169384628534317,0.003996468614786863,0.4391127824783325,0.16446508467197418,0.04384166747331619,0.246890127658844
5,0,0.47767460346221924,0,0.4764786660671234,0.47767460346221924,0.011639950796961784,0.11767497658729553,0.028818991035223007,0.03332814946770668,0.33086341619491577,0.4764786660671234,0.011828664690256119,0.11820625513792038,0.029153652489185333,0.03369065746665001,0.33064210414886475
5,1,0.9756494760513306,1,0.9750316739082336,0.00799840223044157,0.9756494760513306,0.0054647717624902725,0.0034041008912026882,0.0007910971762612462,0.006692143622785807,0.008187838830053806,0.9750316739082336,0.005604873411357403,0.0034996550530195236,0.0008192650275304914,0.006856757216155529
5,5,0.4533189833164215,5,0.45205044746398926,0.31268027424812317,0.02905910089612007,0.10944213718175888,0.0671287328004837,0.028370777145028114,0.4533189833164215,0.3123854398727417,0.029378946870565414,0.1099148765206337,0.06758381426334381,0.02868649549782276,0.45205044746398926
5,5,0.5748273134231567,5,0.573006808757782,0.19821123778820038,0.005781672429293394,0.13821204006671906,0.06950060278177261,0.013467068783938885,0.5748273134231567,0.1986391693353653,0.0058975606225430965,0.13876058161258698,0.07001689821481705,0.013679001480340958,0.573006808757782
5,2,0.5528382062911987,2,0.5510479807853699,0.1353909820318222,0.014886989258229733,0.5528382062911987,0.03372756019234657,0.04003116860985756,0.22312508523464203,0.13590611517429352,0.015109654515981674,0.5510479807853699,0.034092195332050323,0.04042926803231239,0.22341477870941162
5,5,0.5539591908454895,5,0.5521880388259888,0.19657690823078156,0.007742748595774174,0.14614561200141907,0.08217751234769821,0.013398028910160065,0.5539591908454895,0.1969670206308365,0.00788471195846796,0.14665305614471436,0.08270079642534256,0.013606292195618153,0.5521880388259888
5,2,0.2750600576400757,2,0.2745911180973053,0.22594761848449707,0.15315021574497223,0.2750600576400757,0.09768542647361755,0.02433990314602852,0.2238169014453888,0.2257845401763916,0.15333780646324158,0.2745911180973053,0.09802544116973877,0.024595076218247414,0.2236659824848175
5,5,0.6579757332801819,5,0.6559008955955505,0.08967416733503342,0.004628774709999561,0.1680450439453125,0.06996338069438934,0.009712961502373219,0.6579757332801819,0.0902874767780304,0.004730076063424349,0.16866332292556763,0.07052940130233765,0.009888782165944576,0.6559008955955505
5,5,0.5172939300537109,5,0.5157609581947327,0.15387028455734253,0.0038264659233391285,0.2422688603401184,0.057725656777620316,0.025014817714691162,0.5172939300537109,0.15434806048870087,0.003909971099346876,0.2424696534872055,0.05818971246480942,0.025321658700704575,0.5157609581947327
5,5,0.3679839074611664,5,0.3672301471233368,0.10165899246931076,0.010555827990174294,0.34941020607948303,0.13193784654140472,0.03845320641994476,0.3679839074611664,0.1021060049533844,0.010723105631768703,0.348784863948822,0.13234521448612213,0.03881066292524338,0.3672301471233368
5,5,0.3808213472366333,5,0.3799590468406677,0.217068612575531,0.003584877587854862,0.25776049494743347,0.11096473783254623,0.029799899086356163,0.3808213472366333,0.21718719601631165,0.003661257680505514,0.25767967104911804,0.1113988384604454,0.030113957822322845,0.3799590468406677
5,5,0.34645354747772217,5,0.3457089960575104,0.20144586265087128,0.00392035162076354,0.20659205317497253,0.04008012264966965,0.20150798559188843,0.34645354747772217,0.2015591710805893,0.004000658169388771,0.20668214559555054,0.0404280349612236,0.20162102580070496,0.3457089960575104
5,2,0.3611994981765747,2,0.36046743392944336,0.2651011347770691,0.019404251128435135,0.3611994981765747,0.07462544739246368,0.021727129817008972,0.2579424977302551,0.2649737298488617,0.019650375470519066,0.36046743392944336,0.0750642791390419,0.021990269422531128,0.2578538656234741
5,1,0.5509218573570251,1,0.5489727258682251,0.14163999259471893,0.5509218573570251,0.11974018812179565,0.0458628386259079,0.005975661799311638,0.13585954904556274,0.14210160076618195,0.5489727258682251,0.12023142725229263,0.046272698789834976,0.006090870127081871,0.136330708861351
5,2,0.32544514536857605,2,0.32469144463539124,0.15843342244625092,0.0445597842335701,0.32544514536857605,0.10758503526449203,0.07228513807058334,0.2916914224624634,0.15863698720932007,0.04490118473768234,0.32469144463539124,0.10793212801218033,0.07266280800104141,0.2911754250526428
5,0,0.3655678927898407,0,0.36475756764411926,0.3655678927898407,0.019866513088345528,0.1733247935771942,0.13390527665615082,0.01759788952767849,0.28973761200904846,0.36475756764411926,0.020113514736294746,0.17358769476413727,0.1342817097902298,0.01782749965786934,0.28943192958831787
5,5,0.36574748158454895,5,0.365011990070343,0.07208512723445892,0.019572285935282707,0.17954355478286743,0.33602407574653625,0.02702743001282215,0.36574748158454895,0.07252728193998337,0.019821245223283768,0.17982171475887299,0.3354906737804413,0.027327043935656548,0.365011990070343
5,5,0.40983840823173523,5,0.40884554386138916,0.3191814422607422,0.01833193004131317,0.16461028158664703,0.045237526297569275,0.04280039668083191,0.40983840823173523,0.31880685687065125,0.01857411116361618,0.16496285796165466,0.045628417283296585,0.04318220168352127,0.40884554386138916
5,2,0.2826516628265381,2,0.2820986807346344,0.21958515048027039,0.06980231404304504,0.2826516628265381,0.051091574132442474,0.1668178141117096,0.21005147695541382,0.21943263709545135,0.070155069231987,0.2820986807346344,0.051430024206638336,0.1669314205646515,0.2099522054195404
5,5,0.40854009985923767,5,0.40756750106811523,0.30984678864479065,0.0069525763392448425,0.12455473840236664,0.127901092171669,0.0222046859562397,0.40854009985923767,0.3095371723175049,0.007078872062265873,0.12499909102916718,0.12834033370018005,0.022477051243185997,0.40756750106811523
5,0,0.3071587383747101,0,0.30648255348205566,0.3071587383747101,0.1124415323138237,0.18315094709396362,0.11688368022441864,0.029126981273293495,0.2512381076812744,0.30648255348205566,0.11275968700647354,0.1832212507724762,0.11719167232513428,0.029407519847154617,0.250937283039093
5,5,0.4751545190811157,5,0.4738117754459381,0.25599560141563416,0.01580701395869255,0.18502873182296753,0.04227758198976517,0.02573653869330883,0.4751545190811157,0.2560636103153229,0.016033101826906204,0.1853788048028946,0.042671676725149155,0.026041053235530853,0.4738117754459381
5,2,0.37053999304771423,2,0.36978116631507874,0.30687400698661804,0.03387002274394035,0.37053999304771423,0.036352526396512985,0.028125742450356483,0.22423766553401947,0.30653464794158936,0.034207794815301895,0.36978116631507874,0.03670206665992737,0.028432657942175865,0.22434164583683014
5,5,0.3029138445854187,5,0.30229663848876953,0.12182778865098953,0.00859840214252472,0.20538479089736938,0.16704760491847992,0.19422747194766998,0.3029138445854187,0.12213504314422607,0.008735218085348606,0.20536530017852783,0.16720454394817352,0.1942633092403412,0.30229663848876953
5,5,0.5107113718986511,5,0.5091540217399597,0.2583613693714142,0.020182469859719276,0.13482043147087097,0.05667196586728096,0.019252358004450798,0.5107113718986511,0.25845345854759216,0.020448923110961914,0.13530822098255157,0.057124216109514236,0.019511139020323753,0.5091540217399597
5,5,0.36821067333221436,5,0.36739009618759155,0.3268558084964752,0.014431236311793327,0.1578969806432724,0.07803753763437271,0.05456782132387161,0.36821067333221436,0.32632189989089966,0.014634408988058567,0.15821409225463867,0.07847054302692413,0.054968930780887604,0.36739009618759155
5,5,0.4335276782512665,5,0.4324907660484314,0.34843409061431885,0.023227253928780556,0.11848253011703491,0.05348898470401764,0.022839464247226715,0.4335276782512665,0.3479810059070587,0.023513587191700935,0.11896899342536926,0.053922783583402634,0.023122962564229965,0.4324907660484314
5,5,0.45532849431037903,5,0.4537964463233948,0.1438961625099182,0.07781834900379181,0.13164640963077545,0.18114592134952545,0.010164693929255009,0.45532849431037903,0.14424115419387817,0.07824527472257614,0.13202083110809326,0.18137112259864807,0.010325103998184204,0.4537964463233948
5,0,0.43552181124687195,0,0.4343045949935913,0.43552181124687195,0.04286562278866768,0.0781826376914978,0.18116609752178192,0.007052714936435223,0.25521108508110046,0.4343045949935913,0.043244682252407074,0.07863713800907135,0.18145453929901123,0.007179634645581245,0.25517943501472473
5,5,0.4015102684497833,5,0.4005697965621948,0.232904851436615,0.01702793687582016,0.2576598525047302,0.07778888940811157,0.013108162209391594,0.4015102684497833,0.232993483543396,0.01725887879729271,0.2576276361942291,0.07824675738811493,0.01330335158854723,0.4005697965621948
5,0,0.3510446846485138,0,0.3502277731895447,0.3510446846485138,0.06554422527551651,0.24931097030639648,0.051488205790519714,0.03668525069952011,0.2459266483783722,0.3502277731895447,0.06594321131706238,0.2491571456193924,0.051864247769117355,0.037015922367572784,0.2457917332649231
5,5,0.5253047943115234,5,0.5235325694084167,0.19942134618759155,0.010943572968244553,0.11815773695707321,0.11573582142591476,0.03043675795197487,0.5253047943115234,0.1997142881155014,0.011120019480586052,0.1186416819691658,0.11622188240289688,0.030769575387239456,0.5235325694084167
5,5,0.36331579089164734,5,0.36271435022354126,0.3383592963218689,0.01812399923801422,0.2104252576828003,0.0633087083697319,0.006466894410550594,0.36331579089164734,0.3379195034503937,0.018367523327469826,0.21065188944339752,0.06375900655984879,0.006587674375623465,0.36271435022354126
5,2,0.42354992032051086,2,0.4220949709415436,0.18803943693637848,0.10716979950666428,0.42354992032051086,0.03702973201870918,0.09200987219810486,0.15220116078853607,0.1881566047668457,0.10753873735666275,0.4220949709415436,0.03735535219311714,0.09239712357521057,0.15245725214481354
5,0,0.29557931423187256,0,0.2950861155986786,0.29557931423187256,0.06020805612206459,0.25172755122184753,0.14147688448429108,0.013138423673808575,0.23786979913711548,0.2950861155986786,0.06058814004063606,0.25150957703590393,0.14176258444786072,0.013322470709681511,0.2377311885356903
5,2,0.46051278710365295,2,0.45912256836891174,0.1858879178762436,0.015688758343458176,0.46051278710365295,0.08223479986190796,0.02830825373530388,0.22736750543117523,0.1861700862646103,0.01590818352997303,0.45912256836891174,0.08269646763801575,0.028619518503546715,0.22748319804668427
5,0,0.47801774740219116,0,0.4764041006565094,0.47801774740219116,0.1713297963142395,0.16191300749778748,0.04613638296723366,0.012697696685791016,0.1299053579568863,0.4764041006565094,0.17163051664829254,0.1622430831193924,0.04652182012796402,0.012886717915534973,0.13031375408172607
5,5,0.3276377022266388,5,0.32706522941589355,0.2141766995191574,0.01255631260573864,0.3045259714126587,0.10921373218297958,0.03188958764076233,0.3276377022266388,0.21425782144069672,0.012740657664835453,0.3041051924228668,0.109623983502388,0.0322071798145771,0.32706522941589355
5,4,0.3551703989505768,4,0.35422995686531067,0.2123853713274002,0.10198009759187698,0.21105308830738068,0.01912505552172661,0.3551703989505768,0.10028595477342606,0.21236880123615265,0.10234721004962921,0.21104328334331512,0.019355354830622673,0.35422995686531067,0.10065541416406631
5,0,0.4005317986011505,0,0.399436891078949,0.4005317986011505,0.06309488415718079,0.28000497817993164,0.047955840826034546,0.03293261677026749,0.17547985911369324,0.399436891078949,0.0635070949792862,0.27974027395248413,0.048335473984479904,0.03325580433011055,0.17572444677352905
5,2,0.49953693151474,2,0.49781808257102966,0.1581416130065918,0.010201281867921352,0.49953693151474,0.04439195618033409,0.14460065960884094,0.14312762022018433,0.15850725769996643,0.010366094298660755,0.49781808257102966,0.04477839171886444,0.14499995112419128,0.1435302048921585
5,5,0.5068851113319397,5,0.5053189992904663,0.18047714233398438,0.010281926020979881,0.19990846514701843,0.08859852701425552,0.01384880393743515,0.5068851113319397,0.1808517873287201,0.01045207865536213,0.2002209573984146,0.08909914642572403,0.014057014137506485,0.5053189992904663
5,2,0.4661056697368622,2,0.4644582271575928,0.08918704837560654,0.022418467327952385,0.4661056697368622,0.15573270618915558,0.17588911950588226,0.0906670019030571,0.08961038291454315,0.02268107980489731,0.4644582271575928,0.15603600442409515,0.17612436413764954,0.09108985215425491
5,0,0.480726033449173,0,0.4792232811450958,0.480726033449173,0.04981059208512306,0.13599249720573425,0.055152129381895065,0.018428800627589226,0.2598899304866791,0.4792232811450958,0.05022147297859192,0.13642680644989014,0.055578719824552536,0.018673505634069443,0.25987622141838074
5,5,0.28423717617988586,5,0.2836848795413971,0.22881148755550385,0.02597675286233425,0.16080798208713531,0.1821543574333191,0.1180122047662735,0.28423717617988586,0.228614941239357,0.026238590478897095,0.16095368564128876,0.1822057068347931,0.11830218881368637,0.2836848795413971
5,0,0.3404425084590912,0,0.3397638499736786,0.3404425084590912,0.02705042064189911,0.27069467306137085,0.04713086038827896,0.05717646703124046,0.25750502943992615,0.3397638499736786,0.027340838685631752,0.2704651951789856,0.04750468581914902,0.05757426470518112,0.2573510706424713
5,5,0.4496825337409973,5,0.4484381675720215,0.16518937051296234,0.015251347795128822,0.2085459977388382,0.15949343144893646,0.0018374272622168064,0.4496825337409973,0.16555993258953094,0.015468902885913849,0.20877018570899963,0.15987928211688995,0.0018834801157936454,0.4484381675720215
5,5,0.4850194752216339,5,0.48355790972709656,0.2469291239976883,0.004379282705485821,0.14054113626480103,0.09028793126344681,0.032843127846717834,0.4850194752216339,0.24701815843582153,0.00447016442194581,0.14098893105983734,0.09077641367912292,0.033188365399837494,0.48355790972709656
5,5,0.5100199580192566,5,0.5083923935890198,0.18517839908599854,0.019012397155165672,0.20555688440799713,0.027642397210001945,0.052589915692806244,0.5100199580192566,0.18552574515342712,0.019266288727521896,0.20583489537239075,0.02795911580324173,0.05302153155207634,0.5083923935890198
5,1,0.3079729974269867,1,0.3072816729545593,0.2421099841594696,0.3079729974269867,0.19605176150798798,0.03727303072810173,0.08892360329627991,0.1276686191558838,0.2418575882911682,0.3072816729545593,0.19605432450771332,0.03758448734879494,0.08927731215953827,0.12794463336467743
5,4,0.6295212507247925,4,0.6272960305213928,0.09193303436040878,0.013757563196122646,0.11226972937583923,0.023717641830444336,0.6295212507247925,0.12880077958106995,0.09249436110258102,0.013973771594464779,0.11284231394529343,0.024024812504649162,0.6272960305213928,0.12936870753765106
5,5,0.3050168752670288,5,0.3045088052749634,0.2477143257856369,0.013784349896013737,0.20043979585170746,0.20205946266651154,0.030985187739133835,0.3050168752670288,0.24755938351154327,0.013976332731544971,0.20052681863307953,0.20213904976844788,0.031289637088775635,0.3045088052749634
5,5,0.4457046091556549,5,0.4446820318698883,0.32182860374450684,0.013756629079580307,0.16747955977916718,0.03709948807954788,0.014131204225122929,0.4457046091556549,0.32161393761634827,0.013966063037514687,0.16791583597660065,0.037477776408195496,0.014344419352710247,0.4446820318698883
5,5,0.3470609784126282,5,0.3466023802757263,0.3123835325241089,0.01414255890995264,0.2712704837322235,0.05010990798473358,0.005032659042626619,0.3470609784126282,0.31213513016700745,0.014351903460919857,0.2712462842464447,0.05053073540329933,0.0051336330361664295,0.3466023802757263
5,0,0.3544688820838928,0,0.35363462567329407,0.3544688820838928,0.014929902739822865,0.16929708421230316,0.054676603525877,0.12531234323978424,0.28131526708602905,0.35363462567329407,0.015132739208638668,0.1695244163274765,0.05506058409810066,0.1256696730852127,0.2809780240058899
5,2,0.34045279026031494,2,0.33977431058883667,0.1890028417110443,0.018686441704630852,0.34045279026031494,0.1611167937517166,0.017420096322894096,0.27332091331481934,0.1891825646162033,0.018922075629234314,0.33977431058883667,0.16139890253543854,0.017645953223109245,0.27307620644569397
5,5,0.47368741035461426,5,0.4723359942436218,0.2622155547142029,0.036346592009067535,0.15736350417137146,0.06701748818159103,0.003369521349668503,0.47368741035461426,0.2622424364089966,0.036711592227220535,0.15778233110904694,0.06748353689908981,0.0034441091120243073,0.4723359942436218
5,0,0.3463236391544342,0,0.34539204835891724,0.3463236391544342,0.18682962656021118,0.17445474863052368,0.0674639642238617,0.03376102074980736,0.19116702675819397,0.34539204835891724,0.1869034618139267,0.1745835542678833,0.06783556193113327,0.03406479209661484,0.19122061133384705
5,5,0.2899852991104126,5,0.2894522249698639,0.27657264471054077,0.045025501400232315,0.2091214954853058,0.061648838222026825,0.11764625459909439,0.2899852991104126,0.27612966299057007,0.04536362737417221,0.2090788632631302,0.06201420724391937,0.11796137690544128,0.2894522249698639
5,0,0.451226145029068,0,0.4500095248222351,0.451226145029068,0.01235649362206459,0.22559452056884766,0.029352465644478798,0.0453219935297966,0.236148402094841,0.4500095248222351,0.01254707109183073,0.22576816380023956,0.0296764075756073,0.045722659677267075,0.23627610504627228
5,5,0.2802874743938446,5,0.27984490990638733,0.17002250254154205,0.006532113999128342,0.26436468958854675,0.16418273746967316,0.1146104484796524,0.2802874743938446,0.17017926275730133,0.006645653396844864,0.264024555683136,0.16436287760734558,0.1149427592754364,0.27984490990638733
5,5,0.29673972725868225,5,0.2962918281555176,0.21358469128608704,0.025229183956980705,0.23776578903198242,0.21175174415111542,0.014928892254829407,0.29673972725868225,0.21361353993415833,0.025503773242235184,0.23767031729221344,0.21178948879241943,0.015131055377423763,0.2962918281555176
5,1,0.38119304180145264,1,0.3802136182785034,0.15242081880569458,0.38119304180145264,0.29342564940452576,0.02673722803592682,0.039456386119127274,0.10676693916320801,0.15272824466228485,0.3802136182785034,0.2930552661418915,0.027025552466511726,0.03980427607893944,0.10717305541038513
5,2,0.30633389949798584,2,0.30564895272254944,0.26251810789108276,0.12668393552303314,0.30633389949798584,0.06655653566122055,0.05828499048948288,0.17962248623371124,0.26213353872299194,0.12696048617362976,0.30564895272254944,0.06691702455282211,0.058639608323574066,0.17970028519630432
5,5,0.2825443744659424,5,0.2820669412612915,0.2312900274991989,0.018713168799877167,0.23839610815048218,0.08615937829017639,0.14289695024490356,0.2825443744659424,0.23113062977790833,0.01893707923591137,0.2381957322359085,0.08652655780315399,0.14314301311969757,0.2820669412612915
5,2,0.3668571412563324,2,0.3657380938529968,0.1324465125799179,0.03621775656938553,0.3668571412563324,0.16075898706912994,0.11378862708806992,0.18993088603019714,0.13271746039390564,0.036528125405311584,0.3657380938529968,0.1609317660331726,0.11410809308290482,0.18997642397880554
5,2,0.33922702074050903,2,0.33847689628601074,0.2883412837982178,0.048800379037857056,0.33922702074050903,0.04072531685233116,0.07357922941446304,0.20932675898075104,0.28793779015541077,0.049167267978191376,0.33847689628601074,0.041068654507398605,0.07398022711277008,0.20936913788318634
5,5,0.3334685266017914,5,0.3329404890537262,0.2827467918395996,0.009203026071190834,0.2560647130012512,0.015465648844838142,0.1030513197183609,0.3334685266017914,0.2825322449207306,0.009355029091238976,0.2559973895549774,0.015680301934480667,0.10349459201097488,0.3329404890537262
5,0,0.35961976647377014,0,0.3586794435977936,0.35961976647377014,0.04786114767193794,0.21264038980007172,0.14916062355041504,0.025604519993066788,0.205113485455513,0.3586794435977936,0.04822023957967758,0.21264280378818512,0.14942725002765656,0.02587750554084778,0.20515280961990356
5,2,0.7218456268310547,2,0.7196820378303528,0.12988238036632538,0.01093781553208828,0.7218456268310547,0.019190272316336632,0.015043506398797035,0.10310044884681702,0.1306094080209732,0.011136091314256191,0.7196820378303528,0.019483258947730064,0.015291805379092693,0.10379746556282043
5,2,0.3598804771900177,2,0.3591686487197876,0.30157530307769775,0.009313602931797504,0.3598804771900177,0.10109402239322662,0.02318054996430874,0.2049560546875,0.30124515295028687,0.009466736577451229,0.3591686487197876,0.10153722763061523,0.023454414680600166,0.2051278054714203
5,3,0.9086305499076843,3,0.9071452617645264,0.021518217399716377,0.0022012044209986925,0.0224177073687315,0.9086305499076843,0.003251852234825492,0.041980404406785965,0.02188926748931408,0.002264856593683362,0.02279958873987198,0.9071452617645264,0.0033393576741218567,0.04256170988082886
5,2,0.3299565017223358,2,0.3293376863002777,0.2733975350856781,0.04447430372238159,0.3299565017223358,0.057357046753168106,0.03139423206448555,0.2634204030036926,0.2731417119503021,0.04483834654092789,0.3293376863002777,0.057752978056669235,0.03170642629265785,0.26322290301322937
5,0,0.40513697266578674,0,0.4041408598423004,0.40513697266578674,0.04126233980059624,0.14945366978645325,0.05194985866546631,0.02537376992404461,0.32682347297668457,0.4041408598423004,0.04163413122296333,0.1498321294784546,0.05235756188631058,0.02566477656364441,0.32637056708335876
5,2,0.42028576135635376,2,0.41920751333236694,0.07093510031700134,0.0030186856165528297,0.42028576135635376,0.2754566967487335,0.04672157019376755,0.18358217179775238,0.0713859274983406,0.0030862498097121716,0.41920751333236694,0.27533158659935,0.04711685702204704,0.1838718056678772
5,5,0.3952018916606903,5,0.39418983459472656,0.30614158511161804,0.016651136800646782,0.11464665830135345,0.04225100576877594,0.12510773539543152,0.3952018916606903,0.3057481050491333,0.016873827204108238,0.11506348848342896,0.04261700063943863,0.12550775706768036,0.39418983459472656
5,0,0.3357272446155548,0,0.3350609242916107,0.3357272446155548,0.12891368567943573,0.12348954379558563,0.08031556755304337,0.006039166823029518,0.3255147933959961,0.3350609242916107,0.1292756199836731,0.12386288493871689,0.08073201030492783,0.006149607710540295,0.3249189555644989
5,2,0.46673616766929626,2,0.4651205837726593,0.1803339719772339,0.034009095281362534,0.46673616766929626,0.1222517117857933,0.038418859243392944,0.15825018286705017,0.18056705594062805,0.03433854132890701,0.4651205837726593,0.12264811247587204,0.03876736760139465,0.15855835378170013
5,0,0.3782699704170227,0,0.3773818612098694,0.3782699704170227,0.02347743511199951,0.2630288600921631,0.012163951061666012,0.1240130290389061,0.19904674589633942,0.3773818612098694,0.023750413209199905,0.26288893818855286,0.012345943599939346,0.12441432476043701,0.19921855628490448
5,5,0.6429249048233032,5,0.6409701108932495,0.20518559217453003,0.00755939120426774,0.07999642938375473,0.056671202182769775,0.007662476040422916,0.6429249048233032,0.20573431253433228,0.007705869618803263,0.08058937638998032,0.05718981847167015,0.007810419891029596,0.6409701108932495
5,2,0.8019894957542419,2,0.7998210787773132,0.029624978080391884,0.0026002121157944202,0.8019894957542419,0.04157762974500656,0.031694456934928894,0.09251321107149124,0.030036641284823418,0.002668641973286867,0.7998210787773132,0.04208393767476082,0.032124023884534836,0.09326572716236115
5,5,0.5875492095947266,5,0.5859576463699341,0.26416897773742676,0.0043539865873754025,0.10823284089565277,0.019456882029771805,0.01623809151351452,0.5875492095947266,0.2645094394683838,0.004450097680091858,0.10885737091302872,0.01973794400691986,0.016487572342157364,0.5859576463699341
5,5,0.3098018765449524,5,0.30935758352279663,0.27850982546806335,0.03198569640517235,0.2947482168674469,0.04095488414168358,0.043999433517456055,0.3098018765449524,0.27825865149497986,0.03230484947562218,0.2943989038467407,0.04131239652633667,0.04436759650707245,0.30935758352279663
5,5,0.5147409439086914,5,0.513002336025238,0.1829419881105423,0.0036775614134967327,0.15688781440258026,0.0658477172255516,0.075903981924057,0.5147409439086914,0.18327046930789948,0.003756909631192684,0.15729039907455444,0.06630414724349976,0.07637577503919601,0.513002336025238
5,5,0.3863956332206726,5,0.3854634165763855,0.24881383776664734,0.021839400753378868,0.2455652803182602,0.03520991653203964,0.06217600777745247,0.3863956332206726,0.2487608939409256,0.022102246060967445,0.2455291748046875,0.035548605024814606,0.06259570270776749,0.3854634165763855
5,2,0.5282430052757263,2,0.526382565498352,0.055044472217559814,0.011313915252685547,0.5282430052757263,0.08343616127967834,0.14662745594978333,0.17533503472805023,0.055474903434515,0.011493031866848469,0.526382565498352,0.08391376584768295,0.14705124497413635,0.17568451166152954
5,2,0.37660181522369385,2,0.37568750977516174,0.19953998923301697,0.0072421724908053875,0.37660181522369385,0.028180018067359924,0.18196873366832733,0.2064673751592636,0.1996893286705017,0.007368875201791525,0.37568750977516174,0.028478726744651794,0.18218894302845,0.20658659934997559
5,5,0.4179460108280182,5,0.41676318645477295,0.2520633041858673,0.0017860374646261334,0.15159188210964203,0.08510510623455048,0.09150758385658264,0.4179460108280182,0.2519868314266205,0.0018302774988114834,0.1519320160150528,0.08554285764694214,0.09194488823413849,0.41676318645477295
5,5,0.3886874318122864,5,0.3878670632839203,0.09558700770139694,0.008449406363070011,0.3685661852359772,0.05228158086538315,0.08642833679914474,0.3886874318122864,0.0960572361946106,0.008594688028097153,0.36788612604141235,0.05269765853881836,0.08689729869365692,0.3878670632839203
5,0,0.38300469517707825,0,0.3821181356906891,0.38300469517707825,0.0371832512319088,0.2799265682697296,0.021295439451932907,0.05414501205086708,0.22444503009319305,0.3821181356906891,0.037532705813646317,0.2797171473503113,0.021555624902248383,0.05455118790268898,0.22452521324157715
5,5,0.3485141694545746,5,0.34777918457984924,0.10115070641040802,0.015699777752161026,0.3080609440803528,0.18263480067253113,0.04393963888287544,0.3485141694545746,0.10156425088644028,0.01591162569820881,0.3076011538505554,0.1828399896621704,0.044303759932518005,0.34777918457984924
5,2,0.32591870427131653,2,0.32517704367637634,0.23657847940921783,0.03692904859781265,0.32591870427131653,0.05154052749276161,0.2250816822052002,0.12395163625478745,0.23641887307167053,0.03724876046180725,0.32517704367637634,0.051900070160627365,0.22498591244220734,0.12426935881376266
5,0,0.29657062888145447,0,0.2958919405937195,0.29657062888145447,0.1541956216096878,0.25899145007133484,0.07787449657917023,0.09586167335510254,0.11650621145963669,0.2958919405937195,0.15434715151786804,0.2585740089416504,0.0782179906964302,0.09618441760540009,0.11678440868854523
5,5,0.5333061218261719,5,0.5318208336830139,0.2871253192424774,0.0022638600785285234,0.09141908586025238,0.02067611552774906,0.06520949304103851,0.5333061218261719,0.2872142493724823,0.0023201180156320333,0.09197269380092621,0.02095664292573929,0.06571539491415024,0.5318208336830139
5,5,0.41242966055870056,5,0.41169896721839905,0.39555513858795166,0.01877315528690815,0.1294987052679062,0.023988623172044754,0.019754735752940178,0.41242966055870056,0.39493685960769653,0.019031910225749016,0.1300208419561386,0.02428945153951645,0.020021911710500717,0.41169896721839905
5,2,0.3072156310081482,2,0.3065820336341858,0.26025667786598206,0.02602575719356537,0.3072156310081482,0.08707866072654724,0.11216770112514496,0.20725563168525696,0.2599356472492218,0.026294922456145287,0.3065820336341858,0.0874490886926651,0.11250223964452744,0.20723602175712585
5,5,0.42642584443092346,5,0.4251585602760315,0.15132726728916168,0.0019963232334703207,0.20072108507156372,0.15897873044013977,0.060550756752491,0.42642584443092346,0.15166184306144714,0.0020445468835532665,0.20088067650794983,0.15929089486598969,0.06096344813704491,0.4251585602760315
5,0,0.36055946350097656,0,0.3599184453487396,0.36055946350097656,0.00736204395070672,0.1727624088525772,0.031047740951180458,0.07344026863574982,0.3548280596733093,0.3599184453487396,0.007493475452065468,0.17309142649173737,0.0313752256333828,0.07389581948518753,0.35422560572624207
5,5,0.4080096483230591,5,0.40699145197868347,0.13164858520030975,0.006697122007608414,0.31169331073760986,0.09800469130277634,0.043946608901023865,0.4080096483230591,0.1320655643939972,0.006819227244704962,0.3113347589969635,0.09846042841672897,0.044328536838293076,0.40699145197868347
5,4,0.6388657689094543,4,0.6366691589355469,0.10381019860506058,0.006726115010678768,0.15052373707294464,0.03299999237060547,0.6388657689094543,0.06707412749528885,0.10439837723970413,0.006857503671199083,0.15109536051750183,0.03337785229086876,0.6366691589355469,0.0676017552614212
5,0,0.2738952934741974,0,0.2734125256538391,0.2738952934741974,0.04940261319279671,0.27044060826301575,0.12570258975028992,0.08577118813991547,0.1947876363992691,0.2734125256538391,0.04974006861448288,0.2699810862541199,0.12597106397151947,0.08611896634101868,0.194776251912117
5,5,0.2575691044330597,5,0.2571917772293091,0.25336939096450806,0.1265145242214203,0.2355920374393463,0.06948407739400864,0.05747082829475403,0.2575691044330597,0.2530190348625183,0.1267794668674469,0.23535193502902985,0.06983871757984161,0.057819053530693054,0.2571917772293091
5,0,0.33385926485061646,0,0.3332233726978302,0.33385926485061646,0.0342547632753849,0.2658221125602722,0.060015719383955,0.036438483744859695,0.26960960030555725,0.3332233726978302,0.03458133712410927,0.26561856269836426,0.06041808798909187,0.03677450120449066,0.26938408613204956
5,5,0.5445582270622253,5,0.542711615562439,0.185537651181221,0.002677840180695057,0.119095079600811,0.10520455241203308,0.042926665395498276,0.5445582270622253,0.18590757250785828,0.002740699565038085,0.11959758400917053,0.10571406036615372,0.04332850128412247,0.542711615562439
5,5,0.7172369956970215,5,0.7151808142662048,0.15427421033382416,0.00412930129095912,0.06846834719181061,0.05364737659692764,0.0022437768056988716,0.7172369956970215,0.15501955151557922,0.004225119482725859,0.06907941401004791,0.05419229716062546,0.002302861772477627,0.7151808142662048
5,5,0.39685529470443726,5,0.39566296339035034,0.20523269474506378,0.06215890869498253,0.22195634245872498,0.051812682300806046,0.06198406219482422,0.39685529470443726,0.2052924484014511,0.06254980713129044,0.221933975815773,0.052186038345098495,0.06237473711371422,0.39566296339035034
5,2,0.39173221588134766,2,0.39047783613204956,0.19943781197071075,0.04354467988014221,0.39173221588134766,0.1458454579114914,0.0712791234254837,0.14816069602966309,0.19947198033332825,0.043885085731744766,0.39047783613204956,0.1460990607738495,0.07165937125682831,0.14840663969516754
5,2,0.4230738580226898,2,0.42151668667793274,0.10572463274002075,0.08636069297790527,0.4230738580226898,0.09566424787044525,0.1552959680557251,0.1338806003332138,0.10606907308101654,0.08672980964183807,0.42151668667793274,0.09602394700050354,0.15550236403942108,0.13415813446044922
5,0,0.2791263163089752,0,0.27854862809181213,0.2791263163089752,0.12499984353780746,0.20701217651367188,0.11368673294782639,0.060688316822052,0.21448656916618347,0.27854862809181213,0.125243678689003,0.20689299702644348,0.11396259069442749,0.06102697551250458,0.21432502567768097
5,2,0.4796476662158966,2,0.47794780135154724,0.20335201919078827,0.05450143665075302,0.4796476662158966,0.04643131420016289,0.06733594834804535,0.14873169362545013,0.20350342988967896,0.05490262061357498,0.47794780135154724,0.04681061953306198,0.06775984168052673,0.14907561242580414
5,0,0.3079397678375244,0,0.3073675334453583,0.3079397678375244,0.21766793727874756,0.13726772367954254,0.06453076004981995,0.012407084926962852,0.2601868212223053,0.3073675334453583,0.21764099597930908,0.13756780326366425,0.06491658836603165,0.0125846853479743,0.25992241501808167
5,0,0.5161404609680176,0,0.5148773789405823,0.5161404609680176,0.024653999134898186,0.07289090007543564,0.03862948343157768,0.006569750607013702,0.34111544489860535,0.5148773789405823,0.024970879778265953,0.07342833280563354,0.03903815150260925,0.0066983806900680065,0.3409867286682129
5,5,0.5000042915344238,5,0.4984194040298462,0.22256463766098022,0.005902411416172981,0.14868085086345673,0.08744078129529953,0.03540707379579544,0.5000042915344238,0.2227596789598465,0.006015882361680269,0.14911186695098877,0.08792755752801895,0.035765640437603,0.4984194040298462
5,0,0.4173790514469147,0,0.41588839888572693,0.4173790514469147,0.07340036332607269,0.16553138196468353,0.07962805777788162,0.11331236362457275,0.15074878931045532,0.41588839888572693,0.07377717643976212,0.1657053828239441,0.0800042375922203,0.11364684253931046,0.1509779393672943
5,5,0.33238843083381653,5,0.33153191208839417,0.2337394654750824,0.0671275332570076,0.19561804831027985,0.05552591383457184,0.11560054868459702,0.33238843083381653,0.23354831337928772,0.06749273836612701,0.19563230872154236,0.055881038308143616,0.11591371893882751,0.33153191208839417
5,0,0.3927080035209656,0,0.39156755805015564,0.3927080035209656,0.023733431473374367,0.21673205494880676,0.04582340642809868,0.14795316755771637,0.1730499416589737,0.39156755805015564,0.023999199271202087,0.2167464792728424,0.04618421196937561,0.14824599027633667,0.173256516456604
5,5,0.35294583439826965,5,0.3521765172481537,0.24912665784358978,0.004422033205628395,0.2128515988588333,0.04418998211622238,0.13646385073661804,0.35294583439826965,0.2490173727273941,0.004510178696364164,0.21292586624622345,0.04455456882715225,0.13681550323963165,0.3521765172481537
5,5,0.4313872158527374,5,0.4302194118499756,0.2593367397785187,0.010047616437077522,0.1939842700958252,0.06991185247898102,0.0353323295712471,0.4313872158527374,0.25929421186447144,0.010210742242634296,0.19423449039459229,0.07036048173904419,0.03568071499466896,0.4302194118499756
5,3,0.7937096953392029,3,0.7914414405822754,0.04896409437060356,0.011918202973902225,0.06890455633401871,0.7937096953392029,0.012941085733473301,0.06356238573789597,0.04950959235429764,0.012136504985392094,0.06955317407846451,0.7914414405822754,0.013172694481909275,0.06418663263320923
5,5,0.3352490961551666,5,0.334482878446579,0.21337707340717316,0.017360825091600418,0.21232233941555023,0.051340363919734955,0.17035037279129028,0.3352490961551666,0.21337133646011353,0.017579704523086548,0.2123219072818756,0.051706310361623764,0.17053785920143127,0.334482878446579
5,5,0.34042757749557495,5,0.3397282660007477,0.15218523144721985,0.010304565541446209,0.27207109332084656,0.18994303047657013,0.03506850078701973,0.34042757749557495,0.15248578786849976,0.01046498492360115,0.2718169093132019,0.19010718166828156,0.035396818071603775,0.3397282660007477
5,5,0.36156418919563293,5,0.36077725887298584,0.34094181656837463,0.07393717020750046,0.1049930602312088,0.10833820700645447,0.010225567035377026,0.36156418919563293,0.3402997851371765,0.07436463236808777,0.10541489720344543,0.1087564080953598,0.010387015528976917,0.36077725887298584
5,5,0.5006636381149292,5,0.49936601519584656,0.29144391417503357,0.0073142568580806255,0.15184250473976135,0.02556663379073143,0.023169107735157013,0.5006636381149292,0.2914767861366272,0.007451239507645369,0.15235595405101776,0.025882836431264877,0.02346721664071083,0.49936601519584656
5,2,0.29133328795433044,2,0.2907562255859375,0.21026495099067688,0.0913153663277626,0.29133328795433044,0.049269091337919235,0.09493527561426163,0.2628819942474365,0.21019120514392853,0.09166516363620758,0.2907562255859375,0.04961078241467476,0.09528040140867233,0.2624962627887726
5,2,0.28157323598861694,2,0.28101295232772827,0.19866716861724854,0.12270035594701767,0.28157323598861694,0.0897010862827301,0.05917445570230484,0.2481837272644043,0.19861821830272675,0.12296631187200546,0.28101295232772827,0.09003656357526779,0.05951955169439316,0.24784639477729797
5,5,0.5731921195983887,5,0.5711131691932678,0.14817453920841217,0.011266699992120266,0.13116927444934845,0.08509694039821625,0.05110042914748192,0.5731921195983887,0.14864005148410797,0.011448776349425316,0.13166165351867676,0.0856015533208847,0.05153482034802437,0.5711131691932678
5,5,0.42632755637168884,5,0.42527517676353455,0.2813335955142975,0.005800722632557154,0.15350115299224854,0.12151148170232773,0.011525513604283333,0.42632755637168884,0.2812235355377197,0.00591219263151288,0.15390703082084656,0.1219753697514534,0.011706700548529625,0.42527517676353455
5,5,0.3509279489517212,5,0.3502287268638611,0.29947972297668457,0.00855554174631834,0.20902618765830994,0.03999786823987961,0.0920126885175705,0.3509279489517212,0.2991202175617218,0.008698685094714165,0.20915132761001587,0.040354397147893906,0.09244662523269653,0.3502287268638611
5,0,0.3549349009990692,0,0.35421833395957947,0.3549349009990692,0.043871231377124786,0.2819635272026062,0.024951446801424026,0.044306378811597824,0.24997246265411377,0.35421833395957947,0.044243164360523224,0.2817186117172241,0.025234142318367958,0.04467979073524475,0.24990586936473846
5,5,0.4335506558418274,5,0.4322076141834259,0.17967906594276428,0.04511507973074913,0.21945130825042725,0.10237521678209305,0.01982863061130047,0.4335506558418274,0.17991381883621216,0.04548753798007965,0.21951821446418762,0.1027979627251625,0.0200747549533844,0.4322076141834259
5,2,0.2793191373348236,2,0.27878516912460327,0.26720717549324036,0.18373028934001923,0.2793191373348236,0.08431593328714371,0.05899527296423912,0.12643231451511383,0.26675549149513245,0.18376389145851135,0.27878516912460327,0.08466073125600815,0.059342481195926666,0.12669219076633453
5,5,0.47946178913116455,5,0.47810056805610657,0.2834990322589874,0.010038177482783794,0.1368558257818222,0.06121506169438362,0.02892998792231083,0.47946178913116455,0.2834385633468628,0.010205241851508617,0.13732625544071198,0.06167329475283623,0.02925608865916729,0.47810056805610657
5,0,0.2648355960845947,0,0.2643425464630127,0.2648355960845947,0.11797681450843811,0.2520345449447632,0.0733039602637291,0.12163829058408737,0.1702108085155487,0.2643425464630127,0.11823467910289764,0.25162774324417114,0.07363936305046082,0.1218855232000351,0.17027021944522858
5,0,0.34775006771087646,0,0.34717509150505066,0.34775006771087646,0.04195641726255417,0.30590304732322693,0.01709364913403988,0.02956298179924488,0.2577338218688965,0.34717509150505066,0.042332734912633896,0.3055933117866516,0.017324643209576607,0.029880449175834656,0.25769370794296265
5,5,0.3824287950992584,5,0.38164031505584717,0.2964254915714264,0.013220665045082569,0.2315625250339508,0.04395844787359238,0.0324040949344635,0.3824287950992584,0.2961917221546173,0.013417459093034267,0.23166604340076447,0.04434533789753914,0.032739218324422836,0.38164031505584717
5,2,0.3702908456325531,2,0.3695245683193207,0.21801511943340302,0.03145517036318779,0.3702908456325531,0.06018799543380737,0.016072258353233337,0.30397865176200867,0.21814151108264923,0.031779833137989044,0.3695245683193207,0.06061205640435219,0.01629280112683773,0.30364933609962463
5,4,0.31935325264930725,4,0.3188002407550812,0.1604016274213791,0.015040812082588673,0.22248144447803497,0.020810946822166443,0.31935325264930725,0.26191189885139465,0.16067662835121155,0.015246132388710976,0.2224983125925064,0.021060779690742493,0.3188002407550812,0.26171794533729553
5,2,0.5223919749259949,2,0.5206071734428406,0.12519678473472595,0.013508109375834465,0.5223919749259949,0.03076077625155449,0.1919592022895813,0.11618317663669586,0.12566423416137695,0.013710475526750088,0.5206071734428406,0.031093286350369453,0.19226422905921936,0.11666058003902435
5,0,0.41629713773727417,0,0.4150572717189789,0.41629713773727417,0.02610793337225914,0.1963423639535904,0.06748900562524796,0.06074242293834686,0.2330211102962494,0.4150572717189789,0.026393428444862366,0.19649526476860046,0.06790349632501602,0.06114768981933594,0.23300278186798096
5,5,0.4038574993610382,5,0.40291282534599304,0.27905815839767456,0.009551209397614002,0.21743164956569672,0.05895327031612396,0.031148146837949753,0.4038574993610382,0.27892088890075684,0.009709115140140057,0.21759627759456635,0.05938452482223511,0.03147634118795395,0.40291282534599304
5,2,0.39673417806625366,2,0.39557912945747375,0.14991813898086548,0.024375485256314278,0.39673417806625366,0.04333340749144554,0.22821304202079773,0.15742571651935577,0.15021148324012756,0.024646220728754997,0.39557912945747375,0.04368872940540314,0.22817926108837128,0.15769518911838531
5,5,0.6429177522659302,5,0.6408549547195435,0.1132206991314888,0.002038088394328952,0.14500847458839417,0.08670545369386673,0.010109616443514824,0.6429177522659302,0.11384261399507523,0.0020909016020596027,0.14562451839447021,0.08729822188615799,0.010288789868354797,0.6408549547195435
5,5,0.4752378761768341,5,0.47401127219200134,0.20132501423358917,0.005130699370056391,0.06472671777009964,0.24694432318210602,0.006635317113250494,0.4752378761768341,0.20167040824890137,0.0052347611635923386,0.06520701199769974,0.24711525440216064,0.006761188618838787,0.47401127219200134
5,5,0.2845693528652191,5,0.28411629796028137,0.2762208878993988,0.03843965753912926,0.2390386164188385,0.04919571056962013,0.11253571510314941,0.2845693528652191,0.2758222222328186,0.038764890283346176,0.23886638879776,0.049550727009773254,0.11287940293550491,0.28411629796028137
5,2,0.3588840961456299,2,0.35801056027412415,0.14768290519714355,0.021540433168411255,0.3588840961456299,0.1551399528980255,0.04235830903053284,0.27439430356025696,0.14797955751419067,0.021792659536004066,0.35801056027412415,0.15541328489780426,0.042709510773420334,0.2740944027900696
5,5,0.4904138743877411,5,0.4891715943813324,0.28197553753852844,0.005354440305382013,0.16528911888599396,0.049113135784864426,0.007853785529732704,0.4904138743877411,0.2820413410663605,0.005462998058646917,0.16577020287513733,0.04955615848302841,0.007997666485607624,0.4891715943813324
5,0,0.33305880427360535,0,0.3324107825756073,0.33305880427360535,0.05392727255821228,0.32842132449150085,0.06330753862857819,0.031018851324915886,0.19026629626750946,0.3324107825756073,0.05431500822305679,0.3278053104877472,0.06371156126260757,0.0313284695148468,0.1904289275407791
5,0,0.49556973576545715,0,0.49407458305358887,0.49556973576545715,0.04120119661092758,0.13637596368789673,0.05501583591103554,0.009007475338876247,0.26282981038093567,0.49407458305358887,0.041591402143239975,0.13684536516666412,0.05545656755566597,0.009162236005067825,0.26286986470222473
5,0,0.38448649644851685,0,0.3834129571914673,0.38448649644851685,0.08184881508350372,0.2579768896102905,0.05285423994064331,0.03788378834724426,0.1849498301744461,0.3834129571914673,0.08225466310977936,0.257770836353302,0.05323270708322525,0.03821869567036629,0.1851101517677307
5,5,0.43190497159957886,5,0.43078458309173584,0.23375502228736877,0.0025290886405855417,0.220243439078331,0.027326103299856186,0.0842413529753685,0.43190497159957886,0.23386608064174652,0.00258826301433146,0.22041377425193787,0.02763434872031212,0.08471295237541199,0.43078458309173584
5,5,0.4343329668045044,5,0.43318623304367065,0.28524139523506165,0.011686875484883785,0.14839522540569305,0.10221105068922043,0.018132438883185387,0.4343329668045044,0.28508758544921875,0.011868838220834732,0.1488010287284851,0.10268197953701019,0.018374323844909668,0.43318623304367065
5,3,0.7696728110313416,3,0.7674157023429871,0.0521802082657814,0.011786655522882938,0.09885045140981674,0.7696728110313416,0.009197226725518703,0.05831260234117508,0.052732665091753006,0.01200046855956316,0.0995781198143959,0.7674157023429871,0.009375697001814842,0.0588972307741642
5,5,0.3685706555843353,5,0.3676726818084717,0.09253963828086853,0.005401598289608955,0.2254825085401535,0.23402801156044006,0.07397749274969101,0.3685706555843353,0.09295488148927689,0.005503531079739332,0.22548700869083405,0.23398911952972412,0.07439274340867996,0.3676726818084717
5,2,0.29200342297554016,2,0.2914607524871826,0.2029004842042923,0.21594029664993286,0.29200342297554016,0.08496979624032974,0.015242005698382854,0.1889439821243286,0.2028927356004715,0.21586474776268005,0.2914607524871826,0.08533748239278793,0.01544016320258379,0.18900415301322937
5,2,0.3926910161972046,2,0.39163321256637573,0.18276213109493256,0.017204781994223595,0.3926910161972046,0.1095644161105156,0.04250701889395714,0.2552706301212311,0.1829688400030136,0.017429139465093613,0.39163321256637573,0.10996957123279572,0.04286685213446617,0.2551323473453522
5,2,0.5174971222877502,2,0.515508770942688,0.10928772389888763,0.050168901681900024,0.5174971222877502,0.04983840882778168,0.1332857459783554,0.13992203772068024,0.10971835255622864,0.05056321620941162,0.515508770942688,0.050231803208589554,0.13367807865142822,0.14029978215694427
5,5,0.26373782753944397,5,0.26325488090515137,0.2337096482515335,0.12792426347732544,0.1593058705329895,0.16151359677314758,0.05380883067846298,0.26373782753944397,0.23342284560203552,0.1281532198190689,0.1594158560037613,0.16161395609378815,0.054139263927936554,0.26325488090515137
5,5,0.44757354259490967,5,0.4462270438671112,0.16153226792812347,0.015543311834335327,0.25474870204925537,0.06974466145038605,0.050857413560152054,0.44757354259490967,0.1618698090314865,0.015759354457259178,0.25469970703125,0.07018478959798813,0.05125930905342102,0.4462270438671112
5,5,0.5601832270622253,5,0.5585993528366089,0.275091290473938,0.01711275987327099,0.10840649902820587,0.02388133853673935,0.015324849635362625,0.5601832270622253,0.2752915918827057,0.017364908009767532,0.10899218171834946,0.02419283613562584,0.015559246763586998,0.5585993528366089
5,5,0.3028865456581116,5,0.30226898193359375,0.18100184202194214,0.07323937863111496,0.2974380552768707,0.08750908821821213,0.0579250194132328,0.3028865456581116,0.1810988038778305,0.07361117750406265,0.2968585789203644,0.08787500113248825,0.05828746408224106,0.30226898193359375
5,5,0.42858242988586426,5,0.42737144231796265,0.18778786063194275,0.010627319104969501,0.1950974464416504,0.15904195606708527,0.018862996250391006,0.42858242988586426,0.1880321502685547,0.01079519186168909,0.1953139305114746,0.15938131511211395,0.01910601556301117,0.42737144231796265
5,5,0.3097618520259857,5,0.3092584013938904,0.2642349302768707,0.004544842056930065,0.2589147090911865,0.0733126699924469,0.0892309918999672,0.3097618520259857,0.26401543617248535,0.004634345881640911,0.25872597098350525,0.07372330874204636,0.08964258432388306,0.3092584013938904
5,5,0.5396386981010437,5,0.5379077792167664,0.23282521963119507,0.005150692071765661,0.10964904725551605,0.03430251404643059,0.07843387126922607,0.5396386981010437,0.23305681347846985,0.005255097523331642,0.11017252504825592,0.034667301923036575,0.07894055545330048,0.5379077792167664
5,5,0.3469353914260864,5,0.3461792767047882,0.3132738769054413,0.02701031044125557,0.16585256159305573,0.10759725421667099,0.03933059424161911,0.3469353914260864,0.31275081634521484,0.02729799598455429,0.16610348224639893,0.10799364000558853,0.03967481479048729,0.3461792767047882
5,5,0.26219943165779114,5,0.2618570923805237,0.1786285787820816,0.0206134170293808,0.25604698061943054,0.21571794152259827,0.06679361313581467,0.26219943165779114,0.17873834073543549,0.020850196480751038,0.2557430565357208,0.21564678847789764,0.06716449558734894,0.2618570923805237
5,5,0.3081408739089966,5,0.3077734708786011,0.28630590438842773,0.00692057516425848,0.28405261039733887,0.09412961453199387,0.020450422540307045,0.3081408739089966,0.28606975078582764,0.0070448974147439,0.28382956981658936,0.09457702934741974,0.020705224946141243,0.3077734708786011
5,5,0.7246628999710083,5,0.7225660085678101,0.10584847629070282,0.0009293848997913301,0.12122506648302078,0.03974774852395058,0.0075864242389798164,0.7246628999710083,0.10656320303678513,0.0009580986807122827,0.12196080386638641,0.040212780237197876,0.007739059627056122,0.7225660085678101
5,5,0.507398247718811,5,0.5059272050857544,0.22160029411315918,0.01498528104275465,0.19687657058238983,0.04790597781538963,0.011233624070882797,0.507398247718811,0.22187583148479462,0.015207561664283276,0.19723810255527496,0.048334624618291855,0.011416703462600708,0.5059272050857544
5,5,0.40249571204185486,5,0.4016034007072449,0.3324894905090332,0.026204336434602737,0.1752684861421585,0.03307480737566948,0.030467143282294273,0.40249571204185486,0.3320697844028473,0.026506153866648674,0.1756090521812439,0.03341680020093918,0.030794819816946983,0.4016034007072449
5,5,0.45981958508491516,5,0.4585314989089966,0.2719666361808777,0.010402568615972996,0.08040612190961838,0.15474534034729004,0.022659698501229286,0.45981958508491516,0.27191850543022156,0.010571999475359917,0.08088365942239761,0.155155211687088,0.02293921634554863,0.4585314989089966
5,2,0.2826378345489502,2,0.2821948528289795,0.2520526647567749,0.023410391062498093,0.2826378345489502,0.16528572142124176,0.05015120282769203,0.2264622151851654,0.25180190801620483,0.02366691082715988,0.2821948528289795,0.16547034680843353,0.050507791340351105,0.22635814547538757
5,4,0.3471789062023163,4,0.34638118743896484,0.12974557280540466,0.032746147364377975,0.32469606399536133,0.061383169144392014,0.3471789062023163,0.10425017774105072,0.13008666038513184,0.033059246838092804,0.32405853271484375,0.06177550181746483,0.34638118743896484,0.10463874042034149
5,5,0.3694245219230652,5,0.3686460256576538,0.1333474963903427,0.005536853801459074,0.22706328332424164,0.24774202704429626,0.016885818913578987,0.3694245219230652,0.13374684751033783,0.0056425645016133785,0.22713737189769745,0.2477148175239563,0.017112450674176216,0.3686460256576538
