true_label,true_label_name,predicted_label,predicted_label_name,confidence,prediction_set,set_size,covered,proba_Sigma24,proba_Sigma28,proba_Sigma32,proba_Sigma38,proba_Sigma54,proba_Sigma70
0,Sigma24,1,Sigma28,0.3511228859424591,Sigma24|Sigma28|Sigma32|Sigma38|Sigma70,5,True,0.20145103335380554,0.3511228859424591,0.18746209144592285,0.16761870682239532,0.01364445872604847,0.0787007063627243
0,Sigma24,2,Sigma32,0.2533465623855591,Sigma24|Sigma28|Sigma32|Sigma38|Sigma70,5,True,0.24247118830680847,0.13408805429935455,0.2533465623855591,0.23581217229366302,0.033659663051366806,0.10062224417924881
0,Sigma24,2,Sigma32,0.29935309290885925,Sigma24|Sigma28|Sigma32|Sigma38|Sigma70,5,True,0.22667448222637177,0.13779617846012115,0.29935309290885925,0.17263907194137573,0.0615009143948555,0.10203630477190018
0,Sigma24,3,Sigma38,0.3114345073699951,Sigma24|Sigma32|Sigma38|Sigma54|Sigma70,5,True,0.17080651223659515,0.0173067357391119,0.24400123953819275,0.3114345073699951,0.16554753482341766,0.09090346843004227
0,Sigma24,2,Sigma32,0.27119460701942444,Sigma24|Sigma28|Sigma32|Sigma38|Sigma54|Sigma70,6,True,0.2580338716506958,0.08862236142158508,0.27119460701942444,0.17296980321407318,0.10655216127634048,0.10262718796730042
0,Sigma24,3,Sigma38,0.38906392455101013,Sigma24|Sigma28|Sigma32|Sigma38|Sigma70,5,True,0.2111944556236267,0.08521941304206848,0.20124241709709167,0.38906392455101013,0.01762152649462223,0.09565824270248413
0,Sigma24,2,Sigma32,0.2868989109992981,Sigma24|Sigma28|Sigma32|Sigma38|Sigma54|Sigma70,6,True,0.24776141345500946,0.07072096318006516,0.2868989109992981,0.20379389822483063,0.09284503757953644,0.09797977656126022
0,Sigma24,2,Sigma32,0.25501999258995056,Sigma24|Sigma28|Sigma32|Sigma38|Sigma54|Sigma70,6,True,0.23764629662036896,0.15499164164066315,0.25501999258995056,0.16571171581745148,0.08821472525596619,0.09841562062501907
0,Sigma24,2,Sigma32,0.28151237964630127,Sigma24|Sigma28|Sigma32|Sigma38|Sigma70,5,True,0.2284115105867386,0.10222237557172775,0.28151237964630127,0.23023179173469543,0.06207571178674698,0.09554625302553177
0,Sigma24,2,Sigma32,0.25208547711372375,Sigma24|Sigma32|Sigma38|Sigma54|Sigma70,5,True,0.2439143806695938,0.03296055272221565,0.25208547711372375,0.2365640550851822,0.12599116563796997,0.10848432779312134
0,Sigma24,2,Sigma32,0.2638057470321655,Sigma24|Sigma28|Sigma32|Sigma38|Sigma70,5,True,0.23411160707473755,0.09124690294265747,0.2638057470321655,0.25860628485679626,0.048374373465776443,0.10385522991418839
0,Sigma24,3,Sigma38,0.26684173941612244,Sigma24|Sigma32|Sigma38|Sigma54|Sigma70,5,True,0.2059110850095749,0.04155920818448067,0.25927531719207764,0.26684173941612244,0.12913447618484497,0.0972781553864479
0,Sigma24,3,Sigma38,0.38492700457572937,Sigma24|Sigma32|Sigma38|Sigma54|Sigma70,5,True,0.19070498645305634,0.010797278955578804,0.18309952318668365,0.38492700457572937,0.13746537268161774,0.09300586581230164
0,Sigma24,3,Sigma38,0.2835141718387604,Sigma24|Sigma32|Sigma38|Sigma54|Sigma70,5,True,0.20991092920303345,0.029418403282761574,0.24980568885803223,0.2835141718387604,0.12826867401599884,0.09908217191696167
0,Sigma24,2,Sigma32,0.3023498058319092,Sigma24|Sigma28|Sigma32|Sigma38|Sigma54|Sigma70,6,True,0.20852302014827728,0.1357882022857666,0.3023498058319092,0.11659810692071915,0.14450499415397644,0.09223584085702896
0,Sigma24,0,Sigma24,0.2492346465587616,Sigma24|Sigma28|Sigma32|Sigma38|Sigma54|Sigma70,6,True,0.2492346465587616,0.11730653792619705,0.22801344096660614,0.23467408120632172,0.06864076852798462,0.10213053226470947
0,Sigma24,2,Sigma32,0.3110293447971344,Sigma24|Sigma28|Sigma32|Sigma38|Sigma54|Sigma70,6,True,0.23151080310344696,0.11816603690385818,0.3110293447971344,0.1410483568906784,0.0944845899939537,0.10376086831092834
0,Sigma24,4,Sigma54,0.29328209161758423,Sigma24|Sigma28|Sigma32|Sigma38|Sigma54|Sigma70,6,True,0.22450129687786102,0.06697163730859756,0.22305136919021606,0.10227540135383606,0.29328209161758423,0.08991818130016327
0,Sigma24,2,Sigma32,0.27773788571357727,Sigma24|Sigma32|Sigma38|Sigma54|Sigma70,5,True,0.22298187017440796,0.03943650797009468,0.27773788571357727,0.2217579185962677,0.14068900048732758,0.09739676862955093
0,Sigma24,2,Sigma32,0.27084386348724365,Sigma24|Sigma28|Sigma32|Sigma38|Sigma70,5,True,0.20785854756832123,0.21051360666751862,0.27084386348724365,0.18317371606826782,0.03407062217593193,0.0935395210981369
0,Sigma24,3,Sigma38,0.29575011134147644,Sigma24|Sigma32|Sigma38|Sigma54|Sigma70,5,True,0.20635762810707092,0.02322814054787159,0.2537698447704315,0.29575011134147644,0.12456732988357544,0.09632694721221924
0,Sigma24,2,Sigma32,0.2638434171676636,Sigma24|Sigma28|Sigma32|Sigma38|Sigma54|Sigma70,6,True,0.239598348736763,0.08057322353124619,0.2638434171676636,0.25232261419296265,0.06952162086963654,0.09414073824882507
0,Sigma24,3,Sigma38,0.32220837473869324,Sigma24|Sigma28|Sigma32|Sigma38|Sigma70,5,True,0.19254854321479797,0.11408374458551407,0.2327970415353775,0.32220837473869324,0.03908146172761917,0.09928087145090103
0,Sigma24,2,Sigma32,0.24827377498149872,Sigma24|Sigma28|Sigma32|Sigma38|Sigma70,5,True,0.2305494099855423,0.14258204400539398,0.24827377498149872,0.2440151870250702,0.045173898339271545,0.08940567076206207
0,Sigma24,2,Sigma32,0.2745060622692108,Sigma24|Sigma28|Sigma32|Sigma38|Sigma54|Sigma70,6,True,0.2239401936531067,0.20105794072151184,0.2745060622692108,0.15258705615997314,0.06540237367153168,0.08250634372234344
0,Sigma24,2,Sigma32,0.28655561804771423,Sigma24|Sigma28|Sigma32|Sigma38|Sigma54|Sigma70,6,True,0.2492716908454895,0.09532423317432404,0.28655561804771423,0.16995973885059357,0.09771494567394257,0.10117380321025848
0,Sigma24,2,Sigma32,0.31055012345314026,Sigma24|Sigma28|Sigma32|Sigma38|Sigma54|Sigma70,6,True,0.22570452094078064,0.11355643719434738,0.31055012345314026,0.1531963348388672,0.10413836687803268,0.09285421669483185
0,Sigma24,1,Sigma28,0.2743469476699829,Sigma24|Sigma28|Sigma32|Sigma38|Sigma70,5,True,0.22299045324325562,0.2743469476699829,0.24300645291805267,0.14810305833816528,0.031881336122751236,0.07967176288366318
0,Sigma24,1,Sigma28,0.2825826108455658,Sigma24|Sigma28|Sigma32|Sigma38|Sigma54|Sigma70,6,True,0.22806032001972198,0.2825826108455658,0.22280126810073853,0.07424619793891907,0.10565789043903351,0.08665172010660172
0,Sigma24,3,Sigma38,0.29383862018585205,Sigma24|Sigma28|Sigma32|Sigma38|Sigma70,5,True,0.2184443175792694,0.18704281747341156,0.19394822418689728,0.29383862018585205,0.028478626161813736,0.0782473236322403
0,Sigma24,1,Sigma28,0.3562239110469818,Sigma24|Sigma28|Sigma32|Sigma38|Sigma70,5,True,0.19890448451042175,0.3562239110469818,0.24154455959796906,0.07526328414678574,0.06233381852507591,0.06572991609573364
0,Sigma24,2,Sigma32,0.264306902885437,Sigma24|Sigma28|Sigma32|Sigma38|Sigma70,5,True,0.22898128628730774,0.1413985639810562,0.264306902885437,0.23188599944114685,0.041843559592962265,0.09158363193273544
0,Sigma24,1,Sigma28,0.28917962312698364,Sigma24|Sigma28|Sigma32|Sigma38|Sigma70,5,True,0.22653526067733765,0.28917962312698364,0.2542462944984436,0.10624842345714569,0.04206607863306999,0.08172429352998734
0,Sigma24,1,Sigma28,0.6369826793670654,Sigma24|Sigma28|Sigma32,3,True,0.12155572324991226,0.6369826793670654,0.13052311539649963,0.06002344936132431,0.012527414597570896,0.0383877232670784
0,Sigma24,4,Sigma54,0.3260778486728668,Sigma24|Sigma28|Sigma32|Sigma38|Sigma54|Sigma70,6,True,0.18656539916992188,0.08057278394699097,0.22827573120594025,0.09035006165504456,0.3260778486728668,0.0881582498550415
0,Sigma24,3,Sigma38,0.3160661458969116,Sigma24|Sigma32|Sigma38|Sigma54|Sigma70,5,True,0.20642201602458954,0.029793836176395416,0.21362560987472534,0.3160661458969116,0.1247442290186882,0.10934806615114212
0,Sigma24,2,Sigma32,0.28221893310546875,Sigma24|Sigma28|Sigma32|Sigma38|Sigma70,5,True,0.24443833529949188,0.12599900364875793,0.28221893310546875,0.19986054301261902,0.05513474717736244,0.09234832972288132
0,Sigma24,2,Sigma32,0.2526269555091858,Sigma24|Sigma28|Sigma32|Sigma38|Sigma70,5,True,0.23634766042232513,0.174372136592865,0.2526269555091858,0.20155392587184906,0.03952278196811676,0.09557655453681946
0,Sigma24,2,Sigma32,0.27112698554992676,Sigma24|Sigma32|Sigma38|Sigma54|Sigma70,5,True,0.245125412940979,0.06138060241937637,0.27112698554992676,0.17880459129810333,0.13027362525463104,0.1132887601852417
0,Sigma24,3,Sigma38,0.363984078168869,Sigma24|Sigma28|Sigma32|Sigma38|Sigma70,5,True,0.19370107352733612,0.13008667528629303,0.2140025645494461,0.363984078168869,0.01905565708875656,0.07916999608278275
0,Sigma24,3,Sigma38,0.307682603597641,Sigma24|Sigma28|Sigma32|Sigma38|Sigma70,5,True,0.24954429268836975,0.06597130000591278,0.21073871850967407,0.307682603597641,0.06093986704945564,0.10512319952249527
0,Sigma24,4,Sigma54,0.34213313460350037,Sigma24|Sigma32|Sigma38|Sigma54|Sigma70,5,True,0.16721417009830475,0.012165196239948273,0.21836812794208527,0.17344065010547638,0.34213313460350037,0.08667866885662079
0,Sigma24,3,Sigma38,0.41781461238861084,Sigma24|Sigma32|Sigma38|Sigma70,4,True,0.20390209555625916,0.022969495505094528,0.19494464993476868,0.41781461238861084,0.060880012810230255,0.09948903322219849
0,Sigma24,2,Sigma32,0.2642463743686676,Sigma24|Sigma28|Sigma32|Sigma38|Sigma54|Sigma70,6,True,0.22322428226470947,0.15349030494689941,0.2642463743686676,0.10250988602638245,0.17286519706249237,0.08366398513317108
0,Sigma24,2,Sigma32,0.29188933968544006,Sigma24|Sigma28|Sigma32|Sigma38|Sigma54|Sigma70,6,True,0.2533831000328064,0.08754633367061615,0.29188933968544006,0.156924307346344,0.10921976715326309,0.10103706270456314
0,Sigma24,3,Sigma38,0.3236781358718872,Sigma24|Sigma32|Sigma38|Sigma54|Sigma70,5,True,0.2329329401254654,0.04478012025356293,0.22415509819984436,0.3236781358718872,0.07438793778419495,0.10006574541330338
0,Sigma24,2,Sigma32,0.24290867149829865,Sigma24|Sigma28|Sigma32|Sigma38|Sigma70,5,True,0.23842857778072357,0.20901750028133392,0.24290867149829865,0.16163688898086548,0.05861101672053337,0.08939733356237411
0,Sigma24,2,Sigma32,0.24660015106201172,Sigma24|Sigma28|Sigma32|Sigma38|Sigma70,5,True,0.2420073300600052,0.24217818677425385,0.24660015106201172,0.1472601294517517,0.04029316082596779,0.08166101574897766
0,Sigma24,0,Sigma24,0.24202628433704376,Sigma24|Sigma28|Sigma32|Sigma38|Sigma70,5,True,0.24202628433704376,0.2152498960494995,0.2347838580608368,0.15186554193496704,0.05937397852540016,0.09670048952102661
0,Sigma24,3,Sigma38,0.2666456997394562,Sigma24|Sigma28|Sigma32|Sigma38|Sigma70,5,True,0.21683233976364136,0.16729696094989777,0.24140587449073792,0.2666456997394562,0.02216600812971592,0.08565309643745422
0,Sigma24,2,Sigma32,0.3169317841529846,Sigma24|Sigma32|Sigma38|Sigma70,4,True,0.1814108043909073,0.05450740456581116,0.3169317841529846,0.28753989934921265,0.06166958808898926,0.09794051200151443
0,Sigma24,2,Sigma32,0.29454267024993896,Sigma24|Sigma28|Sigma32|Sigma38|Sigma54|Sigma70,6,True,0.2089979201555252,0.06385964155197144,0.29454267024993896,0.26173466444015503,0.07095889002084732,0.09990611672401428
0,Sigma24,1,Sigma28,0.3389852046966553,Sigma24|Sigma28|Sigma32|Sigma38|Sigma70,5,True,0.18491151928901672,0.3389852046966553,0.21077664196491241,0.19201596081256866,0.008533413521945477,0.06477724760770798
0,Sigma24,2,Sigma32,0.2699205279350281,Sigma24|Sigma32|Sigma38|Sigma54|Sigma70,5,True,0.24919046461582184,0.05209287256002426,0.2699205279350281,0.24228747189044952,0.09582433104515076,0.09068432450294495
0,Sigma24,2,Sigma32,0.29569822549819946,Sigma24|Sigma28|Sigma32|Sigma38|Sigma54|Sigma70,6,True,0.23021860420703888,0.15372991561889648,0.29569822549819946,0.15659339725971222,0.06568795442581177,0.09807193279266357
0,Sigma24,3,Sigma38,0.3647167384624481,Sigma24|Sigma28|Sigma32|Sigma38|Sigma70,5,True,0.17415036261081696,0.15085096657276154,0.22189213335514069,0.3647167384624481,0.01535713579505682,0.0730326697230339
0,Sigma24,2,Sigma32,0.28699585795402527,Sigma24|Sigma28|Sigma32|Sigma38|Sigma70,5,True,0.24546347558498383,0.1579386442899704,0.28699585795402527,0.16732865571975708,0.05817605182528496,0.08409740030765533
0,Sigma24,2,Sigma32,0.294312059879303,Sigma24|Sigma32|Sigma38|Sigma54|Sigma70,5,True,0.2116357386112213,0.06164611130952835,0.294312059879303,0.2462790459394455,0.0745035707950592,0.11162357032299042
0,Sigma24,3,Sigma38,0.40201348066329956,Sigma24|Sigma28|Sigma32|Sigma38|Sigma70,5,True,0.20819485187530518,0.07757249474525452,0.19377882778644562,0.40201348066329956,0.023453721776604652,0.09498655796051025
0,Sigma24,2,Sigma32,0.280131459236145,Sigma24|Sigma32|Sigma38|Sigma54|Sigma70,5,True,0.22649726271629333,0.05528552457690239,0.280131459236145,0.2310466319322586,0.10274429619312286,0.10429488122463226
0,Sigma24,2,Sigma32,0.2542194426059723,Sigma24|Sigma28|Sigma32|Sigma38|Sigma70,5,True,0.22759684920310974,0.09531569480895996,0.2542194426059723,0.2512129843235016,0.05575554445385933,0.11589949578046799
0,Sigma24,2,Sigma32,0.2882106602191925,Sigma24|Sigma28|Sigma32|Sigma38|Sigma54|Sigma70,6,True,0.24474745988845825,0.0790168046951294,0.2882106602191925,0.13737310469150543,0.15543943643569946,0.09521259367465973
0,Sigma24,3,Sigma38,0.5143544673919678,Sigma24|Sigma28|Sigma32|Sigma38,4,True,0.14571471512317657,0.11197720468044281,0.16093026101589203,0.5143544673919678,0.0047630611807107925,0.06226023659110069
0,Sigma24,2,Sigma32,0.2588636875152588,Sigma24|Sigma28|Sigma32|Sigma38|Sigma70,5,True,0.21305564045906067,0.18365676701068878,0.2588636875152588,0.23004886507987976,0.029661450535058975,0.08471368253231049
0,Sigma24,2,Sigma32,0.27957865595817566,Sigma24|Sigma28|Sigma32|Sigma38|Sigma70,5,True,0.24823440611362457,0.13143150508403778,0.27957865595817566,0.1844770908355713,0.04540577530860901,0.11087263375520706
0,Sigma24,1,Sigma28,0.5334981083869934,Sigma24|Sigma28|Sigma32|Sigma38,4,True,0.15294094383716583,0.5334981083869934,0.1671740859746933,0.0645618736743927,0.026617614552378654,0.05520732328295708
0,Sigma24,2,Sigma32,0.2398390918970108,Sigma24|Sigma28|Sigma32|Sigma38|Sigma70,5,True,0.2353474497795105,0.21410062909126282,0.2398390918970108,0.18112428486347198,0.04358063265681267,0.08600790798664093
0,Sigma24,3,Sigma38,0.387810617685318,Sigma24|Sigma32|Sigma38|Sigma70,4,True,0.20430022478103638,0.05337587743997574,0.20297446846961975,0.387810617685318,0.05141981318593025,0.10011900961399078
0,Sigma24,2,Sigma32,0.2597249746322632,Sigma24|Sigma28|Sigma32|Sigma38|Sigma54|Sigma70,6,True,0.2582344114780426,0.1567595899105072,0.2597249746322632,0.1451655775308609,0.08515562862157822,0.0949598103761673
0,Sigma24,1,Sigma28,0.39906755089759827,Sigma24|Sigma28|Sigma32|Sigma38,4,True,0.17210514843463898,0.39906755089759827,0.24283470213413239,0.08529622107744217,0.04017047956585884,0.060525890439748764
0,Sigma24,2,Sigma32,0.2656708061695099,Sigma24|Sigma28|Sigma32|Sigma38|Sigma54|Sigma70,6,True,0.2323985993862152,0.07056108117103577,0.2656708061695099,0.15512694418430328,0.17646275460720062,0.09977982193231583
0,Sigma24,1,Sigma28,0.6303792595863342,Sigma24|Sigma28|Sigma32,3,True,0.13228608667850494,0.6303792595863342,0.14434991776943207,0.040461838245391846,0.014491688460111618,0.03803125396370888
0,Sigma24,2,Sigma32,0.2648448348045349,Sigma24|Sigma28|Sigma32|Sigma38|Sigma70,5,True,0.23089736700057983,0.24878652393817902,0.2648448348045349,0.12610715627670288,0.0463869571685791,0.08297721296548843
0,Sigma24,2,Sigma32,0.27843257784843445,Sigma24|Sigma32|Sigma38|Sigma54|Sigma70,5,True,0.2441311627626419,0.036978092044591904,0.27843257784843445,0.19739173352718353,0.1376035362482071,0.10546284168958664
0,Sigma24,2,Sigma32,0.25996705889701843,Sigma24|Sigma28|Sigma32|Sigma38|Sigma70,5,True,0.22987477481365204,0.15571168065071106,0.25996705889701843,0.23355413973331451,0.03232230618596077,0.08856993168592453
0,Sigma24,2,Sigma32,0.23027478158473969,Sigma24|Sigma28|Sigma32|Sigma38|Sigma54|Sigma70,6,True,0.2212514877319336,0.19520866870880127,0.23027478158473969,0.1400269716978073,0.1277875453233719,0.08545055240392685
0,Sigma24,1,Sigma28,0.30971312522888184,Sigma24|Sigma28|Sigma32|Sigma38|Sigma54|Sigma70,6,True,0.21831853687763214,0.30971312522888184,0.22127169370651245,0.09465900808572769,0.06857629865407944,0.08746124804019928
0,Sigma24,3,Sigma38,0.2978847622871399,Sigma24|Sigma32|Sigma38|Sigma54|Sigma70,5,True,0.20365121960639954,0.04757479578256607,0.2582387626171112,0.2978847622871399,0.09361252188682556,0.09903787821531296
0,Sigma24,2,Sigma32,0.3099386990070343,Sigma24|Sigma28|Sigma32|Sigma38|Sigma70,5,True,0.2200414091348648,0.08281087875366211,0.3099386990070343,0.2379465252161026,0.051886800676584244,0.09737570583820343
0,Sigma24,2,Sigma32,0.28770947456359863,Sigma24|Sigma32|Sigma38|Sigma70,4,True,0.22478453814983368,0.05570478364825249,0.28770947456359863,0.2711276710033417,0.05827965959906578,0.10239384323358536
0,Sigma24,3,Sigma38,0.3291966915130615,Sigma24|Sigma28|Sigma32|Sigma38|Sigma70,5,True,0.22644473612308502,0.10016171634197235,0.2188781201839447,0.3291966915130615,0.02758478932082653,0.09773384779691696
0,Sigma24,2,Sigma32,0.2735132873058319,Sigma24|Sigma28|Sigma32|Sigma38|Sigma54|Sigma70,6,True,0.2102421671152115,0.10786635428667068,0.2735132873058319,0.24063348770141602,0.0730322077870369,0.09471246600151062
0,Sigma24,3,Sigma38,0.3745139241218567,Sigma24|Sigma28|Sigma32|Sigma38|Sigma70,5,True,0.21074111759662628,0.0703059509396553,0.2173597365617752,0.3745139241218567,0.03161279857158661,0.09546644985675812
0,Sigma24,1,Sigma28,0.4538191258907318,Sigma24|Sigma28|Sigma32|Sigma70,4,True,0.19285312294960022,0.4538191258907318,0.18894356489181519,0.06079995632171631,0.039322126656770706,0.06426218152046204
0,Sigma24,3,Sigma38,0.34298214316368103,Sigma24|Sigma32|Sigma38|Sigma70,4,True,0.19601687788963318,0.05165861174464226,0.2709893584251404,0.34298214316368103,0.033953532576560974,0.10439947992563248
0,Sigma24,2,Sigma32,0.2625713646411896,Sigma24|Sigma28|Sigma32|Sigma38|Sigma70,5,True,0.2617533206939697,0.1312270611524582,0.2625713646411896,0.1941695660352707,0.056373920291662216,0.09390485286712646
0,Sigma24,3,Sigma38,0.2770921289920807,Sigma24|Sigma32|Sigma38|Sigma54|Sigma70,5,True,0.2400110960006714,0.04581815004348755,0.24159932136535645,0.2770921289920807,0.07802364975214005,0.1174556091427803
0,Sigma24,2,Sigma32,0.28484418988227844,Sigma24|Sigma28|Sigma32|Sigma38|Sigma54|Sigma70,6,True,0.20913882553577423,0.23485024273395538,0.28484418988227844,0.12894657254219055,0.06371739506721497,0.07850274443626404
0,Sigma24,2,Sigma32,0.2589261531829834,Sigma24|Sigma28|Sigma32|Sigma38|Sigma70,5,True,0.22210922837257385,0.2008730173110962,0.2589261531829834,0.18624663352966309,0.033934954553842545,0.09790993481874466
0,Sigma24,2,Sigma32,0.3328058421611786,Sigma24|Sigma28|Sigma32|Sigma38|Sigma70,5,True,0.19865988194942474,0.1799401044845581,0.3328058421611786,0.1374214142560959,0.05893714725971222,0.09223568439483643
0,Sigma24,2,Sigma32,0.24802035093307495,Sigma24|Sigma28|Sigma32|Sigma38|Sigma70,5,True,0.22325819730758667,0.23670358955860138,0.24802035093307495,0.18467871844768524,0.02564905397593975,0.08169010281562805
0,Sigma24,1,Sigma28,0.28333017230033875,Sigma24|Sigma28|Sigma32|Sigma38|Sigma70,5,True,0.21231618523597717,0.28333017230033875,0.2618745267391205,0.1250329464673996,0.03499384596943855,0.08245223760604858
0,Sigma24,2,Sigma32,0.3272543251514435,Sigma24|Sigma28|Sigma32|Sigma38|Sigma54|Sigma70,6,True,0.23423871397972107,0.11414673179388046,0.3272543251514435,0.13817454874515533,0.08583138138055801,0.10035432875156403
0,Sigma24,1,Sigma28,0.28173917531967163,Sigma24|Sigma28|Sigma32|Sigma38|Sigma70,5,True,0.19692207872867584,0.28173917531967163,0.24112537503242493,0.18867242336273193,0.014909446239471436,0.07663141191005707
0,Sigma24,1,Sigma28,0.3070530891418457,Sigma24|Sigma28|Sigma32|Sigma38|Sigma70,5,True,0.189444437623024,0.3070530891418457,0.19924189150333405,0.2302505075931549,0.007434978615492582,0.06657513976097107
0,Sigma24,3,Sigma38,0.46576642990112305,Sigma24|Sigma32|Sigma38|Sigma70,4,True,0.17688579857349396,0.054649896919727325,0.20538488030433655,0.46576642990112305,0.021756820380687714,0.07555621862411499
0,Sigma24,1,Sigma28,0.26854193210601807,Sigma24|Sigma28|Sigma32|Sigma38|Sigma70,5,True,0.17994672060012817,0.26854193210601807,0.21208856999874115,0.2532835304737091,0.014171428978443146,0.07196782529354095
0,Sigma24,3,Sigma38,0.3247263729572296,Sigma24|Sigma28|Sigma32|Sigma38|Sigma70,5,True,0.21072979271411896,0.06969572603702545,0.23674409091472626,0.3247263729572296,0.05344919115304947,0.10465484112501144
1,Sigma28,1,Sigma28,0.28341731429100037,Sigma24|Sigma28|Sigma32|Sigma38|Sigma70,5,True,0.18089264631271362,0.28341731429100037,0.25740715861320496,0.18971551954746246,0.017357995733618736,0.0712093710899353
1,Sigma28,1,Sigma28,0.5479100942611694,Sigma24|Sigma28|Sigma32|Sigma38,4,True,0.13233795762062073,0.5479100942611694,0.14674732089042664,0.11505703628063202,0.010676980018615723,0.04727065563201904
1,Sigma28,3,Sigma38,0.2906402051448822,Sigma24|Sigma28|Sigma32|Sigma38|Sigma70,5,True,0.23300106823444366,0.0945679321885109,0.2344994693994522,0.2906402051448822,0.04300442710518837,0.10428681969642639
1,Sigma28,1,Sigma28,0.2685242295265198,Sigma24|Sigma28|Sigma32|Sigma38|Sigma70,5,True,0.23912455141544342,0.2685242295265198,0.2313610464334488,0.1204560175538063,0.05824076756834984,0.08229346573352814
1,Sigma28,1,Sigma28,0.4913736879825592,Sigma24|Sigma28|Sigma32|Sigma38,4,True,0.1385994702577591,0.4913736879825592,0.14941726624965668,0.15546385943889618,0.013375754468142986,0.05176994949579239
1,Sigma28,2,Sigma32,0.29859259724617004,Sigma24|Sigma28|Sigma32|Sigma38|Sigma54|Sigma70,6,True,0.23206357657909393,0.09255170822143555,0.29859259724617004,0.1526620239019394,0.12667974829673767,0.0974503830075264
1,Sigma28,1,Sigma28,0.36961829662323,Sigma24|Sigma28|Sigma32|Sigma38|Sigma54|Sigma70,6,True,0.1765701323747635,0.36961829662323,0.2515237629413605,0.07453500479459763,0.06409021466970444,0.06366253644227982
1,Sigma28,3,Sigma38,0.2522846460342407,Sigma24|Sigma28|Sigma32|Sigma38|Sigma54|Sigma70,6,True,0.21371185779571533,0.13679872453212738,0.23987819254398346,0.2522846460342407,0.06721341609954834,0.09011314809322357
1,Sigma28,1,Sigma28,0.7088338136672974,Sigma24|Sigma28|Sigma32|Sigma38,4,True,0.09498430043458939,0.7088338136672974,0.09359194338321686,0.06493715941905975,0.005295166280120611,0.03235768526792526
1,Sigma28,4,Sigma54,0.29129183292388916,Sigma24|Sigma32|Sigma38|Sigma54|Sigma70,5,False,0.19593460857868195,0.02298678085207939,0.241322860121727,0.15878665447235107,0.29129183292388916,0.08967728912830353
1,Sigma28,3,Sigma38,0.362882524728775,Sigma24|Sigma32|Sigma38|Sigma70,4,False,0.1811521351337433,0.038734905421733856,0.26245686411857605,0.362882524728775,0.05965469032526016,0.09511884301900864
1,Sigma28,1,Sigma28,0.5071043372154236,Sigma24|Sigma28|Sigma32,3,True,0.1587483137845993,0.5071043372154236,0.19333387911319733,0.06129336357116699,0.025772832334041595,0.053747374564409256
1,Sigma28,1,Sigma28,0.5585989356040955,Sigma24|Sigma28|Sigma32,3,True,0.17092680931091309,0.5585989356040955,0.14807632565498352,0.04333530738949776,0.031071148812770844,0.04799148440361023
1,Sigma28,1,Sigma28,0.3125181794166565,Sigma24|Sigma28|Sigma32|Sigma38|Sigma70,5,True,0.2105250507593155,0.3125181794166565,0.23735742270946503,0.12501636147499084,0.04128364846110344,0.073299340903759
1,Sigma28,1,Sigma28,0.360950767993927,Sigma24|Sigma28|Sigma32|Sigma38|Sigma54,5,True,0.2057967334985733,0.360950767993927,0.20653076469898224,0.07887957245111465,0.08606579154729843,0.061776284128427505
1,Sigma28,1,Sigma28,0.5167386531829834,Sigma24|Sigma28|Sigma32|Sigma38,4,True,0.13783757388591766,0.5167386531829834,0.18818339705467224,0.06526512652635574,0.03424423187971115,0.05773109942674637
1,Sigma28,3,Sigma38,0.4157043993473053,Sigma24|Sigma32|Sigma38|Sigma70,4,False,0.2124706506729126,0.046142011880874634,0.19656552374362946,0.4157043993473053,0.03660435602068901,0.09251313656568527
1,Sigma28,3,Sigma38,0.33595338463783264,Sigma24|Sigma28|Sigma32|Sigma38|Sigma70,5,True,0.2177014797925949,0.1607310175895691,0.18028295040130615,0.33595338463783264,0.01875966787338257,0.08657146245241165
1,Sigma28,2,Sigma32,0.2840921878814697,Sigma24|Sigma28|Sigma32|Sigma38|Sigma70,5,True,0.2014969140291214,0.2804076075553894,0.2840921878814697,0.0998278483748436,0.05629635229706764,0.07787904888391495
1,Sigma28,2,Sigma32,0.28925544023513794,Sigma24|Sigma28|Sigma32|Sigma38|Sigma54|Sigma70,6,True,0.22968034446239471,0.12818387150764465,0.28925544023513794,0.15262557566165924,0.11219795048236847,0.08805679529905319
1,Sigma28,1,Sigma28,0.654887855052948,Sigma24|Sigma28|Sigma32|Sigma38,4,True,0.1067507341504097,0.654887855052948,0.11034301668405533,0.0864177867770195,0.004865014459937811,0.03673558682203293
1,Sigma28,1,Sigma28,0.3155128061771393,Sigma24|Sigma28|Sigma32|Sigma38|Sigma54,5,True,0.1652090698480606,0.3155128061771393,0.29190897941589355,0.09732385724782944,0.06740124523639679,0.06264401227235794
1,Sigma28,1,Sigma28,0.37554439902305603,Sigma24|Sigma28|Sigma32|Sigma38|Sigma54|Sigma70,6,True,0.17330992221832275,0.37554439902305603,0.2329232543706894,0.06880481541156769,0.07900272309780121,0.07041492313146591
1,Sigma28,1,Sigma28,0.45557790994644165,Sigma24|Sigma28|Sigma32|Sigma38,4,True,0.16300825774669647,0.45557790994644165,0.1600624918937683,0.15104298293590546,0.010124331340193748,0.06018403545022011
1,Sigma28,1,Sigma28,0.587174654006958,Sigma24|Sigma28|Sigma32|Sigma38,4,True,0.13832871615886688,0.587174654006958,0.12887665629386902,0.0969291627407074,0.011141001246869564,0.037549763917922974
1,Sigma28,2,Sigma32,0.29083216190338135,Sigma24|Sigma28|Sigma32|Sigma38|Sigma54|Sigma70,6,True,0.22427529096603394,0.12365472316741943,0.29083216190338135,0.20186318457126617,0.06826183944940567,0.09111280739307404
1,Sigma28,1,Sigma28,0.5415614247322083,Sigma24|Sigma28|Sigma32,3,True,0.16138610243797302,0.5415614247322083,0.1746026873588562,0.04991258308291435,0.020183373242616653,0.052353862673044205
1,Sigma28,1,Sigma28,0.7378932237625122,Sigma24|Sigma28|Sigma32,3,True,0.0886416882276535,0.7378932237625122,0.09502734988927841,0.03814578056335449,0.011350350454449654,0.028941605240106583
2,Sigma32,1,Sigma28,0.3344610333442688,Sigma24|Sigma28|Sigma32|Sigma38|Sigma70,5,True,0.18987509608268738,0.3344610333442688,0.2086423635482788,0.1731135994195938,0.024406082928180695,0.06950175017118454
2,Sigma32,3,Sigma38,0.4006637930870056,Sigma24|Sigma28|Sigma32|Sigma38|Sigma70,5,True,0.19348038733005524,0.10387279838323593,0.199307382106781,0.4006637930870056,0.019049931317567825,0.08362563699483871
2,Sigma32,2,Sigma32,0.31267663836479187,Sigma24|Sigma28|Sigma32|Sigma38|Sigma54|Sigma70,6,True,0.223557248711586,0.09159267693758011,0.31267663836479187,0.18959231674671173,0.08040987700223923,0.10217124968767166
2,Sigma32,2,Sigma32,0.2831415832042694,Sigma24|Sigma28|Sigma32|Sigma38|Sigma70,5,True,0.21761785447597504,0.13966628909111023,0.2831415832042694,0.22465263307094574,0.029922906309366226,0.10499867796897888
2,Sigma32,2,Sigma32,0.2893080711364746,Sigma24|Sigma32|Sigma38|Sigma54|Sigma70,5,True,0.19255699217319489,0.030691374093294144,0.2893080711364746,0.2570396661758423,0.13681581616401672,0.09358801692724228
2,Sigma32,2,Sigma32,0.28861820697784424,Sigma24|Sigma32|Sigma38|Sigma54|Sigma70,5,True,0.20372498035430908,0.0568937323987484,0.28861820697784424,0.2523251473903656,0.09910222142934799,0.09933573007583618
2,Sigma32,2,Sigma32,0.30304160714149475,Sigma24|Sigma28|Sigma32|Sigma38|Sigma54|Sigma70,6,True,0.21195340156555176,0.07805301994085312,0.30304160714149475,0.2010938823223114,0.11142261326313019,0.0944354385137558
2,Sigma32,2,Sigma32,0.29059702157974243,Sigma24|Sigma28|Sigma32|Sigma38|Sigma54|Sigma70,6,True,0.22200137376785278,0.09185604006052017,0.29059702157974243,0.14998087286949158,0.1375305950641632,0.1080341786146164
2,Sigma32,3,Sigma38,0.3148605227470398,Sigma24|Sigma28|Sigma32|Sigma38|Sigma70,5,True,0.15919657051563263,0.27107155323028564,0.17812791466712952,0.3148605227470398,0.009400730952620506,0.06734266132116318
2,Sigma32,3,Sigma38,0.30832141637802124,Sigma24|Sigma28|Sigma32|Sigma38|Sigma70,5,True,0.22208526730537415,0.0826520025730133,0.23450735211372375,0.30832141637802124,0.04744759202003479,0.10498638451099396
2,Sigma32,1,Sigma28,0.2980266213417053,Sigma24|Sigma28|Sigma32|Sigma38|Sigma54|Sigma70,6,True,0.1883510947227478,0.2980266213417053,0.2409573346376419,0.09354221820831299,0.11345845460891724,0.06566429138183594
2,Sigma32,2,Sigma32,0.26833227276802063,Sigma24|Sigma28|Sigma32|Sigma38|Sigma54|Sigma70,6,True,0.19513732194900513,0.09250297397375107,0.26833227276802063,0.15733566880226135,0.18674562871456146,0.0999460518360138
2,Sigma32,3,Sigma38,0.2737813889980316,Sigma24|Sigma28|Sigma32|Sigma38|Sigma70,5,True,0.21268132328987122,0.12885504961013794,0.24578002095222473,0.2737813889980316,0.04469144716858864,0.09421063214540482
2,Sigma32,1,Sigma28,0.2860650420188904,Sigma24|Sigma28|Sigma32|Sigma38|Sigma70,5,True,0.1877688318490982,0.2860650420188904,0.2171591818332672,0.2021225243806839,0.029515070840716362,0.077369324862957
2,Sigma32,1,Sigma28,0.319341778755188,Sigma24|Sigma28|Sigma32|Sigma38|Sigma70,5,True,0.19933222234249115,0.319341778755188,0.21031548082828522,0.14929941296577454,0.042663488537073135,0.07904756814241409
2,Sigma32,1,Sigma28,0.5082076787948608,Sigma24|Sigma28|Sigma32|Sigma38,4,True,0.14003241062164307,0.5082076787948608,0.15578797459602356,0.13237087428569794,0.010809337720274925,0.05279167741537094
2,Sigma32,4,Sigma54,0.2777232229709625,Sigma24|Sigma32|Sigma38|Sigma54|Sigma70,5,True,0.16856828331947327,0.01605158858001232,0.2421356588602066,0.19693966209888458,0.2777232229709625,0.09858160465955734
2,Sigma32,2,Sigma32,0.25375452637672424,Sigma24|Sigma28|Sigma32|Sigma38|Sigma54|Sigma70,6,True,0.24487163126468658,0.21374601125717163,0.25375452637672424,0.10194093734025955,0.09560425579547882,0.09008260816335678
2,Sigma32,2,Sigma32,0.30708903074264526,Sigma24|Sigma28|Sigma32|Sigma38|Sigma70,5,True,0.21074208617210388,0.08273559808731079,0.30708903074264526,0.23577840626239777,0.06213150545954704,0.10152335464954376
2,Sigma32,2,Sigma32,0.26989760994911194,Sigma24|Sigma28|Sigma32|Sigma38|Sigma54|Sigma70,6,True,0.21755066514015198,0.23168152570724487,0.26989760994911194,0.09860004484653473,0.11165911704301834,0.07061099261045456
2,Sigma32,1,Sigma28,0.4077937602996826,Sigma24|Sigma28|Sigma32|Sigma38,4,True,0.16494356095790863,0.4077937602996826,0.19618526101112366,0.1546960026025772,0.017745742574334145,0.0586356483399868
2,Sigma32,1,Sigma28,0.34010082483291626,Sigma24|Sigma28|Sigma32|Sigma38|Sigma70,5,True,0.16923925280570984,0.34010082483291626,0.2211965173482895,0.18557976186275482,0.014908757992088795,0.06897484511137009
2,Sigma32,2,Sigma32,0.27962440252304077,Sigma24|Sigma28|Sigma32|Sigma38|Sigma70,5,True,0.20489242672920227,0.23565088212490082,0.27962440252304077,0.1492634415626526,0.04911178722977638,0.08145704120397568
2,Sigma32,2,Sigma32,0.27514222264289856,Sigma24|Sigma28|Sigma32|Sigma38|Sigma70,5,True,0.22282104194164276,0.15529057383537292,0.27514222264289856,0.20634102821350098,0.051327209919691086,0.0890779197216034
2,Sigma32,1,Sigma28,0.35732612013816833,Sigma24|Sigma28|Sigma32|Sigma38|Sigma70,5,True,0.17690008878707886,0.35732612013816833,0.24496521055698395,0.10676781833171844,0.044626686722040176,0.0694141536951065
2,Sigma32,2,Sigma32,0.24851025640964508,Sigma24|Sigma28|Sigma32|Sigma38|Sigma70,5,True,0.23527580499649048,0.11397205293178558,0.24851025640964508,0.23165155947208405,0.054159875959157944,0.11643051356077194
2,Sigma32,3,Sigma38,0.3190811276435852,Sigma24|Sigma28|Sigma32|Sigma38|Sigma70,5,True,0.19679227471351624,0.18848858773708344,0.1988501101732254,0.3190811276435852,0.01639598235487938,0.08039190620183945
2,Sigma32,3,Sigma38,0.4182283282279968,Sigma24|Sigma32|Sigma38|Sigma70,4,True,0.17035561800003052,0.026819515973329544,0.23797357082366943,0.4182283282279968,0.05628617852926254,0.09033670276403427
2,Sigma32,2,Sigma32,0.2637372314929962,Sigma24|Sigma28|Sigma32|Sigma38|Sigma54|Sigma70,6,True,0.21779541671276093,0.12845423817634583,0.2637372314929962,0.22327613830566406,0.07717985659837723,0.08955708891153336
2,Sigma32,3,Sigma38,0.29868295788764954,Sigma24|Sigma28|Sigma32|Sigma38|Sigma70,5,True,0.2001013457775116,0.12201366573572159,0.2532293200492859,0.29868295788764954,0.036359403282403946,0.08961325883865356
2,Sigma32,2,Sigma32,0.26398709416389465,Sigma24|Sigma28|Sigma32|Sigma38|Sigma54|Sigma70,6,True,0.2297905683517456,0.09520851820707321,0.26398709416389465,0.16231925785541534,0.14164772629737854,0.10704687237739563
2,Sigma32,2,Sigma32,0.27693575620651245,Sigma24|Sigma28|Sigma32|Sigma38|Sigma70,5,True,0.247382253408432,0.1412264108657837,0.27693575620651245,0.19674862921237946,0.04628847539424896,0.09141847491264343
2,Sigma32,4,Sigma54,0.30055972933769226,Sigma24|Sigma32|Sigma38|Sigma54|Sigma70,5,True,0.17586342990398407,0.0113905668258667,0.21329817175865173,0.21679344773292542,0.30055972933769226,0.08209467679262161
2,Sigma32,2,Sigma32,0.29567164182662964,Sigma24|Sigma28|Sigma32|Sigma38|Sigma70,5,True,0.22087354958057404,0.16811224818229675,0.29567164182662964,0.1972714364528656,0.028233520686626434,0.08983761817216873
2,Sigma32,2,Sigma32,0.27674487233161926,Sigma24|Sigma28|Sigma32|Sigma38|Sigma54|Sigma70,6,True,0.2128494679927826,0.0861414223909378,0.27674487233161926,0.20430192351341248,0.12232421338558197,0.09763815999031067
2,Sigma32,1,Sigma28,0.4412475824356079,Sigma24|Sigma28|Sigma32|Sigma38,4,True,0.1562584936618805,0.4412475824356079,0.21523123979568481,0.092316634953022,0.03217673301696777,0.06276927143335342
2,Sigma32,3,Sigma38,0.34349265694618225,Sigma24|Sigma32|Sigma38|Sigma54|Sigma70,5,True,0.2092360556125641,0.03783683851361275,0.22113919258117676,0.34349265694618225,0.09223303943872452,0.09606225043535233
2,Sigma32,1,Sigma28,0.9524361491203308,Sigma28,1,False,0.02003718912601471,0.9524361491203308,0.01444282103329897,0.00877968966960907,0.0004108463763259351,0.003893244545906782
2,Sigma32,0,Sigma24,0.23939579725265503,Sigma24|Sigma28|Sigma32|Sigma38|Sigma70,5,True,0.23939579725265503,0.20246756076812744,0.2322959303855896,0.19688107073307037,0.028494395315647125,0.10046526789665222
2,Sigma32,2,Sigma32,0.30153489112854004,Sigma24|Sigma28|Sigma32|Sigma38|Sigma54|Sigma70,6,True,0.2532254457473755,0.12096499651670456,0.30153489112854004,0.12271086126565933,0.10996276885271072,0.09160108119249344
2,Sigma32,2,Sigma32,0.3121247887611389,Sigma24|Sigma28|Sigma32|Sigma38|Sigma54|Sigma70,6,True,0.2223966270685196,0.0890241414308548,0.3121247887611389,0.1700820028781891,0.10763914883136749,0.0987333208322525
2,Sigma32,2,Sigma32,0.33207762241363525,Sigma24|Sigma28|Sigma32|Sigma38|Sigma70,5,True,0.21824583411216736,0.08392059057950974,0.33207762241363525,0.21543164551258087,0.043736282736063004,0.10658802092075348
2,Sigma32,2,Sigma32,0.2857270836830139,Sigma24|Sigma32|Sigma38|Sigma54|Sigma70,5,True,0.18344955146312714,0.05538542941212654,0.2857270836830139,0.13829155266284943,0.24680200219154358,0.09034430235624313
2,Sigma32,3,Sigma38,0.2896338403224945,Sigma24|Sigma32|Sigma38|Sigma54|Sigma70,5,True,0.22346287965774536,0.049950819462537766,0.23089157044887543,0.2896338403224945,0.10659296810626984,0.0994679406285286
2,Sigma32,2,Sigma32,0.3312435448169708,Sigma24|Sigma28|Sigma32|Sigma38|Sigma54|Sigma70,6,True,0.18266530334949493,0.07874329388141632,0.3312435448169708,0.15695369243621826,0.160893976688385,0.08950026333332062
2,Sigma32,2,Sigma32,0.28555893898010254,Sigma24|Sigma28|Sigma32|Sigma38|Sigma70,5,True,0.217689648270607,0.18882088363170624,0.28555893898010254,0.16507267951965332,0.046292826533317566,0.09656503051519394
2,Sigma32,1,Sigma28,0.3169585168361664,Sigma24|Sigma28|Sigma32|Sigma38|Sigma70,5,True,0.20486198365688324,0.3169585168361664,0.19209739565849304,0.20334090292453766,0.011646765284240246,0.07109436392784119
2,Sigma32,4,Sigma54,0.3238900899887085,Sigma24|Sigma32|Sigma38|Sigma54|Sigma70,5,True,0.15906095504760742,0.017589906230568886,0.2342861294746399,0.17689113318920135,0.3238900899887085,0.08828187733888626
2,Sigma32,2,Sigma32,0.25070127844810486,Sigma24|Sigma28|Sigma32|Sigma38|Sigma54|Sigma70,6,True,0.2228117287158966,0.22666127979755402,0.25070127844810486,0.11545276641845703,0.09244056046009064,0.09193234890699387
2,Sigma32,2,Sigma32,0.2639886736869812,Sigma24|Sigma28|Sigma32|Sigma38|Sigma70,5,True,0.22661395370960236,0.2509852647781372,0.2639886736869812,0.12046955525875092,0.057050418108701706,0.08089219778776169
2,Sigma32,3,Sigma38,0.45200586318969727,Sigma24|Sigma28|Sigma32|Sigma38|Sigma70,5,True,0.1566818803548813,0.07059907913208008,0.21872660517692566,0.45200586318969727,0.022148363292217255,0.07983817160129547
2,Sigma32,1,Sigma28,0.3868672549724579,Sigma24|Sigma28|Sigma32|Sigma38|Sigma70,5,True,0.1835339516401291,0.3868672549724579,0.20687170326709747,0.1347067654132843,0.024163343012332916,0.06385710090398788
2,Sigma32,2,Sigma32,0.2697169780731201,Sigma24|Sigma28|Sigma32|Sigma38|Sigma54|Sigma70,6,True,0.24499164521694183,0.14076553285121918,0.2697169780731201,0.15857484936714172,0.083749920129776,0.10220110416412354
2,Sigma32,2,Sigma32,0.29273638129234314,Sigma24|Sigma28|Sigma32|Sigma38|Sigma54|Sigma70,6,True,0.22436776757240295,0.0780475065112114,0.29273638129234314,0.14841249585151672,0.15196339786052704,0.10447243601083755
2,Sigma32,2,Sigma32,0.27286213636398315,Sigma24|Sigma32|Sigma38|Sigma54|Sigma70,5,True,0.19235748052597046,0.03796478360891342,0.27286213636398315,0.17471954226493835,0.22748105227947235,0.09461501985788345
2,Sigma32,2,Sigma32,0.31948310136795044,Sigma24|Sigma32|Sigma38|Sigma54|Sigma70,5,True,0.18939606845378876,0.05413826182484627,0.31948310136795044,0.2491232454776764,0.08165153861045837,0.10620769113302231
2,Sigma32,2,Sigma32,0.2467096596956253,Sigma24|Sigma32|Sigma38|Sigma54|Sigma70,5,True,0.1997159719467163,0.02364855632185936,0.2467096596956253,0.23867303133010864,0.19699397683143616,0.09425881505012512
2,Sigma32,0,Sigma24,0.2566668689250946,Sigma24|Sigma28|Sigma32|Sigma38|Sigma54|Sigma70,6,True,0.2566668689250946,0.12586601078510284,0.24193477630615234,0.17417249083518982,0.09028783440589905,0.11107203364372253
2,Sigma32,1,Sigma28,0.49407193064689636,Sigma24|Sigma28|Sigma32|Sigma38,4,True,0.1504499912261963,0.49407193064689636,0.18379415571689606,0.10827987641096115,0.014772314578294754,0.04863171651959419
3,Sigma38,4,Sigma54,0.32350173592567444,Sigma24|Sigma32|Sigma38|Sigma54|Sigma70,5,True,0.16862232983112335,0.0075813522562384605,0.19892333447933197,0.2111942619085312,0.32350173592567444,0.09017694741487503
3,Sigma38,1,Sigma28,0.289631724357605,Sigma24|Sigma28|Sigma32|Sigma38|Sigma70,5,True,0.2281522899866104,0.289631724357605,0.2244310826063156,0.14712220430374146,0.032946910709142685,0.07771574705839157
3,Sigma38,3,Sigma38,0.36992499232292175,Sigma24|Sigma28|Sigma32|Sigma38|Sigma70,5,True,0.1817941814661026,0.14453169703483582,0.2125903069972992,0.36992499232292175,0.011082054115831852,0.08007679879665375
3,Sigma38,3,Sigma38,0.3157181143760681,Sigma24|Sigma28|Sigma32|Sigma38|Sigma70,5,True,0.21361659467220306,0.08951268345117569,0.2529560625553131,0.3157181143760681,0.032817475497722626,0.09537909179925919
3,Sigma38,3,Sigma38,0.35287901759147644,Sigma24|Sigma28|Sigma32|Sigma38|Sigma70,5,True,0.20836733281612396,0.06880669295787811,0.2488798350095749,0.35287901759147644,0.03252498060464859,0.08854226768016815
3,Sigma38,3,Sigma38,0.3508358895778656,Sigma24|Sigma28|Sigma32|Sigma38|Sigma70,5,True,0.18099451065063477,0.10625167936086655,0.25300392508506775,0.3508358895778656,0.018014639616012573,0.09089940041303635
3,Sigma38,3,Sigma38,0.32515913248062134,Sigma24|Sigma28|Sigma32|Sigma38|Sigma70,5,True,0.22040826082229614,0.08623426407575607,0.22723303735256195,0.32515913248062134,0.04017774388194084,0.10078761726617813
3,Sigma38,3,Sigma38,0.2519381046295166,Sigma24|Sigma32|Sigma38|Sigma54|Sigma70,5,True,0.19455446302890778,0.023329738527536392,0.25065526366233826,0.2519381046295166,0.1765107661485672,0.10301174968481064
3,Sigma38,2,Sigma32,0.28092220425605774,Sigma24|Sigma28|Sigma32|Sigma38|Sigma54|Sigma70,6,True,0.24213071167469025,0.09402623772621155,0.28092220425605774,0.19760450720787048,0.08375008404254913,0.10156624019145966
3,Sigma38,2,Sigma32,0.2706107199192047,Sigma24|Sigma28|Sigma32|Sigma38|Sigma54|Sigma70,6,True,0.22958466410636902,0.08472740650177002,0.2706107199192047,0.1189252957701683,0.19921064376831055,0.09694113582372665
3,Sigma38,3,Sigma38,0.30217400193214417,Sigma24|Sigma32|Sigma38|Sigma54|Sigma70,5,True,0.15399812161922455,0.01490352675318718,0.2566784918308258,0.30217400193214417,0.19482222199440002,0.07742365449666977
3,Sigma38,2,Sigma32,0.25455212593078613,Sigma24|Sigma28|Sigma32|Sigma38|Sigma70,5,True,0.2245175838470459,0.20315715670585632,0.25455212593078613,0.21624252200126648,0.02145901694893837,0.08007164299488068
3,Sigma38,3,Sigma38,0.4079751968383789,Sigma24|Sigma28|Sigma32|Sigma38|Sigma70,5,True,0.1886264830827713,0.09100034087896347,0.21554693579673767,0.4079751968383789,0.016221921890974045,0.08062908053398132
3,Sigma38,3,Sigma38,0.32196125388145447,Sigma24|Sigma32|Sigma38|Sigma70,4,True,0.2220516949892044,0.056376464664936066,0.2502244710922241,0.32196125388145447,0.059483788907527924,0.0899023786187172
3,Sigma38,1,Sigma28,0.6055126190185547,Sigma24|Sigma28|Sigma32|Sigma38,4,True,0.14380866289138794,0.6055126190185547,0.11289263516664505,0.0870683416724205,0.00643856730312109,0.04427924379706383
3,Sigma38,2,Sigma32,0.3097783923149109,Sigma24|Sigma28|Sigma32|Sigma38|Sigma70,5,True,0.20083126425743103,0.19220907986164093,0.3097783923149109,0.17795510590076447,0.03976784646511078,0.07945840805768967
3,Sigma38,3,Sigma38,0.24081604182720184,Sigma24|Sigma28|Sigma32|Sigma38|Sigma70,5,True,0.20408448576927185,0.1981373280286789,0.2395090013742447,0.24081604182720184,0.02723035216331482,0.09022286534309387
3,Sigma38,3,Sigma38,0.5781513452529907,Sigma24|Sigma32|Sigma38|Sigma70,4,True,0.14066241681575775,0.02294040657579899,0.16187207400798798,0.5781513452529907,0.020428599789738655,0.07594515383243561
3,Sigma38,3,Sigma38,0.42045092582702637,Sigma24|Sigma32|Sigma38|Sigma70,4,True,0.18969503045082092,0.027559280395507812,0.20611430704593658,0.42045092582702637,0.061764467507600784,0.09441599249839783
3,Sigma38,1,Sigma28,0.44509926438331604,Sigma24|Sigma28|Sigma32|Sigma38,4,True,0.17917443811893463,0.44509926438331604,0.20413833856582642,0.07456628233194351,0.03498315066099167,0.06203842908143997
3,Sigma38,3,Sigma38,0.2788689434528351,Sigma24|Sigma32|Sigma38|Sigma54|Sigma70,5,True,0.20327042043209076,0.0386466383934021,0.25784164667129517,0.2788689434528351,0.13530567288398743,0.08606665581464767
3,Sigma38,3,Sigma38,0.2654653489589691,Sigma24|Sigma28|Sigma32|Sigma38|Sigma70,5,True,0.2167966663837433,0.1231289878487587,0.25247952342033386,0.2654653489589691,0.0483846515417099,0.09374485164880753
3,Sigma38,3,Sigma38,0.41758352518081665,Sigma24|Sigma32|Sigma38|Sigma70,4,True,0.18129505217075348,0.04759213700890541,0.22731786966323853,0.41758352518081665,0.045121971517801285,0.08108949661254883
3,Sigma38,1,Sigma28,0.46038249135017395,Sigma24|Sigma28|Sigma32|Sigma38,4,True,0.13478392362594604,0.46038249135017395,0.13376040756702423,0.2185799926519394,0.00463638361543417,0.04785679653286934
3,Sigma38,1,Sigma28,0.6084023118019104,Sigma24|Sigma28|Sigma32|Sigma38,4,True,0.12151419371366501,0.6084023118019104,0.14218071103096008,0.07674743980169296,0.01244666613638401,0.038708653301000595
3,Sigma38,3,Sigma38,0.29628199338912964,Sigma24|Sigma28|Sigma32|Sigma38|Sigma70,5,True,0.25060486793518066,0.08539708703756332,0.2283434271812439,0.29628199338912964,0.04523434117436409,0.09413827955722809
3,Sigma38,2,Sigma32,0.30412721633911133,Sigma24|Sigma28|Sigma32|Sigma38|Sigma70,5,True,0.1941034346818924,0.11691109091043472,0.30412721633911133,0.27261117100715637,0.028298882767558098,0.0839482918381691
3,Sigma38,2,Sigma32,0.24555009603500366,Sigma24|Sigma28|Sigma32|Sigma38|Sigma54|Sigma70,6,True,0.22374235093593597,0.154311865568161,0.24555009603500366,0.13929523527622223,0.1414489597082138,0.09565150737762451
3,Sigma38,3,Sigma38,0.27713319659233093,Sigma24|Sigma28|Sigma32|Sigma38|Sigma54|Sigma70,6,True,0.22739215195178986,0.06366243958473206,0.2327703833580017,0.27713319659233093,0.08753295242786407,0.11150886863470078
3,Sigma38,3,Sigma38,0.42381393909454346,Sigma24|Sigma28|Sigma32|Sigma38|Sigma70,5,True,0.17297036945819855,0.06901958584785461,0.2066650092601776,0.42381393909454346,0.03761698305606842,0.08991411328315735
3,Sigma38,3,Sigma38,0.3343733847141266,Sigma24|Sigma28|Sigma32|Sigma38|Sigma70,5,True,0.213258758187294,0.06624232977628708,0.23324863612651825,0.3343733847141266,0.056319329887628555,0.09655757993459702
3,Sigma38,3,Sigma38,0.39419063925743103,Sigma24|Sigma32|Sigma38|Sigma70,4,True,0.19123411178588867,0.05048781633377075,0.2150643914937973,0.39419063925743103,0.052858300507068634,0.09616469591856003
3,Sigma38,3,Sigma38,0.4759353995323181,Sigma24|Sigma32|Sigma38|Sigma70,4,True,0.17683462798595428,0.028213193640112877,0.1993083506822586,0.4759353995323181,0.03392871841788292,0.08577977120876312
3,Sigma38,3,Sigma38,0.4497813284397125,Sigma24|Sigma28|Sigma32|Sigma38|Sigma70,5,True,0.15637162327766418,0.08536594361066818,0.21328304708003998,0.4497813284397125,0.024235285818576813,0.07096271961927414
3,Sigma38,1,Sigma28,0.2834727466106415,Sigma24|Sigma28|Sigma32|Sigma38|Sigma70,5,True,0.21907725930213928,0.2834727466106415,0.21780464053153992,0.16979528963565826,0.025857912376523018,0.0839921310544014
3,Sigma38,2,Sigma32,0.27204430103302,Sigma24|Sigma28|Sigma32|Sigma38|Sigma54|Sigma70,6,True,0.218489870429039,0.09092603623867035,0.27204430103302,0.19367273151874542,0.12129053473472595,0.10357655584812164
3,Sigma38,1,Sigma28,0.2728710174560547,Sigma24|Sigma28|Sigma32|Sigma38|Sigma70,5,True,0.2164885252714157,0.2728710174560547,0.19938857853412628,0.2029840648174286,0.0166719201952219,0.09159591048955917
3,Sigma38,3,Sigma38,0.3853680193424225,Sigma24|Sigma32|Sigma38|Sigma54|Sigma70,5,True,0.19486099481582642,0.027063611894845963,0.21695876121520996,0.3853680193424225,0.07199036329984665,0.1037582978606224
4,Sigma54,2,Sigma32,0.27866679430007935,Sigma24|Sigma32|Sigma38|Sigma54|Sigma70,5,True,0.21685396134853363,0.0383564755320549,0.27866679430007935,0.20329666137695312,0.1606595665216446,0.10216660052537918
4,Sigma54,1,Sigma28,0.2996113896369934,Sigma24|Sigma28|Sigma32|Sigma38|Sigma70,5,False,0.21250362694263458,0.2996113896369934,0.24304594099521637,0.10926277935504913,0.055273205041885376,0.08030299842357635
4,Sigma54,2,Sigma32,0.2427368313074112,Sigma24|Sigma28|Sigma32|Sigma38|Sigma54|Sigma70,6,True,0.21744412183761597,0.07607638835906982,0.2427368313074112,0.22739823162555695,0.13962478935718536,0.09671970456838608
4,Sigma54,2,Sigma32,0.3055886924266815,Sigma24|Sigma28|Sigma32|Sigma38|Sigma54|Sigma70,6,True,0.1827217936515808,0.07213292270898819,0.3055886924266815,0.14763469994068146,0.19588418304920197,0.09603773057460785
4,Sigma54,2,Sigma32,0.27601221203804016,Sigma24|Sigma28|Sigma32|Sigma38|Sigma70,5,False,0.20932595431804657,0.24605269730091095,0.27601221203804016,0.12735706567764282,0.05126773566007614,0.08998436480760574
4,Sigma54,0,Sigma24,0.25088170170783997,Sigma24|Sigma28|Sigma32|Sigma38|Sigma70,5,False,0.25088170170783997,0.15169459581375122,0.2413462996482849,0.2038806974887848,0.053953684866428375,0.09824301302433014
4,Sigma54,4,Sigma54,0.35758474469184875,Sigma24|Sigma32|Sigma38|Sigma54|Sigma70,5,True,0.17962588369846344,0.023172223940491676,0.23352119326591492,0.12952947616577148,0.35758474469184875,0.07656644284725189
4,Sigma54,3,Sigma38,0.3622742295265198,Sigma24|Sigma32|Sigma38|Sigma54|Sigma70,5,True,0.20778043568134308,0.03582058101892471,0.22584767639636993,0.3622742295265198,0.07106202840805054,0.09721512347459793
4,Sigma54,2,Sigma32,0.2832668125629425,Sigma24|Sigma28|Sigma32|Sigma38|Sigma70,5,False,0.18828310072422028,0.15067556500434875,0.2832668125629425,0.2750818431377411,0.020585115998983383,0.08210752159357071
4,Sigma54,2,Sigma32,0.24419891834259033,Sigma24|Sigma32|Sigma38|Sigma54|Sigma70,5,True,0.17608188092708588,0.024773720651865005,0.24419891834259033,0.24055111408233643,0.22087262570858002,0.09352172166109085
4,Sigma54,2,Sigma32,0.2609616219997406,Sigma24|Sigma28|Sigma32|Sigma38|Sigma54|Sigma70,6,True,0.2358420044183731,0.07613552361726761,0.2609616219997406,0.18715181946754456,0.13482412695884705,0.1050848439335823
4,Sigma54,4,Sigma54,0.33474045991897583,Sigma24|Sigma28|Sigma32|Sigma38|Sigma54|Sigma70,6,True,0.1684638261795044,0.08777596801519394,0.2582915425300598,0.07240426540374756,0.33474045991897583,0.07832394540309906
4,Sigma54,1,Sigma28,0.42744460701942444,Sigma24|Sigma28|Sigma32|Sigma38,4,False,0.15819332003593445,0.42744460701942444,0.23703214526176453,0.09560565650463104,0.020672142505645752,0.061052028089761734
4,Sigma54,4,Sigma54,0.690423309803009,Sigma24|Sigma32|Sigma38|Sigma54,4,True,0.08936811983585358,0.005691401194781065,0.09608432650566101,0.06774316728115082,0.690423309803009,0.0506896935403347
4,Sigma54,4,Sigma54,0.5177028179168701,Sigma24|Sigma32|Sigma38|Sigma54|Sigma70,5,True,0.13462629914283752,0.006779407616704702,0.15588682889938354,0.11469924449920654,0.5177028179168701,0.07030539959669113
4,Sigma54,4,Sigma54,0.2599047124385834,Sigma24|Sigma32|Sigma38|Sigma54|Sigma70,5,True,0.17657974362373352,0.011947833001613617,0.21712882816791534,0.2422962784767151,0.2599047124385834,0.09214252233505249
4,Sigma54,0,Sigma24,0.26094818115234375,Sigma24|Sigma28|Sigma32|Sigma38|Sigma54|Sigma70,6,True,0.26094818115234375,0.17385004460811615,0.2273007482290268,0.16129086911678314,0.0778806060552597,0.09872956573963165
4,Sigma54,4,Sigma54,0.76417076587677,Sigma24|Sigma32|Sigma54,3,True,0.071676105260849,0.010596168227493763,0.09685155749320984,0.024950802326202393,0.76417076587677,0.03175460547208786
4,Sigma54,4,Sigma54,0.47772714495658875,Sigma24|Sigma32|Sigma38|Sigma54|Sigma70,5,True,0.14492176473140717,0.043190691620111465,0.20314790308475494,0.06373311579227448,0.47772714495658875,0.06727936863899231
4,Sigma54,4,Sigma54,0.5338582992553711,Sigma24|Sigma32|Sigma38|Sigma54|Sigma70,5,True,0.16282902657985687,0.021699612960219383,0.14121128618717194,0.07521568983793259,0.5338582992553711,0.06518609076738358
5,Sigma70,3,Sigma38,0.30359846353530884,Sigma24|Sigma32|Sigma38|Sigma70,4,True,0.2455744445323944,0.06116429716348648,0.23016268014907837,0.30359846353530884,0.048189677298069,0.11131040751934052
5,Sigma70,3,Sigma38,0.34613361954689026,Sigma24|Sigma28|Sigma32|Sigma38|Sigma70,5,True,0.17212536931037903,0.20282423496246338,0.19260931015014648,0.34613361954689026,0.013099691830575466,0.07320773601531982
5,Sigma70,3,Sigma38,0.31043773889541626,Sigma24|Sigma28|Sigma32|Sigma38|Sigma70,5,True,0.22031216323375702,0.08819776773452759,0.245849609375,0.31043773889541626,0.038100264966487885,0.09710240364074707
5,Sigma70,2,Sigma32,0.2791905999183655,Sigma24|Sigma28|Sigma32|Sigma38|Sigma70,5,True,0.23657284677028656,0.2084994912147522,0.2791905999183655,0.1672450453042984,0.027507834136486053,0.08098415285348892
5,Sigma70,3,Sigma38,0.27653905749320984,Sigma24|Sigma28|Sigma32|Sigma38|Sigma70,5,True,0.24919062852859497,0.1102660670876503,0.23682871460914612,0.27653905749320984,0.029119295999407768,0.09805630147457123
5,Sigma70,1,Sigma28,0.284942090511322,Sigma24|Sigma28|Sigma32|Sigma38|Sigma70,5,True,0.18997755646705627,0.284942090511322,0.19218429923057556,0.24218451976776123,0.013170870952308178,0.07754068821668625
5,Sigma70,4,Sigma54,0.2433444857597351,Sigma24|Sigma32|Sigma38|Sigma54|Sigma70,5,True,0.21502907574176788,0.025711799040436745,0.22493517398834229,0.19474780559539795,0.2433444857597351,0.0962316170334816
5,Sigma70,3,Sigma38,0.3944827616214752,Sigma24|Sigma32|Sigma38|Sigma70,4,True,0.21532154083251953,0.02920844778418541,0.21822252869606018,0.3944827616214752,0.0444067008793354,0.09835807234048843
5,Sigma70,2,Sigma32,0.2706720232963562,Sigma24|Sigma32|Sigma38|Sigma54|Sigma70,5,True,0.21657559275627136,0.05348972603678703,0.2706720232963562,0.18938441574573517,0.1736629158258438,0.09621528536081314
5,Sigma70,1,Sigma28,0.33092209696769714,Sigma24|Sigma28|Sigma32|Sigma38,4,False,0.192396342754364,0.33092209696769714,0.17890235781669617,0.2218611240386963,0.0149523401632905,0.06096574291586876
5,Sigma70,3,Sigma38,0.2745856046676636,Sigma24|Sigma32|Sigma38|Sigma54|Sigma70,5,True,0.2259543538093567,0.04953444004058838,0.23050276935100555,0.2745856046676636,0.10804469883441925,0.1113782525062561
5,Sigma70,2,Sigma32,0.2880895435810089,Sigma24|Sigma28|Sigma32|Sigma38|Sigma54|Sigma70,6,True,0.20062512159347534,0.06877055764198303,0.2880895435810089,0.215110644698143,0.1314268708229065,0.09597723931074142
5,Sigma70,2,Sigma32,0.2655310332775116,Sigma24|Sigma28|Sigma32|Sigma38|Sigma70,5,True,0.2150496542453766,0.14827172458171844,0.2655310332775116,0.2055186927318573,0.05901612341403961,0.10661269724369049
5,Sigma70,4,Sigma54,0.30589038133621216,Sigma24|Sigma28|Sigma32|Sigma38|Sigma54|Sigma70,6,True,0.20448820292949677,0.0775233805179596,0.1786649078130722,0.13372255861759186,0.30589038133621216,0.09971052408218384
5,Sigma70,2,Sigma32,0.27511677145957947,Sigma24|Sigma32|Sigma38|Sigma54|Sigma70,5,True,0.22191493213176727,0.04203564673662186,0.27511677145957947,0.2347816526889801,0.12030986696481705,0.10584113001823425
5,Sigma70,3,Sigma38,0.4176510274410248,Sigma24|Sigma32|Sigma38|Sigma70,4,True,0.18587230145931244,0.03443374112248421,0.21245437860488892,0.4176510274410248,0.054494861513376236,0.09509361535310745
5,Sigma70,2,Sigma32,0.2806102931499481,Sigma24|Sigma28|Sigma32|Sigma38|Sigma70,5,True,0.22164419293403625,0.1559971123933792,0.2806102931499481,0.21629919111728668,0.02953326515853405,0.09591595083475113
5,Sigma70,0,Sigma24,0.2480306476354599,Sigma24|Sigma28|Sigma32|Sigma38|Sigma54|Sigma70,6,True,0.2480306476354599,0.14366775751113892,0.22731883823871613,0.12973375618457794,0.14713554084300995,0.1041133850812912
5,Sigma70,2,Sigma32,0.25935062766075134,Sigma24|Sigma32|Sigma38|Sigma54|Sigma70,5,True,0.20402270555496216,0.0620526485145092,0.25935062766075134,0.1395004242658615,0.24235403537750244,0.09271959960460663
5,Sigma70,2,Sigma32,0.25335440039634705,Sigma24|Sigma28|Sigma32|Sigma38|Sigma54|Sigma70,6,True,0.24386273324489594,0.17677877843379974,0.25335440039634705,0.12430919706821442,0.10528276115655899,0.09641215205192566
5,Sigma70,2,Sigma32,0.335362046957016,Sigma24|Sigma32|Sigma38|Sigma70,4,True,0.20202477276325226,0.05641159042716026,0.335362046957016,0.2522802948951721,0.05171537026762962,0.10220585018396378
5,Sigma70,4,Sigma54,0.3934711515903473,Sigma24|Sigma32|Sigma38|Sigma54|Sigma70,5,True,0.21183548867702484,0.03578905388712883,0.1984321027994156,0.08127927035093307,0.3934711515903473,0.07919303327798843
5,Sigma70,3,Sigma38,0.37595751881599426,Sigma24|Sigma28|Sigma32|Sigma38|Sigma70,5,True,0.1933886557817459,0.08181990683078766,0.22804881632328033,0.37595751881599426,0.02817535027861595,0.09260977804660797
5,Sigma70,3,Sigma38,0.2608772814273834,Sigma24|Sigma28|Sigma32|Sigma38|Sigma70,5,True,0.23294201493263245,0.19343842566013336,0.2058667093515396,0.2608772814273834,0.023328321054577827,0.08354715257883072
5,Sigma70,3,Sigma38,0.38779106736183167,Sigma24|Sigma32|Sigma38|Sigma70,4,True,0.20626944303512573,0.029939569532871246,0.21239018440246582,0.38779106736183167,0.05953210964798927,0.10407763719558716
5,Sigma70,2,Sigma32,0.27991530299186707,Sigma24|Sigma32|Sigma38|Sigma54|Sigma70,5,True,0.1783723086118698,0.020434129983186722,0.27991530299186707,0.21260465681552887,0.22324733436107635,0.08542624115943909
5,Sigma70,1,Sigma28,0.24089257419109344,Sigma24|Sigma28|Sigma32|Sigma38|Sigma70,5,True,0.19560086727142334,0.24089257419109344,0.22310233116149902,0.22670909762382507,0.027352862060070038,0.08634227514266968
5,Sigma70,2,Sigma32,0.2688204348087311,Sigma24|Sigma32|Sigma38|Sigma54|Sigma70,5,True,0.17939680814743042,0.020264435559511185,0.2688204348087311,0.268297016620636,0.15608491003513336,0.10713643580675125
5,Sigma70,2,Sigma32,0.2771531939506531,Sigma24|Sigma28|Sigma32|Sigma38|Sigma54|Sigma70,6,True,0.1973721981048584,0.21031370759010315,0.2771531939506531,0.11444125324487686,0.12289188802242279,0.07782774418592453
5,Sigma70,3,Sigma38,0.39341652393341064,Sigma24|Sigma28|Sigma32|Sigma38|Sigma70,5,True,0.1640823781490326,0.07214295864105225,0.25330230593681335,0.39341652393341064,0.04175477474927902,0.07530110329389572
5,Sigma70,3,Sigma38,0.31297561526298523,Sigma24|Sigma32|Sigma38|Sigma54|Sigma70,5,True,0.21047760546207428,0.049081508070230484,0.21749769151210785,0.31297561526298523,0.10537395626306534,0.10459356009960175
5,Sigma70,3,Sigma38,0.39055752754211426,Sigma24|Sigma32|Sigma38|Sigma70,4,True,0.19802609086036682,0.0380522646009922,0.23796117305755615,0.39055752754211426,0.03543915972113609,0.09996376931667328
5,Sigma70,2,Sigma32,0.27504247426986694,Sigma24|Sigma28|Sigma32|Sigma38|Sigma70,5,True,0.19584424793720245,0.23848676681518555,0.27504247426986694,0.16949696838855743,0.03699466958642006,0.08413486927747726
5,Sigma70,2,Sigma32,0.2792283296585083,Sigma24|Sigma28|Sigma32|Sigma38|Sigma54|Sigma70,6,True,0.2281501144170761,0.1726091355085373,0.2792283296585083,0.15182997286319733,0.07631006836891174,0.09187246859073639
5,Sigma70,2,Sigma32,0.28554481267929077,Sigma24|Sigma32|Sigma38|Sigma54|Sigma70,5,True,0.2093838006258011,0.04846661165356636,0.28554481267929077,0.2592756152153015,0.11006005108356476,0.08726904541254044
5,Sigma70,2,Sigma32,0.3051353693008423,Sigma24|Sigma28|Sigma32|Sigma38|Sigma70,5,True,0.20238171517848969,0.07967229932546616,0.3051353693008423,0.28845781087875366,0.03840387240052223,0.0859488844871521
5,Sigma70,3,Sigma38,0.3383406400680542,Sigma24|Sigma32|Sigma38|Sigma70,4,True,0.212895929813385,0.03723436966538429,0.24651210010051727,0.3383406400680542,0.05970533937215805,0.10531160980463028
5,Sigma70,3,Sigma38,0.3504543900489807,Sigma24|Sigma32|Sigma38|Sigma54|Sigma70,5,True,0.19179905951023102,0.014851843938231468,0.2099321186542511,0.3504543900489807,0.15063509345054626,0.08232751488685608
5,Sigma70,3,Sigma38,0.2996412217617035,Sigma24|Sigma28|Sigma32|Sigma38|Sigma70,5,True,0.21504049003124237,0.10535066574811935,0.2576306462287903,0.2996412217617035,0.03601546958088875,0.08632148802280426
5,Sigma70,3,Sigma38,0.2423262894153595,Sigma24|Sigma32|Sigma38|Sigma54|Sigma70,5,True,0.20494720339775085,0.02069729007780552,0.22573819756507874,0.2423262894153595,0.20626728236675262,0.10002380609512329
5,Sigma70,0,Sigma24,0.242454394698143,Sigma24|Sigma28|Sigma32|Sigma38|Sigma70,5,True,0.242454394698143,0.2377694994211197,0.2156977504491806,0.1853778064250946,0.02918853797018528,0.089511938393116
5,Sigma70,2,Sigma32,0.2778766453266144,Sigma24|Sigma32|Sigma38|Sigma54|Sigma70,5,True,0.21764366328716278,0.030565878376364708,0.2778766453266144,0.2582196295261383,0.11307705193758011,0.10261712223291397
5,Sigma70,3,Sigma38,0.48210206627845764,Sigma24|Sigma32|Sigma38|Sigma70,4,True,0.16283826529979706,0.021262746304273605,0.18547141551971436,0.48210206627845764,0.05924583598971367,0.08907962590456009
5,Sigma70,3,Sigma38,0.29617753624916077,Sigma24|Sigma32|Sigma38|Sigma54|Sigma70,5,True,0.18780601024627686,0.04021593928337097,0.2885081470012665,0.29617753624916077,0.08507616072893143,0.10221617668867111
5,Sigma70,3,Sigma38,0.4583585560321808,Sigma24|Sigma28|Sigma32|Sigma38|Sigma70,5,True,0.1739831566810608,0.07327067106962204,0.1998864710330963,0.4583585560321808,0.01546360831707716,0.07903751730918884
5,Sigma70,0,Sigma24,0.24388684332370758,Sigma24|Sigma28|Sigma32|Sigma38|Sigma70,5,True,0.24388684332370758,0.17000122368335724,0.21437835693359375,0.23286157846450806,0.03207731619477272,0.10679468512535095
5,Sigma70,3,Sigma38,0.4856902062892914,Sigma24|Sigma32|Sigma38|Sigma70,4,True,0.17682328820228577,0.05214446038007736,0.1898757666349411,0.4856902062892914,0.02138533815741539,0.07408091425895691
5,Sigma70,3,Sigma38,0.2918088436126709,Sigma24|Sigma28|Sigma32|Sigma38|Sigma70,5,True,0.21265029907226562,0.07708258181810379,0.27979448437690735,0.2918088436126709,0.04076578468084335,0.09789793938398361
5,Sigma70,3,Sigma38,0.3775613307952881,Sigma24|Sigma32|Sigma38|Sigma70,4,True,0.17374476790428162,0.05251329019665718,0.2569153308868408,0.3775613307952881,0.0510818250477314,0.08818341046571732
5,Sigma70,3,Sigma38,0.3919643461704254,Sigma24|Sigma32|Sigma38|Sigma54|Sigma70,5,True,0.16354325413703918,0.024493882432579994,0.25578048825263977,0.3919643461704254,0.07014945894479752,0.09406855702400208
5,Sigma70,3,Sigma38,0.2511320412158966,Sigma24|Sigma28|Sigma32|Sigma38|Sigma54|Sigma70,6,True,0.23430433869361877,0.0854727178812027,0.23966377973556519,0.2511320412158966,0.08718161284923553,0.10224548727273941
5,Sigma70,3,Sigma38,0.3347550928592682,Sigma24|Sigma32|Sigma38|Sigma54|Sigma70,5,True,0.17499810457229614,0.0342237614095211,0.25298193097114563,0.3347550928592682,0.11294028908014297,0.09010088443756104
5,Sigma70,1,Sigma28,0.6297816634178162,Sigma24|Sigma28|Sigma32|Sigma38,4,False,0.1029888316988945,0.6297816634178162,0.11948367953300476,0.11044364422559738,0.004956254735589027,0.03234579786658287
5,Sigma70,1,Sigma28,0.3212597370147705,Sigma24|Sigma28|Sigma32|Sigma38|Sigma70,5,True,0.20981226861476898,0.3212597370147705,0.22240540385246277,0.14464160799980164,0.025657882913947105,0.07622305303812027
5,Sigma70,2,Sigma32,0.2938683331012726,Sigma24|Sigma28|Sigma32|Sigma38|Sigma70,5,True,0.2244405299425125,0.16575762629508972,0.2938683331012726,0.17582657933235168,0.04580153152346611,0.09430531412363052
5,Sigma70,3,Sigma38,0.3818759322166443,Sigma24|Sigma28|Sigma32|Sigma38|Sigma70,5,True,0.17435777187347412,0.1593679040670395,0.2037687599658966,0.3818759322166443,0.009033961221575737,0.07159564644098282
5,Sigma70,2,Sigma32,0.262774795293808,Sigma24|Sigma28|Sigma32|Sigma38|Sigma54|Sigma70,6,True,0.2090776115655899,0.08290211856365204,0.262774795293808,0.13559316098690033,0.21428151428699493,0.09537076950073242
5,Sigma70,3,Sigma38,0.3278881013393402,Sigma24|Sigma28|Sigma32|Sigma38|Sigma70,5,True,0.18227159976959229,0.1287548691034317,0.24872207641601562,0.3278881013393402,0.021002909168601036,0.09136037528514862
5,Sigma70,2,Sigma32,0.28082332015037537,Sigma24|Sigma28|Sigma32|Sigma38|Sigma54|Sigma70,6,True,0.23847143352031708,0.1869034767150879,0.28082332015037537,0.09172038733959198,0.11683589220046997,0.08524546027183533
5,Sigma70,2,Sigma32,0.26307693123817444,Sigma24|Sigma28|Sigma32|Sigma38|Sigma54|Sigma70,6,True,0.1954348385334015,0.1447744369506836,0.26307693123817444,0.2304174304008484,0.07556572556495667,0.0907307043671608
5,Sigma70,2,Sigma32,0.2669524550437927,Sigma24|Sigma28|Sigma32|Sigma38|Sigma54|Sigma70,6,True,0.2309548556804657,0.12207857519388199,0.2669524550437927,0.1840217411518097,0.10129817575216293,0.09469423443078995
5,Sigma70,1,Sigma28,0.4794553816318512,Sigma24|Sigma28|Sigma32|Sigma38,4,False,0.14948615431785583,0.4794553816318512,0.1525699645280838,0.1607620120048523,0.004961835686117411,0.052764616906642914
5,Sigma70,2,Sigma32,0.31313592195510864,Sigma24|Sigma28|Sigma32|Sigma38|Sigma70,5,True,0.23271961510181427,0.07976505905389786,0.31313592195510864,0.211144357919693,0.059732966125011444,0.10350204259157181
5,Sigma70,3,Sigma38,0.32199764251708984,Sigma24|Sigma32|Sigma38|Sigma54|Sigma70,5,True,0.19848765432834625,0.02983652614057064,0.24766410887241364,0.32199764251708984,0.1067553460597992,0.09525871276855469
5,Sigma70,3,Sigma38,0.35044631361961365,Sigma24|Sigma32|Sigma38|Sigma70,4,True,0.21618497371673584,0.0535140223801136,0.23910994827747345,0.35044631361961365,0.04090984910726547,0.09983491897583008
5,Sigma70,1,Sigma28,0.5893591046333313,Sigma24|Sigma28|Sigma32|Sigma38,4,False,0.1413828432559967,0.5893591046333313,0.1342075616121292,0.06480296701192856,0.020245207473635674,0.050002362579107285
5,Sigma70,3,Sigma38,0.34486135840415955,Sigma24|Sigma32|Sigma38|Sigma54|Sigma70,5,True,0.2004297375679016,0.014613649807870388,0.1801774650812149,0.34486135840415955,0.15903650224208832,0.10088120400905609
5,Sigma70,3,Sigma38,0.2609640955924988,Sigma24|Sigma28|Sigma32|Sigma38|Sigma70,5,True,0.24427182972431183,0.14981096982955933,0.22308561205863953,0.2609640955924988,0.03830469399690628,0.08356287330389023
5,Sigma70,3,Sigma38,0.45234036445617676,Sigma24|Sigma28|Sigma32|Sigma38|Sigma70,5,True,0.19625714421272278,0.07337887585163116,0.1815868467092514,0.45234036445617676,0.016444223001599312,0.07999253273010254
5,Sigma70,3,Sigma38,0.3474735617637634,Sigma24|Sigma32|Sigma38|Sigma70,4,True,0.24550823867321014,0.045526959002017975,0.1962026208639145,0.3474735617637634,0.055872417986392975,0.10941626876592636
5,Sigma70,3,Sigma38,0.2945927083492279,Sigma24|Sigma32|Sigma38|Sigma54|Sigma70,5,True,0.2008262574672699,0.040773048996925354,0.27026331424713135,0.2945927083492279,0.09781519323587418,0.0957295224070549
5,Sigma70,4,Sigma54,0.29153767228126526,Sigma24|Sigma32|Sigma38|Sigma54|Sigma70,5,True,0.15571758151054382,0.02348639816045761,0.2736654281616211,0.16804881393909454,0.29153767228126526,0.08754408359527588
5,Sigma70,2,Sigma32,0.2800308167934418,Sigma24|Sigma28|Sigma32|Sigma38|Sigma54|Sigma70,6,True,0.23694327473640442,0.085088811814785,0.2800308167934418,0.19279825687408447,0.09062957763671875,0.11450918763875961
5,Sigma70,2,Sigma32,0.2690642178058624,Sigma24|Sigma28|Sigma32|Sigma38|Sigma70,5,True,0.20934869349002838,0.1837148517370224,0.2690642178058624,0.21351386606693268,0.026269739493727684,0.0980885773897171
5,Sigma70,4,Sigma54,0.2764986753463745,Sigma24|Sigma32|Sigma38|Sigma54|Sigma70,5,True,0.18008975684642792,0.01455327682197094,0.25993651151657104,0.17777855694293976,0.2764986753463745,0.09114322066307068
5,Sigma70,3,Sigma38,0.3417171835899353,Sigma24|Sigma32|Sigma38|Sigma70,4,True,0.22257272899150848,0.03220481425523758,0.2495095580816269,0.3417171835899353,0.05336402729153633,0.10063164681196213
5,Sigma70,3,Sigma38,0.3551464378833771,Sigma24|Sigma28|Sigma32|Sigma38|Sigma70,5,True,0.21375124156475067,0.07327329367399216,0.23649361729621887,0.3551464378833771,0.030721573159098625,0.09061379730701447
5,Sigma70,2,Sigma32,0.2833440899848938,Sigma24|Sigma28|Sigma32|Sigma38|Sigma54|Sigma70,6,True,0.20281700789928436,0.10533115267753601,0.2833440899848938,0.2471775859594345,0.07815267145633698,0.08317754417657852
5,Sigma70,2,Sigma32,0.2904186546802521,Sigma24|Sigma28|Sigma32|Sigma38|Sigma70,5,True,0.23911304771900177,0.21625366806983948,0.2904186546802521,0.11808648705482483,0.05407581478357315,0.08205237239599228
5,Sigma70,3,Sigma38,0.3499123454093933,Sigma24|Sigma28|Sigma32|Sigma38|Sigma70,5,True,0.1952507048845291,0.11817551404237747,0.23759284615516663,0.3499123454093933,0.015668835490942,0.08339975029230118
5,Sigma70,3,Sigma38,0.3865458369255066,Sigma24|Sigma32|Sigma38|Sigma70,4,True,0.19472461938858032,0.04854660853743553,0.22187454998493195,0.3865458369255066,0.04808945581316948,0.1002190038561821
5,Sigma70,3,Sigma38,0.2925054132938385,Sigma24|Sigma32|Sigma38|Sigma54|Sigma70,5,True,0.2095436453819275,0.0543641522526741,0.2621239721775055,0.2925054132938385,0.08315601199865341,0.09830670803785324
5,Sigma70,3,Sigma38,0.45537567138671875,Sigma24|Sigma32|Sigma38|Sigma70,4,True,0.18510957062244415,0.03907065838575363,0.1950875073671341,0.45537567138671875,0.03255900740623474,0.09279760718345642
5,Sigma70,3,Sigma38,0.3537747859954834,Sigma24|Sigma28|Sigma32|Sigma38|Sigma70,5,True,0.16491274535655975,0.12665775418281555,0.2383001148700714,0.3537747859954834,0.04048025235533714,0.07587437331676483
5,Sigma70,3,Sigma38,0.28926882147789,Sigma24|Sigma28|Sigma32|Sigma38|Sigma70,5,True,0.2400612235069275,0.08841346949338913,0.22159342467784882,0.28926882147789,0.053361084312200546,0.1073019877076149
5,Sigma70,1,Sigma28,0.2579338550567627,Sigma24|Sigma28|Sigma32|Sigma38|Sigma54|Sigma70,6,True,0.22417457401752472,0.2579338550567627,0.24264274537563324,0.12056528776884079,0.07255268841981888,0.08213081955909729
5,Sigma70,1,Sigma28,0.48268717527389526,Sigma24|Sigma28|Sigma32|Sigma38,4,False,0.16280360519886017,0.48268717527389526,0.17943602800369263,0.10216052085161209,0.016340604051947594,0.056572090834379196
5,Sigma70,3,Sigma38,0.2758835554122925,Sigma24|Sigma32|Sigma38|Sigma54|Sigma70,5,True,0.22061492502689362,0.029068028554320335,0.21117891371250153,0.2758835554122925,0.15885668992996216,0.10439790785312653
5,Sigma70,3,Sigma38,0.31283050775527954,Sigma24|Sigma28|Sigma32|Sigma38|Sigma70,5,True,0.2190888524055481,0.12214038521051407,0.23074302077293396,0.31283050775527954,0.029360029846429825,0.08583725243806839
5,Sigma70,1,Sigma28,0.25562116503715515,Sigma24|Sigma28|Sigma32|Sigma38|Sigma70,5,True,0.20880098640918732,0.25562116503715515,0.23485073447227478,0.18174825608730316,0.03508488088846207,0.0838940218091011
5,Sigma70,3,Sigma38,0.38844552636146545,Sigma24|Sigma28|Sigma32|Sigma38|Sigma70,5,True,0.21059341728687286,0.07673784345388412,0.2267841398715973,0.38844552636146545,0.01680142991244793,0.08063759654760361
5,Sigma70,3,Sigma38,0.371339350938797,Sigma24|Sigma32|Sigma38|Sigma54|Sigma70,5,True,0.18281279504299164,0.019179031252861023,0.2092290073633194,0.371339350938797,0.11683684587478638,0.10060300678014755
5,Sigma70,3,Sigma38,0.3661321699619293,Sigma24|Sigma28|Sigma32|Sigma38|Sigma70,5,True,0.2138763815164566,0.07452994585037231,0.2076222002506256,0.3661321699619293,0.030454121530056,0.10738510638475418
5,Sigma70,2,Sigma32,0.28579181432724,Sigma24|Sigma32|Sigma38|Sigma54|Sigma70,5,True,0.20108497142791748,0.05373093858361244,0.28579181432724,0.26452183723449707,0.10109218955039978,0.09377828240394592
5,Sigma70,3,Sigma38,0.2921024560928345,Sigma24|Sigma28|Sigma32|Sigma38|Sigma70,5,True,0.21168866753578186,0.14569991827011108,0.2237630933523178,0.2921024560928345,0.03496750444173813,0.0917784571647644
5,Sigma70,3,Sigma38,0.25512105226516724,Sigma24|Sigma28|Sigma32|Sigma38|Sigma70,5,True,0.2382688671350479,0.1266355812549591,0.24285897612571716,0.25512105226516724,0.03816625475883484,0.09894930571317673
5,Sigma70,3,Sigma38,0.4330822229385376,Sigma24|Sigma28|Sigma32|Sigma38|Sigma70,5,True,0.1914699375629425,0.09635370224714279,0.1808965504169464,0.4330822229385376,0.017002861946821213,0.08119469881057739
5,Sigma70,3,Sigma38,0.2779189944267273,Sigma24|Sigma28|Sigma32|Sigma38|Sigma70,5,True,0.21903282403945923,0.1583213210105896,0.23051214218139648,0.2779189944267273,0.03221418708562851,0.08200050890445709
5,Sigma70,3,Sigma38,0.2915705442428589,Sigma24|Sigma32|Sigma38|Sigma54|Sigma70,5,True,0.2174799144268036,0.024340776726603508,0.2716432213783264,0.2915705442428589,0.09638658910989761,0.098579041659832
5,Sigma70,1,Sigma28,0.669001579284668,Sigma24|Sigma28|Sigma32,3,False,0.11352121084928513,0.669001579284668,0.12159019708633423,0.0493541955947876,0.01146170124411583,0.035071179270744324
5,Sigma70,1,Sigma28,0.30814969539642334,Sigma24|Sigma28|Sigma32|Sigma38|Sigma70,5,True,0.1821046620607376,0.30814969539642334,0.2063690721988678,0.2230226844549179,0.007566029671579599,0.0727878212928772
5,Sigma70,2,Sigma32,0.24709147214889526,Sigma24|Sigma28|Sigma32|Sigma38|Sigma70,5,True,0.2137056440114975,0.17200328409671783,0.24709147214889526,0.23963508009910583,0.03708658739924431,0.09047789871692657
5,Sigma70,2,Sigma32,0.2618226110935211,Sigma24|Sigma28|Sigma32|Sigma38|Sigma70,5,True,0.2127314954996109,0.1505565196275711,0.2618226110935211,0.22758714854717255,0.05146168917417526,0.09584058821201324
5,Sigma70,2,Sigma32,0.2834925353527069,Sigma24|Sigma28|Sigma32|Sigma38|Sigma70,5,True,0.21944047510623932,0.10201936215162277,0.2834925353527069,0.26717647910118103,0.029527127742767334,0.09834405034780502
5,Sigma70,4,Sigma54,0.288657009601593,Sigma24|Sigma28|Sigma32|Sigma38|Sigma54|Sigma70,6,True,0.20208245515823364,0.07220228761434555,0.21879398822784424,0.11756163090467453,0.288657009601593,0.1007026955485344
5,Sigma70,3,Sigma38,0.5972522497177124,Sigma24|Sigma28|Sigma32|Sigma38,4,False,0.11750178784132004,0.07099617272615433,0.14316101372241974,0.5972522497177124,0.012507219798862934,0.05858148634433746
5,Sigma70,3,Sigma38,0.3761589527130127,Sigma24|Sigma32|Sigma38|Sigma54|Sigma70,5,True,0.20764020085334778,0.026586217805743217,0.2249625325202942,0.3761589527130127,0.06331758946180344,0.10133453458547592
5,Sigma70,3,Sigma38,0.3498055934906006,Sigma24|Sigma32|Sigma38|Sigma54|Sigma70,5,True,0.20575891435146332,0.03028903342783451,0.20833973586559296,0.3498055934906006,0.09861306101083755,0.10719361156225204
5,Sigma70,3,Sigma38,0.2760709822177887,Sigma24|Sigma28|Sigma32|Sigma38|Sigma70,5,True,0.2258286476135254,0.10701942443847656,0.251068115234375,0.2760709822177887,0.04588530585169792,0.09412754327058792
5,Sigma70,2,Sigma32,0.28199857473373413,Sigma24|Sigma28|Sigma32|Sigma38|Sigma70,5,True,0.22869640588760376,0.13889625668525696,0.28199857473373413,0.20271314680576324,0.05168916657567024,0.09600643068552017
5,Sigma70,2,Sigma32,0.28602954745292664,Sigma24|Sigma32|Sigma38|Sigma54|Sigma70,5,True,0.20455805957317352,0.03647897392511368,0.28602954745292664,0.24786970019340515,0.11425687372684479,0.11080673336982727
5,Sigma70,3,Sigma38,0.6832028031349182,Sigma24|Sigma32|Sigma38,3,False,0.10452742874622345,0.03362796828150749,0.11903974413871765,0.6832028031349182,0.011274388991296291,0.048327647149562836
5,Sigma70,3,Sigma38,0.27378925681114197,Sigma24|Sigma28|Sigma32|Sigma38|Sigma70,5,True,0.21967677772045135,0.15371520817279816,0.23975417017936707,0.27378925681114197,0.021473564207553864,0.09159108251333237
5,Sigma70,2,Sigma32,0.2726787328720093,Sigma24|Sigma28|Sigma32|Sigma38|Sigma70,5,True,0.23166291415691376,0.24618414044380188,0.2726787328720093,0.11749803274869919,0.04624750465154648,0.085728719830513
5,Sigma70,3,Sigma38,0.33597931265830994,Sigma24|Sigma32|Sigma38|Sigma70,4,True,0.20566172897815704,0.05018525570631027,0.2608133852481842,0.33597931265830994,0.047224923968315125,0.100135438144207
5,Sigma70,3,Sigma38,0.3089626431465149,Sigma24|Sigma28|Sigma32|Sigma38|Sigma70,5,True,0.17963559925556183,0.13188442587852478,0.29247134923934937,0.3089626431465149,0.013995496556162834,0.07305055111646652
5,Sigma70,3,Sigma38,0.4126749038696289,Sigma24|Sigma28|Sigma32|Sigma38|Sigma70,5,True,0.20138037204742432,0.10560338199138641,0.18848863244056702,0.4126749038696289,0.01306682825088501,0.07878591120243073
5,Sigma70,3,Sigma38,0.3865901827812195,Sigma24|Sigma32|Sigma38|Sigma70,4,True,0.18508896231651306,0.039705269038677216,0.24122437834739685,0.3865901827812195,0.0502714067697525,0.09711969643831253
5,Sigma70,2,Sigma32,0.2829437851905823,Sigma24|Sigma28|Sigma32|Sigma38|Sigma70,5,True,0.2224709391593933,0.13194166123867035,0.2829437851905823,0.21695776283740997,0.049857839941978455,0.09582792967557907
5,Sigma70,3,Sigma38,0.29386889934539795,Sigma24|Sigma28|Sigma32|Sigma38|Sigma70,5,True,0.23984688520431519,0.09549488872289658,0.2414103001356125,0.29386889934539795,0.030046792700886726,0.09933219850063324
5,Sigma70,3,Sigma38,0.3552738428115845,Sigma24|Sigma28|Sigma32|Sigma38|Sigma70,5,True,0.17877276241779327,0.0992436483502388,0.24703200161457062,0.3552738428115845,0.02859393320977688,0.091083824634552
5,Sigma70,2,Sigma32,0.2948659658432007,Sigma24|Sigma32|Sigma38|Sigma54|Sigma70,5,True,0.21231858432292938,0.03886371850967407,0.2948659658432007,0.25895553827285767,0.09811712801456451,0.0968790277838707
5,Sigma70,1,Sigma28,0.26676860451698303,Sigma24|Sigma28|Sigma32|Sigma38|Sigma70,5,True,0.2260304093360901,0.26676860451698303,0.22452448308467865,0.17637121677398682,0.02098846808075905,0.08531678467988968
5,Sigma70,1,Sigma28,0.3018840253353119,Sigma24|Sigma28|Sigma32|Sigma38|Sigma70,5,True,0.19037699699401855,0.3018840253353119,0.22114907205104828,0.17647120356559753,0.02397129312157631,0.08614754676818848
5,Sigma70,3,Sigma38,0.4896855354309082,Sigma24|Sigma28|Sigma32|Sigma38|Sigma70,5,True,0.1757621169090271,0.08835544437170029,0.163911834359169,0.4896855354309082,0.016796909272670746,0.06548811495304108
5,Sigma70,2,Sigma32,0.27249976992607117,Sigma24|Sigma28|Sigma32|Sigma38|Sigma70,5,True,0.20870082080364227,0.25390303134918213,0.27249976992607117,0.14967228472232819,0.04484355449676514,0.0703805461525917
5,Sigma70,3,Sigma38,0.3604145348072052,Sigma24|Sigma32|Sigma38|Sigma70,4,True,0.1778774857521057,0.056641835719347,0.26029035449028015,0.3604145348072052,0.05944649875164032,0.08532927930355072
5,Sigma70,2,Sigma32,0.32186633348464966,Sigma24|Sigma28|Sigma32|Sigma38|Sigma54|Sigma70,6,True,0.19205693900585175,0.08351949602365494,0.32186633348464966,0.19412609934806824,0.11390086263418198,0.09453020989894867
5,Sigma70,2,Sigma32,0.28032538294792175,Sigma24|Sigma28|Sigma32|Sigma38|Sigma54|Sigma70,6,True,0.23217277228832245,0.17176124453544617,0.28032538294792175,0.12096211314201355,0.11138244718313217,0.08339598029851913
5,Sigma70,3,Sigma38,0.3851531147956848,Sigma24|Sigma28|Sigma32|Sigma38|Sigma70,5,True,0.21782314777374268,0.07865285128355026,0.18847230076789856,0.3851531147956848,0.03857451304793358,0.0913240984082222
5,Sigma70,3,Sigma38,0.30076706409454346,Sigma24|Sigma32|Sigma38|Sigma70,4,True,0.20274534821510315,0.057304635643959045,0.28880929946899414,0.30076706409454346,0.048034556210041046,0.10233916342258453
5,Sigma70,3,Sigma38,0.39419063925743103,Sigma24|Sigma32|Sigma38|Sigma70,4,True,0.19123411178588867,0.05048781633377075,0.2150643914937973,0.39419063925743103,0.052858300507068634,0.09616469591856003
5,Sigma70,3,Sigma38,0.2686161398887634,Sigma24|Sigma28|Sigma32|Sigma38|Sigma70,5,True,0.24545447528362274,0.07091795653104782,0.2534119188785553,0.2686161398887634,0.05176137015223503,0.10983817279338837
5,Sigma70,3,Sigma38,0.5906757116317749,Sigma24|Sigma32|Sigma38,3,False,0.1198062002658844,0.041334498673677444,0.16668473184108734,0.5906757116317749,0.018643714487552643,0.06285517662763596
5,Sigma70,3,Sigma38,0.3663070499897003,Sigma24|Sigma28|Sigma32|Sigma38|Sigma70,5,True,0.19877542555332184,0.06777768582105637,0.23190979659557343,0.3663070499897003,0.03723295032978058,0.09799718111753464
5,Sigma70,1,Sigma28,0.4380408227443695,Sigma24|Sigma28|Sigma32|Sigma38|Sigma70,5,True,0.1681361198425293,0.4380408227443695,0.1584720015525818,0.1608106940984726,0.011369951069355011,0.06317029148340225
5,Sigma70,2,Sigma32,0.2933902442455292,Sigma24|Sigma28|Sigma32|Sigma38|Sigma54|Sigma70,6,True,0.24930594861507416,0.13541775941848755,0.2933902442455292,0.12097665667533875,0.10879407078027725,0.09211531281471252
5,Sigma70,3,Sigma38,0.4188656806945801,Sigma24|Sigma32|Sigma38|Sigma70,4,True,0.17210699617862701,0.04131673276424408,0.2322007268667221,0.4188656806945801,0.041699837893247604,0.09381000697612762
5,Sigma70,3,Sigma38,0.2985190153121948,Sigma24|Sigma28|Sigma32|Sigma38|Sigma70,5,True,0.21776704490184784,0.06989535689353943,0.2656748592853546,0.2985190153121948,0.04802066832780838,0.10012301802635193
5,Sigma70,1,Sigma28,0.32430005073547363,Sigma24|Sigma28|Sigma32|Sigma38|Sigma70,5,True,0.2294628918170929,0.32430005073547363,0.20099681615829468,0.1536044180393219,0.012825923971831799,0.07880988717079163
5,Sigma70,2,Sigma32,0.2744833528995514,Sigma24|Sigma28|Sigma32|Sigma38|Sigma54|Sigma70,6,True,0.21877187490463257,0.10063667595386505,0.2744833528995514,0.21295586228370667,0.09966735541820526,0.0934848040342331
5,Sigma70,3,Sigma38,0.43369030952453613,Sigma24|Sigma28|Sigma32|Sigma38|Sigma70,5,True,0.18083824217319489,0.06564637273550034,0.21403935551643372,0.43369030952453613,0.019710835069417953,0.08607486635446548
5,Sigma70,3,Sigma38,0.49997133016586304,Sigma24|Sigma32|Sigma38|Sigma70,4,True,0.1511521190404892,0.045285921543836594,0.19384191930294037,0.49997133016586304,0.03357686847448349,0.07617181539535522
5,Sigma70,3,Sigma38,0.3654780685901642,Sigma24|Sigma28|Sigma32|Sigma38|Sigma70,5,True,0.19909118115901947,0.06974922120571136,0.23207762837409973,0.3654780685901642,0.038030751049518585,0.09557315707206726
5,Sigma70,2,Sigma32,0.24330788850784302,Sigma24|Sigma28|Sigma32|Sigma38|Sigma70,5,True,0.2362750619649887,0.16974660754203796,0.24330788850784302,0.21431809663772583,0.03824339434504509,0.09810889512300491
5,Sigma70,1,Sigma28,0.34344282746315,Sigma24|Sigma28|Sigma32|Sigma38|Sigma70,5,True,0.1820746511220932,0.34344282746315,0.22619597613811493,0.1375255137681961,0.032374825328588486,0.07838624715805054
5,Sigma70,2,Sigma32,0.26233047246932983,Sigma24|Sigma28|Sigma32|Sigma38|Sigma54|Sigma70,6,True,0.22372235357761383,0.2177119255065918,0.26233047246932983,0.1017356887459755,0.10619834810495377,0.0883011743426323
5,Sigma70,1,Sigma28,0.4651055335998535,Sigma24|Sigma28|Sigma32,3,False,0.17202730476856232,0.4651055335998535,0.18884225189685822,0.05467335134744644,0.059303298592567444,0.060048241168260574
5,Sigma70,2,Sigma32,0.26902157068252563,Sigma24|Sigma28|Sigma32|Sigma38|Sigma70,5,True,0.24106425046920776,0.13826081156730652,0.26902157068252563,0.19472594559192657,0.047706715762615204,0.10922077298164368
5,Sigma70,1,Sigma28,0.3877114951610565,Sigma24|Sigma28|Sigma32|Sigma38|Sigma70,5,True,0.19578148424625397,0.3877114951610565,0.1803370863199234,0.15487734973430634,0.011881129816174507,0.06941145658493042
5,Sigma70,3,Sigma38,0.6530828475952148,Sigma24|Sigma32|Sigma38,3,False,0.11745793372392654,0.018058309331536293,0.12966445088386536,0.6530828475952148,0.027886759489774704,0.053849756717681885
5,Sigma70,3,Sigma38,0.3177551031112671,Sigma24|Sigma32|Sigma38|Sigma54|Sigma70,5,True,0.1741461604833603,0.017579736188054085,0.21463148295879364,0.3177551031112671,0.19064956903457642,0.08523804694414139
5,Sigma70,0,Sigma24,0.2891465425491333,Sigma24|Sigma28|Sigma32|Sigma38|Sigma70,5,True,0.2891465425491333,0.16268320381641388,0.24360798299312592,0.154136061668396,0.05261644348502159,0.09780972450971603
5,Sigma70,3,Sigma38,0.2950172424316406,Sigma24|Sigma32|Sigma38|Sigma54|Sigma70,5,True,0.227135568857193,0.049895044416189194,0.25473886728286743,0.2950172424316406,0.06638102233409882,0.10683226585388184
5,Sigma70,3,Sigma38,0.40194129943847656,Sigma24|Sigma32|Sigma38|Sigma70,4,True,0.17566609382629395,0.052490234375,0.22380176186561584,0.40194129943847656,0.05127813667058945,0.09482255578041077
5,Sigma70,2,Sigma32,0.2922019064426422,Sigma24|Sigma28|Sigma32|Sigma38|Sigma54|Sigma70,6,True,0.21867908537387848,0.10180559754371643,0.2922019064426422,0.20548520982265472,0.07373194396495819,0.10809624195098877
5,Sigma70,3,Sigma38,0.35848504304885864,Sigma24|Sigma28|Sigma32|Sigma38|Sigma70,5,True,0.20390444993972778,0.07039344310760498,0.24347741901874542,0.35848504304885864,0.028908969834446907,0.0948307141661644
5,Sigma70,3,Sigma38,0.425057053565979,Sigma24|Sigma32|Sigma38|Sigma70,4,True,0.18652693927288055,0.03241338953375816,0.18753711879253387,0.425057053565979,0.05556458607316017,0.11290087550878525
5,Sigma70,3,Sigma38,0.2906772494316101,Sigma24|Sigma32|Sigma38|Sigma54|Sigma70,5,True,0.220603808760643,0.05709662288427353,0.25724634528160095,0.2906772494316101,0.07237452268600464,0.10200140625238419
5,Sigma70,3,Sigma38,0.28218868374824524,Sigma24|Sigma32|Sigma38|Sigma54|Sigma70,5,True,0.18110451102256775,0.018905824050307274,0.26939070224761963,0.28218868374824524,0.14512088894844055,0.10328943282365799
5,Sigma70,2,Sigma32,0.25821369886398315,Sigma24|Sigma28|Sigma32|Sigma38|Sigma70,5,True,0.2410079836845398,0.22113445401191711,0.25821369886398315,0.16230608522891998,0.03026161901652813,0.08707612007856369
5,Sigma70,2,Sigma32,0.2693467438220978,Sigma24|Sigma32|Sigma38|Sigma54|Sigma70,5,True,0.21586419641971588,0.03451088070869446,0.2693467438220978,0.19211161136627197,0.17947983741760254,0.10868678987026215
5,Sigma70,2,Sigma32,0.26117053627967834,Sigma24|Sigma28|Sigma32|Sigma38|Sigma70,5,True,0.22567451000213623,0.15797847509384155,0.26117053627967834,0.23685811460018158,0.02818520925939083,0.0901331976056099
5,Sigma70,2,Sigma32,0.2916184663772583,Sigma24|Sigma32|Sigma38|Sigma54|Sigma70,5,True,0.18418434262275696,0.028372982516884804,0.2916184663772583,0.2675311267375946,0.12670308351516724,0.10159003734588623
5,Sigma70,3,Sigma38,0.32715755701065063,Sigma24|Sigma28|Sigma32|Sigma38|Sigma70,5,True,0.21360838413238525,0.08840379863977432,0.22881323099136353,0.32715755701065063,0.026696855202317238,0.11532019078731537
5,Sigma70,2,Sigma32,0.2748817205429077,Sigma24|Sigma28|Sigma32|Sigma38|Sigma70,5,True,0.20482128858566284,0.15776154398918152,0.2748817205429077,0.2287531942129135,0.03358547389507294,0.10019677877426147
5,Sigma70,3,Sigma38,0.3139105439186096,Sigma24|Sigma32|Sigma38|Sigma54|Sigma70,5,True,0.1853078156709671,0.029367826879024506,0.2712971270084381,0.3139105439186096,0.10916297137737274,0.0909537523984909
5,Sigma70,2,Sigma32,0.2729141414165497,Sigma24|Sigma28|Sigma32|Sigma38|Sigma54|Sigma70,6,True,0.2559594213962555,0.09269719570875168,0.2729141414165497,0.1764519065618515,0.10642505437135696,0.09555236995220184
5,Sigma70,1,Sigma28,0.9236408472061157,Sigma28,1,False,0.030229080468416214,0.9236408472061157,0.021919775754213333,0.01691148243844509,0.000405389117076993,0.006893363315612078
5,Sigma70,2,Sigma32,0.23306940495967865,Sigma24|Sigma28|Sigma32|Sigma38|Sigma54|Sigma70,6,True,0.2298157662153244,0.07732152938842773,0.23306940495967865,0.23065748810768127,0.12551288306713104,0.10362285375595093
5,Sigma70,3,Sigma38,0.4158249795436859,Sigma24|Sigma32|Sigma38|Sigma70,4,True,0.2007131427526474,0.0412302240729332,0.21385952830314636,0.4158249795436859,0.03356495872139931,0.09480706602334976
5,Sigma70,2,Sigma32,0.27873632311820984,Sigma24|Sigma28|Sigma32|Sigma38|Sigma54|Sigma70,6,True,0.2362298220396042,0.13972647488117218,0.27873632311820984,0.16976803541183472,0.07098115235567093,0.10455823689699173
5,Sigma70,3,Sigma38,0.40249213576316833,Sigma24|Sigma32|Sigma38|Sigma70,4,True,0.2065710425376892,0.038094889372587204,0.2133309692144394,0.40249213576316833,0.04120943322777748,0.09830151498317719
5,Sigma70,1,Sigma28,0.41131967306137085,Sigma24|Sigma28|Sigma32|Sigma38|Sigma70,5,True,0.16123205423355103,0.41131967306137085,0.17986007034778595,0.16714465618133545,0.015786616131663322,0.06465698778629303
5,Sigma70,3,Sigma38,0.37010711431503296,Sigma24|Sigma32|Sigma38|Sigma70,4,True,0.20151939988136292,0.0441347099840641,0.24416020512580872,0.37010711431503296,0.033527567982673645,0.10655105113983154
5,Sigma70,3,Sigma38,0.29795393347740173,Sigma24|Sigma32|Sigma38|Sigma54|Sigma70,5,True,0.17273443937301636,0.015362286940217018,0.22833412885665894,0.29795393347740173,0.19332587718963623,0.09228943288326263
5,Sigma70,3,Sigma38,0.36509761214256287,Sigma24|Sigma28|Sigma32|Sigma38|Sigma70,5,True,0.187078595161438,0.08415593206882477,0.23860812187194824,0.36509761214256287,0.031034715473651886,0.09402510523796082
5,Sigma70,3,Sigma38,0.4755740463733673,Sigma24|Sigma32|Sigma38|Sigma54|Sigma70,5,True,0.16552025079727173,0.015150640159845352,0.18750019371509552,0.4755740463733673,0.08116472512483597,0.07509015500545502
5,Sigma70,4,Sigma54,0.31363433599472046,Sigma24|Sigma32|Sigma38|Sigma54|Sigma70,5,True,0.17868034541606903,0.017911823466420174,0.21846944093704224,0.18264499306678772,0.31363433599472046,0.08865909278392792
5,Sigma70,3,Sigma38,0.2933565378189087,Sigma24|Sigma28|Sigma32|Sigma38|Sigma70,5,True,0.21484394371509552,0.10903682559728622,0.25571325421333313,0.2933565378189087,0.035047803074121475,0.09200159460306168
5,Sigma70,1,Sigma28,0.6154050230979919,Sigma24|Sigma28|Sigma32|Sigma38,4,False,0.11604013293981552,0.6154050230979919,0.11422290652990341,0.10156182944774628,0.006251814775168896,0.046518273651599884
5,Sigma70,2,Sigma32,0.27158045768737793,Sigma24|Sigma28|Sigma32|Sigma38|Sigma70,5,True,0.20575709640979767,0.1470598727464676,0.27158045768737793,0.21804682910442352,0.058949243277311325,0.09860662370920181
5,Sigma70,3,Sigma38,0.28640496730804443,Sigma24|Sigma28|Sigma32|Sigma38|Sigma70,5,True,0.22569125890731812,0.13100111484527588,0.23374347388744354,0.28640496730804443,0.03365558758378029,0.08950353413820267
5,Sigma70,3,Sigma38,0.45794570446014404,Sigma24|Sigma28|Sigma32|Sigma38|Sigma70,5,True,0.17025130987167358,0.07636532187461853,0.18868179619312286,0.45794570446014404,0.021814368665218353,0.08494152873754501
5,Sigma70,3,Sigma38,0.31651586294174194,Sigma24|Sigma28|Sigma32|Sigma38|Sigma70,5,True,0.21018178761005402,0.1360059380531311,0.23241525888442993,0.31651586294174194,0.023860106244683266,0.08102106302976608
5,Sigma70,0,Sigma24,0.24469469487667084,Sigma24|Sigma28|Sigma32|Sigma38|Sigma54|Sigma70,6,True,0.24469469487667084,0.2030809074640274,0.23958170413970947,0.10218911617994308,0.12523312866687775,0.08522046357393265
5,Sigma70,3,Sigma38,0.3452913165092468,Sigma24|Sigma28|Sigma32|Sigma38|Sigma70,5,True,0.21163932979106903,0.07566288858652115,0.24129709601402283,0.3452913165092468,0.031749337911605835,0.09436004608869553
5,Sigma70,1,Sigma28,0.4466760754585266,Sigma24|Sigma28|Sigma32|Sigma38,4,False,0.15148863196372986,0.4466760754585266,0.157770037651062,0.17999586462974548,0.008783259429037571,0.05528616905212402
5,Sigma70,2,Sigma32,0.25423547625541687,Sigma24|Sigma28|Sigma32|Sigma38|Sigma70,5,True,0.24076473712921143,0.18642187118530273,0.25423547625541687,0.18136422336101532,0.039576999843120575,0.09763666987419128
5,Sigma70,2,Sigma32,0.24277673661708832,Sigma24|Sigma28|Sigma32|Sigma38|Sigma70,5,True,0.2322617918252945,0.19854067265987396,0.24277673661708832,0.2204417586326599,0.0238167867064476,0.08216233551502228
5,Sigma70,3,Sigma38,0.31981950998306274,Sigma24|Sigma32|Sigma38|Sigma54|Sigma70,5,True,0.1878066062927246,0.0335763581097126,0.2502346932888031,0.31981950998306274,0.11633237451314926,0.0922304093837738
5,Sigma70,2,Sigma32,0.2630697190761566,Sigma24|Sigma28|Sigma32|Sigma38|Sigma70,5,True,0.25195515155792236,0.11691326647996902,0.2630697190761566,0.21585921943187714,0.04909222945570946,0.10311037302017212
5,Sigma70,3,Sigma38,0.3079555332660675,Sigma24|Sigma32|Sigma38|Sigma70,4,True,0.24644102156162262,0.06271863728761673,0.22434017062187195,0.3079555332660675,0.05460917204618454,0.10393550246953964
5,Sigma70,0,Sigma24,0.26799148321151733,Sigma24|Sigma28|Sigma32|Sigma38|Sigma54|Sigma70,6,True,0.26799148321151733,0.0714680477976799,0.22837480902671814,0.24596558511257172,0.07507846504449844,0.11112162470817566
5,Sigma70,3,Sigma38,0.2960317134857178,Sigma24|Sigma28|Sigma32|Sigma38|Sigma70,5,True,0.21212413907051086,0.1448155790567398,0.22757528722286224,0.2960317134857178,0.025914160534739494,0.09353920072317123
5,Sigma70,3,Sigma38,0.4903290271759033,Sigma24|Sigma32|Sigma38|Sigma70,4,True,0.1698915958404541,0.0504506416618824,0.18847458064556122,0.4903290271759033,0.023121623322367668,0.07773258537054062
5,Sigma70,3,Sigma38,0.2726619243621826,Sigma24|Sigma28|Sigma32|Sigma38|Sigma70,5,True,0.22194699943065643,0.09443041682243347,0.2720077931880951,0.2726619243621826,0.035039860755205154,0.1039130762219429
5,Sigma70,2,Sigma32,0.26284274458885193,Sigma24|Sigma28|Sigma32|Sigma38|Sigma70,5,True,0.23977996408939362,0.16139914095401764,0.26284274458885193,0.20439501106739044,0.04124708101153374,0.09033606946468353
5,Sigma70,3,Sigma38,0.3818374276161194,Sigma24|Sigma32|Sigma38|Sigma70,4,True,0.1995307058095932,0.04034889116883278,0.23251131176948547,0.3818374276161194,0.04891635850071907,0.09685536473989487
5,Sigma70,3,Sigma38,0.2768098711967468,Sigma24|Sigma28|Sigma32|Sigma38|Sigma70,5,True,0.2199617326259613,0.11220817267894745,0.2460276335477829,0.2768098711967468,0.04239099100232124,0.102601557970047
5,Sigma70,2,Sigma32,0.30906960368156433,Sigma24|Sigma28|Sigma32|Sigma38|Sigma54|Sigma70,6,True,0.23019392788410187,0.1073777824640274,0.30906960368156433,0.1558694690465927,0.10277698189020157,0.09471213817596436
5,Sigma70,3,Sigma38,0.3746950626373291,Sigma24|Sigma28|Sigma32|Sigma38|Sigma70,5,True,0.19784274697303772,0.09350059926509857,0.2176922857761383,0.3746950626373291,0.025835547596216202,0.0904337614774704
5,Sigma70,2,Sigma32,0.30635109543800354,Sigma24|Sigma28|Sigma32|Sigma38|Sigma70,5,True,0.21205170452594757,0.10679847747087479,0.30635109543800354,0.23453016579151154,0.040192797780036926,0.10007578134536743
5,Sigma70,1,Sigma28,0.5659350156784058,Sigma24|Sigma28|Sigma32|Sigma38,4,False,0.13531982898712158,0.5659350156784058,0.13790564239025116,0.10606877505779266,0.006895179860293865,0.04787558317184448
5,Sigma70,3,Sigma38,0.3757193386554718,Sigma24|Sigma32|Sigma38|Sigma70,4,True,0.19149330258369446,0.05993688851594925,0.24358555674552917,0.3757193386554718,0.03853008151054382,0.0907348170876503
5,Sigma70,2,Sigma32,0.29386624693870544,Sigma24|Sigma28|Sigma32|Sigma38|Sigma54|Sigma70,6,True,0.19451773166656494,0.22406187653541565,0.29386624693870544,0.08722628653049469,0.13200689852237701,0.06832101196050644
5,Sigma70,2,Sigma32,0.28976789116859436,Sigma24|Sigma28|Sigma32|Sigma38|Sigma54|Sigma70,6,True,0.22970592975616455,0.2418249249458313,0.28976789116859436,0.09143159538507462,0.07236475497484207,0.07490494847297668
5,Sigma70,2,Sigma32,0.30906522274017334,Sigma24|Sigma28|Sigma32|Sigma38|Sigma54|Sigma70,6,True,0.2130252718925476,0.1401108056306839,0.30906522274017334,0.1586097776889801,0.08738917857408524,0.09179981052875519
5,Sigma70,3,Sigma38,0.2841454744338989,Sigma24|Sigma28|Sigma32|Sigma38|Sigma70,5,True,0.19670315086841583,0.16192583739757538,0.25244611501693726,0.2841454744338989,0.02044408954679966,0.08433529734611511
5,Sigma70,2,Sigma32,0.26171907782554626,Sigma24|Sigma28|Sigma32|Sigma38|Sigma54|Sigma70,6,True,0.18746185302734375,0.09628740698099136,0.26171907782554626,0.17231136560440063,0.19842174649238586,0.08379857242107391
5,Sigma70,2,Sigma32,0.2671114504337311,Sigma24|Sigma28|Sigma32|Sigma38|Sigma54|Sigma70,6,True,0.25302207469940186,0.12764625251293182,0.2671114504337311,0.1849461942911148,0.06617219746112823,0.10110187530517578
5,Sigma70,3,Sigma38,0.3823898136615753,Sigma24|Sigma28|Sigma32|Sigma38|Sigma70,5,True,0.19884581863880157,0.0843166783452034,0.21929001808166504,0.3823898136615753,0.03260541334748268,0.08255215734243393
5,Sigma70,2,Sigma32,0.293959379196167,Sigma24|Sigma28|Sigma32|Sigma38|Sigma70,5,True,0.21827222406864166,0.09661601483821869,0.293959379196167,0.22513525187969208,0.060614049434661865,0.10540302842855453
5,Sigma70,3,Sigma38,0.46968743205070496,Sigma24|Sigma28|Sigma32|Sigma38|Sigma70,5,True,0.1668577641248703,0.10169079899787903,0.18460465967655182,0.46968743205070496,0.007620733231306076,0.06953856348991394
5,Sigma70,3,Sigma38,0.321917325258255,Sigma24|Sigma32|Sigma38|Sigma54|Sigma70,5,True,0.19145610928535461,0.02220139466226101,0.23915177583694458,0.321917325258255,0.10791732370853424,0.11735605448484421
5,Sigma70,3,Sigma38,0.2936401665210724,Sigma24|Sigma32|Sigma38|Sigma54|Sigma70,5,True,0.21839480102062225,0.051059652119874954,0.26721706986427307,0.2936401665210724,0.07843147963285446,0.0912567675113678
5,Sigma70,1,Sigma28,0.36861422657966614,Sigma24|Sigma28|Sigma32|Sigma38|Sigma70,5,True,0.1823897659778595,0.36861422657966614,0.2041863203048706,0.11244122684001923,0.05714733526110649,0.07522113621234894
5,Sigma70,4,Sigma54,0.4645526707172394,Sigma24|Sigma32|Sigma38|Sigma54|Sigma70,5,True,0.1578979790210724,0.023398179560899734,0.1915021389722824,0.0953168049454689,0.4645526707172394,0.0673322007060051
5,Sigma70,3,Sigma38,0.3610909879207611,Sigma24|Sigma32|Sigma38|Sigma70,4,True,0.19425585865974426,0.04851240664720535,0.2539757490158081,0.3610909879207611,0.04525371640920639,0.09691131860017776
5,Sigma70,3,Sigma38,0.31663280725479126,Sigma24|Sigma28|Sigma32|Sigma38|Sigma70,5,True,0.21831393241882324,0.06541182845830917,0.24448809027671814,0.31663280725479126,0.051758818328380585,0.10339448601007462
5,Sigma70,3,Sigma38,0.2604348659515381,Sigma24|Sigma28|Sigma32|Sigma38|Sigma70,5,True,0.24851736426353455,0.09748406708240509,0.25822877883911133,0.2604348659515381,0.03824956715106964,0.09708546102046967
5,Sigma70,2,Sigma32,0.2735132873058319,Sigma24|Sigma28|Sigma32|Sigma38|Sigma54|Sigma70,6,True,0.2102421671152115,0.10786635428667068,0.2735132873058319,0.24063348770141602,0.0730322077870369,0.09471246600151062
5,Sigma70,3,Sigma38,0.3175555467605591,Sigma24|Sigma28|Sigma32|Sigma38|Sigma70,5,True,0.22177459299564362,0.10245928168296814,0.232400044798851,0.3175555467605591,0.03691093623638153,0.0888996422290802
5,Sigma70,3,Sigma38,0.3861422836780548,Sigma24|Sigma28|Sigma32|Sigma38|Sigma70,5,True,0.1942276656627655,0.1543879210948944,0.17890217900276184,0.3861422836780548,0.011887969449162483,0.07445205003023148
5,Sigma70,2,Sigma32,0.23383943736553192,Sigma24|Sigma28|Sigma32|Sigma38|Sigma70,5,True,0.20985999703407288,0.21014289557933807,0.23383943736553192,0.22046375274658203,0.03874966502189636,0.08694423735141754
5,Sigma70,2,Sigma32,0.2793271839618683,Sigma24|Sigma28|Sigma32|Sigma38|Sigma54|Sigma70,6,True,0.24101847410202026,0.11626925319433212,0.2793271839618683,0.17361745238304138,0.09809733182191849,0.09167029708623886
5,Sigma70,2,Sigma32,0.2690191864967346,Sigma24|Sigma28|Sigma32|Sigma38|Sigma54|Sigma70,6,True,0.2417663037776947,0.10472620278596878,0.2690191864967346,0.20474348962306976,0.0769050195813179,0.10283972322940826
5,Sigma70,3,Sigma38,0.32836776971817017,Sigma24|Sigma32|Sigma38|Sigma54|Sigma70,5,True,0.19595158100128174,0.023614468052983284,0.26656389236450195,0.32836776971817017,0.09074146300554276,0.09476081281900406
5,Sigma70,3,Sigma38,0.34618639945983887,Sigma24|Sigma32|Sigma38|Sigma70,4,True,0.2143867462873459,0.06276945769786835,0.24304881691932678,0.34618639945983887,0.037832655012607574,0.09577591717243195
5,Sigma70,1,Sigma28,0.5575506091117859,Sigma24|Sigma28|Sigma32,3,False,0.14248880743980408,0.5575506091117859,0.17685818672180176,0.04898149147629738,0.02540471963584423,0.048716116696596146
5,Sigma70,1,Sigma28,0.3263271152973175,Sigma24|Sigma28|Sigma32|Sigma38|Sigma70,5,True,0.1811329424381256,0.3263271152973175,0.2296324074268341,0.15331079065799713,0.029414905235171318,0.0801817998290062
5,Sigma70,3,Sigma38,0.2825224995613098,Sigma24|Sigma28|Sigma32|Sigma38|Sigma70,5,True,0.21652890741825104,0.1534680426120758,0.2202117145061493,0.2825224995613098,0.044956814497709274,0.08231201767921448
5,Sigma70,2,Sigma32,0.2835981547832489,Sigma24|Sigma28|Sigma32|Sigma38|Sigma54|Sigma70,6,True,0.19266784191131592,0.09932025521993637,0.2835981547832489,0.2178986668586731,0.10761021822690964,0.09890490770339966
5,Sigma70,2,Sigma32,0.28655561804771423,Sigma24|Sigma28|Sigma32|Sigma38|Sigma54|Sigma70,6,True,0.2492716908454895,0.09532423317432404,0.28655561804771423,0.16995973885059357,0.09771494567394257,0.10117380321025848
5,Sigma70,2,Sigma32,0.30105501413345337,Sigma24|Sigma32|Sigma38|Sigma54|Sigma70,5,True,0.21349777281284332,0.04585275053977966,0.30105501413345337,0.15058641135692596,0.19297462701797485,0.09603343904018402
5,Sigma70,3,Sigma38,0.30613428354263306,Sigma24|Sigma28|Sigma32|Sigma38|Sigma70,5,True,0.21704314649105072,0.11773268133401871,0.2215649038553238,0.30613428354263306,0.04203221946954727,0.09549272060394287
5,Sigma70,2,Sigma32,0.34076783061027527,Sigma24|Sigma28|Sigma32|Sigma38|Sigma70,5,True,0.2212149202823639,0.102981336414814,0.34076783061027527,0.18573889136314392,0.04708041995763779,0.10221656411886215
5,Sigma70,3,Sigma38,0.3077777326107025,Sigma24|Sigma32|Sigma38|Sigma70,4,True,0.21129290759563446,0.056377992033958435,0.26335152983665466,0.3077777326107025,0.060920991003513336,0.1002788171172142
5,Sigma70,3,Sigma38,0.645226776599884,Sigma24|Sigma32|Sigma38,3,False,0.12692682445049286,0.03593658283352852,0.12463592737913132,0.645226776599884,0.014577403664588928,0.05269657447934151
5,Sigma70,2,Sigma32,0.2664235532283783,Sigma24|Sigma28|Sigma32|Sigma38|Sigma70,5,True,0.19269241392612457,0.19778840243816376,0.2664235532283783,0.24320849776268005,0.020824884995818138,0.07906225323677063
5,Sigma70,2,Sigma32,0.26793643832206726,Sigma24|Sigma28|Sigma32|Sigma38|Sigma70,5,True,0.23101378977298737,0.1471053808927536,0.26793643832206726,0.20171481370925903,0.057453054934740067,0.09477652609348297
5,Sigma70,3,Sigma38,0.3867316246032715,Sigma24|Sigma32|Sigma38|Sigma54|Sigma70,5,True,0.17329619824886322,0.03374297171831131,0.2514358162879944,0.3867316246032715,0.0702800452709198,0.08451337367296219
5,Sigma70,4,Sigma54,0.30826428532600403,Sigma24|Sigma32|Sigma38|Sigma54|Sigma70,5,True,0.21119052171707153,0.035982925444841385,0.20348325371742249,0.13877810537815094,0.30826428532600403,0.10230088233947754
5,Sigma70,1,Sigma28,0.35133233666419983,Sigma24|Sigma28|Sigma32|Sigma38|Sigma70,5,True,0.18914619088172913,0.35133233666419983,0.1786985844373703,0.20305629074573517,0.011283469386398792,0.06648316234350204
5,Sigma70,3,Sigma38,0.24974773824214935,Sigma24|Sigma28|Sigma32|Sigma38|Sigma70,5,True,0.1960674524307251,0.2126435786485672,0.2442891001701355,0.24974773824214935,0.017690835520625114,0.07956130802631378
5,Sigma70,1,Sigma28,0.26948001980781555,Sigma24|Sigma28|Sigma32|Sigma38|Sigma70,5,True,0.22994112968444824,0.26948001980781555,0.26810532808303833,0.09435214847326279,0.054945316165685654,0.08317604660987854
5,Sigma70,3,Sigma38,0.3412536084651947,Sigma24|Sigma28|Sigma32|Sigma38|Sigma70,5,True,0.22570960223674774,0.06888022273778915,0.20503611862659454,0.3412536084651947,0.048426833003759384,0.11069360375404358
5,Sigma70,2,Sigma32,0.39900678396224976,Sigma24|Sigma32|Sigma38|Sigma54|Sigma70,5,True,0.18118035793304443,0.04216703400015831,0.39900678396224976,0.18333065509796143,0.09629449993371964,0.09802060574293137
5,Sigma70,3,Sigma38,0.26515722274780273,Sigma24|Sigma32|Sigma38|Sigma54|Sigma70,5,True,0.2362867146730423,0.029965709894895554,0.23246553540229797,0.26515722274780273,0.12540078163146973,0.11072400957345963
5,Sigma70,2,Sigma32,0.26569122076034546,Sigma24|Sigma28|Sigma32|Sigma38|Sigma70,5,True,0.24869304895401,0.0960431694984436,0.26569122076034546,0.2469225525856018,0.04606235772371292,0.09658768773078918
5,Sigma70,3,Sigma38,0.39669910073280334,Sigma24|Sigma32|Sigma38|Sigma54|Sigma70,5,True,0.19007252156734467,0.026116838678717613,0.22404973208904266,0.39669910073280334,0.07337766885757446,0.08968410640954971
5,Sigma70,2,Sigma32,0.2724947929382324,Sigma24|Sigma28|Sigma32|Sigma38|Sigma54|Sigma70,6,True,0.25161850452423096,0.07689512521028519,0.2724947929382324,0.19189956784248352,0.11145303398370743,0.09563901275396347
5,Sigma70,2,Sigma32,0.34387314319610596,Sigma24|Sigma28|Sigma32|Sigma38|Sigma54|Sigma70,6,True,0.17339485883712769,0.11827026307582855,0.34387314319610596,0.20595504343509674,0.06485536694526672,0.09365121275186539
5,Sigma70,2,Sigma32,0.2852999269962311,Sigma24|Sigma32|Sigma38|Sigma54|Sigma70,5,True,0.19602680206298828,0.026831023395061493,0.2852999269962311,0.18688532710075378,0.20917026698589325,0.09578664600849152
5,Sigma70,3,Sigma38,0.27599942684173584,Sigma24|Sigma32|Sigma38|Sigma54|Sigma70,5,True,0.16868983209133148,0.009240648709237576,0.2247660607099533,0.27599942684173584,0.23333799839019775,0.08796611428260803
5,Sigma70,2,Sigma32,0.3333338499069214,Sigma24|Sigma32|Sigma38|Sigma54|Sigma70,5,True,0.20844817161560059,0.05461622402071953,0.3333338499069214,0.21678423881530762,0.08191040903329849,0.10490711778402328
5,Sigma70,2,Sigma32,0.2935085892677307,Sigma24|Sigma28|Sigma32|Sigma38|Sigma54|Sigma70,6,True,0.2486412674188614,0.08002816140651703,0.2935085892677307,0.16436710953712463,0.11770274490118027,0.09575218707323074
5,Sigma70,3,Sigma38,0.38069450855255127,Sigma24|Sigma28|Sigma32|Sigma38|Sigma70,5,True,0.1808142513036728,0.06446681916713715,0.23072445392608643,0.38069450855255127,0.043953269720077515,0.09934668242931366
5,Sigma70,2,Sigma32,0.2500855326652527,Sigma24|Sigma28|Sigma32|Sigma38|Sigma54|Sigma70,6,True,0.2240033596754074,0.11143893748521805,0.2500855326652527,0.10888823866844177,0.2177220731973648,0.08786184340715408
5,Sigma70,1,Sigma28,0.3274863362312317,Sigma24|Sigma28|Sigma32|Sigma38|Sigma70,5,True,0.18901701271533966,0.3274863362312317,0.22092345356941223,0.15936805307865143,0.030381713062524796,0.07282345741987228
5,Sigma70,3,Sigma38,0.2606755197048187,Sigma24|Sigma32|Sigma38|Sigma54|Sigma70,5,True,0.19531549513339996,0.019431328400969505,0.20745117962360382,0.2606755197048187,0.21514663100242615,0.10197989642620087
5,Sigma70,2,Sigma32,0.2617819905281067,Sigma24|Sigma32|Sigma38|Sigma54|Sigma70,5,True,0.23322147130966187,0.046493977308273315,0.2617819905281067,0.23106960952281952,0.10863275825977325,0.11880018562078476
5,Sigma70,3,Sigma38,0.28237783908843994,Sigma24|Sigma28|Sigma32|Sigma38|Sigma70,5,True,0.20740137994289398,0.12591716647148132,0.25589513778686523,0.28237783908843994,0.03975469991564751,0.08865373581647873
5,Sigma70,3,Sigma38,0.47546735405921936,Sigma24|Sigma32|Sigma38|Sigma54|Sigma70,5,True,0.1551215648651123,0.018378255888819695,0.20631766319274902,0.47546735405921936,0.06353850662708282,0.08117657899856567
5,Sigma70,2,Sigma32,0.26250317692756653,Sigma24|Sigma32|Sigma38|Sigma54|Sigma70,5,True,0.23137471079826355,0.030529344454407692,0.26250317692756653,0.21536049246788025,0.1549142301082611,0.1053180918097496
5,Sigma70,3,Sigma38,0.3641589283943176,Sigma24|Sigma28|Sigma32|Sigma38|Sigma70,5,True,0.17644259333610535,0.08161424845457077,0.26158979535102844,0.3641589283943176,0.0296102873980999,0.08658412843942642
5,Sigma70,4,Sigma54,0.35097378492355347,Sigma24|Sigma32|Sigma38|Sigma54|Sigma70,5,True,0.17225411534309387,0.0614064484834671,0.2408284693956375,0.09163681417703629,0.35097378492355347,0.08290039002895355
5,Sigma70,2,Sigma32,0.2687048316001892,Sigma24|Sigma28|Sigma32|Sigma38|Sigma70,5,True,0.23706115782260895,0.11154662817716599,0.2687048316001892,0.2387070655822754,0.05019982159137726,0.09378049522638321
5,Sigma70,1,Sigma28,0.28866225481033325,Sigma24|Sigma28|Sigma32|Sigma38|Sigma70,5,True,0.20829768478870392,0.28866225481033325,0.22644051909446716,0.18028569221496582,0.017237812280654907,0.07907605916261673
5,Sigma70,2,Sigma32,0.2609656751155853,Sigma24|Sigma28|Sigma32|Sigma38|Sigma70,5,True,0.22371093928813934,0.24986256659030914,0.2609656751155853,0.14571179449558258,0.03394319489598274,0.08580590039491653
5,Sigma70,3,Sigma38,0.4020845890045166,Sigma24|Sigma32|Sigma38|Sigma54|Sigma70,5,True,0.16982033848762512,0.020003393292427063,0.2370014786720276,0.4020845890045166,0.07910970598459244,0.09198048710823059
5,Sigma70,3,Sigma38,0.34802040457725525,Sigma24|Sigma32|Sigma38|Sigma70,4,True,0.23006588220596313,0.055241383612155914,0.2293471246957779,0.34802040457725525,0.03292674198746681,0.10439850389957428
5,Sigma70,3,Sigma38,0.24901165068149567,Sigma24|Sigma28|Sigma32|Sigma38|Sigma70,5,True,0.2173248827457428,0.18984206020832062,0.23013897240161896,0.24901165068149567,0.021021582186222076,0.09266088902950287
5,Sigma70,2,Sigma32,0.2841218113899231,Sigma24|Sigma28|Sigma32|Sigma38|Sigma54|Sigma70,6,True,0.2052401602268219,0.08579152077436447,0.2841218113899231,0.24946328997612,0.06931914389133453,0.10606412589550018
5,Sigma70,2,Sigma32,0.289618581533432,Sigma24|Sigma28|Sigma32|Sigma38|Sigma54|Sigma70,6,True,0.19468986988067627,0.1503896266222,0.289618581533432,0.10901666432619095,0.17016646265983582,0.08611881732940674
5,Sigma70,1,Sigma28,0.37804582715034485,Sigma24|Sigma28|Sigma32|Sigma38|Sigma70,5,True,0.18094664812088013,0.37804582715034485,0.19939230382442474,0.148156076669693,0.022033780813217163,0.07142535597085953
5,Sigma70,1,Sigma28,0.39518001675605774,Sigma24|Sigma28|Sigma32|Sigma38|Sigma70,5,True,0.18232771754264832,0.39518001675605774,0.23232896625995636,0.09858788549900055,0.026319066062569618,0.06525642424821854
5,Sigma70,1,Sigma28,0.458659291267395,Sigma24|Sigma28|Sigma32|Sigma38,4,False,0.1813887059688568,0.458659291267395,0.1789216697216034,0.10751954466104507,0.01524228136986494,0.058268431574106216
5,Sigma70,2,Sigma32,0.26029035449028015,Sigma24|Sigma32|Sigma38|Sigma54|Sigma70,5,True,0.24781249463558197,0.0617719404399395,0.26029035449028015,0.24659806489944458,0.0730956569314003,0.11043152213096619
5,Sigma70,3,Sigma38,0.4009648561477661,Sigma24|Sigma32|Sigma38|Sigma70,4,True,0.20212553441524506,0.06212613731622696,0.22439874708652496,0.4009648561477661,0.02142915315926075,0.08895565569400787
5,Sigma70,2,Sigma32,0.2716289162635803,Sigma24|Sigma28|Sigma32|Sigma38|Sigma54|Sigma70,6,True,0.24085162580013275,0.15324178338050842,0.2716289162635803,0.1470702439546585,0.0821090042591095,0.1050984337925911
5,Sigma70,1,Sigma28,0.25866857171058655,Sigma24|Sigma28|Sigma32|Sigma38|Sigma54|Sigma70,6,True,0.22764189541339874,0.25866857171058655,0.22746127843856812,0.12942808866500854,0.06870898604393005,0.08809119462966919
5,Sigma70,2,Sigma32,0.2737703323364258,Sigma24|Sigma28|Sigma32|Sigma38|Sigma54|Sigma70,6,True,0.219727024435997,0.10962884873151779,0.2737703323364258,0.1966850310564041,0.10122621804475784,0.09896254539489746
5,Sigma70,4,Sigma54,0.581728994846344,Sigma24|Sigma32|Sigma38|Sigma54,4,False,0.1239762082695961,0.0059102987870574,0.1369820535182953,0.09430500864982605,0.581728994846344,0.0570974126458168
5,Sigma70,3,Sigma38,0.2935241162776947,Sigma24|Sigma32|Sigma38|Sigma54|Sigma70,5,True,0.22227391600608826,0.05108155310153961,0.27077487111091614,0.2935241162776947,0.06400548666715622,0.09834008663892746
5,Sigma70,3,Sigma38,0.5426192283630371,Sigma24|Sigma28|Sigma32|Sigma38,4,False,0.15474453568458557,0.06518522650003433,0.1601719707250595,0.5426192283630371,0.020201386883854866,0.057077616453170776
5,Sigma70,3,Sigma38,0.2563687264919281,Sigma24|Sigma28|Sigma32|Sigma38|Sigma54|Sigma70,6,True,0.22596637904644012,0.07072103023529053,0.2502228319644928,0.2563687264919281,0.09614142775535583,0.10057958215475082
5,Sigma70,3,Sigma38,0.3836785554885864,Sigma24|Sigma28|Sigma32|Sigma38|Sigma70,5,True,0.16801059246063232,0.12091503292322159,0.22744907438755035,0.3836785554885864,0.021228395402431488,0.07871841639280319
5,Sigma70,3,Sigma38,0.36070290207862854,Sigma24|Sigma28|Sigma32|Sigma38|Sigma70,5,True,0.18503856658935547,0.1514207273721695,0.1916263848543167,0.36070290207862854,0.02680359035730362,0.08440779894590378
5,Sigma70,3,Sigma38,0.28686970472335815,Sigma24|Sigma32|Sigma38|Sigma54|Sigma70,5,True,0.2366761863231659,0.039187271147966385,0.23893886804580688,0.28686970472335815,0.09198278933763504,0.10634511709213257
5,Sigma70,1,Sigma28,0.35768505930900574,Sigma24|Sigma28|Sigma32|Sigma38|Sigma70,5,True,0.18009395897388458,0.35768505930900574,0.20013725757598877,0.17252711951732635,0.021107684820890427,0.06844894587993622
5,Sigma70,1,Sigma28,0.40266522765159607,Sigma24|Sigma28|Sigma32|Sigma38,4,False,0.17131108045578003,0.40266522765159607,0.18977892398834229,0.16020570695400238,0.01382953766733408,0.062209609895944595
5,Sigma70,3,Sigma38,0.274421751499176,Sigma24|Sigma32|Sigma38|Sigma54|Sigma70,5,True,0.21496866643428802,0.04764556512236595,0.2732589840888977,0.274421751499176,0.09082145243883133,0.09888359159231186
5,Sigma70,3,Sigma38,0.45537126064300537,Sigma24|Sigma32|Sigma38|Sigma70,4,True,0.1853407770395279,0.03103484958410263,0.2051686942577362,0.45537126064300537,0.04190078377723694,0.08118364214897156
5,Sigma70,2,Sigma32,0.256057471036911,Sigma24|Sigma32|Sigma38|Sigma54|Sigma70,5,True,0.23183420300483704,0.043395791202783585,0.256057471036911,0.19224537909030914,0.16537024080753326,0.11109689623117447
5,Sigma70,1,Sigma28,0.2693578898906708,Sigma24|Sigma28|Sigma32|Sigma38|Sigma70,5,True,0.2159132957458496,0.2693578898906708,0.24238801002502441,0.12380880117416382,0.060244400054216385,0.0882875919342041
5,Sigma70,3,Sigma38,0.41218578815460205,Sigma24|Sigma32|Sigma38|Sigma70,4,True,0.17736946046352386,0.050331201404333115,0.24066230654716492,0.41218578815460205,0.03180883452296257,0.0876423642039299
5,Sigma70,1,Sigma28,0.2947274446487427,Sigma24|Sigma28|Sigma32|Sigma38|Sigma70,5,True,0.21053938567638397,0.2947274446487427,0.25180116295814514,0.12837614119052887,0.03835943341255188,0.07619640976190567
5,Sigma70,2,Sigma32,0.28205713629722595,Sigma24|Sigma28|Sigma32|Sigma38|Sigma54|Sigma70,6,True,0.22957830131053925,0.07441197335720062,0.28205713629722595,0.24052871763706207,0.07169219106435776,0.10173168778419495
5,Sigma70,2,Sigma32,0.2726300358772278,Sigma24|Sigma28|Sigma32|Sigma38|Sigma54|Sigma70,6,True,0.22501030564308167,0.15473195910453796,0.2726300358772278,0.16771598160266876,0.08606496453285217,0.09384677559137344
5,Sigma70,2,Sigma32,0.3035508692264557,Sigma24|Sigma28|Sigma32|Sigma38|Sigma70,5,True,0.25323525071144104,0.1656869351863861,0.3035508692264557,0.11899693310260773,0.058849725872278214,0.09968023747205734
5,Sigma70,1,Sigma28,0.24856923520565033,Sigma24|Sigma28|Sigma32|Sigma38|Sigma70,5,True,0.21753574907779694,0.24856923520565033,0.21059517562389374,0.22976480424404144,0.014530489221215248,0.07900460809469223
5,Sigma70,3,Sigma38,0.27929359674453735,Sigma24|Sigma28|Sigma32|Sigma38|Sigma70,5,True,0.22385840117931366,0.18555326759815216,0.21634279191493988,0.27929359674453735,0.011930438689887524,0.08302141726016998
5,Sigma70,2,Sigma32,0.33438706398010254,Sigma24|Sigma28|Sigma32|Sigma38|Sigma54|Sigma70,6,True,0.21517342329025269,0.11902782320976257,0.33438706398010254,0.12269412726163864,0.12781447172164917,0.08090310543775558
5,Sigma70,2,Sigma32,0.330984503030777,Sigma24|Sigma28|Sigma32|Sigma38|Sigma54|Sigma70,6,True,0.21750429272651672,0.12297175824642181,0.330984503030777,0.11895757913589478,0.1271079182624817,0.08247394859790802
5,Sigma70,2,Sigma32,0.2725093960762024,Sigma24|Sigma32|Sigma38|Sigma54|Sigma70,5,True,0.22378939390182495,0.05089158937335014,0.2725093960762024,0.2324206382036209,0.11360252648591995,0.10678645223379135
5,Sigma70,3,Sigma38,0.27722153067588806,Sigma24|Sigma28|Sigma32|Sigma38|Sigma70,5,True,0.22668936848640442,0.13087859749794006,0.2480686902999878,0.27722153067588806,0.027524003759026527,0.08961787074804306
5,Sigma70,2,Sigma32,0.3363034129142761,Sigma24|Sigma28|Sigma32|Sigma38|Sigma54|Sigma70,6,True,0.20907585322856903,0.09523905813694,0.3363034129142761,0.11275822669267654,0.15589402616024017,0.09072933346033096
5,Sigma70,3,Sigma38,0.4295409917831421,Sigma24|Sigma32|Sigma38|Sigma70,4,True,0.18135908246040344,0.020546359941363335,0.2130882441997528,0.4295409917831421,0.061201706528663635,0.09426368027925491
5,Sigma70,3,Sigma38,0.39486634731292725,Sigma24|Sigma28|Sigma32|Sigma38|Sigma70,5,True,0.20810087025165558,0.09585155546665192,0.18688231706619263,0.39486634731292725,0.021771306172013283,0.09252762049436569
5,Sigma70,2,Sigma32,0.2550777494907379,Sigma24|Sigma28|Sigma32|Sigma38|Sigma70,5,True,0.23390482366085052,0.138961523771286,0.2550777494907379,0.22828242182731628,0.04869266226887703,0.09508080780506134
5,Sigma70,3,Sigma38,0.2986258268356323,Sigma24|Sigma28|Sigma32|Sigma38|Sigma70,5,True,0.1843494474887848,0.12855449318885803,0.2563011050224304,0.2986258268356323,0.04414122924208641,0.08802785724401474
5,Sigma70,3,Sigma38,0.2894081473350525,Sigma24|Sigma32|Sigma38|Sigma70,4,True,0.24548177421092987,0.032837897539138794,0.2683808505535126,0.2894081473350525,0.060971833765506744,0.10291952639818192
5,Sigma70,2,Sigma32,0.28244924545288086,Sigma24|Sigma28|Sigma32|Sigma38|Sigma54|Sigma70,6,True,0.2323911041021347,0.1282627284526825,0.28244924545288086,0.1826220154762268,0.07487839460372925,0.09939651191234589
5,Sigma70,3,Sigma38,0.2568652033805847,Sigma24|Sigma28|Sigma32|Sigma38|Sigma54|Sigma70,6,True,0.253037691116333,0.08775699883699417,0.22879356145858765,0.2568652033805847,0.06306349486112595,0.1104830875992775
5,Sigma70,1,Sigma28,0.32213011384010315,Sigma24|Sigma28|Sigma32|Sigma38|Sigma70,5,True,0.22269508242607117,0.32213011384010315,0.22332942485809326,0.12404762208461761,0.029058462008833885,0.07873926311731339
5,Sigma70,2,Sigma32,0.25998616218566895,Sigma24|Sigma32|Sigma38|Sigma54|Sigma70,5,True,0.20299264788627625,0.023739978671073914,0.25998616218566895,0.19916513562202454,0.210859015583992,0.10325711220502853
5,Sigma70,3,Sigma38,0.3487015664577484,Sigma24|Sigma32|Sigma38|Sigma54|Sigma70,5,True,0.21302714943885803,0.03712179511785507,0.21755698323249817,0.3487015664577484,0.08027621358633041,0.10331634432077408
5,Sigma70,3,Sigma38,0.5484369993209839,Sigma24|Sigma28|Sigma32|Sigma38,4,False,0.13299456238746643,0.06808343529701233,0.1796341985464096,0.5484369993209839,0.011446656659245491,0.05940422788262367
5,Sigma70,3,Sigma38,0.31147500872612,Sigma24|Sigma32|Sigma38|Sigma54|Sigma70,5,True,0.16833408176898956,0.021416379138827324,0.24839985370635986,0.31147500872612,0.16130200028419495,0.08907273411750793
5,Sigma70,1,Sigma28,0.7039065957069397,Sigma24|Sigma28|Sigma32,3,False,0.09518135339021683,0.7039065957069397,0.10249239206314087,0.06275030970573425,0.004073071293532848,0.03159625083208084
5,Sigma70,2,Sigma32,0.2659696638584137,Sigma24|Sigma28|Sigma32|Sigma38|Sigma70,5,True,0.21953773498535156,0.1480983942747116,0.2659696638584137,0.23505504429340363,0.027424342930316925,0.1039147898554802
5,Sigma70,1,Sigma28,0.35073181986808777,Sigma24|Sigma28|Sigma32|Sigma38|Sigma70,5,True,0.19904285669326782,0.35073181986808777,0.2364823967218399,0.11430738121271133,0.03210045024752617,0.06733512878417969
5,Sigma70,3,Sigma38,0.2666899859905243,Sigma24|Sigma32|Sigma38|Sigma54|Sigma70,5,True,0.22475948929786682,0.05991524085402489,0.2620677649974823,0.2666899859905243,0.08530498296022415,0.10126253217458725
5,Sigma70,2,Sigma32,0.2697348892688751,Sigma24|Sigma28|Sigma32|Sigma38|Sigma54|Sigma70,6,True,0.2353430688381195,0.07150422781705856,0.2697348892688751,0.23886646330356598,0.08109267055988312,0.10345868021249771
5,Sigma70,2,Sigma32,0.2666597366333008,Sigma24|Sigma28|Sigma32|Sigma38|Sigma70,5,True,0.22672444581985474,0.1707020103931427,0.2666597366333008,0.2102251946926117,0.028055276721715927,0.09763331711292267
5,Sigma70,1,Sigma28,0.2913739085197449,Sigma24|Sigma28|Sigma32|Sigma38|Sigma70,5,True,0.2033185064792633,0.2913739085197449,0.21360793709754944,0.19667987525463104,0.023528125137090683,0.07149168848991394
5,Sigma70,3,Sigma38,0.35467445850372314,Sigma24|Sigma28|Sigma32|Sigma38|Sigma70,5,True,0.2032141089439392,0.08591662347316742,0.23389632999897003,0.35467445850372314,0.02691868506371975,0.09537971019744873
5,Sigma70,2,Sigma32,0.27666521072387695,Sigma24|Sigma32|Sigma38|Sigma54|Sigma70,5,True,0.22305941581726074,0.04384051263332367,0.27666521072387695,0.26547136902809143,0.08817858248949051,0.1027849093079567
5,Sigma70,3,Sigma38,0.3327178657054901,Sigma24|Sigma32|Sigma38|Sigma54|Sigma70,5,True,0.18901723623275757,0.040799688547849655,0.23371024429798126,0.3327178657054901,0.10235843062400818,0.1013965830206871
5,Sigma70,2,Sigma32,0.266838014125824,Sigma24|Sigma28|Sigma32|Sigma38|Sigma54|Sigma70,6,True,0.24641543626785278,0.09430105239152908,0.266838014125824,0.22271715104579926,0.07175080478191376,0.09797754138708115
5,Sigma70,3,Sigma38,0.37629204988479614,Sigma24|Sigma28|Sigma32|Sigma38|Sigma70,5,True,0.1980295181274414,0.08562637865543365,0.22413717210292816,0.37629204988479614,0.031468454748392105,0.08444640040397644
5,Sigma70,3,Sigma38,0.3286612033843994,Sigma24|Sigma32|Sigma38|Sigma54|Sigma70,5,True,0.1862209141254425,0.028866413980722427,0.23867619037628174,0.3286612033843994,0.10303393006324768,0.11454132199287415
5,Sigma70,3,Sigma38,0.3830658495426178,Sigma24|Sigma32|Sigma38|Sigma70,4,True,0.19163565337657928,0.029609477147459984,0.23933564126491547,0.3830658495426178,0.057236816734075546,0.09911660850048065
5,Sigma70,3,Sigma38,0.2875628173351288,Sigma24|Sigma32|Sigma38|Sigma54|Sigma70,5,True,0.21430546045303345,0.05442607402801514,0.2648914158344269,0.2875628173351288,0.0730108916759491,0.10580332577228546
5,Sigma70,3,Sigma38,0.2841776907444,Sigma24|Sigma32|Sigma38|Sigma54|Sigma70,5,True,0.21903789043426514,0.05178113281726837,0.2617088258266449,0.2841776907444,0.07912559807300568,0.10416880995035172
5,Sigma70,3,Sigma38,0.3503527045249939,Sigma24|Sigma32|Sigma38|Sigma54|Sigma70,5,True,0.1973094344139099,0.05490025505423546,0.22991393506526947,0.3503527045249939,0.06496243923902512,0.10256129503250122
5,Sigma70,3,Sigma38,0.3375515639781952,Sigma24|Sigma32|Sigma38|Sigma54|Sigma70,5,True,0.19275525212287903,0.03533713147044182,0.2522510886192322,0.3375515639781952,0.08353348821401596,0.09857150167226791
5,Sigma70,2,Sigma32,0.2753762900829315,Sigma24|Sigma28|Sigma32|Sigma38|Sigma54|Sigma70,6,True,0.20355281233787537,0.12991034984588623,0.2753762900829315,0.14243048429489136,0.17121846973896027,0.07751166075468063
5,Sigma70,3,Sigma38,0.38306984305381775,Sigma24|Sigma32|Sigma38|Sigma54|Sigma70,5,True,0.17941197752952576,0.03641097620129585,0.23755837976932526,0.38306984305381775,0.06306241452693939,0.10048644989728928
