true_label,true_label_name,predicted_label,predicted_label_name,confidence,prediction_set,set_size,covered,proba_Sigma24,proba_Sigma28,proba_Sigma32,proba_Sigma38,proba_Sigma54,proba_Sigma70
0,Sigma24,0,Sigma24,0.3039853870868683,Sigma24|Sigma32|Sigma38|Sigma70,4,True,0.3039853870868683,0.056187842041254044,0.2540741562843323,0.10241184383630753,0.026552995666861534,0.2567877471446991
0,Sigma24,0,Sigma24,0.3840462863445282,Sigma24|Sigma28|Sigma32|Sigma38|Sigma70,5,True,0.3840462863445282,0.07313545793294907,0.10303690284490585,0.13356350362300873,0.019103698432445526,0.28711408376693726
0,Sigma24,2,Sigma32,0.31030428409576416,Sigma24|Sigma32|Sigma54|Sigma70,4,True,0.25364792346954346,0.024637535214424133,0.31030428409576416,0.04752605780959129,0.14088256657123566,0.223001629114151
0,Sigma24,2,Sigma32,0.39331698417663574,Sigma24|Sigma32|Sigma38|Sigma54|Sigma70,5,True,0.09641320258378983,0.0017272911500185728,0.39331698417663574,0.08634970337152481,0.12134125083684921,0.30085158348083496
0,Sigma24,0,Sigma24,0.29353511333465576,Sigma24|Sigma28|Sigma32|Sigma54|Sigma70,5,True,0.29353511333465576,0.08439934998750687,0.1995871365070343,0.05593486502766609,0.1439046710729599,0.22263886034488678
0,Sigma24,5,Sigma70,0.4911853075027466,Sigma24|Sigma32|Sigma38|Sigma70,4,True,0.3532277047634125,0.004450411070138216,0.06641640514135361,0.078579381108284,0.006140881683677435,0.4911853075027466
0,Sigma24,5,Sigma70,0.3572629988193512,Sigma24|Sigma32|Sigma54|Sigma70,4,True,0.32585155963897705,0.013145669363439083,0.18867580592632294,0.046634700149297714,0.06842930614948273,0.3572629988193512
0,Sigma24,0,Sigma24,0.3731321096420288,Sigma24|Sigma28|Sigma32|Sigma38|Sigma70,5,True,0.3731321096420288,0.17221714556217194,0.11588016152381897,0.08734869211912155,0.02070002630352974,0.23072192072868347
0,Sigma24,0,Sigma24,0.354253888130188,Sigma24|Sigma32|Sigma70,3,True,0.354253888130188,0.024424204602837563,0.2584451735019684,0.047762468457221985,0.020436985418200493,0.2946772873401642
0,Sigma24,5,Sigma70,0.36690956354141235,Sigma24|Sigma32|Sigma70,3,True,0.3651484251022339,0.005035152658820152,0.20370431244373322,0.024469759315252304,0.034732747822999954,0.36690956354141235
0,Sigma24,5,Sigma70,0.39080509543418884,Sigma24|Sigma32|Sigma38|Sigma54|Sigma70,5,True,0.3024635314941406,0.006955328863114119,0.1570267379283905,0.08498606085777283,0.057763222604990005,0.39080509543418884
0,Sigma24,5,Sigma70,0.4777175784111023,Sigma24|Sigma32|Sigma38|Sigma54|Sigma70,5,True,0.198285773396492,0.004337381571531296,0.1500380039215088,0.10520003736019135,0.0644211694598198,0.4777175784111023
0,Sigma24,5,Sigma70,0.5334631204605103,Sigma24|Sigma32|Sigma70,3,True,0.36599814891815186,0.004185606725513935,0.058420781046152115,0.029315298423171043,0.008617112413048744,0.5334631204605103
0,Sigma24,5,Sigma70,0.5273157358169556,Sigma24|Sigma32|Sigma70,3,True,0.21945419907569885,0.00604478782042861,0.18349392712116241,0.038678765296936035,0.025012612342834473,0.5273157358169556
0,Sigma24,2,Sigma32,0.32628801465034485,Sigma24|Sigma32|Sigma54|Sigma70,4,True,0.2501303255558014,0.01913265697658062,0.32628801465034485,0.03487096354365349,0.08868353813886642,0.2808944284915924
0,Sigma24,5,Sigma70,0.38101112842559814,Sigma24|Sigma32|Sigma38|Sigma70,4,True,0.34719857573509216,0.010781057178974152,0.10658633708953857,0.10270972549915314,0.051713135093450546,0.38101112842559814
0,Sigma24,0,Sigma24,0.2908841073513031,Sigma24|Sigma32|Sigma54|Sigma70,4,True,0.2908841073513031,0.016041090711951256,0.20379982888698578,0.03340337425470352,0.1676778644323349,0.2881937325000763
0,Sigma24,0,Sigma24,0.5319573879241943,Sigma24|Sigma32|Sigma54|Sigma70,4,True,0.5319573879241943,0.028260404244065285,0.11004319787025452,0.038669098168611526,0.09727860242128372,0.1937912553548813
0,Sigma24,0,Sigma24,0.36966103315353394,Sigma24|Sigma32|Sigma38|Sigma54|Sigma70,5,True,0.36966103315353394,0.015586445108056068,0.14416739344596863,0.07828008383512497,0.09070204943418503,0.30160292983055115
0,Sigma24,2,Sigma32,0.3545320928096771,Sigma24|Sigma32|Sigma54|Sigma70,4,True,0.2562946081161499,0.052974022924900055,0.3545320928096771,0.04453510791063309,0.07385373115539551,0.21781043708324432
0,Sigma24,5,Sigma70,0.5316256880760193,Sigma24|Sigma32|Sigma70,3,True,0.13695484399795532,0.001781731960363686,0.25953468680381775,0.040445778518915176,0.029657261446118355,0.5316256880760193
0,Sigma24,0,Sigma24,0.37410658597946167,Sigma24|Sigma32|Sigma38|Sigma70,4,True,0.37410658597946167,0.03778984025120735,0.2183784395456314,0.11512889713048935,0.05304505303502083,0.20155112445354462
0,Sigma24,5,Sigma70,0.2564125955104828,Sigma24|Sigma28|Sigma32|Sigma38|Sigma70,5,True,0.21659795939922333,0.15565894544124603,0.17357134819030762,0.14890854060649872,0.04885055124759674,0.2564125955104828
0,Sigma24,5,Sigma70,0.42146676778793335,Sigma24|Sigma32|Sigma38|Sigma70,4,True,0.34565553069114685,0.041762642562389374,0.09288093447685242,0.07635415345430374,0.021880051121115685,0.42146676778793335
0,Sigma24,2,Sigma32,0.5670734643936157,Sigma24|Sigma32|Sigma38|Sigma70,4,True,0.1281396895647049,0.015615124255418777,0.5670734643936157,0.0813869833946228,0.05408472940325737,0.15370003879070282
0,Sigma24,2,Sigma32,0.33847689628601074,Sigma24|Sigma32|Sigma54|Sigma70,4,True,0.28793779015541077,0.049167267978191376,0.33847689628601074,0.041068654507398605,0.07398022711277008,0.20936913788318634
0,Sigma24,2,Sigma32,0.3308136463165283,Sigma24|Sigma32|Sigma54|Sigma70,4,True,0.2056010663509369,0.009218285791575909,0.3308136463165283,0.03510776907205582,0.23527182638645172,0.18398742377758026
0,Sigma24,0,Sigma24,0.3949635624885559,Sigma24|Sigma28|Sigma32|Sigma38|Sigma70,5,True,0.3949635624885559,0.09674479812383652,0.21655072271823883,0.11035045981407166,0.027605131268501282,0.1537853181362152
0,Sigma24,0,Sigma24,0.2712004780769348,Sigma24|Sigma28|Sigma32|Sigma54|Sigma70,5,True,0.2712004780769348,0.18172189593315125,0.16151480376720428,0.013049249537289143,0.1759529709815979,0.19656062126159668
0,Sigma24,5,Sigma70,0.5399925112724304,Sigma24|Sigma32|Sigma38|Sigma70,4,True,0.24696671962738037,0.021797792986035347,0.10808759927749634,0.07310391217470169,0.010051385499536991,0.5399925112724304
0,Sigma24,4,Sigma54,0.34162214398384094,Sigma24|Sigma28|Sigma32|Sigma54|Sigma70,5,True,0.24758633971214294,0.06810072064399719,0.2628611922264099,0.021871494129300117,0.34162214398384094,0.05795818939805031
0,Sigma24,5,Sigma70,0.2758367359638214,Sigma24|Sigma28|Sigma32|Sigma38|Sigma70,5,True,0.27115482091903687,0.06912176311016083,0.27514514327049255,0.07320171594619751,0.03553982451558113,0.2758367359638214
0,Sigma24,0,Sigma24,0.44682830572128296,Sigma24|Sigma28|Sigma32|Sigma70,4,True,0.44682830572128296,0.0959470197558403,0.2783772051334381,0.041080012917518616,0.028491279110312462,0.10927620530128479
0,Sigma24,1,Sigma28,0.42378389835357666,Sigma24|Sigma28|Sigma32,3,True,0.17250429093837738,0.42378389835357666,0.3130008280277252,0.038217220455408096,0.01796051487326622,0.034533288329839706
0,Sigma24,0,Sigma24,0.3361245095729828,Sigma24|Sigma28|Sigma32|Sigma54|Sigma70,5,True,0.3361245095729828,0.058690041303634644,0.18634332716464996,0.0515693798661232,0.2449461668729782,0.12232664972543716
0,Sigma24,5,Sigma70,0.41009220480918884,Sigma24|Sigma32|Sigma38|Sigma70,4,True,0.23775626718997955,0.008418573066592216,0.18698911368846893,0.13864679634571075,0.018097074702382088,0.41009220480918884
0,Sigma24,2,Sigma32,0.38098159432411194,Sigma24|Sigma32|Sigma70,3,True,0.28456205129623413,0.027364881709218025,0.38098159432411194,0.040169958025217056,0.025040820240974426,0.24188080430030823
0,Sigma24,5,Sigma70,0.4659108817577362,Sigma24|Sigma32|Sigma70,3,True,0.2711431086063385,0.012067855335772038,0.150736466050148,0.05001555383205414,0.05012623965740204,0.4659108817577362
0,Sigma24,5,Sigma70,0.40745797753334045,Sigma24|Sigma32|Sigma70,3,True,0.3026280105113983,0.01633218675851822,0.1839875727891922,0.04836641624569893,0.04122782498598099,0.40745797753334045
0,Sigma24,5,Sigma70,0.4084007143974304,Sigma24|Sigma32|Sigma38|Sigma70,4,True,0.1654309332370758,0.025052469223737717,0.2895980775356293,0.08492445200681686,0.026593394577503204,0.4084007143974304
0,Sigma24,0,Sigma24,0.48259976506233215,Sigma24|Sigma38|Sigma70,3,True,0.48259976506233215,0.046437520533800125,0.04470980167388916,0.074733205139637,0.013082345947623253,0.33843734860420227
0,Sigma24,5,Sigma70,0.3234759569168091,Sigma24|Sigma32|Sigma54|Sigma70,4,True,0.2039475291967392,0.007240003440529108,0.25371313095092773,0.04100895673036575,0.17061445116996765,0.3234759569168091
0,Sigma24,5,Sigma70,0.7406249046325684,Sigma24|Sigma70,2,True,0.15099428594112396,0.002091055503115058,0.055024318397045135,0.046539079397916794,0.004726369399577379,0.7406249046325684
0,Sigma24,2,Sigma32,0.31543412804603577,Sigma24|Sigma32|Sigma38|Sigma54|Sigma70,5,True,0.23548556864261627,0.02747514471411705,0.31543412804603577,0.06500707566738129,0.099458709359169,0.2571393847465515
0,Sigma24,0,Sigma24,0.4474928081035614,Sigma24|Sigma32|Sigma54|Sigma70,4,True,0.4474928081035614,0.011673830449581146,0.21012535691261292,0.052645083516836166,0.05767868459224701,0.22038419544696808
0,Sigma24,5,Sigma70,0.4272320866584778,Sigma24|Sigma32|Sigma38|Sigma70,4,True,0.17526540160179138,0.005833463743329048,0.25462886691093445,0.11651378124952316,0.020526401698589325,0.4272320866584778
0,Sigma24,0,Sigma24,0.5073661804199219,Sigma24|Sigma32|Sigma70,3,True,0.5073661804199219,0.04148435220122337,0.22742260992527008,0.02761039137840271,0.0471152625977993,0.14900121092796326
0,Sigma24,0,Sigma24,0.3653513193130493,Sigma24|Sigma28|Sigma32|Sigma70,4,True,0.3653513193130493,0.12435036897659302,0.30633413791656494,0.034321367740631104,0.03846503421664238,0.13117772340774536
0,Sigma24,0,Sigma24,0.49234017729759216,Sigma24|Sigma32|Sigma54|Sigma70,4,True,0.49234017729759216,0.04744710773229599,0.20973888039588928,0.04254299774765968,0.0877893716096878,0.12014144659042358
0,Sigma24,0,Sigma24,0.2687413990497589,Sigma24|Sigma28|Sigma32|Sigma38|Sigma70,5,True,0.2687413990497589,0.06481119990348816,0.2384195178747177,0.17066968977451324,0.023000100627541542,0.23435811698436737
0,Sigma24,2,Sigma32,0.34973809123039246,Sigma24|Sigma32|Sigma38|Sigma70,4,True,0.179818257689476,0.010256200097501278,0.34973809123039246,0.10667751729488373,0.0480227917432785,0.30548718571662903
0,Sigma24,2,Sigma32,0.3855425715446472,Sigma24|Sigma32|Sigma38|Sigma70,4,True,0.1528366208076477,0.011318541131913662,0.3855425715446472,0.08695639669895172,0.04811803251504898,0.3152278959751129
0,Sigma24,2,Sigma32,0.5996198058128357,Sigma24|Sigma32|Sigma70,3,True,0.12855368852615356,0.044575367122888565,0.5996198058128357,0.05205116420984268,0.014652862213551998,0.16054712235927582
0,Sigma24,0,Sigma24,0.44511425495147705,Sigma24|Sigma32|Sigma70,3,True,0.44511425495147705,0.03408203646540642,0.22573386132717133,0.04576883837580681,0.013471771031618118,0.2358292192220688
0,Sigma24,0,Sigma24,0.337606281042099,Sigma24|Sigma32|Sigma38|Sigma70,4,True,0.337606281042099,0.036766167730093,0.30284929275512695,0.08257400244474411,0.052083007991313934,0.18812130391597748
0,Sigma24,3,Sigma38,0.279448002576828,Sigma24|Sigma32|Sigma38|Sigma70,4,True,0.17533157765865326,0.03631478548049927,0.2615910768508911,0.279448002576828,0.009778784587979317,0.2375357449054718
0,Sigma24,0,Sigma24,0.42453256249427795,Sigma24|Sigma32|Sigma70,3,True,0.42453256249427795,0.04236611723899841,0.2133835405111313,0.038421981036663055,0.025011276826262474,0.25628453493118286
0,Sigma24,2,Sigma32,0.31714481115341187,Sigma24|Sigma32|Sigma38|Sigma70,4,True,0.20871791243553162,0.006672853138297796,0.31714481115341187,0.13761956989765167,0.028473276644945145,0.30137163400650024
0,Sigma24,5,Sigma70,0.6775767207145691,Sigma24|Sigma38|Sigma70,3,True,0.20691752433776855,0.005547291599214077,0.04537138342857361,0.06106439605355263,0.0035226799082010984,0.6775767207145691
0,Sigma24,5,Sigma70,0.45363086462020874,Sigma24|Sigma32|Sigma70,3,True,0.2654854357242584,0.0027547511272132397,0.21785758435726166,0.03363481163978577,0.026636535301804543,0.45363086462020874
0,Sigma24,0,Sigma24,0.37546196579933167,Sigma24|Sigma32|Sigma38|Sigma70,4,True,0.37546196579933167,0.03967011347413063,0.2551226019859314,0.06341099739074707,0.021144675090909004,0.2451895922422409
0,Sigma24,2,Sigma32,0.3551766276359558,Sigma24|Sigma32|Sigma38|Sigma54|Sigma70,5,True,0.21583405137062073,0.015981514006853104,0.3551766276359558,0.0658494085073471,0.08190944790840149,0.2652489244937897
0,Sigma24,5,Sigma70,0.3737682104110718,Sigma24|Sigma32|Sigma38|Sigma70,4,True,0.17643754184246063,0.027200888842344284,0.18819428980350494,0.23314355313777924,0.0012555057182908058,0.3737682104110718
0,Sigma24,2,Sigma32,0.45880845189094543,Sigma24|Sigma32|Sigma38|Sigma70,4,True,0.156656414270401,0.022683637216687202,0.45880845189094543,0.11727405339479446,0.02100013568997383,0.22357726097106934
0,Sigma24,0,Sigma24,0.38223475217819214,Sigma24|Sigma32|Sigma70,3,True,0.38223475217819214,0.022859785705804825,0.26055094599723816,0.030970226973295212,0.018892118707299232,0.2844921350479126
0,Sigma24,0,Sigma24,0.30944666266441345,Sigma24|Sigma28|Sigma32|Sigma54|Sigma70,5,True,0.30944666266441345,0.14734143018722534,0.24403545260429382,0.03119698539376259,0.09720297157764435,0.1707765907049179
0,Sigma24,0,Sigma24,0.3303641378879547,Sigma24|Sigma28|Sigma32|Sigma38|Sigma70,5,True,0.3303641378879547,0.07469616085290909,0.2277822047472,0.07914113253355026,0.037844739854335785,0.2501716613769531
0,Sigma24,5,Sigma70,0.41124606132507324,Sigma24|Sigma32|Sigma38|Sigma70,4,True,0.38570600748062134,0.011373383924365044,0.060129694640636444,0.1214945986866951,0.010050222277641296,0.41124606132507324
0,Sigma24,2,Sigma32,0.31838417053222656,Sigma24|Sigma32|Sigma54|Sigma70,4,True,0.2785152792930603,0.017270643264055252,0.31838417053222656,0.04863869398832321,0.09645089507102966,0.24074025452136993
0,Sigma24,2,Sigma32,0.3638586103916168,Sigma24|Sigma28|Sigma32|Sigma54|Sigma70,5,True,0.18907985091209412,0.18818369507789612,0.3638586103916168,0.032049182802438736,0.13580679893493652,0.09102179110050201
0,Sigma24,0,Sigma24,0.3761953115463257,Sigma24|Sigma32|Sigma54|Sigma70,4,True,0.3761953115463257,0.033881302922964096,0.12737905979156494,0.044392071664333344,0.10942744463682175,0.3087247312068939
0,Sigma24,0,Sigma24,0.3687194287776947,Sigma24|Sigma28|Sigma32|Sigma54|Sigma70,5,True,0.3687194287776947,0.2014150470495224,0.20436164736747742,0.016524896025657654,0.061809390783309937,0.14716963469982147
0,Sigma24,0,Sigma24,0.47041237354278564,Sigma24|Sigma32|Sigma70,3,True,0.47041237354278564,0.05169172212481499,0.22408229112625122,0.04270067438483238,0.03478272259235382,0.17633022367954254
0,Sigma24,0,Sigma24,0.4034038782119751,Sigma24|Sigma32|Sigma70,3,True,0.4034038782119751,0.017522554844617844,0.2149343639612198,0.05389155447483063,0.03479434922337532,0.2754533290863037
0,Sigma24,0,Sigma24,0.31595948338508606,Sigma24|Sigma28|Sigma32|Sigma38|Sigma70,5,True,0.31595948338508606,0.08585544675588608,0.2130565196275711,0.1560935527086258,0.03064989112317562,0.1983851194381714
0,Sigma24,0,Sigma24,0.29378998279571533,Sigma24|Sigma28|Sigma32|Sigma38|Sigma54|Sigma70,6,True,0.29378998279571533,0.11500091850757599,0.2561188042163849,0.05880090594291687,0.14537805318832397,0.13091139495372772
0,Sigma24,0,Sigma24,0.2950095236301422,Sigma24|Sigma28|Sigma32|Sigma38|Sigma54|Sigma70,6,True,0.2950095236301422,0.11477118730545044,0.2245895266532898,0.06438200920820236,0.10290301591157913,0.1983446329832077
0,Sigma24,2,Sigma32,0.39997926354408264,Sigma24|Sigma32|Sigma38|Sigma70,4,True,0.23324882984161377,0.01637844555079937,0.39997926354408264,0.07549913972616196,0.04082319885492325,0.23407113552093506
0,Sigma24,0,Sigma24,0.43639591336250305,Sigma24|Sigma28|Sigma32|Sigma70,4,True,0.43639591336250305,0.06703998893499374,0.28886157274246216,0.018244406208395958,0.031558576971292496,0.15789946913719177
0,Sigma24,0,Sigma24,0.40771788358688354,Sigma24|Sigma32|Sigma70,3,True,0.40771788358688354,0.007249589543789625,0.23184511065483093,0.02190961129963398,0.018641609698534012,0.3126361072063446
0,Sigma24,5,Sigma70,0.33394092321395874,Sigma24|Sigma32|Sigma38|Sigma70,4,True,0.32350417971611023,0.027237117290496826,0.22905473411083221,0.0592939555644989,0.026969119906425476,0.33394092321395874
0,Sigma24,0,Sigma24,0.35363462567329407,Sigma24|Sigma32|Sigma54|Sigma70,4,True,0.35363462567329407,0.015132739208638668,0.1695244163274765,0.05506058409810066,0.1256696730852127,0.2809780240058899
0,Sigma24,5,Sigma70,0.36135873198509216,Sigma24|Sigma32|Sigma38|Sigma70,4,True,0.2845109701156616,0.016519857570528984,0.26254308223724365,0.06964762508869171,0.005419791676104069,0.36135873198509216
0,Sigma24,2,Sigma32,0.2836593687534332,Sigma24|Sigma28|Sigma32|Sigma54|Sigma70,5,True,0.25762349367141724,0.21681341528892517,0.2836593687534332,0.026143265888094902,0.10663417726755142,0.10912630707025528
0,Sigma24,5,Sigma70,0.5066438913345337,Sigma24|Sigma32|Sigma70,3,True,0.24048848450183868,0.004327586852014065,0.1805916279554367,0.03761688619852066,0.030331555753946304,0.5066438913345337
0,Sigma24,5,Sigma70,0.299185186624527,Sigma24|Sigma28|Sigma32|Sigma38|Sigma70,5,True,0.2798227369785309,0.06368154287338257,0.18266767263412476,0.13986922800540924,0.034773681312799454,0.299185186624527
0,Sigma24,5,Sigma70,0.6726074814796448,Sigma24|Sigma32|Sigma38|Sigma70,4,True,0.14901933073997498,0.0016242272686213255,0.09374646097421646,0.07472842186689377,0.008274048566818237,0.6726074814796448
0,Sigma24,2,Sigma32,0.3771635591983795,Sigma24|Sigma28|Sigma32|Sigma38|Sigma70,5,True,0.264812707901001,0.1197364553809166,0.3771635591983795,0.09971142560243607,0.02788541465997696,0.11069033294916153
0,Sigma24,2,Sigma32,0.34651732444763184,Sigma24|Sigma32|Sigma70,3,True,0.29713737964630127,0.048172496259212494,0.34651732444763184,0.049852073192596436,0.029894346371293068,0.22842639684677124
0,Sigma24,2,Sigma32,0.556228756904602,Sigma24|Sigma32|Sigma54|Sigma70,4,True,0.17447930574417114,0.038250572979450226,0.556228756904602,0.030032914131879807,0.0822015330195427,0.11880689859390259
0,Sigma24,0,Sigma24,0.39277657866477966,Sigma24|Sigma28|Sigma32|Sigma38|Sigma54|Sigma70,6,True,0.39277657866477966,0.07194563001394272,0.17886647582054138,0.1489301472902298,0.0634717121720314,0.14400939643383026
0,Sigma24,5,Sigma70,0.3044931888580322,Sigma24|Sigma32|Sigma54|Sigma70,4,True,0.30426496267318726,0.02203975059092045,0.2742871940135956,0.02591385319828987,0.06900101155042648,0.3044931888580322
0,Sigma24,2,Sigma32,0.4817925691604614,Sigma24|Sigma32|Sigma54|Sigma70,4,True,0.23134353756904602,0.04055602103471756,0.4817925691604614,0.029703432694077492,0.08891076594591141,0.12769366800785065
0,Sigma24,0,Sigma24,0.3734634518623352,Sigma24|Sigma28|Sigma32|Sigma70,4,True,0.3734634518623352,0.11284048110246658,0.2963273227214813,0.04238121956586838,0.010454121977090836,0.16453348100185394
0,Sigma24,2,Sigma32,0.37049752473831177,Sigma24|Sigma28|Sigma32|Sigma38|Sigma70,5,True,0.23145340383052826,0.11430762708187103,0.37049752473831177,0.06663478910923004,0.024262113496661186,0.1928444653749466
0,Sigma24,5,Sigma70,0.3091447353363037,Sigma24|Sigma32|Sigma38|Sigma70,4,True,0.21256066858768463,0.005591220688074827,0.20346680283546448,0.2624567151069641,0.006779851857572794,0.3091447353363037
0,Sigma24,2,Sigma32,0.3059237003326416,Sigma24|Sigma28|Sigma32|Sigma38|Sigma70,5,True,0.16507025063037872,0.10667305439710617,0.3059237003326416,0.13521037995815277,0.037052255123853683,0.25007033348083496
0,Sigma24,5,Sigma70,0.4172188341617584,Sigma24|Sigma32|Sigma38|Sigma70,4,True,0.17877501249313354,0.015436670742928982,0.19114066660404205,0.16500288248062134,0.03242591395974159,0.4172188341617584
1,Sigma28,2,Sigma32,0.38766738772392273,Sigma24|Sigma28|Sigma32|Sigma38|Sigma70,5,True,0.15169841051101685,0.08467882126569748,0.38766738772392273,0.16348601877689362,0.018768461421132088,0.19370095431804657
1,Sigma28,1,Sigma28,0.44528886675834656,Sigma24|Sigma28|Sigma32|Sigma70,4,True,0.20182029902935028,0.44528886675834656,0.20940251648426056,0.049738965928554535,0.012422259896993637,0.08132702857255936
1,Sigma28,0,Sigma24,0.39270976185798645,Sigma24|Sigma28|Sigma32|Sigma70,4,True,0.39270976185798645,0.15417248010635376,0.11362870037555695,0.05266861245036125,0.008089541457593441,0.27873092889785767
1,Sigma28,0,Sigma24,0.41180169582366943,Sigma24|Sigma28|Sigma32|Sigma54|Sigma70,5,True,0.41180169582366943,0.09047146141529083,0.1534796804189682,0.025237753987312317,0.15962578356266022,0.15938356518745422
1,Sigma28,1,Sigma28,0.279756098985672,Sigma24|Sigma28|Sigma32|Sigma38|Sigma70,5,True,0.27071061730384827,0.279756098985672,0.19025316834449768,0.09365873038768768,0.018105337396264076,0.14751604199409485
1,Sigma28,2,Sigma32,0.3631948232650757,Sigma24|Sigma32|Sigma38|Sigma54|Sigma70,5,False,0.19460035860538483,0.03991759195923805,0.3631948232650757,0.05901851877570152,0.10492277145385742,0.23834586143493652
1,Sigma28,2,Sigma32,0.4696573317050934,Sigma24|Sigma32|Sigma54|Sigma70,4,False,0.14871454238891602,0.04616008326411247,0.4696573317050934,0.02118992805480957,0.2203824520111084,0.09389565885066986
1,Sigma28,5,Sigma70,0.3343583941459656,Sigma24|Sigma32|Sigma38|Sigma70,4,False,0.32010871171951294,0.011101054958999157,0.17329859733581543,0.10723289847373962,0.0539003424346447,0.3343583941459656
1,Sigma28,1,Sigma28,0.3698785901069641,Sigma24|Sigma28|Sigma32|Sigma38|Sigma70,5,True,0.16609619557857513,0.3698785901069641,0.22608689963817596,0.0783262774348259,0.02332708239555359,0.13628491759300232
1,Sigma28,5,Sigma70,0.3639313578605652,Sigma24|Sigma32|Sigma54|Sigma70,4,False,0.22243905067443848,0.014010138809680939,0.26114845275878906,0.05501975119113922,0.0834512785077095,0.3639313578605652
1,Sigma28,5,Sigma70,0.3088717460632324,Sigma24|Sigma32|Sigma38|Sigma54|Sigma70,5,False,0.10289070010185242,0.0034980897326022387,0.28775885701179504,0.18646670877933502,0.11051376909017563,0.3088717460632324
1,Sigma28,0,Sigma24,0.30954599380493164,Sigma24|Sigma28|Sigma32|Sigma54|Sigma70,5,True,0.30954599380493164,0.1246175467967987,0.2759764492511749,0.030206192284822464,0.11402451246976852,0.14562919735908508
1,Sigma28,1,Sigma28,0.34877997636795044,Sigma24|Sigma28|Sigma32|Sigma70,4,True,0.2927524149417877,0.34877997636795044,0.2100050002336502,0.028627296909689903,0.054602473974227905,0.06523287296295166
1,Sigma28,0,Sigma24,0.3723319172859192,Sigma24|Sigma28|Sigma32|Sigma54|Sigma70,5,True,0.3723319172859192,0.11024212092161179,0.2622714340686798,0.024085359647870064,0.09890276193618774,0.13216637074947357
1,Sigma28,0,Sigma24,0.30138710141181946,Sigma24|Sigma28|Sigma32|Sigma54|Sigma70,5,True,0.30138710141181946,0.243814155459404,0.17727307975292206,0.025285758078098297,0.08203284442424774,0.17020705342292786
1,Sigma28,1,Sigma28,0.3406333923339844,Sigma24|Sigma28|Sigma32|Sigma54|Sigma70,5,True,0.15307213366031647,0.3406333923339844,0.25697848200798035,0.04735659807920456,0.09820244461297989,0.10375690460205078
1,Sigma28,5,Sigma70,0.5508953928947449,Sigma24|Sigma32|Sigma38|Sigma70,4,False,0.22111928462982178,0.01332513801753521,0.13120713829994202,0.07779119163751602,0.0056618619710206985,0.5508953928947449
1,Sigma28,5,Sigma70,0.3799540102481842,Sigma24|Sigma28|Sigma32|Sigma38|Sigma70,5,True,0.29601097106933594,0.09792488068342209,0.0957803800702095,0.11576022952795029,0.01456950418651104,0.3799540102481842
1,Sigma28,2,Sigma32,0.48792338371276855,Sigma24|Sigma32|Sigma54|Sigma70,4,False,0.16666854918003082,0.05485307425260544,0.48792338371276855,0.04016317054629326,0.1655101478099823,0.0848817303776741
1,Sigma28,2,Sigma32,0.3434827923774719,Sigma24|Sigma28|Sigma32|Sigma54|Sigma70,5,True,0.294141948223114,0.09959470480680466,0.3434827923774719,0.03565144166350365,0.06364728510379791,0.16348189115524292
1,Sigma28,1,Sigma28,0.4171733260154724,Sigma24|Sigma28|Sigma32|Sigma70,4,True,0.24760200083255768,0.4171733260154724,0.15456309914588928,0.045443177223205566,0.013690791092813015,0.12152761220932007
1,Sigma28,2,Sigma32,0.4411642551422119,Sigma24|Sigma32|Sigma38|Sigma54|Sigma70,5,False,0.11263130605220795,0.041746485978364944,0.4411642551422119,0.06413249671459198,0.23617440462112427,0.10415112227201462
1,Sigma28,2,Sigma32,0.43560990691185,Sigma24|Sigma28|Sigma32|Sigma54|Sigma70,5,True,0.123786062002182,0.25116220116615295,0.43560990691185,0.03152332827448845,0.09031505137681961,0.06760338693857193
1,Sigma28,5,Sigma70,0.25835686922073364,Sigma24|Sigma28|Sigma32|Sigma38|Sigma70,5,True,0.21593758463859558,0.19877181947231293,0.2405110001564026,0.06225131079554558,0.024171389639377594,0.25835686922073364
1,Sigma28,1,Sigma28,0.41497358679771423,Sigma24|Sigma28|Sigma32|Sigma70,4,True,0.27909618616104126,0.41497358679771423,0.185946986079216,0.0214858315885067,0.01926165260374546,0.07923572510480881
1,Sigma28,2,Sigma32,0.48184913396835327,Sigma24|Sigma32|Sigma54|Sigma70,4,False,0.18756236135959625,0.03931127116084099,0.48184913396835327,0.03765504062175751,0.07372008264064789,0.1799020618200302
1,Sigma28,2,Sigma32,0.4059285521507263,Sigma24|Sigma28|Sigma32|Sigma70,4,True,0.24702365696430206,0.13324953615665436,0.4059285521507263,0.01670435070991516,0.04889271408319473,0.14820121228694916
1,Sigma28,1,Sigma28,0.48126745223999023,Sigma24|Sigma28|Sigma32|Sigma70,4,True,0.26028719544410706,0.48126745223999023,0.08694224059581757,0.03297801315784454,0.04045331850647926,0.09807183593511581
2,Sigma32,0,Sigma24,0.3253594636917114,Sigma24|Sigma32|Sigma38|Sigma54|Sigma70,5,True,0.3253594636917114,0.055834975093603134,0.23195567727088928,0.0655682310461998,0.10960204154253006,0.2116796225309372
2,Sigma32,5,Sigma70,0.3586849570274353,Sigma24|Sigma32|Sigma38|Sigma70,4,True,0.12687505781650543,0.015898115932941437,0.24185428023338318,0.24777093529701233,0.008916708640754223,0.3586849570274353
2,Sigma32,2,Sigma32,0.5452890992164612,Sigma24|Sigma32|Sigma70,3,True,0.11133032292127609,0.007467910181730986,0.5452890992164612,0.03666635602712631,0.03697695583105087,0.26226937770843506
2,Sigma32,5,Sigma70,0.41638582944869995,Sigma24|Sigma32|Sigma38|Sigma70,4,True,0.17822209000587463,0.03213862329721451,0.2668880820274353,0.09310847520828247,0.013256876729428768,0.41638582944869995
2,Sigma32,5,Sigma70,0.34851834177970886,Sigma24|Sigma32|Sigma38|Sigma54|Sigma70,5,True,0.19923409819602966,0.008984115906059742,0.23306937515735626,0.08670414984226227,0.12348991632461548,0.34851834177970886
2,Sigma32,2,Sigma32,0.47549766302108765,Sigma24|Sigma32|Sigma38|Sigma54|Sigma70,5,True,0.0967443585395813,0.008289848454296589,0.47549766302108765,0.0944608747959137,0.07945385575294495,0.24555326998233795
2,Sigma32,2,Sigma32,0.3847057819366455,Sigma24|Sigma32|Sigma38|Sigma54|Sigma70,5,True,0.1826333999633789,0.05139212682843208,0.3847057819366455,0.09799142181873322,0.08463357388973236,0.1986437439918518
2,Sigma32,2,Sigma32,0.4703567326068878,Sigma24|Sigma32|Sigma54|Sigma70,4,True,0.16376414895057678,0.030636468902230263,0.4703567326068878,0.037214819341897964,0.06676167994737625,0.23126614093780518
2,Sigma32,2,Sigma32,0.3101486265659332,Sigma24|Sigma28|Sigma32|Sigma38|Sigma70,5,True,0.2053150087594986,0.09654592722654343,0.3101486265659332,0.16664785146713257,0.005575879942625761,0.21576669812202454
2,Sigma32,5,Sigma70,0.4379042685031891,Sigma24|Sigma32|Sigma38|Sigma70,4,True,0.30980390310287476,0.024002021178603172,0.11576502025127411,0.07537008821964264,0.03715472295880318,0.4379042685031891
2,Sigma32,2,Sigma32,0.38540253043174744,Sigma24|Sigma28|Sigma32|Sigma54|Sigma70,5,True,0.12746284902095795,0.28767403960227966,0.38540253043174744,0.03597337380051613,0.09575702250003815,0.06773027777671814
2,Sigma32,4,Sigma54,0.47368547320365906,Sigma24|Sigma32|Sigma38|Sigma54|Sigma70,5,True,0.14402452111244202,0.01843622885644436,0.17756521701812744,0.05850866809487343,0.47368547320365906,0.12777991592884064
2,Sigma32,2,Sigma32,0.4059031009674072,Sigma24|Sigma32|Sigma38|Sigma54|Sigma70,5,True,0.09750790894031525,0.01377924159169197,0.4059031009674072,0.11744702607393265,0.07547645270824432,0.2898862361907959
2,Sigma32,5,Sigma70,0.3268645107746124,Sigma24|Sigma32|Sigma38|Sigma70,4,True,0.28708404302597046,0.04835318401455879,0.23413734138011932,0.08446337282657623,0.019097542390227318,0.3268645107746124
2,Sigma32,2,Sigma32,0.351247102022171,Sigma24|Sigma28|Sigma32|Sigma38|Sigma54|Sigma70,6,True,0.1675291508436203,0.09177074581384659,0.351247102022171,0.06391287595033646,0.19776394963264465,0.12777619063854218
2,Sigma32,2,Sigma32,0.37362825870513916,Sigma24|Sigma28|Sigma32|Sigma38|Sigma70,5,True,0.14178211987018585,0.2261103093624115,0.37362825870513916,0.06372243165969849,0.04142113775014877,0.15333585441112518
2,Sigma32,2,Sigma32,0.30894216895103455,Sigma24|Sigma32|Sigma38|Sigma54|Sigma70,5,True,0.2535792291164398,0.01797253079712391,0.30894216895103455,0.12515181303024292,0.1236107125878334,0.17074355483055115
2,Sigma32,0,Sigma24,0.3018089234828949,Sigma24|Sigma28|Sigma32|Sigma54|Sigma70,5,True,0.3018089234828949,0.10425368696451187,0.26775863766670227,0.03322053328156471,0.15557639300823212,0.13738176226615906
2,Sigma32,2,Sigma32,0.3863737881183624,Sigma24|Sigma32|Sigma70,3,True,0.26082298159599304,0.013257517479360104,0.3863737881183624,0.036170195788145065,0.03455698490142822,0.2688184678554535
2,Sigma32,2,Sigma32,0.2928850054740906,Sigma24|Sigma28|Sigma32|Sigma54|Sigma70,5,True,0.24841387569904327,0.208906352519989,0.2928850054740906,0.034187380224466324,0.15889331698417664,0.056713949888944626
2,Sigma32,2,Sigma32,0.3912465572357178,Sigma24|Sigma28|Sigma32|Sigma70,4,True,0.23347021639347076,0.10617537051439285,0.3912465572357178,0.04676991328597069,0.04280128702521324,0.1795366406440735
2,Sigma32,2,Sigma32,0.3205956518650055,Sigma24|Sigma28|Sigma32|Sigma38|Sigma54|Sigma70,6,True,0.17423789203166962,0.18007321655750275,0.3205956518650055,0.07763129472732544,0.06574133783578873,0.18172064423561096
2,Sigma32,2,Sigma32,0.311124324798584,Sigma24|Sigma28|Sigma32|Sigma54|Sigma70,5,True,0.21551315486431122,0.09067342430353165,0.311124324798584,0.04804857447743416,0.07935372740030289,0.25528672337532043
2,Sigma32,2,Sigma32,0.3728252947330475,Sigma24|Sigma28|Sigma32|Sigma38|Sigma70,5,True,0.18732500076293945,0.0862225666642189,0.3728252947330475,0.06367582082748413,0.0532124824821949,0.23673886060714722
2,Sigma32,4,Sigma54,0.4436410963535309,Sigma24|Sigma28|Sigma32|Sigma54|Sigma70,5,True,0.11726294457912445,0.07118425518274307,0.23250994086265564,0.03399762138724327,0.4436410963535309,0.10140423476696014
2,Sigma32,0,Sigma24,0.36037111282348633,Sigma24|Sigma32|Sigma38|Sigma70,4,True,0.36037111282348633,0.03796030208468437,0.24884234368801117,0.059222880750894547,0.021393263712525368,0.27221009135246277
2,Sigma32,5,Sigma70,0.5009063482284546,Sigma24|Sigma32|Sigma38|Sigma70,4,True,0.2969686686992645,0.023352516815066338,0.09610192477703094,0.06295144557952881,0.019719168543815613,0.5009063482284546
2,Sigma32,5,Sigma70,0.3770032525062561,Sigma24|Sigma32|Sigma38|Sigma70,4,True,0.14216940104961395,0.015737926587462425,0.33972713351249695,0.0855562761425972,0.03980601951479912,0.3770032525062561
2,Sigma32,2,Sigma32,0.29669424891471863,Sigma24|Sigma32|Sigma38|Sigma54|Sigma70,5,True,0.21230486035346985,0.033216144889593124,0.29669424891471863,0.09823291748762131,0.18325647711753845,0.17629535496234894
2,Sigma32,5,Sigma70,0.4001259505748749,Sigma24|Sigma32|Sigma38|Sigma70,4,True,0.18282228708267212,0.019796090200543404,0.2601730525493622,0.11579936742782593,0.021283213049173355,0.4001259505748749
2,Sigma32,5,Sigma70,0.3568812310695648,Sigma24|Sigma32|Sigma54|Sigma70,4,True,0.27195292711257935,0.028610002249479294,0.24463404715061188,0.0409548319876194,0.05696699768304825,0.3568812310695648
2,Sigma32,2,Sigma32,0.5430620908737183,Sigma24|Sigma32|Sigma38|Sigma70,4,True,0.16465507447719574,0.024629885330796242,0.5430620908737183,0.10141022503376007,0.025640329346060753,0.14060235023498535
2,Sigma32,5,Sigma70,0.34420111775398254,Sigma24|Sigma32|Sigma38|Sigma54|Sigma70,5,True,0.25499486923217773,0.0020725373178720474,0.2449951320886612,0.0701112300157547,0.08362509310245514,0.34420111775398254
2,Sigma32,2,Sigma32,0.37101811170578003,Sigma24|Sigma32|Sigma70,3,True,0.21362897753715515,0.03496192768216133,0.37101811170578003,0.042498186230659485,0.021077025681734085,0.3168157935142517
2,Sigma32,2,Sigma32,0.44924691319465637,Sigma24|Sigma28|Sigma32|Sigma38|Sigma54|Sigma70,6,True,0.08728291094303131,0.10135307908058167,0.44924691319465637,0.121344655752182,0.10172034054994583,0.13905219733715057
2,Sigma32,2,Sigma32,0.5114594101905823,Sigma24|Sigma28|Sigma32|Sigma54|Sigma70,5,True,0.12170650064945221,0.15944477915763855,0.5114594101905823,0.04212546348571777,0.07025620341300964,0.09500770270824432
2,Sigma32,5,Sigma70,0.33119726181030273,Sigma24|Sigma32|Sigma38|Sigma70,4,True,0.2714151442050934,0.009973740205168724,0.18935850262641907,0.15545323491096497,0.04260215535759926,0.33119726181030273
2,Sigma32,1,Sigma28,0.9792122840881348,Sigma28,1,False,0.007952634245157242,0.9792122840881348,0.0059346104972064495,0.0023176956456154585,0.00031017817673273385,0.004272614140063524
2,Sigma32,0,Sigma24,0.3748037815093994,Sigma24|Sigma32|Sigma70,3,True,0.3748037815093994,0.030172785744071007,0.2725588083267212,0.02636585384607315,0.005225590895861387,0.2908731698989868
2,Sigma32,5,Sigma70,0.31947702169418335,Sigma24|Sigma32|Sigma54|Sigma70,4,True,0.21990767121315002,0.013789944350719452,0.29932644963264465,0.031173858791589737,0.11632498353719711,0.31947702169418335
2,Sigma32,0,Sigma24,0.30983078479766846,Sigma24|Sigma32|Sigma38|Sigma54|Sigma70,5,True,0.30983078479766846,0.016564946621656418,0.22741390764713287,0.08588715642690659,0.14472174644470215,0.21558144688606262
2,Sigma32,5,Sigma70,0.47391146421432495,Sigma24|Sigma32|Sigma70,3,True,0.14649012684822083,0.0055840094573795795,0.29072168469429016,0.04294770956039429,0.04034500569105148,0.47391146421432495
2,Sigma32,2,Sigma32,0.3119499385356903,Sigma24|Sigma32|Sigma38|Sigma54|Sigma70,5,True,0.16325101256370544,0.04005603864789009,0.3119499385356903,0.08361761271953583,0.12185103446245193,0.2792743742465973
2,Sigma32,5,Sigma70,0.33530229330062866,Sigma24|Sigma32|Sigma54|Sigma70,4,True,0.26494160294532776,0.013154622167348862,0.25176119804382324,0.0452820248901844,0.08955826610326767,0.33530229330062866
2,Sigma32,2,Sigma32,0.4722537696361542,Sigma24|Sigma32|Sigma38|Sigma54|Sigma70,5,True,0.11167425662279129,0.01284741424024105,0.4722537696361542,0.06311915069818497,0.22594094276428223,0.11416440457105637
2,Sigma32,2,Sigma32,0.3744320273399353,Sigma24|Sigma32|Sigma70,3,True,0.32713496685028076,0.013239164836704731,0.3744320273399353,0.0380873829126358,0.04373951628804207,0.20336703956127167
2,Sigma32,5,Sigma70,0.28833407163619995,Sigma24|Sigma28|Sigma32|Sigma38|Sigma70,5,True,0.17195960879325867,0.08661111444234848,0.24217869341373444,0.19508184492588043,0.015834655612707138,0.28833407163619995
2,Sigma32,4,Sigma54,0.34395697712898254,Sigma24|Sigma32|Sigma54|Sigma70,4,True,0.1542993187904358,0.0051592388190329075,0.2839476466178894,0.05221211910247803,0.34395697712898254,0.16042472422122955
2,Sigma32,2,Sigma32,0.25265589356422424,Sigma24|Sigma28|Sigma32|Sigma38|Sigma54|Sigma70,6,True,0.1750914603471756,0.10521063208580017,0.25265589356422424,0.09899818152189255,0.13835065066814423,0.22969329357147217
2,Sigma32,0,Sigma24,0.43093395233154297,Sigma24|Sigma28|Sigma32|Sigma70,4,True,0.43093395233154297,0.13900935649871826,0.2226916402578354,0.04130455479025841,0.019482381641864777,0.14657804369926453
2,Sigma32,2,Sigma32,0.5048884749412537,Sigma24|Sigma32|Sigma38|Sigma70,4,True,0.08943085372447968,0.03406008705496788,0.5048884749412537,0.18997840583324432,0.022647716104984283,0.15899448096752167
2,Sigma32,2,Sigma32,0.44391676783561707,Sigma24|Sigma28|Sigma32|Sigma70,4,True,0.16953961551189423,0.06135205551981926,0.44391676783561707,0.03523489832878113,0.04707171022891998,0.24288499355316162
2,Sigma32,0,Sigma24,0.3024246394634247,Sigma24|Sigma28|Sigma32|Sigma54|Sigma70,5,True,0.3024246394634247,0.06916499137878418,0.209954172372818,0.029488395899534225,0.09275538474321365,0.29621249437332153
2,Sigma32,2,Sigma32,0.38381603360176086,Sigma24|Sigma32|Sigma54|Sigma70,4,True,0.1131293922662735,0.03296446055173874,0.38381603360176086,0.05334077402949333,0.1231582909822464,0.2935909926891327
2,Sigma32,5,Sigma70,0.277190625667572,Sigma24|Sigma32|Sigma38|Sigma54|Sigma70,5,True,0.25008827447891235,0.013449962250888348,0.24558882415294647,0.07191816717386246,0.14176413416862488,0.277190625667572
2,Sigma32,0,Sigma24,0.28547951579093933,Sigma24|Sigma32|Sigma38|Sigma54|Sigma70,5,True,0.28547951579093933,0.03518323972821236,0.19450713694095612,0.15208221971988678,0.0634031668305397,0.26934465765953064
2,Sigma32,2,Sigma32,0.3068847060203552,Sigma24|Sigma32|Sigma38|Sigma54|Sigma70,5,True,0.2989518344402313,0.022124238312244415,0.3068847060203552,0.07322818040847778,0.06532983481884003,0.2334812730550766
2,Sigma32,5,Sigma70,0.3396831750869751,Sigma24|Sigma32|Sigma38|Sigma70,4,True,0.2892845869064331,0.02947615273296833,0.24334490299224854,0.063804492354393,0.03440671041607857,0.3396831750869751
2,Sigma32,0,Sigma24,0.38415661454200745,Sigma24|Sigma28|Sigma32|Sigma38|Sigma70,5,True,0.38415661454200745,0.11912107467651367,0.27728402614593506,0.05773068219423294,0.029788022860884666,0.13191960752010345
3,Sigma38,5,Sigma70,0.6042171716690063,Sigma24|Sigma32|Sigma54|Sigma70,4,False,0.16518503427505493,0.0016533539164811373,0.10913063585758209,0.04969283565878868,0.07012097537517548,0.6042171716690063
3,Sigma38,0,Sigma24,0.4571399688720703,Sigma24|Sigma28|Sigma32|Sigma70,4,False,0.4571399688720703,0.07298731058835983,0.09853577613830566,0.033935852348804474,0.04267274588346481,0.29472824931144714
3,Sigma38,5,Sigma70,0.4156597852706909,Sigma24|Sigma28|Sigma32|Sigma38|Sigma70,5,True,0.21171900629997253,0.06929333508014679,0.22440028190612793,0.07581102102994919,0.003116529667750001,0.4156597852706909
3,Sigma38,2,Sigma32,0.3352656364440918,Sigma24|Sigma32|Sigma38|Sigma70,4,True,0.2388465702533722,0.028149519115686417,0.3352656364440918,0.06311202794313431,0.029708582907915115,0.30491766333580017
3,Sigma38,5,Sigma70,0.42980775237083435,Sigma24|Sigma32|Sigma38|Sigma70,4,True,0.2880932092666626,0.014007773250341415,0.1817726194858551,0.07388976961374283,0.012428823858499527,0.42980775237083435
3,Sigma38,5,Sigma70,0.30005186796188354,Sigma24|Sigma32|Sigma38|Sigma70,4,True,0.17894816398620605,0.03401290625333786,0.2716728150844574,0.20482099056243896,0.010493241250514984,0.30005186796188354
3,Sigma38,2,Sigma32,0.3229425847530365,Sigma24|Sigma32|Sigma38|Sigma70,4,True,0.3034767806529999,0.01690506935119629,0.3229425847530365,0.08752213418483734,0.024645041674375534,0.24450838565826416
3,Sigma38,5,Sigma70,0.4513271450996399,Sigma24|Sigma32|Sigma70,3,False,0.3249278962612152,0.008312520571053028,0.13308557868003845,0.04990501329302788,0.032441869378089905,0.4513271450996399
3,Sigma38,5,Sigma70,0.3399452269077301,Sigma24|Sigma32|Sigma38|Sigma54|Sigma70,5,True,0.15344306826591492,0.04100717604160309,0.30056318640708923,0.10079541057348251,0.06424590200185776,0.3399452269077301
3,Sigma38,5,Sigma70,0.39793339371681213,Sigma24|Sigma32|Sigma54|Sigma70,4,False,0.1404811143875122,0.02259775809943676,0.29768872261047363,0.024286260828375816,0.11701275408267975,0.39793339371681213
3,Sigma38,2,Sigma32,0.3099572956562042,Sigma24|Sigma32|Sigma38|Sigma54|Sigma70,5,True,0.0720951035618782,0.008599272929131985,0.3099572956562042,0.3022283911705017,0.18352992832660675,0.12359001487493515
3,Sigma38,5,Sigma70,0.3828863203525543,Sigma24|Sigma32|Sigma38|Sigma70,4,True,0.29507118463516235,0.018327731639146805,0.22001220285892487,0.05890984088182449,0.024792784824967384,0.3828863203525543
3,Sigma38,5,Sigma70,0.6674598455429077,Sigma24|Sigma32|Sigma38|Sigma70,4,True,0.07988019287586212,0.008591810241341591,0.12857747077941895,0.11162184923887253,0.0038687933702021837,0.6674598455429077
3,Sigma38,0,Sigma24,0.32190874218940735,Sigma24|Sigma28|Sigma32|Sigma38|Sigma54|Sigma70,6,True,0.32190874218940735,0.09486638754606247,0.27060866355895996,0.060430511832237244,0.06801673769950867,0.18416886031627655
3,Sigma38,0,Sigma24,0.5130898356437683,Sigma24|Sigma28|Sigma70,3,False,0.5130898356437683,0.31999650597572327,0.04735313355922699,0.029927236959338188,0.004780853632837534,0.08485256135463715
3,Sigma38,2,Sigma32,0.5917484164237976,Sigma24|Sigma32|Sigma38|Sigma70,4,True,0.12523703277111053,0.04707326367497444,0.5917484164237976,0.09218490868806839,0.04724597930908203,0.0965103805065155
3,Sigma38,3,Sigma38,0.28734394907951355,Sigma24|Sigma28|Sigma32|Sigma38|Sigma70,5,True,0.26673585176467896,0.08931738883256912,0.18419204652309418,0.28734394907951355,0.027610283344984055,0.14480049908161163
3,Sigma38,5,Sigma70,0.6713435053825378,Sigma24|Sigma32|Sigma38|Sigma70,4,True,0.12308860570192337,0.0035160351544618607,0.05733421444892883,0.13808828592300415,0.006629376672208309,0.6713435053825378
3,Sigma38,5,Sigma70,0.4827432930469513,Sigma24|Sigma32|Sigma38|Sigma70,4,True,0.3311288058757782,0.005242567975074053,0.06715862452983856,0.10197759419679642,0.011749152094125748,0.4827432930469513
3,Sigma38,1,Sigma28,0.28766143321990967,Sigma24|Sigma28|Sigma32|Sigma70,4,False,0.24237892031669617,0.28766143321990967,0.2593293786048889,0.0223270021378994,0.04918786138296127,0.13911543786525726
3,Sigma38,5,Sigma70,0.2945779860019684,Sigma24|Sigma32|Sigma38|Sigma54|Sigma70,5,True,0.2587529420852661,0.014769492670893669,0.24156908690929413,0.0770595595240593,0.11327095329761505,0.2945779860019684
3,Sigma38,2,Sigma32,0.24203439056873322,Sigma24|Sigma28|Sigma32|Sigma38|Sigma70,5,True,0.2285950779914856,0.13181538879871368,0.24203439056873322,0.15181584656238556,0.045976169407367706,0.19976311922073364
3,Sigma38,5,Sigma70,0.4851865768432617,Sigma24|Sigma32|Sigma38|Sigma70,4,True,0.13877756893634796,0.008293643593788147,0.2177831083536148,0.1295119822025299,0.02044706605374813,0.4851865768432617
3,Sigma38,1,Sigma28,0.2697664201259613,Sigma24|Sigma28|Sigma32|Sigma38|Sigma70,5,True,0.18407469987869263,0.2697664201259613,0.22075143456459045,0.16783159971237183,0.006899923551827669,0.15067598223686218
3,Sigma38,2,Sigma32,0.3502958118915558,Sigma24|Sigma28|Sigma32|Sigma38|Sigma54|Sigma70,6,True,0.2415820062160492,0.1434049755334854,0.3502958118915558,0.07350212335586548,0.0922861397266388,0.09892892092466354
3,Sigma38,5,Sigma70,0.3197326064109802,Sigma24|Sigma32|Sigma38|Sigma70,4,True,0.2769034206867218,0.033072974532842636,0.2135731279850006,0.1327444314956665,0.023973416537046432,0.3197326064109802
3,Sigma38,2,Sigma32,0.3512575626373291,Sigma24|Sigma32|Sigma38|Sigma54|Sigma70,5,True,0.18534140288829803,0.02029900625348091,0.3512575626373291,0.09838856756687164,0.06831734627485275,0.27639612555503845
3,Sigma38,4,Sigma54,0.3314560055732727,Sigma24|Sigma32|Sigma54|Sigma70,4,False,0.1896744817495346,0.03434395417571068,0.149678036570549,0.04967668280005455,0.3314560055732727,0.24517087638378143
3,Sigma38,5,Sigma70,0.5076700448989868,Sigma24|Sigma32|Sigma70,3,False,0.31003493070602417,0.01243936363607645,0.10477065294981003,0.04396656155586243,0.021118462085723877,0.5076700448989868
3,Sigma38,3,Sigma38,0.3048107922077179,Sigma24|Sigma32|Sigma38|Sigma70,4,True,0.13483965396881104,0.0123990997672081,0.28012600541114807,0.3048107922077179,0.042861633002758026,0.22496284544467926
3,Sigma38,5,Sigma70,0.4353480339050293,Sigma24|Sigma32|Sigma38|Sigma70,4,True,0.15246568620204926,0.00469722505658865,0.19282767176628113,0.1861632913351059,0.028498182073235512,0.4353480339050293
3,Sigma38,5,Sigma70,0.4597897231578827,Sigma24|Sigma32|Sigma38|Sigma70,4,True,0.20344866812229156,0.009566436521708965,0.1772519052028656,0.14298230409622192,0.006960981525480747,0.4597897231578827
3,Sigma38,5,Sigma70,0.5936409831047058,Sigma24|Sigma32|Sigma38|Sigma70,4,True,0.20629942417144775,0.0033106289338320494,0.10077434033155441,0.09159992635250092,0.004374629817903042,0.5936409831047058
3,Sigma38,2,Sigma32,0.4200567603111267,Sigma24|Sigma32|Sigma38|Sigma54|Sigma70,5,True,0.0663285180926323,0.008567350916564465,0.4200567603111267,0.25424686074256897,0.1056085005402565,0.1451920121908188
3,Sigma38,5,Sigma70,0.35188114643096924,Sigma24|Sigma32|Sigma38|Sigma54|Sigma70,5,True,0.27513039112091064,0.05239320546388626,0.15881101787090302,0.07072610408067703,0.091058149933815,0.35188114643096924
3,Sigma38,0,Sigma24,0.3029995858669281,Sigma24|Sigma32|Sigma38|Sigma54|Sigma70,5,True,0.3029995858669281,0.05334003269672394,0.14075107872486115,0.07707004994153976,0.1572490930557251,0.26859015226364136
3,Sigma38,0,Sigma24,0.543728768825531,Sigma24|Sigma28|Sigma32|Sigma70,4,False,0.543728768825531,0.0929914340376854,0.10837103426456451,0.019523408263921738,0.007891170680522919,0.22749416530132294
3,Sigma38,5,Sigma70,0.4838275611400604,Sigma24|Sigma32|Sigma38|Sigma70,4,True,0.2777769863605499,0.004927631001919508,0.15689553320407867,0.07003546506166458,0.006536918692290783,0.4838275611400604
4,Sigma54,5,Sigma70,0.3122331500053406,Sigma24|Sigma32|Sigma38|Sigma54|Sigma70,5,True,0.24004143476486206,0.04258159175515175,0.25292226672172546,0.07498062402009964,0.07724101096391678,0.3122331500053406
4,Sigma54,0,Sigma24,0.27652862668037415,Sigma24|Sigma28|Sigma32|Sigma54|Sigma70,5,True,0.27652862668037415,0.12402680516242981,0.19200636446475983,0.02005074918270111,0.22202669084072113,0.16536064445972443
4,Sigma54,5,Sigma70,0.36825522780418396,Sigma24|Sigma32|Sigma38|Sigma54|Sigma70,5,True,0.20053289830684662,0.030642708763480186,0.17547911405563354,0.08839362114667892,0.13669636845588684,0.36825522780418396
4,Sigma54,2,Sigma32,0.43677377700805664,Sigma24|Sigma32|Sigma54|Sigma70,4,True,0.10578204691410065,0.032263077795505524,0.43677377700805664,0.043102893978357315,0.1665339469909668,0.2155442237854004
4,Sigma54,2,Sigma32,0.39474213123321533,Sigma24|Sigma28|Sigma32|Sigma54|Sigma70,5,True,0.18727417290210724,0.10334116965532303,0.39474213123321533,0.05347286909818649,0.10266876965761185,0.15850093960762024
4,Sigma54,5,Sigma70,0.3018116056919098,Sigma24|Sigma32|Sigma38|Sigma70,4,False,0.29812341928482056,0.01705358363687992,0.2500818371772766,0.11233963817358017,0.020589910447597504,0.3018116056919098
4,Sigma54,5,Sigma70,0.36390042304992676,Sigma24|Sigma32|Sigma38|Sigma54|Sigma70,5,True,0.19626586139202118,0.00865466333925724,0.2599048912525177,0.05972488969564438,0.1115492507815361,0.36390042304992676
4,Sigma54,5,Sigma70,0.5399476885795593,Sigma24|Sigma32|Sigma38|Sigma54|Sigma70,5,True,0.14417093992233276,0.0020075966604053974,0.13867560029029846,0.08908332139253616,0.08611486852169037,0.5399476885795593
4,Sigma54,2,Sigma32,0.2943837344646454,Sigma24|Sigma32|Sigma38|Sigma70,4,False,0.15441066026687622,0.03683038800954819,0.2943837344646454,0.2297566831111908,0.014377287589013577,0.27024123072624207
4,Sigma54,2,Sigma32,0.22678731381893158,Sigma24|Sigma32|Sigma38|Sigma54|Sigma70,5,True,0.20577585697174072,0.00391547754406929,0.22678731381893158,0.18276908993721008,0.16751009225845337,0.21324217319488525
4,Sigma54,5,Sigma70,0.42963317036628723,Sigma24|Sigma32|Sigma70,3,False,0.23476667702198029,0.02316204458475113,0.2223702371120453,0.049668088555336,0.04039987176656723,0.42963317036628723
4,Sigma54,4,Sigma54,0.5670015215873718,Sigma24|Sigma32|Sigma54,3,True,0.10669614374637604,0.018206803128123283,0.24174830317497253,0.013859745115041733,0.5670015215873718,0.05248747393488884
4,Sigma54,2,Sigma32,0.2850000858306885,Sigma24|Sigma28|Sigma32|Sigma54|Sigma70,5,True,0.24605098366737366,0.10854299366474152,0.2850000858306885,0.05007185786962509,0.14618195593357086,0.1641521453857422
4,Sigma54,4,Sigma54,0.36812490224838257,Sigma24|Sigma32|Sigma54|Sigma70,4,True,0.24792705476284027,0.0034513750579208136,0.18495666980743408,0.028452197089791298,0.36812490224838257,0.16708777844905853
4,Sigma54,5,Sigma70,0.3458367884159088,Sigma24|Sigma32|Sigma54|Sigma70,4,True,0.1449616253376007,0.0015384417492896318,0.2746165692806244,0.03173667564988136,0.20130988955497742,0.3458367884159088
4,Sigma54,2,Sigma32,0.35383298993110657,Sigma24|Sigma32|Sigma54|Sigma70,4,True,0.16024747490882874,0.006735349539667368,0.35383298993110657,0.045854467898607254,0.16477327048778534,0.2685564458370209
4,Sigma54,0,Sigma24,0.5033729076385498,Sigma24|Sigma32|Sigma70,3,False,0.5033729076385498,0.03861087188124657,0.13377107679843903,0.01882236637175083,0.037033889442682266,0.268388956785202
4,Sigma54,4,Sigma54,0.7046552300453186,Sigma24|Sigma32|Sigma54,3,True,0.08190631866455078,0.007376561872661114,0.16718228161334991,0.0034793722443282604,0.7046552300453186,0.03540020063519478
4,Sigma54,4,Sigma54,0.4514157772064209,Sigma24|Sigma32|Sigma54|Sigma70,4,True,0.09631390869617462,0.009586232714354992,0.31841179728507996,0.017871670424938202,0.4514157772064209,0.10640065371990204
4,Sigma54,4,Sigma54,0.3481746017932892,Sigma24|Sigma32|Sigma54|Sigma70,4,True,0.2640203535556793,0.011011646129190922,0.15359513461589813,0.018628224730491638,0.3481746017932892,0.20457006990909576
5,Sigma70,5,Sigma70,0.4356772303581238,Sigma24|Sigma32|Sigma38|Sigma70,4,True,0.34750625491142273,0.008257344365119934,0.10522643476724625,0.09743800759315491,0.005894734524190426,0.4356772303581238
5,Sigma70,2,Sigma32,0.282497763633728,Sigma24|Sigma28|Sigma32|Sigma38|Sigma70,5,True,0.21618951857089996,0.07799430936574936,0.282497763633728,0.15435762703418732,0.007629562169313431,0.26133114099502563
5,Sigma70,5,Sigma70,0.4754408597946167,Sigma24|Sigma32|Sigma38|Sigma70,4,True,0.23895692825317383,0.014540083706378937,0.14672257006168365,0.11088240891695023,0.01345714833587408,0.4754408597946167
5,Sigma70,2,Sigma32,0.3366594910621643,Sigma24|Sigma32|Sigma70,3,True,0.31984743475914,0.019861651584506035,0.3366594910621643,0.03534891828894615,0.01168784312903881,0.2765945792198181
5,Sigma70,5,Sigma70,0.5524464249610901,Sigma24|Sigma32|Sigma70,3,True,0.22717392444610596,0.013160583563148975,0.15525655448436737,0.04032246768474579,0.011640004813671112,0.5524464249610901
5,Sigma70,5,Sigma70,0.39075741171836853,Sigma24|Sigma32|Sigma38|Sigma70,4,True,0.16210082173347473,0.04147399589419365,0.2749394476413727,0.11713944375514984,0.013588826172053814,0.39075741171836853
5,Sigma70,5,Sigma70,0.4437181055545807,Sigma24|Sigma32|Sigma70,3,True,0.36706432700157166,0.008017642423510551,0.1286747008562088,0.016465816646814346,0.03605931997299194,0.4437181055545807
5,Sigma70,5,Sigma70,0.6443002820014954,Sigma24|Sigma32|Sigma38|Sigma70,4,True,0.15645745396614075,0.004233648534864187,0.09808163344860077,0.08844499289989471,0.008481974713504314,0.6443002820014954
5,Sigma70,5,Sigma70,0.3433643877506256,Sigma24|Sigma32|Sigma54|Sigma70,4,True,0.31401053071022034,0.017142070457339287,0.1804199069738388,0.05329867824912071,0.09176450222730637,0.3433643877506256
5,Sigma70,0,Sigma24,0.3981457054615021,Sigma24|Sigma28|Sigma32|Sigma38|Sigma70,5,True,0.3981457054615021,0.07524066418409348,0.11455167084932327,0.13081377744674683,0.013928426429629326,0.26731979846954346
5,Sigma70,5,Sigma70,0.6158402562141418,Sigma24|Sigma70,2,True,0.266679048538208,0.009322671219706535,0.054033081978559494,0.03004603274166584,0.024078834801912308,0.6158402562141418
5,Sigma70,0,Sigma24,0.279997855424881,Sigma24|Sigma32|Sigma54|Sigma70,4,True,0.279997855424881,0.03313316032290459,0.24618269503116608,0.051716431975364685,0.12865401804447174,0.26031580567359924
5,Sigma70,5,Sigma70,0.3668038845062256,Sigma24|Sigma28|Sigma32|Sigma70,4,True,0.3351592719554901,0.06878779828548431,0.13118988275527954,0.043092288076877594,0.05496687814593315,0.3668038845062256
5,Sigma70,0,Sigma24,0.39733752608299255,Sigma24|Sigma32|Sigma54|Sigma70,4,True,0.39733752608299255,0.01239062286913395,0.11753056943416595,0.03815791755914688,0.1405460089445114,0.2940373420715332
5,Sigma70,5,Sigma70,0.5537322759628296,Sigma24|Sigma32|Sigma70,3,True,0.26601889729499817,0.0062852236442267895,0.135569229722023,0.017610933631658554,0.020783349871635437,0.5537322759628296
5,Sigma70,5,Sigma70,0.44951385259628296,Sigma24|Sigma32|Sigma38|Sigma70,4,True,0.15564845502376556,0.006062663625925779,0.15603867173194885,0.2075430452823639,0.0251933503895998,0.44951385259628296
5,Sigma70,5,Sigma70,0.2954424023628235,Sigma24|Sigma28|Sigma32|Sigma38|Sigma70,5,True,0.23079974949359894,0.05981383100152016,0.28386810421943665,0.08334027230739594,0.04673563316464424,0.2954424023628235
5,Sigma70,0,Sigma24,0.38597095012664795,Sigma24|Sigma32|Sigma54|Sigma70,4,True,0.38597095012664795,0.02778042107820511,0.2168005406856537,0.03498493507504463,0.07684050500392914,0.25762253999710083
5,Sigma70,4,Sigma54,0.3651290833950043,Sigma24|Sigma32|Sigma54|Sigma70,4,True,0.1591702401638031,0.01794120855629444,0.2464129775762558,0.03646940737962723,0.3651290833950043,0.1748771071434021
5,Sigma70,0,Sigma24,0.29504984617233276,Sigma24|Sigma32|Sigma54|Sigma70,4,True,0.29504984617233276,0.040293797850608826,0.2663366496562958,0.044739868491888046,0.14249853789806366,0.21108125150203705
5,Sigma70,2,Sigma32,0.494165301322937,Sigma24|Sigma32|Sigma70,3,True,0.0992923378944397,0.002786675002425909,0.494165301322937,0.05488539859652519,0.018985869362950325,0.32988443970680237
5,Sigma70,0,Sigma24,0.438387006521225,Sigma24|Sigma32|Sigma54|Sigma70,4,True,0.438387006521225,0.01410785410553217,0.15848420560359955,0.017856230959296227,0.1523524522781372,0.2188122570514679
5,Sigma70,5,Sigma70,0.4381619095802307,Sigma24|Sigma32|Sigma38|Sigma70,4,True,0.17820045351982117,0.008887260220944881,0.1902860701084137,0.17135195434093475,0.013112278655171394,0.4381619095802307
5,Sigma70,5,Sigma70,0.623477041721344,Sigma24|Sigma32|Sigma38|Sigma70,4,True,0.19039754569530487,0.012599576264619827,0.07548658549785614,0.07679291069507599,0.021246325224637985,0.623477041721344
5,Sigma70,5,Sigma70,0.5061295032501221,Sigma24|Sigma32|Sigma38|Sigma70,4,True,0.2895662486553192,0.004883137997239828,0.12136651575565338,0.06912287324666977,0.008931688964366913,0.5061295032501221
5,Sigma70,5,Sigma70,0.464590460062027,Sigma24|Sigma32|Sigma38|Sigma54|Sigma70,5,True,0.1578594297170639,0.005431627854704857,0.16773909330368042,0.09852182865142822,0.10585761070251465,0.464590460062027
5,Sigma70,5,Sigma70,0.3263280987739563,Sigma24|Sigma32|Sigma38|Sigma70,4,True,0.23869438469409943,0.05532165989279747,0.21917492151260376,0.1270604431629181,0.03342056646943092,0.3263280987739563
5,Sigma70,5,Sigma70,0.3538568317890167,Sigma24|Sigma32|Sigma38|Sigma54|Sigma70,5,True,0.09802650660276413,0.0018588253296911716,0.25359541177749634,0.2232794165611267,0.06938296556472778,0.3538568317890167
5,Sigma70,2,Sigma32,0.4209522306919098,Sigma24|Sigma32|Sigma54|Sigma70,4,True,0.09011805057525635,0.04804972931742668,0.4209522306919098,0.04694917052984238,0.2970080077648163,0.0969228446483612
5,Sigma70,2,Sigma32,0.41438308358192444,Sigma24|Sigma32|Sigma38|Sigma54|Sigma70,5,True,0.0856931284070015,0.02843046374619007,0.41438308358192444,0.2775927782058716,0.08083151280879974,0.11306894570589066
5,Sigma70,0,Sigma24,0.2659851014614105,Sigma24|Sigma32|Sigma38|Sigma70,4,True,0.2659851014614105,0.026701772585511208,0.18792036175727844,0.2113109976053238,0.05351520702242851,0.2545665204524994
5,Sigma70,5,Sigma70,0.5768548846244812,Sigma24|Sigma32|Sigma70,3,True,0.16070522367954254,0.004777271766215563,0.1983332335948944,0.0540003664791584,0.00532896863296628,0.5768548846244812
5,Sigma70,2,Sigma32,0.5390110611915588,Sigma24|Sigma28|Sigma32|Sigma38|Sigma70,5,True,0.12761346995830536,0.1004391759634018,0.5390110611915588,0.07117819786071777,0.030620327219367027,0.13113771378993988
5,Sigma70,2,Sigma32,0.29094308614730835,Sigma24|Sigma32|Sigma54|Sigma70,4,True,0.22753901779651642,0.011939305812120438,0.29094308614730835,0.03453446552157402,0.17980895936489105,0.25523513555526733
5,Sigma70,2,Sigma32,0.3486672639846802,Sigma24|Sigma32|Sigma38|Sigma54|Sigma70,5,True,0.1607716977596283,0.0045347390696406364,0.3486672639846802,0.12131897360086441,0.09863461554050446,0.26607272028923035
5,Sigma70,2,Sigma32,0.30606335401535034,Sigma24|Sigma32|Sigma38|Sigma70,4,True,0.17538750171661377,0.01560561265796423,0.30606335401535034,0.1671653687953949,0.04690084233880043,0.28887730836868286
5,Sigma70,5,Sigma70,0.5313484072685242,Sigma24|Sigma32|Sigma70,3,True,0.23051267862319946,0.01607980579137802,0.1852494329214096,0.027469174936413765,0.009340559132397175,0.5313484072685242
5,Sigma70,5,Sigma70,0.561053991317749,Sigma24|Sigma32|Sigma70,3,True,0.2416491061449051,0.002023933921009302,0.09449483454227448,0.05366940051317215,0.0471087284386158,0.561053991317749
5,Sigma70,5,Sigma70,0.40526673197746277,Sigma24|Sigma32|Sigma38|Sigma54|Sigma70,5,True,0.21421346068382263,0.018512863665819168,0.20311054587364197,0.10207414627075195,0.0568222738802433,0.40526673197746277
5,Sigma70,2,Sigma32,0.3261350989341736,Sigma24|Sigma32|Sigma38|Sigma54|Sigma70,5,True,0.19400882720947266,0.007499598897993565,0.3261350989341736,0.06941650807857513,0.1148977056145668,0.288042277097702
5,Sigma70,0,Sigma24,0.3812365233898163,Sigma24|Sigma28|Sigma32|Sigma70,4,True,0.3812365233898163,0.0759444460272789,0.13565172255039215,0.04050222784280777,0.04935336485505104,0.3173116445541382
5,Sigma70,0,Sigma24,0.3372693657875061,Sigma24|Sigma32|Sigma38|Sigma70,4,True,0.3372693657875061,0.005223380867391825,0.2053350806236267,0.0977170467376709,0.05241096392273903,0.30204418301582336
5,Sigma70,5,Sigma70,0.6183643341064453,Sigma24|Sigma32|Sigma38|Sigma70,4,True,0.15035413205623627,0.0038097009528428316,0.07530838251113892,0.13713285326957703,0.01503066997975111,0.6183643341064453
5,Sigma70,5,Sigma70,0.5872346758842468,Sigma24|Sigma32|Sigma38|Sigma70,4,True,0.10918452590703964,0.007196352351456881,0.15135100483894348,0.10683225095272064,0.038201212882995605,0.5872346758842468
5,Sigma70,5,Sigma70,0.33493566513061523,Sigma24|Sigma32|Sigma38|Sigma70,4,True,0.3098115622997284,0.01443187240511179,0.1162508949637413,0.21656696498394012,0.008003029972314835,0.33493566513061523
5,Sigma70,5,Sigma70,0.46656057238578796,Sigma24|Sigma32|Sigma70,3,True,0.2854808568954468,0.04642552509903908,0.1261283904314041,0.05618515610694885,0.019219495356082916,0.46656057238578796
5,Sigma70,5,Sigma70,0.4290282428264618,Sigma24|Sigma32|Sigma38|Sigma70,4,True,0.17802351713180542,0.008852421306073666,0.20170792937278748,0.17096005380153656,0.01142785232514143,0.4290282428264618
5,Sigma70,5,Sigma70,0.42865997552871704,Sigma24|Sigma32|Sigma54|Sigma70,4,True,0.30444616079330444,0.01621231622993946,0.14989592134952545,0.027487581595778465,0.07329803705215454,0.42865997552871704
5,Sigma70,5,Sigma70,0.37097010016441345,Sigma24|Sigma32|Sigma38|Sigma70,4,True,0.2827076017856598,0.01778087206184864,0.18823683261871338,0.1040739044547081,0.036230746656656265,0.37097010016441345
5,Sigma70,5,Sigma70,0.6862944960594177,Sigma24|Sigma32|Sigma70,3,True,0.09506253898143768,0.0009487573406659067,0.10673760622739792,0.055900391191244125,0.055056132376194,0.6862944960594177
5,Sigma70,5,Sigma70,0.439747154712677,Sigma24|Sigma32|Sigma38|Sigma70,4,True,0.22458788752555847,0.020071925595402718,0.2145606428384781,0.06311134248971939,0.037921056151390076,0.439747154712677
5,Sigma70,2,Sigma32,0.4004455804824829,Sigma24|Sigma32|Sigma38|Sigma70,4,True,0.11475544422864914,0.00771922804415226,0.4004455804824829,0.1522037535905838,0.04245340824127197,0.28242257237434387
5,Sigma70,2,Sigma32,0.39903485774993896,Sigma24|Sigma28|Sigma32|Sigma38|Sigma70,5,True,0.10192393511533737,0.25346076488494873,0.39903485774993896,0.11054416000843048,0.016178445890545845,0.11885781586170197
5,Sigma70,0,Sigma24,0.397798627614975,Sigma24|Sigma28|Sigma32|Sigma38|Sigma70,5,True,0.397798627614975,0.05912403762340546,0.15961739420890808,0.0984141156077385,0.03699168562889099,0.2480541169643402
5,Sigma70,2,Sigma32,0.31827592849731445,Sigma24|Sigma32|Sigma70,3,True,0.28486865758895874,0.015940703451633453,0.31827592849731445,0.04049180448055267,0.026669692248106003,0.3137531578540802
5,Sigma70,5,Sigma70,0.47005271911621094,Sigma24|Sigma32|Sigma70,3,True,0.20558986067771912,0.03220035508275032,0.22692948579788208,0.04964384064078331,0.015583682805299759,0.47005271911621094
5,Sigma70,2,Sigma32,0.2948791980743408,Sigma24|Sigma32|Sigma54|Sigma70,4,True,0.27990394830703735,0.03068670444190502,0.2948791980743408,0.018015768378973007,0.2008906751871109,0.17562368512153625
5,Sigma70,5,Sigma70,0.5416830778121948,Sigma24|Sigma32|Sigma38|Sigma70,4,True,0.11371003836393356,0.020248079672455788,0.21924270689487457,0.08000940829515457,0.025106707587838173,0.5416830778121948
5,Sigma70,0,Sigma24,0.35681480169296265,Sigma24|Sigma32|Sigma54|Sigma70,4,True,0.35681480169296265,0.03295369818806648,0.3383883237838745,0.018098028376698494,0.09510435163974762,0.1586408168077469
5,Sigma70,2,Sigma32,0.323261559009552,Sigma24|Sigma28|Sigma32|Sigma38|Sigma54|Sigma70,6,True,0.19596494734287262,0.07026940584182739,0.323261559009552,0.10885872691869736,0.13142021000385284,0.17022518813610077
5,Sigma70,2,Sigma32,0.2591792345046997,Sigma24|Sigma32|Sigma38|Sigma54|Sigma70,5,True,0.2372477948665619,0.051158368587493896,0.2591792345046997,0.10833901911973953,0.11543547362089157,0.22864015400409698
5,Sigma70,5,Sigma70,0.40223759412765503,Sigma24|Sigma28|Sigma32|Sigma38|Sigma70,5,True,0.19221054017543793,0.20328406989574432,0.12806503474712372,0.06557659804821014,0.008626130409538746,0.40223759412765503
5,Sigma70,2,Sigma32,0.3822755813598633,Sigma24|Sigma32|Sigma38|Sigma54|Sigma70,5,True,0.17033421993255615,0.012169924564659595,0.3822755813598633,0.13221605122089386,0.06117011979222298,0.24183407425880432
5,Sigma70,5,Sigma70,0.2871576249599457,Sigma24|Sigma32|Sigma38|Sigma70,4,True,0.21643248200416565,0.01250495482236147,0.2582933306694031,0.1873915195465088,0.03822006285190582,0.2871576249599457
5,Sigma70,5,Sigma70,0.4416104555130005,Sigma24|Sigma32|Sigma38|Sigma70,4,True,0.19350075721740723,0.010074307210743427,0.2665584981441498,0.06982012838125229,0.01843584142625332,0.4416104555130005
5,Sigma70,0,Sigma24,0.4341769516468048,Sigma24|Sigma28|Sigma32|Sigma70,4,True,0.4341769516468048,0.15356044471263885,0.1427745819091797,0.04833628609776497,0.05519137904047966,0.16596028208732605
5,Sigma70,5,Sigma70,0.6084678173065186,Sigma24|Sigma38|Sigma70,3,True,0.18955302238464355,0.002046896843239665,0.05147773027420044,0.11266869306564331,0.03578586131334305,0.6084678173065186
5,Sigma70,5,Sigma70,0.4363747537136078,Sigma24|Sigma32|Sigma38|Sigma70,4,True,0.27484339475631714,0.0246279239654541,0.17871256172657013,0.0666453093290329,0.0187960434705019,0.4363747537136078
5,Sigma70,5,Sigma70,0.4971044659614563,Sigma24|Sigma32|Sigma38|Sigma70,4,True,0.25541770458221436,0.021755307912826538,0.0848957970738411,0.13914991915225983,0.0016767990309745073,0.4971044659614563
5,Sigma70,5,Sigma70,0.48173102736473083,Sigma24|Sigma32|Sigma70,3,True,0.4054133892059326,0.012195837683975697,0.06765749305486679,0.025051506236195564,0.007950680330395699,0.48173102736473083
5,Sigma70,2,Sigma32,0.36294516921043396,Sigma24|Sigma32|Sigma38|Sigma54|Sigma70,5,True,0.1381450742483139,0.0060479408130049706,0.36294516921043396,0.09332288801670074,0.07497391104698181,0.32456502318382263
5,Sigma70,2,Sigma32,0.3896065652370453,Sigma24|Sigma32|Sigma54|Sigma70,4,True,0.06810913234949112,0.007743521593511105,0.3896065652370453,0.04625679925084114,0.3586912453174591,0.12959273159503937
5,Sigma70,5,Sigma70,0.31875768303871155,Sigma24|Sigma32|Sigma54|Sigma70,4,True,0.25658199191093445,0.011638745665550232,0.2192707508802414,0.04261551797389984,0.15113534033298492,0.31875768303871155
5,Sigma70,5,Sigma70,0.2587616443634033,Sigma24|Sigma28|Sigma32|Sigma38|Sigma70,5,True,0.24682101607322693,0.08960510790348053,0.23803921043872833,0.1363564431667328,0.030416544526815414,0.2587616443634033
5,Sigma70,5,Sigma70,0.40811219811439514,Sigma24|Sigma32|Sigma54|Sigma70,4,True,0.2620171010494232,0.0012162402272224426,0.1783512532711029,0.024699021130800247,0.12560419738292694,0.40811219811439514
5,Sigma70,5,Sigma70,0.5072992444038391,Sigma24|Sigma32|Sigma38|Sigma70,4,True,0.1453593373298645,0.006346140522509813,0.24247193336486816,0.07909901440143585,0.019424302503466606,0.5072992444038391
5,Sigma70,5,Sigma70,0.5326730012893677,Sigma24|Sigma32|Sigma38|Sigma70,4,True,0.17441871762275696,0.015365829691290855,0.18679767847061157,0.07023229449987411,0.020512502640485764,0.5326730012893677
5,Sigma70,2,Sigma32,0.42877140641212463,Sigma24|Sigma32|Sigma38|Sigma54|Sigma70,5,True,0.07020866870880127,0.011129297316074371,0.42877140641212463,0.25153160095214844,0.08052907884120941,0.15782998502254486
5,Sigma70,0,Sigma24,0.5871346592903137,Sigma24|Sigma28|Sigma32|Sigma54|Sigma70,5,True,0.5871346592903137,0.062277901917696,0.16712547838687897,0.022135861217975616,0.061299536377191544,0.10002664476633072
5,Sigma70,5,Sigma70,0.5159801244735718,Sigma24|Sigma32|Sigma38|Sigma70,4,True,0.15584932267665863,0.026363061740994453,0.2082548886537552,0.08463778346776962,0.008914818055927753,0.5159801244735718
5,Sigma70,5,Sigma70,0.4564855098724365,Sigma24|Sigma32|Sigma38|Sigma70,4,True,0.17604221403598785,0.009527049027383327,0.27001816034317017,0.06336876004934311,0.02455829456448555,0.4564855098724365
5,Sigma70,5,Sigma70,0.3950372338294983,Sigma24|Sigma32|Sigma70,3,True,0.21783770620822906,0.03264757990837097,0.26476994156837463,0.053598761558532715,0.03610881417989731,0.3950372338294983
5,Sigma70,5,Sigma70,0.4443609118461609,Sigma24|Sigma32|Sigma38|Sigma70,4,True,0.2560763657093048,0.008716258220374584,0.18471242487430573,0.09951340407133102,0.006620629690587521,0.4443609118461609
5,Sigma70,3,Sigma38,0.32362326979637146,Sigma24|Sigma32|Sigma38|Sigma54|Sigma70,5,True,0.12237901240587234,0.01932862587273121,0.16198356449604034,0.32362326979637146,0.05874687060713768,0.31393852829933167
5,Sigma70,5,Sigma70,0.5027847290039062,Sigma24|Sigma32|Sigma70,3,True,0.258582204580307,0.008105314336717129,0.1359294205904007,0.053636837750673294,0.04096151143312454,0.5027847290039062
5,Sigma70,0,Sigma24,0.37647348642349243,Sigma24|Sigma28|Sigma32|Sigma54|Sigma70,5,True,0.37647348642349243,0.10890378057956696,0.2536739110946655,0.047550056129693985,0.059369392693042755,0.15402933955192566
5,Sigma70,2,Sigma32,0.3165226876735687,Sigma24|Sigma28|Sigma32|Sigma54|Sigma70,5,True,0.267159104347229,0.16503089666366577,0.3165226876735687,0.017184318974614143,0.0731593444943428,0.1609436273574829
5,Sigma70,5,Sigma70,0.5577043890953064,Sigma24|Sigma32|Sigma70,3,True,0.20204591751098633,0.00775633892044425,0.1682719737291336,0.038893941789865494,0.02532748319208622,0.5577043890953064
5,Sigma70,0,Sigma24,0.3228546977043152,Sigma24|Sigma32|Sigma38|Sigma70,4,True,0.3228546977043152,0.03749809041619301,0.2716163396835327,0.14343662559986115,0.02945232018828392,0.19514189660549164
5,Sigma70,2,Sigma32,0.26930612325668335,Sigma24|Sigma28|Sigma32|Sigma38|Sigma54|Sigma70,6,True,0.26701119542121887,0.1674652248620987,0.26930612325668335,0.06502635031938553,0.07988067716360092,0.1513105183839798
5,Sigma70,5,Sigma70,0.6204440593719482,Sigma24|Sigma32|Sigma38|Sigma70,4,True,0.1287219077348709,0.004450466483831406,0.1584484726190567,0.08200349658727646,0.005931592546403408,0.6204440593719482
5,Sigma70,5,Sigma70,0.5153900384902954,Sigma24|Sigma32|Sigma38|Sigma70,4,True,0.1570543497800827,0.001861081924289465,0.22160957753658295,0.0613974966108799,0.04268748313188553,0.5153900384902954
5,Sigma70,5,Sigma70,0.5910449028015137,Sigma24|Sigma32|Sigma38|Sigma70,4,True,0.1204647496342659,0.008653456345200539,0.13362739980220795,0.13498897850513458,0.011220506392419338,0.5910449028015137
5,Sigma70,2,Sigma32,0.3589473366737366,Sigma24|Sigma32|Sigma38|Sigma54|Sigma70,5,True,0.2232159823179245,0.011036703363060951,0.3589473366737366,0.07719852775335312,0.1002281978726387,0.22937323153018951
5,Sigma70,5,Sigma70,0.383655846118927,Sigma24|Sigma32|Sigma38|Sigma70,4,True,0.3474031984806061,0.0465167872607708,0.1273786425590515,0.06438162177801132,0.030663883313536644,0.383655846118927
5,Sigma70,5,Sigma70,0.2871531546115875,Sigma24|Sigma32|Sigma38|Sigma70,4,True,0.2445816993713379,0.04377731680870056,0.2461753636598587,0.16435690224170685,0.013955582864582539,0.2871531546115875
5,Sigma70,5,Sigma70,0.46988412737846375,Sigma24|Sigma32|Sigma38|Sigma70,4,True,0.30751708149909973,0.009299952536821365,0.10862929373979568,0.10051295161247253,0.004156680312007666,0.46988412737846375
5,Sigma70,5,Sigma70,0.3458843231201172,Sigma24|Sigma28|Sigma32|Sigma38|Sigma70,5,True,0.30621984601020813,0.07490699738264084,0.12258380651473999,0.11196178197860718,0.03844328969717026,0.3458843231201172
5,Sigma70,5,Sigma70,0.5654536485671997,Sigma24|Sigma32|Sigma38|Sigma70,4,True,0.1947726607322693,0.0023591427598148584,0.1517702341079712,0.065041683614254,0.020602628588676453,0.5654536485671997
5,Sigma70,2,Sigma32,0.35723015666007996,Sigma24|Sigma28|Sigma32|Sigma70,4,True,0.15536199510097504,0.23847779631614685,0.35723015666007996,0.04196888208389282,0.041801851242780685,0.16515938937664032
5,Sigma70,5,Sigma70,0.4987220764160156,Sigma24|Sigma32|Sigma38|Sigma70,4,True,0.2633574903011322,0.016521209850907326,0.11307649314403534,0.09064166992902756,0.017681080847978592,0.4987220764160156
5,Sigma70,5,Sigma70,0.3288547098636627,Sigma24|Sigma32|Sigma54|Sigma70,4,True,0.3251867890357971,0.03445984795689583,0.19597475230693817,0.030302658677101135,0.08522124588489532,0.3288547098636627
5,Sigma70,2,Sigma32,0.23710384964942932,Sigma24|Sigma28|Sigma32|Sigma38|Sigma54|Sigma70,6,True,0.16886873543262482,0.14030656218528748,0.23710384964942932,0.14859868586063385,0.12416064739227295,0.1809615194797516
5,Sigma70,5,Sigma70,0.4849838316440582,Sigma24|Sigma32|Sigma38|Sigma70,4,True,0.17936164140701294,0.013553538359701633,0.18583351373672485,0.12222347408533096,0.014044108800590038,0.4849838316440582
5,Sigma70,0,Sigma24,0.39845791459083557,Sigma24|Sigma28|Sigma32|Sigma54|Sigma70,5,True,0.39845791459083557,0.08000322431325912,0.1555221974849701,0.03382355347275734,0.11561061441898346,0.2165824919939041
5,Sigma70,3,Sigma38,0.751683235168457,Sigma38|Sigma70,2,True,0.029538022354245186,0.011835938319563866,0.05396314337849617,0.751683235168457,0.010606929659843445,0.1423727422952652
5,Sigma70,5,Sigma70,0.6090683937072754,Sigma24|Sigma32|Sigma70,3,True,0.1773141771554947,0.00624360516667366,0.1634167730808258,0.0376325398683548,0.006324421614408493,0.6090683937072754
5,Sigma70,5,Sigma70,0.5754839181900024,Sigma24|Sigma32|Sigma38|Sigma70,4,True,0.2632761001586914,0.004601746331900358,0.0749099999666214,0.057212259620428085,0.02451595664024353,0.5754839181900024
5,Sigma70,5,Sigma70,0.3087015151977539,Sigma24|Sigma32|Sigma38|Sigma70,4,True,0.26536107063293457,0.040304169058799744,0.24897441267967224,0.09144480526447296,0.04521400108933449,0.3087015151977539
5,Sigma70,5,Sigma70,0.4637042284011841,Sigma24|Sigma32|Sigma70,3,True,0.2530325949192047,0.042199596762657166,0.18218649923801422,0.018887097015976906,0.039989933371543884,0.4637042284011841
5,Sigma70,5,Sigma70,0.579621434211731,Sigma24|Sigma32|Sigma38|Sigma54|Sigma70,5,True,0.12330320477485657,0.0033498103730380535,0.16136683523654938,0.06288086622953415,0.06947790086269379,0.579621434211731
5,Sigma70,3,Sigma38,0.9099665880203247,Sigma38,1,False,0.014233599416911602,0.0055749197490513325,0.04004612937569618,0.9099665880203247,0.006096166092902422,0.02408260852098465
5,Sigma70,5,Sigma70,0.3150348663330078,Sigma24|Sigma28|Sigma32|Sigma38|Sigma70,5,True,0.2662240266799927,0.06308456510305405,0.2469411939382553,0.08058774471282959,0.028127601370215416,0.3150348663330078
5,Sigma70,0,Sigma24,0.4071005582809448,Sigma24|Sigma28|Sigma32|Sigma70,4,True,0.4071005582809448,0.08543946593999863,0.19455239176750183,0.040636491030454636,0.045970216393470764,0.22630088031291962
5,Sigma70,5,Sigma70,0.3722083866596222,Sigma24|Sigma32|Sigma38|Sigma54|Sigma70,5,True,0.14853538572788239,0.0064607341773808,0.2775563597679138,0.10119791328907013,0.09404118359088898,0.3722083866596222
5,Sigma70,2,Sigma32,0.43137505650520325,Sigma24|Sigma32|Sigma38|Sigma70,4,True,0.2488240748643875,0.015934087336063385,0.43137505650520325,0.05678612366318703,0.0243387371301651,0.22274188697338104
5,Sigma70,0,Sigma24,0.37730321288108826,Sigma24|Sigma32|Sigma38|Sigma70,4,True,0.37730321288108826,0.048359353095293045,0.18541446328163147,0.0794418603181839,0.0066703069023787975,0.3028108477592468
5,Sigma70,5,Sigma70,0.5580089092254639,Sigma24|Sigma32|Sigma38|Sigma70,4,True,0.09567880630493164,0.0034155172761529684,0.1868293583393097,0.12447462975978851,0.031592726707458496,0.5580089092254639
5,Sigma70,4,Sigma54,0.31287285685539246,Sigma24|Sigma32|Sigma38|Sigma54|Sigma70,5,True,0.2119889259338379,0.026261094957590103,0.1456698477268219,0.07909579575061798,0.31287285685539246,0.22411154210567474
5,Sigma70,0,Sigma24,0.5075536966323853,Sigma24|Sigma32|Sigma70,3,True,0.5075536966323853,0.02407037653028965,0.15313318371772766,0.04767540469765663,0.025863397866487503,0.24170394241809845
5,Sigma70,2,Sigma32,0.38252943754196167,Sigma24|Sigma32|Sigma38|Sigma54|Sigma70,5,True,0.12507213652133942,0.034423839300870895,0.38252943754196167,0.13041777908802032,0.15700016915798187,0.1705566644668579
5,Sigma70,5,Sigma70,0.4240281879901886,Sigma24|Sigma32|Sigma70,3,True,0.17982521653175354,0.005251050461083651,0.3285754919052124,0.03176133334636688,0.030558733269572258,0.4240281879901886
5,Sigma70,0,Sigma24,0.3221917748451233,Sigma24|Sigma28|Sigma32|Sigma38|Sigma70,5,True,0.3221917748451233,0.07023375481367111,0.297381728887558,0.13385362923145294,0.010931731201708317,0.16540738940238953
5,Sigma70,0,Sigma24,0.3844815492630005,Sigma24|Sigma28|Sigma32|Sigma38|Sigma70,5,True,0.3844815492630005,0.12321799993515015,0.18731532990932465,0.06044592335820198,0.023190829902887344,0.22134838998317719
5,Sigma70,3,Sigma38,0.7961006164550781,Sigma24|Sigma32|Sigma38,3,False,0.06823279708623886,0.019249077886343002,0.06864390522241592,0.7961006164550781,0.006412952207028866,0.04136059433221817
5,Sigma70,2,Sigma32,0.2872403562068939,Sigma24|Sigma28|Sigma32|Sigma38|Sigma54|Sigma70,6,True,0.19771528244018555,0.22906512022018433,0.2872403562068939,0.058228470385074615,0.07413847744464874,0.15361228585243225
5,Sigma70,5,Sigma70,0.453678697347641,Sigma24|Sigma32|Sigma38|Sigma54|Sigma70,5,True,0.1627916842699051,0.009073860943317413,0.21384114027023315,0.07150490581989288,0.08910965919494629,0.453678697347641
5,Sigma70,2,Sigma32,0.31144651770591736,Sigma24|Sigma32|Sigma38|Sigma54|Sigma70,5,True,0.1351575404405594,0.029647041112184525,0.31144651770591736,0.09939145296812057,0.11672423779964447,0.3076331317424774
5,Sigma70,0,Sigma24,0.32262754440307617,Sigma24|Sigma28|Sigma32|Sigma54|Sigma70,5,True,0.32262754440307617,0.10388418287038803,0.20794683694839478,0.027979232370853424,0.17296040058135986,0.16460184752941132
5,Sigma70,0,Sigma24,0.3523627817630768,Sigma24|Sigma32|Sigma38|Sigma54|Sigma70,5,True,0.3523627817630768,0.014603707939386368,0.11288021504878998,0.1206815093755722,0.08477535843849182,0.31469643115997314
5,Sigma70,5,Sigma70,0.4723866581916809,Sigma24|Sigma32|Sigma70,3,True,0.26162534952163696,0.007807804271578789,0.1951831430196762,0.0465753935277462,0.016421731561422348,0.4723866581916809
5,Sigma70,5,Sigma70,0.4597897231578827,Sigma24|Sigma32|Sigma38|Sigma70,4,True,0.20344866812229156,0.009566436521708965,0.1772519052028656,0.14298230409622192,0.006960981525480747,0.4597897231578827
5,Sigma70,5,Sigma70,0.5098394751548767,Sigma24|Sigma32|Sigma70,3,True,0.23806235194206238,0.011269591748714447,0.1791577786207199,0.0381300263106823,0.02354072779417038,0.5098394751548767
5,Sigma70,3,Sigma38,0.6668144464492798,Sigma32|Sigma38|Sigma70,3,True,0.03413185477256775,0.002869421150535345,0.1116555705666542,0.6668144464492798,0.01845700480043888,0.16607169806957245
5,Sigma70,5,Sigma70,0.557600736618042,Sigma24|Sigma32|Sigma70,3,True,0.27131685614585876,0.009196657687425613,0.09319476783275604,0.044092677533626556,0.02459835074841976,0.557600736618042
5,Sigma70,0,Sigma24,0.3467821180820465,Sigma24|Sigma28|Sigma32|Sigma38|Sigma70,5,True,0.3467821180820465,0.11835600435733795,0.13093972206115723,0.07190774381160736,0.03249351307749748,0.299520879983902
5,Sigma70,0,Sigma24,0.31810370087623596,Sigma24|Sigma28|Sigma32|Sigma54|Sigma70,5,True,0.31810370087623596,0.06019652634859085,0.24510261416435242,0.049466200172901154,0.14180482923984528,0.18532618880271912
5,Sigma70,5,Sigma70,0.6049533486366272,Sigma24|Sigma32|Sigma38|Sigma70,4,True,0.11801663041114807,0.0032725664786994457,0.18828971683979034,0.0704723447561264,0.0149953942745924,0.6049533486366272
5,Sigma70,5,Sigma70,0.5554037094116211,Sigma24|Sigma32|Sigma70,3,True,0.32646816968917847,0.006626620423048735,0.07244233787059784,0.02732851542532444,0.011730589903891087,0.5554037094116211
5,Sigma70,2,Sigma32,0.31140750646591187,Sigma24|Sigma28|Sigma32|Sigma70,4,True,0.29563167691230774,0.07795301824808121,0.31140750646591187,0.041398920118808746,0.014571175910532475,0.25903773307800293
5,Sigma70,5,Sigma70,0.31165117025375366,Sigma24|Sigma32|Sigma38|Sigma70,4,True,0.20560809969902039,0.04178013652563095,0.244386687874794,0.1610259860754013,0.035547904670238495,0.31165117025375366
5,Sigma70,5,Sigma70,0.4886742830276489,Sigma24|Sigma32|Sigma38|Sigma70,4,True,0.1628827303647995,0.012787780724465847,0.16971872746944427,0.13769975304603577,0.02823667600750923,0.4886742830276489
5,Sigma70,5,Sigma70,0.3245982527732849,Sigma24|Sigma32|Sigma38|Sigma70,4,True,0.1334226429462433,0.01624305173754692,0.3119649589061737,0.17981337010860443,0.033957768231630325,0.3245982527732849
5,Sigma70,5,Sigma70,0.5892345309257507,Sigma24|Sigma32|Sigma38|Sigma70,4,True,0.13290902972221375,0.010570268146693707,0.13624025881290436,0.10507944226264954,0.025966472923755646,0.5892345309257507
5,Sigma70,5,Sigma70,0.38134095072746277,Sigma24|Sigma32|Sigma38|Sigma70,4,True,0.22228483855724335,0.03330228477716446,0.15074093639850616,0.19017437100410461,0.022156579419970512,0.38134095072746277
5,Sigma70,2,Sigma32,0.3469424843788147,Sigma24|Sigma32|Sigma54|Sigma70,4,True,0.19596488773822784,0.0418526828289032,0.3469424843788147,0.03196856006979942,0.12275230139493942,0.26051902770996094
5,Sigma70,0,Sigma24,0.31105107069015503,Sigma24|Sigma32|Sigma54|Sigma70,4,True,0.31105107069015503,0.041707806289196014,0.2081262171268463,0.03888330236077309,0.11433972418308258,0.2858918309211731
5,Sigma70,0,Sigma24,0.3670910894870758,Sigma24|Sigma28|Sigma32|Sigma54|Sigma70,5,True,0.3670910894870758,0.09378716349601746,0.15039582550525665,0.041116975247859955,0.12632934749126434,0.221279576420784
5,Sigma70,2,Sigma32,0.32540982961654663,Sigma24|Sigma32|Sigma70,3,True,0.23556272685527802,0.04612647742033005,0.32540982961654663,0.05324319750070572,0.019663071259856224,0.3199947476387024
5,Sigma70,0,Sigma24,0.34098154306411743,Sigma24|Sigma28|Sigma32|Sigma38|Sigma70,5,True,0.34098154306411743,0.11016883701086044,0.27121758460998535,0.08608255535364151,0.026277441531419754,0.16527195274829865
5,Sigma70,3,Sigma38,0.9150977730751038,Sigma38,1,False,0.013829031959176064,0.0008017476066015661,0.02656211145222187,0.9150977730751038,0.0015896736877039075,0.04211971536278725
5,Sigma70,5,Sigma70,0.30515068769454956,Sigma24|Sigma32|Sigma38|Sigma54|Sigma70,5,True,0.1313210427761078,0.007518154568970203,0.2383137196302414,0.16692669689655304,0.1507696956396103,0.30515068769454956
5,Sigma70,0,Sigma24,0.4267269968986511,Sigma24|Sigma32|Sigma70,3,True,0.4267269968986511,0.01631898805499077,0.12143056094646454,0.015056083910167217,0.018231002613902092,0.40223628282546997
5,Sigma70,5,Sigma70,0.48182034492492676,Sigma24|Sigma32|Sigma70,3,True,0.33417224884033203,0.009952838532626629,0.11975506693124771,0.04066959023475647,0.01362991239875555,0.48182034492492676
5,Sigma70,5,Sigma70,0.360563725233078,Sigma24|Sigma32|Sigma38|Sigma54|Sigma70,5,True,0.22700345516204834,0.009473429061472416,0.21125087141990662,0.12964925169944763,0.06205927953124046,0.360563725233078
5,Sigma70,5,Sigma70,0.387607216835022,Sigma24|Sigma32|Sigma70,3,True,0.23573529720306396,0.01827995851635933,0.289005309343338,0.03979434072971344,0.02957792580127716,0.387607216835022
5,Sigma70,5,Sigma70,0.5064886808395386,Sigma24|Sigma32|Sigma38|Sigma70,4,True,0.21626827120780945,0.012239323928952217,0.1682218760251999,0.06337571889162064,0.03340616449713707,0.5064886808395386
5,Sigma70,5,Sigma70,0.757688045501709,Sigma24|Sigma32|Sigma38|Sigma70,4,True,0.0811033770442009,0.002719269134104252,0.061676811426877975,0.08917956054210663,0.007632978726178408,0.757688045501709
5,Sigma70,5,Sigma70,0.40373969078063965,Sigma24|Sigma32|Sigma70,3,True,0.28864362835884094,0.03082445077598095,0.20426146686077118,0.04388495907187462,0.028645746409893036,0.40373969078063965
5,Sigma70,2,Sigma32,0.38954418897628784,Sigma24|Sigma32|Sigma38|Sigma54|Sigma70,5,True,0.08360791951417923,0.0033802008256316185,0.38954418897628784,0.10115663707256317,0.060401562601327896,0.3619094491004944
5,Sigma70,0,Sigma24,0.2946946322917938,Sigma24|Sigma28|Sigma32|Sigma70,4,True,0.2946946322917938,0.16508251428604126,0.203751340508461,0.05447302386164665,0.02491798624396324,0.25708046555519104
5,Sigma70,5,Sigma70,0.4742061495780945,Sigma24|Sigma32|Sigma70,3,True,0.3349249064922333,0.009069213643670082,0.1358262598514557,0.01515638642013073,0.030817067250609398,0.4742061495780945
5,Sigma70,5,Sigma70,0.46126434206962585,Sigma24|Sigma32|Sigma70,3,True,0.24120987951755524,0.010535281151533127,0.19879814982414246,0.04480789974331856,0.043384402990341187,0.46126434206962585
5,Sigma70,2,Sigma32,0.35315394401550293,Sigma24|Sigma32|Sigma38|Sigma54|Sigma70,5,True,0.11959505081176758,0.0036632376722991467,0.35315394401550293,0.09347537159919739,0.0971745103597641,0.33293792605400085
5,Sigma70,5,Sigma70,0.5164318084716797,Sigma24|Sigma32|Sigma38|Sigma70,4,True,0.23906643688678741,0.0065088761039078236,0.1442830115556717,0.08148620277643204,0.012223674915730953,0.5164318084716797
5,Sigma70,2,Sigma32,0.510821521282196,Sigma24|Sigma32|Sigma38|Sigma54|Sigma70,5,True,0.08536379039287567,0.017774619162082672,0.510821521282196,0.0931747555732727,0.07196543365716934,0.22089985013008118
5,Sigma70,2,Sigma32,0.4391127824783325,Sigma24|Sigma32|Sigma38|Sigma70,4,True,0.10169384628534317,0.003996468614786863,0.4391127824783325,0.16446508467197418,0.04384166747331619,0.246890127658844
5,Sigma70,0,Sigma24,0.4764786660671234,Sigma24|Sigma32|Sigma70,3,True,0.4764786660671234,0.011828664690256119,0.11820625513792038,0.029153652489185333,0.03369065746665001,0.33064210414886475
5,Sigma70,1,Sigma28,0.9750316739082336,Sigma28,1,False,0.008187838830053806,0.9750316739082336,0.005604873411357403,0.0034996550530195236,0.0008192650275304914,0.006856757216155529
5,Sigma70,5,Sigma70,0.45205044746398926,Sigma24|Sigma32|Sigma38|Sigma70,4,True,0.3123854398727417,0.029378946870565414,0.1099148765206337,0.06758381426334381,0.02868649549782276,0.45205044746398926
5,Sigma70,5,Sigma70,0.573006808757782,Sigma24|Sigma32|Sigma38|Sigma70,4,True,0.1986391693353653,0.0058975606225430965,0.13876058161258698,0.07001689821481705,0.013679001480340958,0.573006808757782
5,Sigma70,2,Sigma32,0.5510479807853699,Sigma24|Sigma32|Sigma70,3,True,0.13590611517429352,0.015109654515981674,0.5510479807853699,0.034092195332050323,0.04042926803231239,0.22341477870941162
5,Sigma70,5,Sigma70,0.5521880388259888,Sigma24|Sigma32|Sigma38|Sigma70,4,True,0.1969670206308365,0.00788471195846796,0.14665305614471436,0.08270079642534256,0.013606292195618153,0.5521880388259888
5,Sigma70,2,Sigma32,0.2745911180973053,Sigma24|Sigma28|Sigma32|Sigma38|Sigma70,5,True,0.2257845401763916,0.15333780646324158,0.2745911180973053,0.09802544116973877,0.024595076218247414,0.2236659824848175
5,Sigma70,5,Sigma70,0.6559008955955505,Sigma24|Sigma32|Sigma38|Sigma70,4,True,0.0902874767780304,0.004730076063424349,0.16866332292556763,0.07052940130233765,0.009888782165944576,0.6559008955955505
5,Sigma70,5,Sigma70,0.5157609581947327,Sigma24|Sigma32|Sigma38|Sigma70,4,True,0.15434806048870087,0.003909971099346876,0.2424696534872055,0.05818971246480942,0.025321658700704575,0.5157609581947327
5,Sigma70,5,Sigma70,0.3672301471233368,Sigma24|Sigma32|Sigma38|Sigma70,4,True,0.1021060049533844,0.010723105631768703,0.348784863948822,0.13234521448612213,0.03881066292524338,0.3672301471233368
5,Sigma70,5,Sigma70,0.3799590468406677,Sigma24|Sigma32|Sigma38|Sigma70,4,True,0.21718719601631165,0.003661257680505514,0.25767967104911804,0.1113988384604454,0.030113957822322845,0.3799590468406677
5,Sigma70,5,Sigma70,0.3457089960575104,Sigma24|Sigma32|Sigma54|Sigma70,4,True,0.2015591710805893,0.004000658169388771,0.20668214559555054,0.0404280349612236,0.20162102580070496,0.3457089960575104
5,Sigma70,2,Sigma32,0.36046743392944336,Sigma24|Sigma32|Sigma38|Sigma70,4,True,0.2649737298488617,0.019650375470519066,0.36046743392944336,0.0750642791390419,0.021990269422531128,0.2578538656234741
5,Sigma70,1,Sigma28,0.5489727258682251,Sigma24|Sigma28|Sigma32|Sigma70,4,True,0.14210160076618195,0.5489727258682251,0.12023142725229263,0.046272698789834976,0.006090870127081871,0.136330708861351
5,Sigma70,2,Sigma32,0.32469144463539124,Sigma24|Sigma32|Sigma38|Sigma54|Sigma70,5,True,0.15863698720932007,0.04490118473768234,0.32469144463539124,0.10793212801218033,0.07266280800104141,0.2911754250526428
5,Sigma70,0,Sigma24,0.36475756764411926,Sigma24|Sigma32|Sigma38|Sigma70,4,True,0.36475756764411926,0.020113514736294746,0.17358769476413727,0.1342817097902298,0.01782749965786934,0.28943192958831787
5,Sigma70,5,Sigma70,0.365011990070343,Sigma24|Sigma32|Sigma38|Sigma70,4,True,0.07252728193998337,0.019821245223283768,0.17982171475887299,0.3354906737804413,0.027327043935656548,0.365011990070343
5,Sigma70,5,Sigma70,0.40884554386138916,Sigma24|Sigma32|Sigma70,3,True,0.31880685687065125,0.01857411116361618,0.16496285796165466,0.045628417283296585,0.04318220168352127,0.40884554386138916
5,Sigma70,2,Sigma32,0.2820986807346344,Sigma24|Sigma28|Sigma32|Sigma54|Sigma70,5,True,0.21943263709545135,0.070155069231987,0.2820986807346344,0.051430024206638336,0.1669314205646515,0.2099522054195404
5,Sigma70,5,Sigma70,0.40756750106811523,Sigma24|Sigma32|Sigma38|Sigma70,4,True,0.3095371723175049,0.007078872062265873,0.12499909102916718,0.12834033370018005,0.022477051243185997,0.40756750106811523
5,Sigma70,0,Sigma24,0.30648255348205566,Sigma24|Sigma28|Sigma32|Sigma38|Sigma70,5,True,0.30648255348205566,0.11275968700647354,0.1832212507724762,0.11719167232513428,0.029407519847154617,0.250937283039093
5,Sigma70,5,Sigma70,0.4738117754459381,Sigma24|Sigma32|Sigma70,3,True,0.2560636103153229,0.016033101826906204,0.1853788048028946,0.042671676725149155,0.026041053235530853,0.4738117754459381
5,Sigma70,2,Sigma32,0.36978116631507874,Sigma24|Sigma32|Sigma70,3,True,0.30653464794158936,0.034207794815301895,0.36978116631507874,0.03670206665992737,0.028432657942175865,0.22434164583683014
5,Sigma70,5,Sigma70,0.30229663848876953,Sigma24|Sigma32|Sigma38|Sigma54|Sigma70,5,True,0.12213504314422607,0.008735218085348606,0.20536530017852783,0.16720454394817352,0.1942633092403412,0.30229663848876953
5,Sigma70,5,Sigma70,0.5091540217399597,Sigma24|Sigma32|Sigma38|Sigma70,4,True,0.25845345854759216,0.020448923110961914,0.13530822098255157,0.057124216109514236,0.019511139020323753,0.5091540217399597
5,Sigma70,5,Sigma70,0.36739009618759155,Sigma24|Sigma32|Sigma38|Sigma70,4,True,0.32632189989089966,0.014634408988058567,0.15821409225463867,0.07847054302692413,0.054968930780887604,0.36739009618759155
5,Sigma70,5,Sigma70,0.4324907660484314,Sigma24|Sigma32|Sigma70,3,True,0.3479810059070587,0.023513587191700935,0.11896899342536926,0.053922783583402634,0.023122962564229965,0.4324907660484314
5,Sigma70,5,Sigma70,0.4537964463233948,Sigma24|Sigma28|Sigma32|Sigma38|Sigma70,5,True,0.14424115419387817,0.07824527472257614,0.13202083110809326,0.18137112259864807,0.010325103998184204,0.4537964463233948
5,Sigma70,0,Sigma24,0.4343045949935913,Sigma24|Sigma32|Sigma38|Sigma70,4,True,0.4343045949935913,0.043244682252407074,0.07863713800907135,0.18145453929901123,0.007179634645581245,0.25517943501472473
5,Sigma70,5,Sigma70,0.4005697965621948,Sigma24|Sigma32|Sigma38|Sigma70,4,True,0.232993483543396,0.01725887879729271,0.2576276361942291,0.07824675738811493,0.01330335158854723,0.4005697965621948
5,Sigma70,0,Sigma24,0.3502277731895447,Sigma24|Sigma28|Sigma32|Sigma70,4,True,0.3502277731895447,0.06594321131706238,0.2491571456193924,0.051864247769117355,0.037015922367572784,0.2457917332649231
5,Sigma70,5,Sigma70,0.5235325694084167,Sigma24|Sigma32|Sigma38|Sigma70,4,True,0.1997142881155014,0.011120019480586052,0.1186416819691658,0.11622188240289688,0.030769575387239456,0.5235325694084167
5,Sigma70,5,Sigma70,0.36271435022354126,Sigma24|Sigma32|Sigma38|Sigma70,4,True,0.3379195034503937,0.018367523327469826,0.21065188944339752,0.06375900655984879,0.006587674375623465,0.36271435022354126
5,Sigma70,2,Sigma32,0.4220949709415436,Sigma24|Sigma28|Sigma32|Sigma54|Sigma70,5,True,0.1881566047668457,0.10753873735666275,0.4220949709415436,0.03735535219311714,0.09239712357521057,0.15245725214481354
5,Sigma70,0,Sigma24,0.2950861155986786,Sigma24|Sigma28|Sigma32|Sigma38|Sigma70,5,True,0.2950861155986786,0.06058814004063606,0.25150957703590393,0.14176258444786072,0.013322470709681511,0.2377311885356903
5,Sigma70,2,Sigma32,0.45912256836891174,Sigma24|Sigma32|Sigma38|Sigma70,4,True,0.1861700862646103,0.01590818352997303,0.45912256836891174,0.08269646763801575,0.028619518503546715,0.22748319804668427
5,Sigma70,0,Sigma24,0.4764041006565094,Sigma24|Sigma28|Sigma32|Sigma70,4,True,0.4764041006565094,0.17163051664829254,0.1622430831193924,0.04652182012796402,0.012886717915534973,0.13031375408172607
5,Sigma70,5,Sigma70,0.32706522941589355,Sigma24|Sigma32|Sigma38|Sigma70,4,True,0.21425782144069672,0.012740657664835453,0.3041051924228668,0.109623983502388,0.0322071798145771,0.32706522941589355
5,Sigma70,4,Sigma54,0.35422995686531067,Sigma24|Sigma28|Sigma32|Sigma54|Sigma70,5,True,0.21236880123615265,0.10234721004962921,0.21104328334331512,0.019355354830622673,0.35422995686531067,0.10065541416406631
5,Sigma70,0,Sigma24,0.399436891078949,Sigma24|Sigma28|Sigma32|Sigma70,4,True,0.399436891078949,0.0635070949792862,0.27974027395248413,0.048335473984479904,0.03325580433011055,0.17572444677352905
5,Sigma70,2,Sigma32,0.49781808257102966,Sigma24|Sigma32|Sigma54|Sigma70,4,True,0.15850725769996643,0.010366094298660755,0.49781808257102966,0.04477839171886444,0.14499995112419128,0.1435302048921585
5,Sigma70,5,Sigma70,0.5053189992904663,Sigma24|Sigma32|Sigma38|Sigma70,4,True,0.1808517873287201,0.01045207865536213,0.2002209573984146,0.08909914642572403,0.014057014137506485,0.5053189992904663
5,Sigma70,2,Sigma32,0.4644582271575928,Sigma24|Sigma32|Sigma38|Sigma54|Sigma70,5,True,0.08961038291454315,0.02268107980489731,0.4644582271575928,0.15603600442409515,0.17612436413764954,0.09108985215425491
5,Sigma70,0,Sigma24,0.4792232811450958,Sigma24|Sigma32|Sigma70,3,True,0.4792232811450958,0.05022147297859192,0.13642680644989014,0.055578719824552536,0.018673505634069443,0.25987622141838074
5,Sigma70,5,Sigma70,0.2836848795413971,Sigma24|Sigma32|Sigma38|Sigma54|Sigma70,5,True,0.228614941239357,0.026238590478897095,0.16095368564128876,0.1822057068347931,0.11830218881368637,0.2836848795413971
5,Sigma70,0,Sigma24,0.3397638499736786,Sigma24|Sigma32|Sigma54|Sigma70,4,True,0.3397638499736786,0.027340838685631752,0.2704651951789856,0.04750468581914902,0.05757426470518112,0.2573510706424713
5,Sigma70,5,Sigma70,0.4484381675720215,Sigma24|Sigma32|Sigma38|Sigma70,4,True,0.16555993258953094,0.015468902885913849,0.20877018570899963,0.15987928211688995,0.0018834801157936454,0.4484381675720215
5,Sigma70,5,Sigma70,0.48355790972709656,Sigma24|Sigma32|Sigma38|Sigma70,4,True,0.24701815843582153,0.00447016442194581,0.14098893105983734,0.09077641367912292,0.033188365399837494,0.48355790972709656
5,Sigma70,5,Sigma70,0.5083923935890198,Sigma24|Sigma32|Sigma70,3,True,0.18552574515342712,0.019266288727521896,0.20583489537239075,0.02795911580324173,0.05302153155207634,0.5083923935890198
5,Sigma70,1,Sigma28,0.3072816729545593,Sigma24|Sigma28|Sigma32|Sigma54|Sigma70,5,True,0.2418575882911682,0.3072816729545593,0.19605432450771332,0.03758448734879494,0.08927731215953827,0.12794463336467743
5,Sigma70,4,Sigma54,0.6272960305213928,Sigma24|Sigma32|Sigma54|Sigma70,4,True,0.09249436110258102,0.013973771594464779,0.11284231394529343,0.024024812504649162,0.6272960305213928,0.12936870753765106
5,Sigma70,5,Sigma70,0.3045088052749634,Sigma24|Sigma32|Sigma38|Sigma70,4,True,0.24755938351154327,0.013976332731544971,0.20052681863307953,0.20213904976844788,0.031289637088775635,0.3045088052749634
5,Sigma70,5,Sigma70,0.4446820318698883,Sigma24|Sigma32|Sigma70,3,True,0.32161393761634827,0.013966063037514687,0.16791583597660065,0.037477776408195496,0.014344419352710247,0.4446820318698883
5,Sigma70,5,Sigma70,0.3466023802757263,Sigma24|Sigma32|Sigma70,3,True,0.31213513016700745,0.014351903460919857,0.2712462842464447,0.05053073540329933,0.0051336330361664295,0.3466023802757263
5,Sigma70,0,Sigma24,0.35363462567329407,Sigma24|Sigma32|Sigma54|Sigma70,4,True,0.35363462567329407,0.015132739208638668,0.1695244163274765,0.05506058409810066,0.1256696730852127,0.2809780240058899
5,Sigma70,2,Sigma32,0.33977431058883667,Sigma24|Sigma32|Sigma38|Sigma70,4,True,0.1891825646162033,0.018922075629234314,0.33977431058883667,0.16139890253543854,0.017645953223109245,0.27307620644569397
5,Sigma70,5,Sigma70,0.4723359942436218,Sigma24|Sigma32|Sigma38|Sigma70,4,True,0.2622424364089966,0.036711592227220535,0.15778233110904694,0.06748353689908981,0.0034441091120243073,0.4723359942436218
5,Sigma70,0,Sigma24,0.34539204835891724,Sigma24|Sigma28|Sigma32|Sigma38|Sigma70,5,True,0.34539204835891724,0.1869034618139267,0.1745835542678833,0.06783556193113327,0.03406479209661484,0.19122061133384705
5,Sigma70,5,Sigma70,0.2894522249698639,Sigma24|Sigma32|Sigma38|Sigma54|Sigma70,5,True,0.27612966299057007,0.04536362737417221,0.2090788632631302,0.06201420724391937,0.11796137690544128,0.2894522249698639
5,Sigma70,0,Sigma24,0.4500095248222351,Sigma24|Sigma32|Sigma70,3,True,0.4500095248222351,0.01254707109183073,0.22576816380023956,0.0296764075756073,0.045722659677267075,0.23627610504627228
5,Sigma70,5,Sigma70,0.27984490990638733,Sigma24|Sigma32|Sigma38|Sigma54|Sigma70,5,True,0.17017926275730133,0.006645653396844864,0.264024555683136,0.16436287760734558,0.1149427592754364,0.27984490990638733
5,Sigma70,5,Sigma70,0.2962918281555176,Sigma24|Sigma32|Sigma38|Sigma70,4,True,0.21361353993415833,0.025503773242235184,0.23767031729221344,0.21178948879241943,0.015131055377423763,0.2962918281555176
5,Sigma70,1,Sigma28,0.3802136182785034,Sigma24|Sigma28|Sigma32|Sigma70,4,True,0.15272824466228485,0.3802136182785034,0.2930552661418915,0.027025552466511726,0.03980427607893944,0.10717305541038513
5,Sigma70,2,Sigma32,0.30564895272254944,Sigma24|Sigma28|Sigma32|Sigma38|Sigma54|Sigma70,6,True,0.26213353872299194,0.12696048617362976,0.30564895272254944,0.06691702455282211,0.058639608323574066,0.17970028519630432
5,Sigma70,5,Sigma70,0.2820669412612915,Sigma24|Sigma32|Sigma38|Sigma54|Sigma70,5,True,0.23113062977790833,0.01893707923591137,0.2381957322359085,0.08652655780315399,0.14314301311969757,0.2820669412612915
5,Sigma70,2,Sigma32,0.3657380938529968,Sigma24|Sigma32|Sigma38|Sigma54|Sigma70,5,True,0.13271746039390564,0.036528125405311584,0.3657380938529968,0.1609317660331726,0.11410809308290482,0.18997642397880554
5,Sigma70,2,Sigma32,0.33847689628601074,Sigma24|Sigma32|Sigma54|Sigma70,4,True,0.28793779015541077,0.049167267978191376,0.33847689628601074,0.041068654507398605,0.07398022711277008,0.20936913788318634
5,Sigma70,5,Sigma70,0.3329404890537262,Sigma24|Sigma32|Sigma54|Sigma70,4,True,0.2825322449207306,0.009355029091238976,0.2559973895549774,0.015680301934480667,0.10349459201097488,0.3329404890537262
5,Sigma70,0,Sigma24,0.3586794435977936,Sigma24|Sigma32|Sigma38|Sigma70,4,True,0.3586794435977936,0.04822023957967758,0.21264280378818512,0.14942725002765656,0.02587750554084778,0.20515280961990356
5,Sigma70,2,Sigma32,0.7196820378303528,Sigma24|Sigma32|Sigma70,3,True,0.1306094080209732,0.011136091314256191,0.7196820378303528,0.019483258947730064,0.015291805379092693,0.10379746556282043
5,Sigma70,2,Sigma32,0.3591686487197876,Sigma24|Sigma32|Sigma38|Sigma70,4,True,0.30124515295028687,0.009466736577451229,0.3591686487197876,0.10153722763061523,0.023454414680600166,0.2051278054714203
5,Sigma70,3,Sigma38,0.9071452617645264,Sigma38,1,False,0.02188926748931408,0.002264856593683362,0.02279958873987198,0.9071452617645264,0.0033393576741218567,0.04256170988082886
5,Sigma70,2,Sigma32,0.3293376863002777,Sigma24|Sigma32|Sigma38|Sigma70,4,True,0.2731417119503021,0.04483834654092789,0.3293376863002777,0.057752978056669235,0.03170642629265785,0.26322290301322937
5,Sigma70,0,Sigma24,0.4041408598423004,Sigma24|Sigma32|Sigma70,3,True,0.4041408598423004,0.04163413122296333,0.1498321294784546,0.05235756188631058,0.02566477656364441,0.32637056708335876
5,Sigma70,2,Sigma32,0.41920751333236694,Sigma24|Sigma32|Sigma38|Sigma70,4,True,0.0713859274983406,0.0030862498097121716,0.41920751333236694,0.27533158659935,0.04711685702204704,0.1838718056678772
5,Sigma70,5,Sigma70,0.39418983459472656,Sigma24|Sigma32|Sigma54|Sigma70,4,True,0.3057481050491333,0.016873827204108238,0.11506348848342896,0.04261700063943863,0.12550775706768036,0.39418983459472656
5,Sigma70,0,Sigma24,0.3350609242916107,Sigma24|Sigma28|Sigma32|Sigma38|Sigma70,5,True,0.3350609242916107,0.1292756199836731,0.12386288493871689,0.08073201030492783,0.006149607710540295,0.3249189555644989
5,Sigma70,2,Sigma32,0.4651205837726593,Sigma24|Sigma32|Sigma38|Sigma70,4,True,0.18056705594062805,0.03433854132890701,0.4651205837726593,0.12264811247587204,0.03876736760139465,0.15855835378170013
5,Sigma70,0,Sigma24,0.3773818612098694,Sigma24|Sigma32|Sigma54|Sigma70,4,True,0.3773818612098694,0.023750413209199905,0.26288893818855286,0.012345943599939346,0.12441432476043701,0.19921855628490448
5,Sigma70,5,Sigma70,0.6409701108932495,Sigma24|Sigma32|Sigma38|Sigma70,4,True,0.20573431253433228,0.007705869618803263,0.08058937638998032,0.05718981847167015,0.007810419891029596,0.6409701108932495
5,Sigma70,2,Sigma32,0.7998210787773132,Sigma32|Sigma70,2,True,0.030036641284823418,0.002668641973286867,0.7998210787773132,0.04208393767476082,0.032124023884534836,0.09326572716236115
5,Sigma70,5,Sigma70,0.5859576463699341,Sigma24|Sigma32|Sigma70,3,True,0.2645094394683838,0.004450097680091858,0.10885737091302872,0.01973794400691986,0.016487572342157364,0.5859576463699341
5,Sigma70,5,Sigma70,0.30935758352279663,Sigma24|Sigma32|Sigma70,3,True,0.27825865149497986,0.03230484947562218,0.2943989038467407,0.04131239652633667,0.04436759650707245,0.30935758352279663
5,Sigma70,5,Sigma70,0.513002336025238,Sigma24|Sigma32|Sigma38|Sigma54|Sigma70,5,True,0.18327046930789948,0.003756909631192684,0.15729039907455444,0.06630414724349976,0.07637577503919601,0.513002336025238
5,Sigma70,5,Sigma70,0.3854634165763855,Sigma24|Sigma32|Sigma54|Sigma70,4,True,0.2487608939409256,0.022102246060967445,0.2455291748046875,0.035548605024814606,0.06259570270776749,0.3854634165763855
5,Sigma70,2,Sigma32,0.526382565498352,Sigma32|Sigma38|Sigma54|Sigma70,4,True,0.055474903434515,0.011493031866848469,0.526382565498352,0.08391376584768295,0.14705124497413635,0.17568451166152954
5,Sigma70,2,Sigma32,0.37568750977516174,Sigma24|Sigma32|Sigma54|Sigma70,4,True,0.1996893286705017,0.007368875201791525,0.37568750977516174,0.028478726744651794,0.18218894302845,0.20658659934997559
5,Sigma70,5,Sigma70,0.41676318645477295,Sigma24|Sigma32|Sigma38|Sigma54|Sigma70,5,True,0.2519868314266205,0.0018302774988114834,0.1519320160150528,0.08554285764694214,0.09194488823413849,0.41676318645477295
5,Sigma70,5,Sigma70,0.3878670632839203,Sigma24|Sigma32|Sigma54|Sigma70,4,True,0.0960572361946106,0.008594688028097153,0.36788612604141235,0.05269765853881836,0.08689729869365692,0.3878670632839203
5,Sigma70,0,Sigma24,0.3821181356906891,Sigma24|Sigma32|Sigma70,3,True,0.3821181356906891,0.037532705813646317,0.2797171473503113,0.021555624902248383,0.05455118790268898,0.22452521324157715
5,Sigma70,5,Sigma70,0.34777918457984924,Sigma24|Sigma32|Sigma38|Sigma70,4,True,0.10156425088644028,0.01591162569820881,0.3076011538505554,0.1828399896621704,0.044303759932518005,0.34777918457984924
5,Sigma70,2,Sigma32,0.32517704367637634,Sigma24|Sigma32|Sigma54|Sigma70,4,True,0.23641887307167053,0.03724876046180725,0.32517704367637634,0.051900070160627365,0.22498591244220734,0.12426935881376266
5,Sigma70,0,Sigma24,0.2958919405937195,Sigma24|Sigma28|Sigma32|Sigma38|Sigma54|Sigma70,6,True,0.2958919405937195,0.15434715151786804,0.2585740089416504,0.0782179906964302,0.09618441760540009,0.11678440868854523
5,Sigma70,5,Sigma70,0.5318208336830139,Sigma24|Sigma32|Sigma54|Sigma70,4,True,0.2872142493724823,0.0023201180156320333,0.09197269380092621,0.02095664292573929,0.06571539491415024,0.5318208336830139
5,Sigma70,5,Sigma70,0.41169896721839905,Sigma24|Sigma32|Sigma70,3,True,0.39493685960769653,0.019031910225749016,0.1300208419561386,0.02428945153951645,0.020021911710500717,0.41169896721839905
5,Sigma70,2,Sigma32,0.3065820336341858,Sigma24|Sigma32|Sigma38|Sigma54|Sigma70,5,True,0.2599356472492218,0.026294922456145287,0.3065820336341858,0.0874490886926651,0.11250223964452744,0.20723602175712585
5,Sigma70,5,Sigma70,0.4251585602760315,Sigma24|Sigma32|Sigma38|Sigma54|Sigma70,5,True,0.15166184306144714,0.0020445468835532665,0.20088067650794983,0.15929089486598969,0.06096344813704491,0.4251585602760315
5,Sigma70,0,Sigma24,0.3599184453487396,Sigma24|Sigma32|Sigma54|Sigma70,4,True,0.3599184453487396,0.007493475452065468,0.17309142649173737,0.0313752256333828,0.07389581948518753,0.35422560572624207
5,Sigma70,5,Sigma70,0.40699145197868347,Sigma24|Sigma32|Sigma38|Sigma70,4,True,0.1320655643939972,0.006819227244704962,0.3113347589969635,0.09846042841672897,0.044328536838293076,0.40699145197868347
5,Sigma70,4,Sigma54,0.6366691589355469,Sigma24|Sigma32|Sigma54|Sigma70,4,True,0.10439837723970413,0.006857503671199083,0.15109536051750183,0.03337785229086876,0.6366691589355469,0.0676017552614212
5,Sigma70,0,Sigma24,0.2734125256538391,Sigma24|Sigma32|Sigma38|Sigma54|Sigma70,5,True,0.2734125256538391,0.04974006861448288,0.2699810862541199,0.12597106397151947,0.08611896634101868,0.194776251912117
5,Sigma70,5,Sigma70,0.2571917772293091,Sigma24|Sigma28|Sigma32|Sigma38|Sigma54|Sigma70,6,True,0.2530190348625183,0.1267794668674469,0.23535193502902985,0.06983871757984161,0.057819053530693054,0.2571917772293091
5,Sigma70,0,Sigma24,0.3332233726978302,Sigma24|Sigma32|Sigma38|Sigma70,4,True,0.3332233726978302,0.03458133712410927,0.26561856269836426,0.06041808798909187,0.03677450120449066,0.26938408613204956
5,Sigma70,5,Sigma70,0.542711615562439,Sigma24|Sigma32|Sigma38|Sigma70,4,True,0.18590757250785828,0.002740699565038085,0.11959758400917053,0.10571406036615372,0.04332850128412247,0.542711615562439
5,Sigma70,5,Sigma70,0.7151808142662048,Sigma24|Sigma32|Sigma70,3,True,0.15501955151557922,0.004225119482725859,0.06907941401004791,0.05419229716062546,0.002302861772477627,0.7151808142662048
5,Sigma70,5,Sigma70,0.39566296339035034,Sigma24|Sigma28|Sigma32|Sigma54|Sigma70,5,True,0.2052924484014511,0.06254980713129044,0.221933975815773,0.052186038345098495,0.06237473711371422,0.39566296339035034
5,Sigma70,2,Sigma32,0.39047783613204956,Sigma24|Sigma32|Sigma38|Sigma54|Sigma70,5,True,0.19947198033332825,0.043885085731744766,0.39047783613204956,0.1460990607738495,0.07165937125682831,0.14840663969516754
5,Sigma70,2,Sigma32,0.42151668667793274,Sigma24|Sigma28|Sigma32|Sigma38|Sigma54|Sigma70,6,True,0.10606907308101654,0.08672980964183807,0.42151668667793274,0.09602394700050354,0.15550236403942108,0.13415813446044922
5,Sigma70,0,Sigma24,0.27854862809181213,Sigma24|Sigma28|Sigma32|Sigma38|Sigma54|Sigma70,6,True,0.27854862809181213,0.125243678689003,0.20689299702644348,0.11396259069442749,0.06102697551250458,0.21432502567768097
5,Sigma70,2,Sigma32,0.47794780135154724,Sigma24|Sigma32|Sigma54|Sigma70,4,True,0.20350342988967896,0.05490262061357498,0.47794780135154724,0.04681061953306198,0.06775984168052673,0.14907561242580414
5,Sigma70,0,Sigma24,0.3073675334453583,Sigma24|Sigma28|Sigma32|Sigma38|Sigma70,5,True,0.3073675334453583,0.21764099597930908,0.13756780326366425,0.06491658836603165,0.0125846853479743,0.25992241501808167
5,Sigma70,0,Sigma24,0.5148773789405823,Sigma24|Sigma32|Sigma70,3,True,0.5148773789405823,0.024970879778265953,0.07342833280563354,0.03903815150260925,0.0066983806900680065,0.3409867286682129
5,Sigma70,5,Sigma70,0.4984194040298462,Sigma24|Sigma32|Sigma38|Sigma70,4,True,0.2227596789598465,0.006015882361680269,0.14911186695098877,0.08792755752801895,0.035765640437603,0.4984194040298462
5,Sigma70,0,Sigma24,0.41588839888572693,Sigma24|Sigma28|Sigma32|Sigma38|Sigma54|Sigma70,6,True,0.41588839888572693,0.07377717643976212,0.1657053828239441,0.0800042375922203,0.11364684253931046,0.1509779393672943
5,Sigma70,5,Sigma70,0.33153191208839417,Sigma24|Sigma28|Sigma32|Sigma54|Sigma70,5,True,0.23354831337928772,0.06749273836612701,0.19563230872154236,0.055881038308143616,0.11591371893882751,0.33153191208839417
5,Sigma70,0,Sigma24,0.39156755805015564,Sigma24|Sigma32|Sigma54|Sigma70,4,True,0.39156755805015564,0.023999199271202087,0.2167464792728424,0.04618421196937561,0.14824599027633667,0.173256516456604
5,Sigma70,5,Sigma70,0.3521765172481537,Sigma24|Sigma32|Sigma54|Sigma70,4,True,0.2490173727273941,0.004510178696364164,0.21292586624622345,0.04455456882715225,0.13681550323963165,0.3521765172481537
5,Sigma70,5,Sigma70,0.4302194118499756,Sigma24|Sigma32|Sigma38|Sigma70,4,True,0.25929421186447144,0.010210742242634296,0.19423449039459229,0.07036048173904419,0.03568071499466896,0.4302194118499756
5,Sigma70,3,Sigma38,0.7914414405822754,Sigma32|Sigma38|Sigma70,3,True,0.04950959235429764,0.012136504985392094,0.06955317407846451,0.7914414405822754,0.013172694481909275,0.06418663263320923
5,Sigma70,5,Sigma70,0.334482878446579,Sigma24|Sigma32|Sigma54|Sigma70,4,True,0.21337133646011353,0.017579704523086548,0.2123219072818756,0.051706310361623764,0.17053785920143127,0.334482878446579
5,Sigma70,5,Sigma70,0.3397282660007477,Sigma24|Sigma32|Sigma38|Sigma70,4,True,0.15248578786849976,0.01046498492360115,0.2718169093132019,0.19010718166828156,0.035396818071603775,0.3397282660007477
5,Sigma70,5,Sigma70,0.36077725887298584,Sigma24|Sigma28|Sigma32|Sigma38|Sigma70,5,True,0.3402997851371765,0.07436463236808777,0.10541489720344543,0.1087564080953598,0.010387015528976917,0.36077725887298584
5,Sigma70,5,Sigma70,0.49936601519584656,Sigma24|Sigma32|Sigma70,3,True,0.2914767861366272,0.007451239507645369,0.15235595405101776,0.025882836431264877,0.02346721664071083,0.49936601519584656
5,Sigma70,2,Sigma32,0.2907562255859375,Sigma24|Sigma28|Sigma32|Sigma54|Sigma70,5,True,0.21019120514392853,0.09166516363620758,0.2907562255859375,0.04961078241467476,0.09528040140867233,0.2624962627887726
5,Sigma70,2,Sigma32,0.28101295232772827,Sigma24|Sigma28|Sigma32|Sigma38|Sigma54|Sigma70,6,True,0.19861821830272675,0.12296631187200546,0.28101295232772827,0.09003656357526779,0.05951955169439316,0.24784639477729797
5,Sigma70,5,Sigma70,0.5711131691932678,Sigma24|Sigma32|Sigma38|Sigma70,4,True,0.14864005148410797,0.011448776349425316,0.13166165351867676,0.0856015533208847,0.05153482034802437,0.5711131691932678
5,Sigma70,5,Sigma70,0.42527517676353455,Sigma24|Sigma32|Sigma38|Sigma70,4,True,0.2812235355377197,0.00591219263151288,0.15390703082084656,0.1219753697514534,0.011706700548529625,0.42527517676353455
5,Sigma70,5,Sigma70,0.3502287268638611,Sigma24|Sigma32|Sigma54|Sigma70,4,True,0.2991202175617218,0.008698685094714165,0.20915132761001587,0.040354397147893906,0.09244662523269653,0.3502287268638611
5,Sigma70,0,Sigma24,0.35421833395957947,Sigma24|Sigma32|Sigma70,3,True,0.35421833395957947,0.044243164360523224,0.2817186117172241,0.025234142318367958,0.04467979073524475,0.24990586936473846
5,Sigma70,5,Sigma70,0.4322076141834259,Sigma24|Sigma32|Sigma38|Sigma70,4,True,0.17991381883621216,0.04548753798007965,0.21951821446418762,0.1027979627251625,0.0200747549533844,0.4322076141834259
5,Sigma70,2,Sigma32,0.27878516912460327,Sigma24|Sigma28|Sigma32|Sigma38|Sigma54|Sigma70,6,True,0.26675549149513245,0.18376389145851135,0.27878516912460327,0.08466073125600815,0.059342481195926666,0.12669219076633453
5,Sigma70,5,Sigma70,0.47810056805610657,Sigma24|Sigma32|Sigma38|Sigma70,4,True,0.2834385633468628,0.010205241851508617,0.13732625544071198,0.06167329475283623,0.02925608865916729,0.47810056805610657
5,Sigma70,0,Sigma24,0.2643425464630127,Sigma24|Sigma28|Sigma32|Sigma38|Sigma54|Sigma70,6,True,0.2643425464630127,0.11823467910289764,0.25162774324417114,0.07363936305046082,0.1218855232000351,0.17027021944522858
5,Sigma70,0,Sigma24,0.34717509150505066,Sigma24|Sigma32|Sigma70,3,True,0.34717509150505066,0.042332734912633896,0.3055933117866516,0.017324643209576607,0.029880449175834656,0.25769370794296265
5,Sigma70,5,Sigma70,0.38164031505584717,Sigma24|Sigma32|Sigma70,3,True,0.2961917221546173,0.013417459093034267,0.23166604340076447,0.04434533789753914,0.032739218324422836,0.38164031505584717
5,Sigma70,2,Sigma32,0.3695245683193207,Sigma24|Sigma32|Sigma38|Sigma70,4,True,0.21814151108264923,0.031779833137989044,0.3695245683193207,0.06061205640435219,0.01629280112683773,0.30364933609962463
5,Sigma70,4,Sigma54,0.3188002407550812,Sigma24|Sigma32|Sigma54|Sigma70,4,True,0.16067662835121155,0.015246132388710976,0.2224983125925064,0.021060779690742493,0.3188002407550812,0.26171794533729553
5,Sigma70,2,Sigma32,0.5206071734428406,Sigma24|Sigma32|Sigma54|Sigma70,4,True,0.12566423416137695,0.013710475526750088,0.5206071734428406,0.031093286350369453,0.19226422905921936,0.11666058003902435
5,Sigma70,0,Sigma24,0.4150572717189789,Sigma24|Sigma32|Sigma38|Sigma54|Sigma70,5,True,0.4150572717189789,0.026393428444862366,0.19649526476860046,0.06790349632501602,0.06114768981933594,0.23300278186798096
5,Sigma70,5,Sigma70,0.40291282534599304,Sigma24|Sigma32|Sigma38|Sigma70,4,True,0.27892088890075684,0.009709115140140057,0.21759627759456635,0.05938452482223511,0.03147634118795395,0.40291282534599304
5,Sigma70,2,Sigma32,0.39557912945747375,Sigma24|Sigma32|Sigma54|Sigma70,4,True,0.15021148324012756,0.024646220728754997,0.39557912945747375,0.04368872940540314,0.22817926108837128,0.15769518911838531
5,Sigma70,5,Sigma70,0.6408549547195435,Sigma24|Sigma32|Sigma38|Sigma70,4,True,0.11384261399507523,0.0020909016020596027,0.14562451839447021,0.08729822188615799,0.010288789868354797,0.6408549547195435
5,Sigma70,5,Sigma70,0.47401127219200134,Sigma24|Sigma32|Sigma38|Sigma70,4,True,0.20167040824890137,0.0052347611635923386,0.06520701199769974,0.24711525440216064,0.006761188618838787,0.47401127219200134
5,Sigma70,5,Sigma70,0.28411629796028137,Sigma24|Sigma32|Sigma54|Sigma70,4,True,0.2758222222328186,0.038764890283346176,0.23886638879776,0.049550727009773254,0.11287940293550491,0.28411629796028137
5,Sigma70,2,Sigma32,0.35801056027412415,Sigma24|Sigma32|Sigma38|Sigma70,4,True,0.14797955751419067,0.021792659536004066,0.35801056027412415,0.15541328489780426,0.042709510773420334,0.2740944027900696
5,Sigma70,5,Sigma70,0.4891715943813324,Sigma24|Sigma32|Sigma70,3,True,0.2820413410663605,0.005462998058646917,0.16577020287513733,0.04955615848302841,0.007997666485607624,0.4891715943813324
5,Sigma70,0,Sigma24,0.3324107825756073,Sigma24|Sigma32|Sigma38|Sigma70,4,True,0.3324107825756073,0.05431500822305679,0.3278053104877472,0.06371156126260757,0.0313284695148468,0.1904289275407791
5,Sigma70,0,Sigma24,0.49407458305358887,Sigma24|Sigma32|Sigma70,3,True,0.49407458305358887,0.041591402143239975,0.13684536516666412,0.05545656755566597,0.009162236005067825,0.26286986470222473
5,Sigma70,0,Sigma24,0.3834129571914673,Sigma24|Sigma28|Sigma32|Sigma70,4,True,0.3834129571914673,0.08225466310977936,0.257770836353302,0.05323270708322525,0.03821869567036629,0.1851101517677307
5,Sigma70,5,Sigma70,0.43078458309173584,Sigma24|Sigma32|Sigma54|Sigma70,4,True,0.23386608064174652,0.00258826301433146,0.22041377425193787,0.02763434872031212,0.08471295237541199,0.43078458309173584
5,Sigma70,5,Sigma70,0.43318623304367065,Sigma24|Sigma32|Sigma38|Sigma70,4,True,0.28508758544921875,0.011868838220834732,0.1488010287284851,0.10268197953701019,0.018374323844909668,0.43318623304367065
5,Sigma70,3,Sigma38,0.7674157023429871,Sigma32|Sigma38|Sigma70,3,True,0.052732665091753006,0.01200046855956316,0.0995781198143959,0.7674157023429871,0.009375697001814842,0.0588972307741642
5,Sigma70,5,Sigma70,0.3676726818084717,Sigma24|Sigma32|Sigma38|Sigma54|Sigma70,5,True,0.09295488148927689,0.005503531079739332,0.22548700869083405,0.23398911952972412,0.07439274340867996,0.3676726818084717
5,Sigma70,2,Sigma32,0.2914607524871826,Sigma24|Sigma28|Sigma32|Sigma38|Sigma70,5,True,0.2028927356004715,0.21586474776268005,0.2914607524871826,0.08533748239278793,0.01544016320258379,0.18900415301322937
5,Sigma70,2,Sigma32,0.39163321256637573,Sigma24|Sigma32|Sigma38|Sigma70,4,True,0.1829688400030136,0.017429139465093613,0.39163321256637573,0.10996957123279572,0.04286685213446617,0.2551323473453522
5,Sigma70,2,Sigma32,0.515508770942688,Sigma24|Sigma32|Sigma54|Sigma70,4,True,0.10971835255622864,0.05056321620941162,0.515508770942688,0.050231803208589554,0.13367807865142822,0.14029978215694427
5,Sigma70,5,Sigma70,0.26325488090515137,Sigma24|Sigma28|Sigma32|Sigma38|Sigma70,5,True,0.23342284560203552,0.1281532198190689,0.1594158560037613,0.16161395609378815,0.054139263927936554,0.26325488090515137
5,Sigma70,5,Sigma70,0.4462270438671112,Sigma24|Sigma32|Sigma38|Sigma70,4,True,0.1618698090314865,0.015759354457259178,0.25469970703125,0.07018478959798813,0.05125930905342102,0.4462270438671112
5,Sigma70,5,Sigma70,0.5585993528366089,Sigma24|Sigma32|Sigma70,3,True,0.2752915918827057,0.017364908009767532,0.10899218171834946,0.02419283613562584,0.015559246763586998,0.5585993528366089
5,Sigma70,5,Sigma70,0.30226898193359375,Sigma24|Sigma28|Sigma32|Sigma38|Sigma54|Sigma70,6,True,0.1810988038778305,0.07361117750406265,0.2968585789203644,0.08787500113248825,0.05828746408224106,0.30226898193359375
5,Sigma70,5,Sigma70,0.42737144231796265,Sigma24|Sigma32|Sigma38|Sigma70,4,True,0.1880321502685547,0.01079519186168909,0.1953139305114746,0.15938131511211395,0.01910601556301117,0.42737144231796265
5,Sigma70,5,Sigma70,0.3092584013938904,Sigma24|Sigma32|Sigma38|Sigma54|Sigma70,5,True,0.26401543617248535,0.004634345881640911,0.25872597098350525,0.07372330874204636,0.08964258432388306,0.3092584013938904
5,Sigma70,5,Sigma70,0.5379077792167664,Sigma24|Sigma32|Sigma54|Sigma70,4,True,0.23305681347846985,0.005255097523331642,0.11017252504825592,0.034667301923036575,0.07894055545330048,0.5379077792167664
5,Sigma70,5,Sigma70,0.3461792767047882,Sigma24|Sigma32|Sigma38|Sigma70,4,True,0.31275081634521484,0.02729799598455429,0.16610348224639893,0.10799364000558853,0.03967481479048729,0.3461792767047882
5,Sigma70,5,Sigma70,0.2618570923805237,Sigma24|Sigma32|Sigma38|Sigma54|Sigma70,5,True,0.17873834073543549,0.020850196480751038,0.2557430565357208,0.21564678847789764,0.06716449558734894,0.2618570923805237
5,Sigma70,5,Sigma70,0.3077734708786011,Sigma24|Sigma32|Sigma38|Sigma70,4,True,0.28606975078582764,0.0070448974147439,0.28382956981658936,0.09457702934741974,0.020705224946141243,0.3077734708786011
5,Sigma70,5,Sigma70,0.7225660085678101,Sigma24|Sigma32|Sigma70,3,True,0.10656320303678513,0.0009580986807122827,0.12196080386638641,0.040212780237197876,0.007739059627056122,0.7225660085678101
5,Sigma70,5,Sigma70,0.5059272050857544,Sigma24|Sigma32|Sigma70,3,True,0.22187583148479462,0.015207561664283276,0.19723810255527496,0.048334624618291855,0.011416703462600708,0.5059272050857544
5,Sigma70,5,Sigma70,0.4016034007072449,Sigma24|Sigma32|Sigma70,3,True,0.3320697844028473,0.026506153866648674,0.1756090521812439,0.03341680020093918,0.030794819816946983,0.4016034007072449
5,Sigma70,5,Sigma70,0.4585314989089966,Sigma24|Sigma32|Sigma38|Sigma70,4,True,0.27191850543022156,0.010571999475359917,0.08088365942239761,0.155155211687088,0.02293921634554863,0.4585314989089966
5,Sigma70,2,Sigma32,0.2821948528289795,Sigma24|Sigma32|Sigma38|Sigma70,4,True,0.25180190801620483,0.02366691082715988,0.2821948528289795,0.16547034680843353,0.050507791340351105,0.22635814547538757
5,Sigma70,4,Sigma54,0.34638118743896484,Sigma24|Sigma32|Sigma38|Sigma54|Sigma70,5,True,0.13008666038513184,0.033059246838092804,0.32405853271484375,0.06177550181746483,0.34638118743896484,0.10463874042034149
5,Sigma70,5,Sigma70,0.3686460256576538,Sigma24|Sigma32|Sigma38|Sigma70,4,True,0.13374684751033783,0.0056425645016133785,0.22713737189769745,0.2477148175239563,0.017112450674176216,0.3686460256576538
