true_label,true_label_name,predicted_label,predicted_label_name,confidence,prediction_set,set_size,covered,proba_Sigma24,proba_Sigma28,proba_Sigma32,proba_Sigma38,proba_Sigma54,proba_Sigma70
0,Sigma24,3,Sigma38,0.3282639682292938,Sigma24|Sigma28|Sigma38|Sigma70,4,True,0.14055682718753815,0.16670182347297668,0.0741930678486824,0.3282639682292938,0.015826812013983727,0.27445748448371887
0,Sigma24,5,Sigma70,0.3357393741607666,Sigma24|Sigma28|Sigma38|Sigma70,4,True,0.23674757778644562,0.14232994616031647,0.0605647899210453,0.21996454894542694,0.004653748590499163,0.3357393741607666
0,Sigma24,3,Sigma38,0.2411831021308899,Sigma24|Sigma28|Sigma32|Sigma38|Sigma70,5,True,0.16283544898033142,0.15981347858905792,0.18844392895698547,0.2411831021308899,0.05975767970085144,0.18796630203723907
0,Sigma24,5,Sigma70,0.34282392263412476,Sigma32|Sigma38|Sigma70,3,False,0.1017882227897644,0.0013371313689276576,0.13707035779953003,0.33473703265190125,0.08224331587553024,0.34282392263412476
0,Sigma24,5,Sigma70,0.3471958339214325,Sigma24|Sigma32|Sigma38|Sigma70,4,True,0.22579002380371094,0.07090778648853302,0.1639840453863144,0.11909942328929901,0.07302288711071014,0.3471958339214325
0,Sigma24,5,Sigma70,0.4503009021282196,Sigma24|Sigma38|Sigma70,3,True,0.18801775574684143,0.016613906249403954,0.06370679289102554,0.26220008730888367,0.01916053146123886,0.4503009021282196
0,Sigma24,5,Sigma70,0.4246002435684204,Sigma24|Sigma32|Sigma38|Sigma54|Sigma70,5,True,0.18035396933555603,0.012464351020753384,0.12334325164556503,0.13284213840961456,0.1263960897922516,0.4246002435684204
0,Sigma24,5,Sigma70,0.31986644864082336,Sigma24|Sigma28|Sigma32|Sigma38|Sigma70,5,True,0.2071036994457245,0.11535628139972687,0.12806811928749084,0.16871720552444458,0.06088825315237045,0.31986644864082336
0,Sigma24,3,Sigma38,0.32467639446258545,Sigma24|Sigma32|Sigma38|Sigma70,4,True,0.1669234335422516,0.04109061509370804,0.14192356169223785,0.32467639446258545,0.014983476139605045,0.310402512550354
0,Sigma24,5,Sigma70,0.4577764570713043,Sigma24|Sigma32|Sigma38|Sigma70,4,True,0.19537077844142914,0.0050880033522844315,0.10846801847219467,0.15531155467033386,0.07798518240451813,0.4577764570713043
0,Sigma24,5,Sigma70,0.30089208483695984,Sigma24|Sigma32|Sigma38|Sigma70,4,True,0.165266215801239,0.007748176343739033,0.2092917263507843,0.241765096783638,0.07503664493560791,0.30089208483695984
0,Sigma24,4,Sigma54,0.34954196214675903,Sigma24|Sigma32|Sigma54|Sigma70,4,True,0.13010282814502716,0.002786368830129504,0.12499190121889114,0.10178185254335403,0.34954196214675903,0.29079508781433105
0,Sigma24,5,Sigma70,0.5460194945335388,Sigma24|Sigma38|Sigma70,3,True,0.17870905995368958,0.004028011579066515,0.061127521097660065,0.16442203521728516,0.04569389671087265,0.5460194945335388
0,Sigma24,5,Sigma70,0.41287127137184143,Sigma24|Sigma32|Sigma38|Sigma54|Sigma70,5,True,0.13638707995414734,0.004067502450197935,0.14438490569591522,0.19419527053833008,0.10809401422739029,0.41287127137184143
0,Sigma24,5,Sigma70,0.28372055292129517,Sigma24|Sigma32|Sigma38|Sigma54|Sigma70,5,True,0.1790957748889923,0.04221141338348389,0.22193926572799683,0.1495378166437149,0.12349516153335571,0.28372055292129517
0,Sigma24,5,Sigma70,0.34317606687545776,Sigma24|Sigma32|Sigma38|Sigma70,4,True,0.19616548717021942,0.032955631613731384,0.12761324644088745,0.275885671377182,0.024203918874263763,0.34317606687545776
0,Sigma24,4,Sigma54,0.3677476942539215,Sigma24|Sigma32|Sigma54|Sigma70,4,True,0.12027502804994583,0.01429437194019556,0.22020962834358215,0.09866337478160858,0.3677476942539215,0.17880994081497192
0,Sigma24,5,Sigma70,0.25930342078208923,Sigma24|Sigma32|Sigma38|Sigma54|Sigma70,5,True,0.1982772946357727,0.030198026448488235,0.14753486216068268,0.13551272451877594,0.22917364537715912,0.25930342078208923
0,Sigma24,5,Sigma70,0.28734201192855835,Sigma24|Sigma32|Sigma38|Sigma54|Sigma70,5,True,0.1708080768585205,0.00919273030012846,0.15066763758659363,0.23787513375282288,0.14411437511444092,0.28734201192855835
0,Sigma24,2,Sigma32,0.26559433341026306,Sigma24|Sigma32|Sigma38|Sigma54|Sigma70,5,True,0.1487593948841095,0.05293544381856918,0.26559433341026306,0.16534435749053955,0.1414274126291275,0.225939080119133
0,Sigma24,5,Sigma70,0.4952300190925598,Sigma24|Sigma38|Sigma70,3,True,0.17621779441833496,0.006526458542793989,0.08520263433456421,0.21145948767662048,0.025363530963659286,0.4952300190925598
0,Sigma24,3,Sigma38,0.24514098465442657,Sigma24|Sigma32|Sigma38|Sigma70,4,True,0.17385731637477875,0.09547115117311478,0.2175285667181015,0.24514098465442657,0.06481847912073135,0.20318345725536346
0,Sigma24,3,Sigma38,0.3812756836414337,Sigma24|Sigma28|Sigma32|Sigma38|Sigma70,5,True,0.13867202401161194,0.12179490178823471,0.11457992345094681,0.3812756836414337,0.010182998143136501,0.23349447548389435
0,Sigma24,5,Sigma70,0.3986864387989044,Sigma24|Sigma38|Sigma70,3,True,0.2201758772134781,0.09088721126317978,0.07675168663263321,0.20368655025959015,0.0098123112693429,0.3986864387989044
0,Sigma24,3,Sigma38,0.29911288619041443,Sigma24|Sigma32|Sigma38|Sigma70,4,True,0.14477188885211945,0.06943010538816452,0.24278347194194794,0.29911288619041443,0.049612320959568024,0.19428925216197968
0,Sigma24,5,Sigma70,0.2747059762477875,Sigma24|Sigma32|Sigma38|Sigma70,4,True,0.21388307213783264,0.06585045903921127,0.1817748099565506,0.20291854441165924,0.06086711585521698,0.2747059762477875
0,Sigma24,3,Sigma38,0.2705519199371338,Sigma24|Sigma28|Sigma32|Sigma38|Sigma70,5,True,0.15865126252174377,0.19489054381847382,0.1305905133485794,0.2705519199371338,0.03920974209904671,0.2061060220003128
0,Sigma24,5,Sigma70,0.24383236467838287,Sigma24|Sigma28|Sigma32|Sigma38|Sigma70,5,True,0.23783047497272491,0.14658455550670624,0.142510786652565,0.1913459599018097,0.03789582848548889,0.24383236467838287
0,Sigma24,5,Sigma70,0.2964191436767578,Sigma24|Sigma28|Sigma38|Sigma70,4,True,0.2540760934352875,0.15398791432380676,0.0954858735203743,0.11949696391820908,0.08053407818078995,0.2964191436767578
0,Sigma24,5,Sigma70,0.46689775586128235,Sigma24|Sigma38|Sigma70,3,True,0.17590785026550293,0.05638974532485008,0.06099921837449074,0.23336192965507507,0.006443526595830917,0.46689775586128235
0,Sigma24,2,Sigma32,0.29577261209487915,Sigma24|Sigma28|Sigma32|Sigma54,4,True,0.14980177581310272,0.15954524278640747,0.29577261209487915,0.06545289605855942,0.2585342228412628,0.07089326530694962
0,Sigma24,5,Sigma70,0.3097067177295685,Sigma24|Sigma28|Sigma32|Sigma38|Sigma70,5,True,0.21611088514328003,0.15199214220046997,0.1255633682012558,0.17327852547168732,0.023348333314061165,0.3097067177295685
0,Sigma24,1,Sigma28,0.42475810647010803,Sigma24|Sigma28|Sigma32|Sigma70,4,True,0.1738189160823822,0.42475810647010803,0.16661575436592102,0.08807375282049179,0.023638123646378517,0.12309543788433075
0,Sigma24,1,Sigma28,0.5832494497299194,Sigma24|Sigma28|Sigma32,3,True,0.10841277986764908,0.5832494497299194,0.13660424947738647,0.10674791783094406,0.01665436662733555,0.048331212252378464
0,Sigma24,2,Sigma32,0.245965838432312,Sigma24|Sigma32|Sigma38|Sigma54|Sigma70,5,True,0.162406325340271,0.098143570125103,0.245965838432312,0.18730758130550385,0.1920802891254425,0.11409634351730347
0,Sigma24,5,Sigma70,0.40955331921577454,Sigma24|Sigma38|Sigma70,3,True,0.15540051460266113,0.007573182228952646,0.10493545234203339,0.2729281485080719,0.04960939660668373,0.40955331921577454
0,Sigma24,5,Sigma70,0.35613715648651123,Sigma24|Sigma32|Sigma38|Sigma70,4,True,0.21542726457118988,0.03175096958875656,0.17125214636325836,0.17537517845630646,0.05005725845694542,0.35613715648651123
0,Sigma24,5,Sigma70,0.40786677598953247,Sigma24|Sigma38|Sigma70,3,True,0.2346164733171463,0.04432179406285286,0.10658016800880432,0.17806477844715118,0.0285500418394804,0.40786677598953247
0,Sigma24,5,Sigma70,0.452687531709671,Sigma24|Sigma38|Sigma70,3,True,0.2191576212644577,0.01571687124669552,0.10303537547588348,0.171598419547081,0.03780410438776016,0.452687531709671
0,Sigma24,5,Sigma70,0.4247126877307892,Sigma24|Sigma38|Sigma70,3,True,0.1693331003189087,0.015042545273900032,0.10641369223594666,0.2613525390625,0.023145465180277824,0.4247126877307892
0,Sigma24,5,Sigma70,0.4055928587913513,Sigma24|Sigma38|Sigma70,3,True,0.21569371223449707,0.09142373502254486,0.049757618457078934,0.22898679971694946,0.008545193821191788,0.4055928587913513
0,Sigma24,4,Sigma54,0.5087456107139587,Sigma32|Sigma54|Sigma70,3,False,0.08306079357862473,0.0011130616767331958,0.13867686688899994,0.07732804864645004,0.5087456107139587,0.19107556343078613
0,Sigma24,5,Sigma70,0.6190239787101746,Sigma24|Sigma38|Sigma70,3,True,0.1477399319410324,0.0014134757220745087,0.060026947408914566,0.14890186488628387,0.022893859073519707,0.6190239787101746
0,Sigma24,2,Sigma32,0.26043930649757385,Sigma24|Sigma32|Sigma38|Sigma54|Sigma70,5,True,0.16466917097568512,0.08603709936141968,0.26043930649757385,0.15806995332241058,0.17330880463123322,0.15747569501399994
0,Sigma24,5,Sigma70,0.3280658721923828,Sigma24|Sigma32|Sigma38|Sigma70,4,True,0.2343943864107132,0.07435644418001175,0.15837779641151428,0.14018066227436066,0.06462489068508148,0.3280658721923828
0,Sigma24,5,Sigma70,0.32837599515914917,Sigma24|Sigma32|Sigma38|Sigma70,4,True,0.15099747478961945,0.0116340983659029,0.1714273989200592,0.25860631465911865,0.0789586752653122,0.32837599515914917
0,Sigma24,5,Sigma70,0.23935948312282562,Sigma24|Sigma28|Sigma38|Sigma70,4,True,0.22902442514896393,0.18100029230117798,0.10261348634958267,0.23424695432186127,0.013755306601524353,0.23935948312282562
0,Sigma24,0,Sigma24,0.22014355659484863,Sigma24|Sigma28|Sigma32|Sigma38|Sigma70,5,True,0.22014355659484863,0.2105044275522232,0.1456022709608078,0.21010640263557434,0.012573786079883575,0.20106956362724304
0,Sigma24,3,Sigma38,0.29052162170410156,Sigma24|Sigma28|Sigma32|Sigma38|Sigma70,5,True,0.17336474359035492,0.20204675197601318,0.11743582040071487,0.29052162170410156,0.0141593674197793,0.20247168838977814
0,Sigma24,5,Sigma70,0.3099019527435303,Sigma24|Sigma28|Sigma32|Sigma38|Sigma70,5,True,0.20073272287845612,0.19881278276443481,0.10749979317188263,0.17015309631824493,0.012899639084935188,0.3099019527435303
0,Sigma24,5,Sigma70,0.34967294335365295,Sigma24|Sigma32|Sigma38|Sigma70,4,True,0.1415412575006485,0.02171674370765686,0.1673346310853958,0.2988227605819702,0.020911673083901405,0.34967294335365295
0,Sigma24,3,Sigma38,0.3576816916465759,Sigma24|Sigma32|Sigma38|Sigma70,4,True,0.1398257166147232,0.04728242754936218,0.16208937764167786,0.3576816916465759,0.01754866912961006,0.2755720317363739
0,Sigma24,3,Sigma38,0.23236167430877686,Sigma24|Sigma28|Sigma32|Sigma38|Sigma70,5,True,0.18249650299549103,0.2257738709449768,0.13943888247013092,0.23236167430877686,0.007508810143917799,0.2124202996492386
0,Sigma24,5,Sigma70,0.3481413424015045,Sigma24|Sigma28|Sigma38|Sigma70,4,True,0.25560256838798523,0.11510749161243439,0.07464616745710373,0.18797528743743896,0.018527083098888397,0.3481413424015045
0,Sigma24,1,Sigma28,0.2880890965461731,Sigma24|Sigma28|Sigma32|Sigma38|Sigma70,5,True,0.2324516773223877,0.2880890965461731,0.11862976104021072,0.13555701076984406,0.03815381973981857,0.18711864948272705
0,Sigma24,3,Sigma38,0.38088831305503845,Sigma24|Sigma32|Sigma38|Sigma70,4,True,0.14728672802448273,0.08972834795713425,0.12918420135974884,0.38088831305503845,0.009389633312821388,0.24352282285690308
0,Sigma24,5,Sigma70,0.2523512542247772,Sigma24|Sigma28|Sigma32|Sigma38|Sigma70,5,True,0.23747143149375916,0.18922479450702667,0.10780936479568481,0.17657853662967682,0.03656456992030144,0.2523512542247772
0,Sigma24,5,Sigma70,0.4184349775314331,Sigma24|Sigma32|Sigma38|Sigma70,4,True,0.21490426361560822,0.04193780943751335,0.11969812214374542,0.1809971183538437,0.02402770146727562,0.4184349775314331
0,Sigma24,5,Sigma70,0.48835375905036926,Sigma24|Sigma38|Sigma70,3,True,0.18886956572532654,0.0395500548183918,0.03859930485486984,0.24297621846199036,0.001651056227274239,0.48835375905036926
0,Sigma24,5,Sigma70,0.37092453241348267,Sigma24|Sigma32|Sigma38|Sigma54|Sigma70,5,True,0.11198823153972626,0.0011683996999636292,0.16352710127830505,0.1682223081588745,0.1841694861650467,0.37092453241348267
0,Sigma24,3,Sigma38,0.31543129682540894,Sigma24|Sigma32|Sigma38|Sigma70,4,True,0.15959644317626953,0.09485945105552673,0.13155046105384827,0.31543129682540894,0.023044180124998093,0.27551814913749695
0,Sigma24,4,Sigma54,0.48464322090148926,Sigma24|Sigma32|Sigma54|Sigma70,4,True,0.11485855281352997,0.010405524633824825,0.15434923768043518,0.06257444620132446,0.48464322090148926,0.1731690764427185
0,Sigma24,3,Sigma38,0.5211451053619385,Sigma38|Sigma70,2,False,0.09738200902938843,0.022426079958677292,0.0520850345492363,0.5211451053619385,0.0012012565275654197,0.30576053261756897
0,Sigma24,5,Sigma70,0.2765634059906006,Sigma24|Sigma28|Sigma32|Sigma38|Sigma70,5,True,0.174784854054451,0.1394311934709549,0.14697590470314026,0.24922418594360352,0.013020471669733524,0.2765634059906006
0,Sigma24,5,Sigma70,0.29472556710243225,Sigma24|Sigma28|Sigma38|Sigma70,4,True,0.2509063184261322,0.18440644443035126,0.0994657501578331,0.16254770755767822,0.007948260754346848,0.29472556710243225
0,Sigma24,1,Sigma28,0.5858338475227356,Sigma24|Sigma28,2,True,0.13369238376617432,0.5858338475227356,0.09333626180887222,0.08775868266820908,0.020866230130195618,0.07851267606019974
0,Sigma24,5,Sigma70,0.29847079515457153,Sigma24|Sigma28|Sigma38|Sigma70,4,True,0.20954711735248566,0.18650105595588684,0.06974325329065323,0.21947868168354034,0.016259068623185158,0.29847079515457153
0,Sigma24,5,Sigma70,0.4437457025051117,Sigma24|Sigma38|Sigma70,3,True,0.24153894186019897,0.03918679431080818,0.060091134160757065,0.20804110169410706,0.007396367844194174,0.4437457025051117
0,Sigma24,5,Sigma70,0.2902756333351135,Sigma24|Sigma32|Sigma54|Sigma70,4,True,0.2648260295391083,0.05427105352282524,0.15111170709133148,0.07980901002883911,0.15970663726329803,0.2902756333351135
0,Sigma24,1,Sigma28,0.5883527994155884,Sigma28|Sigma32,2,False,0.09508298337459564,0.5883527994155884,0.12024208903312683,0.09446791559457779,0.009451763704419136,0.09240252524614334
0,Sigma24,5,Sigma70,0.3090636432170868,Sigma24|Sigma32|Sigma38|Sigma70,4,True,0.20510803163051605,0.06427443772554398,0.17808376252651215,0.15445086359977722,0.08901925384998322,0.3090636432170868
0,Sigma24,1,Sigma28,0.6268168091773987,Sigma24|Sigma28,2,True,0.12057708948850632,0.6268168091773987,0.10511741787195206,0.06168618053197861,0.012951902113854885,0.07285052537918091
0,Sigma24,5,Sigma70,0.21344411373138428,Sigma24|Sigma28|Sigma32|Sigma38|Sigma70,5,True,0.20709064602851868,0.1901928335428238,0.1552807241678238,0.21023985743522644,0.023751836270093918,0.21344411373138428
0,Sigma24,5,Sigma70,0.40474745631217957,Sigma24|Sigma32|Sigma38|Sigma70,4,True,0.1874774992465973,0.026652639731764793,0.11540663242340088,0.22108153998851776,0.04463415592908859,0.40474745631217957
0,Sigma24,3,Sigma38,0.3224479854106903,Sigma24|Sigma28|Sigma32|Sigma38|Sigma70,5,True,0.14448313415050507,0.17052771151065826,0.11780597269535065,0.3224479854106903,0.006835819687694311,0.23789939284324646
0,Sigma24,4,Sigma54,0.32872262597084045,Sigma24|Sigma32|Sigma38|Sigma54|Sigma70,5,True,0.141477569937706,0.047724902629852295,0.1995343565940857,0.15395262837409973,0.32872262597084045,0.1285880208015442
0,Sigma24,1,Sigma28,0.4165758490562439,Sigma24|Sigma28|Sigma32|Sigma70,4,True,0.2268589437007904,0.4165758490562439,0.12629587948322296,0.07691192626953125,0.022907990962266922,0.13044928014278412
0,Sigma24,2,Sigma32,0.2558974027633667,Sigma24|Sigma32|Sigma38|Sigma54|Sigma70,5,True,0.1109270453453064,0.011724330484867096,0.2558974027633667,0.1852681040763855,0.24823905527591705,0.18794405460357666
0,Sigma24,5,Sigma70,0.29588890075683594,Sigma24|Sigma28|Sigma32|Sigma38|Sigma70,5,True,0.19332215189933777,0.15694528818130493,0.14603669941425323,0.18887633085250854,0.018930699676275253,0.29588890075683594
0,Sigma24,5,Sigma70,0.42372554540634155,Sigma24|Sigma38|Sigma70,3,True,0.17477625608444214,0.007708204910159111,0.1048363447189331,0.2107967734336853,0.07815692573785782,0.42372554540634155
0,Sigma24,5,Sigma70,0.31509798765182495,Sigma24|Sigma38|Sigma70,3,True,0.18804222345352173,0.06367625296115875,0.10336019843816757,0.30101385712623596,0.028809471055865288,0.31509798765182495
0,Sigma24,5,Sigma70,0.36029332876205444,Sigma24|Sigma38|Sigma70,3,True,0.1836792230606079,0.048222966492176056,0.09041720628738403,0.29277312755584717,0.024614160880446434,0.36029332876205444
0,Sigma24,5,Sigma70,0.4136870205402374,Sigma24|Sigma38|Sigma70,3,True,0.1530180722475052,0.011609653942286968,0.06419498473405838,0.34879928827285767,0.008690973743796349,0.4136870205402374
0,Sigma24,1,Sigma28,0.6293074488639832,Sigma24|Sigma28,2,True,0.13871346414089203,0.6293074488639832,0.06726818531751633,0.05590406805276871,0.02029951475560665,0.08850734680891037
0,Sigma24,5,Sigma70,0.40201735496520996,Sigma24|Sigma32|Sigma38|Sigma70,4,True,0.15329265594482422,0.004434505943208933,0.1386081576347351,0.2563738226890564,0.04527348279953003,0.40201735496520996
0,Sigma24,5,Sigma70,0.42361366748809814,Sigma24|Sigma38|Sigma70,3,True,0.19557887315750122,0.07632489502429962,0.06530985981225967,0.22749434411525726,0.011678341776132584,0.42361366748809814
0,Sigma24,5,Sigma70,0.5509500503540039,Sigma24|Sigma38|Sigma70,3,True,0.15991193056106567,0.003955429885536432,0.09696225821971893,0.13003107905387878,0.05818929895758629,0.5509500503540039
0,Sigma24,1,Sigma28,0.33254626393318176,Sigma24|Sigma28|Sigma32|Sigma38,4,True,0.15210077166557312,0.33254626393318176,0.1954571008682251,0.17148466408252716,0.046976614743471146,0.10143452882766724
0,Sigma24,3,Sigma38,0.29152369499206543,Sigma24|Sigma32|Sigma38|Sigma70,4,True,0.16207203269004822,0.07807270437479019,0.15007580816745758,0.29152369499206543,0.05390866845846176,0.264347106218338
0,Sigma24,3,Sigma38,0.29193055629730225,Sigma24|Sigma32|Sigma38|Sigma70,4,True,0.132240429520607,0.028681425377726555,0.2623625099658966,0.29193055629730225,0.08858279138803482,0.1962023377418518
0,Sigma24,3,Sigma38,0.26194244623184204,Sigma24|Sigma28|Sigma32|Sigma38|Sigma70,5,True,0.20480066537857056,0.12061196565628052,0.18140007555484772,0.26194244623184204,0.03603128343820572,0.19521363079547882
0,Sigma24,5,Sigma70,0.27574312686920166,Sigma24|Sigma28|Sigma32|Sigma38|Sigma70,5,True,0.23590190708637238,0.1159561350941658,0.1589292585849762,0.1871454268693924,0.026324141770601273,0.27574312686920166
0,Sigma24,2,Sigma32,0.25349435210227966,Sigma24|Sigma32|Sigma38|Sigma70,4,True,0.21356169879436493,0.06415855139493942,0.25349435210227966,0.19089007377624512,0.07340184599161148,0.2044934779405594
0,Sigma24,5,Sigma70,0.324497252702713,Sigma24|Sigma32|Sigma38|Sigma70,4,True,0.17665132880210876,0.04127674549818039,0.13980115950107574,0.30923837423324585,0.008535130880773067,0.324497252702713
0,Sigma24,1,Sigma28,0.5490257740020752,Sigma28|Sigma38|Sigma70,3,False,0.10406342148780823,0.5490257740020752,0.06670475751161575,0.15858139097690582,0.0031296436209231615,0.11849502474069595
0,Sigma24,3,Sigma38,0.38773465156555176,Sigma24|Sigma32|Sigma38|Sigma70,4,True,0.11422042548656464,0.009183912537992,0.15111801028251648,0.38773465156555176,0.013339785858988762,0.32440322637557983
0,Sigma24,3,Sigma38,0.2863124907016754,Sigma24|Sigma28|Sigma32|Sigma38|Sigma70,5,True,0.13909076154232025,0.19608953595161438,0.152158722281456,0.2863124907016754,0.010729816742241383,0.21561866998672485
0,Sigma24,5,Sigma70,0.380845844745636,Sigma24|Sigma32|Sigma38|Sigma70,4,True,0.1538291871547699,0.019805533811450005,0.12644422054290771,0.2904481291770935,0.028627045452594757,0.380845844745636
1,Sigma28,1,Sigma28,0.37141984701156616,Sigma24|Sigma28|Sigma38|Sigma70,4,True,0.14363625645637512,0.37141984701156616,0.07599280029535294,0.20578843355178833,0.00475325295701623,0.19840940833091736
1,Sigma28,1,Sigma28,0.7529790997505188,Sigma28,1,True,0.0632847398519516,0.7529790997505188,0.03165721893310547,0.09356465190649033,0.0005166819901205599,0.057997751981019974
1,Sigma28,5,Sigma70,0.4491371810436249,Sigma24|Sigma38|Sigma70,3,False,0.18810604512691498,0.02719988115131855,0.07942811399698257,0.22981221973896027,0.026316508650779724,0.4491371810436249
1,Sigma28,1,Sigma28,0.4800069332122803,Sigma24|Sigma28|Sigma70,3,True,0.17730861902236938,0.4800069332122803,0.07134535163640976,0.09690671414136887,0.02458268031477928,0.1498497575521469
1,Sigma28,1,Sigma28,0.4285513460636139,Sigma24|Sigma28|Sigma38|Sigma70,4,True,0.12975670397281647,0.4285513460636139,0.059172123670578,0.23257264494895935,0.002569724339991808,0.14737744629383087
1,Sigma28,3,Sigma38,0.2893590033054352,Sigma24|Sigma32|Sigma38|Sigma70,4,False,0.15781567990779877,0.04361903667449951,0.17808039486408234,0.2893590033054352,0.05478504300117493,0.27634087204933167
1,Sigma28,1,Sigma28,0.4625464379787445,Sigma24|Sigma28|Sigma32,3,True,0.12551863491535187,0.4625464379787445,0.1536412537097931,0.08773308992385864,0.07793638855218887,0.09262415766716003
1,Sigma28,5,Sigma70,0.26291418075561523,Sigma24|Sigma32|Sigma38|Sigma70,4,False,0.16987629234790802,0.06977822631597519,0.17966237664222717,0.26056310534477234,0.057205792516469955,0.26291418075561523
1,Sigma28,1,Sigma28,0.46780937910079956,Sigma24|Sigma28|Sigma38|Sigma70,4,True,0.16567282378673553,0.46780937910079956,0.06987942010164261,0.1273791491985321,0.0052314200438559055,0.16402791440486908
1,Sigma28,5,Sigma70,0.2694500684738159,Sigma24|Sigma32|Sigma38|Sigma54|Sigma70,5,False,0.14732417464256287,0.015836477279663086,0.15660493075847626,0.15913647413253784,0.25164783000946045,0.2694500684738159
1,Sigma28,5,Sigma70,0.27777817845344543,Sigma32|Sigma38|Sigma54|Sigma70,4,False,0.07827071845531464,0.0017588823102414608,0.19084042310714722,0.2762666940689087,0.17508505284786224,0.27777817845344543
1,Sigma28,1,Sigma28,0.39357686042785645,Sigma24|Sigma28|Sigma32,3,True,0.16292403638362885,0.39357686042785645,0.17575782537460327,0.07775776833295822,0.08827494829893112,0.10170857608318329
1,Sigma28,1,Sigma28,0.7859882116317749,Sigma28,1,True,0.08431839197874069,0.7859882116317749,0.058756448328495026,0.026990627869963646,0.013886076398193836,0.03006020374596119
1,Sigma28,1,Sigma28,0.4453140199184418,Sigma24|Sigma28|Sigma32|Sigma70,4,True,0.17297899723052979,0.4453140199184418,0.107268787920475,0.09573601186275482,0.03329071030020714,0.14541146159172058
1,Sigma28,1,Sigma28,0.28564926981925964,Sigma24|Sigma28|Sigma32|Sigma70,4,True,0.21135887503623962,0.28564926981925964,0.13443835079669952,0.08762143552303314,0.10341734439134598,0.17751473188400269
1,Sigma28,1,Sigma28,0.3753923177719116,Sigma24|Sigma28|Sigma32|Sigma38|Sigma70,5,True,0.1699533760547638,0.3753923177719116,0.183195561170578,0.12296801805496216,0.029452089220285416,0.11903858929872513
1,Sigma28,5,Sigma70,0.5051769018173218,Sigma24|Sigma38|Sigma70,3,False,0.19391368329524994,0.04070650041103363,0.05871076136827469,0.1952255517244339,0.006266626995056868,0.5051769018173218
1,Sigma28,5,Sigma70,0.3630357086658478,Sigma24|Sigma38|Sigma70,3,False,0.17333287000656128,0.07912760227918625,0.053968921303749084,0.3274707496166229,0.003064158372581005,0.3630357086658478
1,Sigma28,2,Sigma32,0.2525309920310974,Sigma24|Sigma28|Sigma32|Sigma38|Sigma70,5,True,0.17755652964115143,0.22845272719860077,0.2525309920310974,0.1292043924331665,0.09830814599990845,0.11394724994897842
1,Sigma28,3,Sigma38,0.2610071301460266,Sigma24|Sigma32|Sigma38|Sigma70,4,False,0.17718268930912018,0.07993786036968231,0.18062499165534973,0.2610071301460266,0.0512755885720253,0.24997173249721527
1,Sigma28,1,Sigma28,0.772667646408081,Sigma28,1,True,0.07074952125549316,0.772667646408081,0.03867044672369957,0.06606025993824005,0.002023120177909732,0.04982900619506836
1,Sigma28,2,Sigma32,0.3287746012210846,Sigma24|Sigma28|Sigma32|Sigma38,4,True,0.11532503366470337,0.1687927097082138,0.3287746012210846,0.23905962705612183,0.05825210362672806,0.08979601413011551
1,Sigma28,1,Sigma28,0.5373724102973938,Sigma28|Sigma32|Sigma38,3,True,0.10379599779844284,0.5373724102973938,0.11173830926418304,0.1374739706516266,0.01095400471240282,0.0986652597784996
1,Sigma28,1,Sigma28,0.36114537715911865,Sigma24|Sigma28|Sigma38|Sigma70,4,True,0.15060833096504211,0.36114537715911865,0.045355405658483505,0.20380105078220367,0.0034446518402546644,0.23564521968364716
1,Sigma28,1,Sigma28,0.7601582407951355,Sigma28,1,True,0.09541938453912735,0.7601582407951355,0.026961157098412514,0.04442017897963524,0.003070083912461996,0.06997095048427582
1,Sigma28,3,Sigma38,0.2415158897638321,Sigma24|Sigma28|Sigma32|Sigma38|Sigma70,5,True,0.17267462611198425,0.12223678827285767,0.23455630242824554,0.2415158897638321,0.034407153725624084,0.19460934400558472
1,Sigma28,1,Sigma28,0.5413751602172852,Sigma24|Sigma28|Sigma32|Sigma70,4,True,0.1704525500535965,0.5413751602172852,0.11225992441177368,0.04966314882040024,0.01885998621582985,0.10738924890756607
1,Sigma28,1,Sigma28,0.800736129283905,Sigma28,1,True,0.08035273104906082,0.800736129283905,0.033774469047784805,0.031540803611278534,0.004524016287177801,0.04907193407416344
2,Sigma32,5,Sigma70,0.24732236564159393,Sigma24|Sigma28|Sigma32|Sigma38|Sigma70,5,True,0.232785165309906,0.12874971330165863,0.17675243318080902,0.14594337344169617,0.06844694912433624,0.24732236564159393
2,Sigma32,3,Sigma38,0.48429521918296814,Sigma32|Sigma38|Sigma70,3,True,0.10028470307588577,0.02921132743358612,0.11340160667896271,0.48429521918296814,0.009926957078278065,0.2628801763057709
2,Sigma32,5,Sigma70,0.3153698742389679,Sigma24|Sigma32|Sigma38|Sigma54|Sigma70,5,True,0.14639705419540405,0.007826334796845913,0.22194555401802063,0.18685393035411835,0.121607206761837,0.3153698742389679
2,Sigma32,3,Sigma38,0.32825130224227905,Sigma24|Sigma32|Sigma38|Sigma70,4,True,0.11744458973407745,0.01469458919018507,0.16764535009860992,0.32825130224227905,0.05802392587065697,0.3139401972293854
2,Sigma32,3,Sigma38,0.3316196799278259,Sigma32|Sigma38|Sigma54|Sigma70,4,True,0.09538333117961884,0.005970588885247707,0.21835210919380188,0.3316196799278259,0.11137609928846359,0.23729807138442993
2,Sigma32,3,Sigma38,0.27739620208740234,Sigma24|Sigma32|Sigma38|Sigma70,4,True,0.12446444481611252,0.012134205549955368,0.26933085918426514,0.27739620208740234,0.09859690815210342,0.2180774062871933
2,Sigma32,2,Sigma32,0.2416299730539322,Sigma24|Sigma32|Sigma38|Sigma54|Sigma70,5,True,0.19264964759349823,0.10691791772842407,0.2416299730539322,0.16462986171245575,0.11283620446920395,0.18133637309074402
2,Sigma32,2,Sigma32,0.25727683305740356,Sigma24|Sigma32|Sigma38|Sigma70,4,True,0.18822161853313446,0.07468309998512268,0.25727683305740356,0.16018933057785034,0.08791176229715347,0.2317172884941101
2,Sigma32,3,Sigma38,0.3890005648136139,Sigma24|Sigma38|Sigma70,3,False,0.15614104270935059,0.0760696679353714,0.10665543377399445,0.3890005648136139,0.00953511893749237,0.2625981867313385
2,Sigma32,5,Sigma70,0.36986619234085083,Sigma24|Sigma32|Sigma38|Sigma70,4,True,0.21834152936935425,0.041376546025276184,0.1286633461713791,0.14439664781093597,0.09735573083162308,0.36986619234085083
2,Sigma32,1,Sigma28,0.46031898260116577,Sigma24|Sigma28|Sigma32,3,True,0.11290819942951202,0.46031898260116577,0.18616138398647308,0.09905216842889786,0.06469517201185226,0.07686405628919601
2,Sigma32,2,Sigma32,0.253004789352417,Sigma24|Sigma32|Sigma38|Sigma54|Sigma70,5,True,0.15361082553863525,0.08004283159971237,0.253004789352417,0.14771807193756104,0.19602800905704498,0.16959542036056519
2,Sigma32,3,Sigma38,0.3333742916584015,Sigma24|Sigma32|Sigma38|Sigma70,4,True,0.12603570520877838,0.0477653406560421,0.19652698934078217,0.3333742916584015,0.07117143273353577,0.2251262217760086
2,Sigma32,5,Sigma70,0.2736949622631073,Sigma24|Sigma28|Sigma32|Sigma38|Sigma70,5,True,0.17388397455215454,0.16996465623378754,0.11264526098966599,0.25726157426834106,0.012549635022878647,0.2736949622631073
2,Sigma32,1,Sigma28,0.5450315475463867,Sigma24|Sigma28|Sigma32|Sigma70,4,True,0.10794981569051743,0.5450315475463867,0.12562879920005798,0.09135796129703522,0.019447648897767067,0.11058419942855835
2,Sigma32,1,Sigma28,0.24236717820167542,Sigma24|Sigma28|Sigma32|Sigma38|Sigma70,5,True,0.15692470967769623,0.24236717820167542,0.20918038487434387,0.20606087148189545,0.014494680799543858,0.17097221314907074
2,Sigma32,4,Sigma54,0.48773080110549927,Sigma32|Sigma38|Sigma54,3,True,0.08504427224397659,0.007121994160115719,0.20063379406929016,0.11377330869436264,0.48773080110549927,0.10569588094949722
2,Sigma32,1,Sigma28,0.29756972193717957,Sigma24|Sigma28|Sigma32|Sigma38|Sigma70,5,True,0.214122474193573,0.29756972193717957,0.13863371312618256,0.1434229612350464,0.06724654138088226,0.1390046924352646
2,Sigma32,3,Sigma38,0.32009613513946533,Sigma24|Sigma32|Sigma38|Sigma70,4,True,0.16887050867080688,0.03156616911292076,0.1456153243780136,0.32009613513946533,0.03831196948885918,0.2955400049686432
2,Sigma32,2,Sigma32,0.24515162408351898,Sigma24|Sigma28|Sigma32|Sigma38|Sigma54|Sigma70,6,True,0.18841421604156494,0.17751607298851013,0.24515162408351898,0.13923637568950653,0.12799818813800812,0.1216835230588913
2,Sigma32,3,Sigma38,0.28932350873947144,Sigma24|Sigma28|Sigma32|Sigma38|Sigma70,5,True,0.14760176837444305,0.19593499600887299,0.1523815542459488,0.28932350873947144,0.010015773586928844,0.20474229753017426
2,Sigma32,1,Sigma28,0.38113248348236084,Sigma24|Sigma28|Sigma32|Sigma38|Sigma70,5,True,0.1511077880859375,0.38113248348236084,0.14235641062259674,0.15860852599143982,0.01771216094493866,0.14908260107040405
2,Sigma32,1,Sigma28,0.34369856119155884,Sigma24|Sigma28|Sigma32|Sigma38|Sigma70,5,True,0.1602231115102768,0.34369856119155884,0.19290147721767426,0.1474459171295166,0.031387969851493835,0.12434297800064087
2,Sigma32,5,Sigma70,0.2893792390823364,Sigma24|Sigma28|Sigma32|Sigma38|Sigma70,5,True,0.2208968847990036,0.15301519632339478,0.12349096685647964,0.20141471922397614,0.01180300209671259,0.2893792390823364
2,Sigma32,2,Sigma32,0.2754319906234741,Sigma24|Sigma28|Sigma32|Sigma38|Sigma54|Sigma70,6,True,0.14316502213478088,0.1417633444070816,0.2754319906234741,0.12492923438549042,0.20254425704479218,0.11216609925031662
2,Sigma32,5,Sigma70,0.29950156807899475,Sigma24|Sigma32|Sigma38|Sigma70,4,True,0.20451964437961578,0.09324686974287033,0.13045816123485565,0.24017351865768433,0.03210024908185005,0.29950156807899475
2,Sigma32,5,Sigma70,0.3944542706012726,Sigma24|Sigma38|Sigma70,3,False,0.19886791706085205,0.10589767247438431,0.05403308570384979,0.2412143498659134,0.005532785318791866,0.3944542706012726
2,Sigma32,3,Sigma38,0.46574667096138,Sigma32|Sigma38|Sigma70,3,True,0.09529798477888107,0.006776011548936367,0.11908590793609619,0.46574667096138,0.024697227403521538,0.2883962094783783
2,Sigma32,1,Sigma28,0.24715398252010345,Sigma24|Sigma28|Sigma32|Sigma38|Sigma70,5,True,0.18035903573036194,0.24715398252010345,0.1280265897512436,0.1977105736732483,0.0287341196089983,0.2180156409740448
2,Sigma32,3,Sigma38,0.3882576823234558,Sigma24|Sigma32|Sigma38|Sigma70,4,True,0.13230948150157928,0.017932644113898277,0.12642402946949005,0.3882576823234558,0.013096594251692295,0.32197949290275574
2,Sigma32,5,Sigma70,0.3381177484989166,Sigma24|Sigma32|Sigma38|Sigma70,4,True,0.21994100511074066,0.07554184645414352,0.12190663814544678,0.20395568013191223,0.04053707420825958,0.3381177484989166
2,Sigma32,3,Sigma38,0.2757646441459656,Sigma24|Sigma28|Sigma32|Sigma38|Sigma70,5,True,0.15058742463588715,0.11472087353467941,0.25070130825042725,0.2757646441459656,0.027003604918718338,0.18122215569019318
2,Sigma32,4,Sigma54,0.31298813223838806,Sigma24|Sigma32|Sigma38|Sigma54|Sigma70,5,True,0.11057386547327042,0.0038059549406170845,0.1547727733850479,0.17480026185512543,0.31298813223838806,0.2430589199066162
2,Sigma32,3,Sigma38,0.24743834137916565,Sigma24|Sigma32|Sigma38|Sigma70,4,True,0.17413771152496338,0.09774938970804214,0.19220389425754547,0.24743834137916565,0.05090756714344025,0.2375631183385849
2,Sigma32,3,Sigma38,0.32294440269470215,Sigma32|Sigma38|Sigma70,3,True,0.09369497001171112,0.03142516314983368,0.31123805046081543,0.32294440269470215,0.087667316198349,0.1530301421880722
2,Sigma32,1,Sigma28,0.3505413234233856,Sigma24|Sigma28|Sigma32|Sigma38,4,True,0.11923014372587204,0.3505413234233856,0.2244882732629776,0.18623575568199158,0.03391299024224281,0.08559156954288483
2,Sigma32,3,Sigma38,0.3462207317352295,Sigma24|Sigma32|Sigma38|Sigma70,4,True,0.12656283378601074,0.005693746730685234,0.15348128974437714,0.3462207317352295,0.09601370245218277,0.2720276713371277
2,Sigma32,1,Sigma28,0.9681071639060974,Sigma28,1,False,0.013730626553297043,0.9681071639060974,0.003157334867864847,0.008118560537695885,0.00019218069792259485,0.006694211158901453
2,Sigma32,5,Sigma70,0.41794735193252563,Sigma24|Sigma38|Sigma70,3,False,0.21691305935382843,0.08396436274051666,0.05963551253080368,0.21606135368347168,0.00547831691801548,0.41794735193252563
2,Sigma32,5,Sigma70,0.29031819105148315,Sigma24|Sigma32|Sigma38|Sigma54|Sigma70,5,True,0.19787468016147614,0.04053693264722824,0.17188924551010132,0.12116347998380661,0.17821744084358215,0.29031819105148315
2,Sigma32,2,Sigma32,0.22152931988239288,Sigma24|Sigma32|Sigma38|Sigma54|Sigma70,5,True,0.14162860810756683,0.0408187098801136,0.22152931988239288,0.21287205815315247,0.17305278778076172,0.21009860932826996
2,Sigma32,5,Sigma70,0.33968380093574524,Sigma24|Sigma32|Sigma38|Sigma70,4,True,0.18373823165893555,0.06506365537643433,0.11215721815824509,0.2786499857902527,0.02070710062980652,0.33968380093574524
2,Sigma32,2,Sigma32,0.23827970027923584,Sigma24|Sigma32|Sigma38|Sigma54|Sigma70,5,True,0.1338401734828949,0.06675693392753601,0.23827970027923584,0.2311190664768219,0.12122242897748947,0.20878168940544128
2,Sigma32,5,Sigma70,0.44476908445358276,Sigma24|Sigma38|Sigma70,3,False,0.2298119068145752,0.031217187643051147,0.10138118267059326,0.15164177119731903,0.04117882624268532,0.44476908445358276
2,Sigma32,2,Sigma32,0.3346428871154785,Sigma24|Sigma32|Sigma38|Sigma54,4,True,0.12360033392906189,0.07481781393289566,0.3346428871154785,0.11503354460000992,0.24853892624378204,0.10336650162935257
2,Sigma32,1,Sigma28,0.2608579099178314,Sigma24|Sigma28|Sigma32|Sigma38|Sigma70,5,True,0.21688708662986755,0.2608579099178314,0.15674526989459991,0.15357892215251923,0.02013562247157097,0.19179517030715942
2,Sigma32,5,Sigma70,0.2750301957130432,Sigma24|Sigma28|Sigma38|Sigma70,4,False,0.15606242418289185,0.219443678855896,0.08886738121509552,0.2549678087234497,0.0056284349411726,0.2750301957130432
2,Sigma32,4,Sigma54,0.3780122697353363,Sigma32|Sigma38|Sigma54|Sigma70,4,True,0.07845200598239899,0.003627391532063484,0.2683793604373932,0.1330513060092926,0.3780122697353363,0.13847769796848297
2,Sigma32,5,Sigma70,0.22903141379356384,Sigma24|Sigma28|Sigma32|Sigma38|Sigma70,5,True,0.1747925579547882,0.15345889329910278,0.15428082644939423,0.2149931788444519,0.07344313710927963,0.22903141379356384
2,Sigma32,3,Sigma38,0.21615484356880188,Sigma24|Sigma28|Sigma32|Sigma38|Sigma70,5,True,0.16269345581531525,0.20078080892562866,0.20581282675266266,0.21615484356880188,0.03290461376309395,0.1816534847021103
2,Sigma32,3,Sigma38,0.47067415714263916,Sigma32|Sigma38|Sigma70,3,True,0.1060551330447197,0.021875103935599327,0.19626381993293762,0.47067415714263916,0.01219199039041996,0.19293980300426483
2,Sigma32,5,Sigma70,0.2309546172618866,Sigma24|Sigma28|Sigma32|Sigma38|Sigma70,5,True,0.17982177436351776,0.12024761736392975,0.201058030128479,0.22527499496936798,0.04264287278056145,0.2309546172618866
2,Sigma32,5,Sigma70,0.29271313548088074,Sigma24|Sigma28|Sigma32|Sigma38|Sigma70,5,True,0.22851909697055817,0.10865496844053268,0.1364891678094864,0.1636117696762085,0.07001183927059174,0.29271313548088074
2,Sigma32,5,Sigma70,0.38341930508613586,Sigma24|Sigma32|Sigma38|Sigma70,4,True,0.14399753510951996,0.018473809584975243,0.15141254663467407,0.2551129162311554,0.04758385941386223,0.38341930508613586
2,Sigma32,4,Sigma54,0.4785308241844177,Sigma32|Sigma38|Sigma54|Sigma70,4,True,0.07989539951086044,0.009232903830707073,0.16432811319828033,0.11857208609580994,0.4785308241844177,0.149440735578537
2,Sigma32,5,Sigma70,0.3509789705276489,Sigma24|Sigma32|Sigma38|Sigma70,4,True,0.20205058157444,0.030516352504491806,0.15229348838329315,0.22102944552898407,0.04313109815120697,0.3509789705276489
2,Sigma32,3,Sigma38,0.2766360938549042,Sigma24|Sigma32|Sigma38|Sigma70,4,True,0.1632729470729828,0.016242945566773415,0.18403922021389008,0.2766360938549042,0.08536209911108017,0.2744467258453369
2,Sigma32,5,Sigma70,0.2876362204551697,Sigma24|Sigma32|Sigma38|Sigma54|Sigma70,5,True,0.17917326092720032,0.02387145534157753,0.1778862625360489,0.17188408970832825,0.15954872965812683,0.2876362204551697
2,Sigma32,1,Sigma28,0.6078217625617981,Sigma24|Sigma28|Sigma38,3,False,0.11249181628227234,0.6078217625617981,0.07294716686010361,0.11255671083927155,0.004759588278830051,0.08942294865846634
3,Sigma38,5,Sigma70,0.35722994804382324,Sigma24|Sigma32|Sigma38|Sigma54|Sigma70,5,True,0.11029759049415588,0.0013583224499598145,0.1264173835515976,0.13023275136947632,0.274463951587677,0.35722994804382324
3,Sigma38,5,Sigma70,0.36596745252609253,Sigma24|Sigma38|Sigma70,3,True,0.2655031085014343,0.08326346427202225,0.10093433409929276,0.16054865717887878,0.023782942444086075,0.36596745252609253
3,Sigma38,3,Sigma38,0.37679871916770935,Sigma24|Sigma38|Sigma70,3,True,0.14714424312114716,0.046203143894672394,0.08865818381309509,0.37679871916770935,0.0037102135829627514,0.33748549222946167
3,Sigma38,5,Sigma70,0.31433942914009094,Sigma24|Sigma32|Sigma38|Sigma70,4,True,0.1771235316991806,0.058119453489780426,0.15906815230846405,0.2608700394630432,0.030479440465569496,0.31433942914009094
3,Sigma38,5,Sigma70,0.4310779571533203,Sigma24|Sigma38|Sigma70,3,True,0.16970300674438477,0.03186073899269104,0.0821235179901123,0.27472132444381714,0.010513500310480595,0.4310779571533203
3,Sigma38,3,Sigma38,0.3941446840763092,Sigma24|Sigma32|Sigma38|Sigma70,4,True,0.13741138577461243,0.020888449624180794,0.14309264719486237,0.3941446840763092,0.014984611421823502,0.28947824239730835
3,Sigma38,3,Sigma38,0.42969298362731934,Sigma24|Sigma38|Sigma70,3,True,0.13000476360321045,0.028248827904462814,0.10141602903604507,0.42969298362731934,0.008753938600420952,0.3018835186958313
3,Sigma38,5,Sigma70,0.47276681661605835,Sigma24|Sigma38|Sigma70,3,True,0.17480024695396423,0.018281716853380203,0.06932734698057175,0.24656961858272552,0.018254365772008896,0.47276681661605835
3,Sigma38,5,Sigma70,0.32897424697875977,Sigma24|Sigma32|Sigma38|Sigma70,4,True,0.1781105250120163,0.040728192776441574,0.15305574238300323,0.24485525488853455,0.054276008158922195,0.32897424697875977
3,Sigma38,4,Sigma54,0.43131333589553833,Sigma24|Sigma32|Sigma54|Sigma70,4,False,0.11886785179376602,0.013037278316915035,0.1768578439950943,0.06558243185281754,0.43131333589553833,0.1943412572145462
3,Sigma38,3,Sigma38,0.33216527104377747,Sigma32|Sigma38|Sigma54|Sigma70,4,True,0.08132721483707428,0.014985607005655766,0.19600462913513184,0.33216527104377747,0.231876403093338,0.1436408907175064
3,Sigma38,1,Sigma28,0.4579067826271057,Sigma24|Sigma28|Sigma70,3,False,0.1946030706167221,0.4579067826271057,0.06754422932863235,0.09503723680973053,0.00502298679202795,0.17988568544387817
3,Sigma38,5,Sigma70,0.4650958478450775,Sigma24|Sigma38|Sigma70,3,True,0.17921863496303558,0.0193901676684618,0.07822337746620178,0.24946613609790802,0.008605859242379665,0.4650958478450775
3,Sigma38,3,Sigma38,0.2640358507633209,Sigma24|Sigma32|Sigma38|Sigma70,4,True,0.17412172257900238,0.05813152715563774,0.18943822383880615,0.2640358507633209,0.085652194917202,0.2286204695701599
3,Sigma38,1,Sigma28,0.6776861548423767,Sigma24|Sigma28|Sigma70,3,False,0.13574545085430145,0.6776861548423767,0.018314694985747337,0.05907084047794342,0.001763118663802743,0.10741975903511047
3,Sigma38,3,Sigma38,0.33119186758995056,Sigma24|Sigma32|Sigma38|Sigma70,4,True,0.13202370703220367,0.0475618951022625,0.20686298608779907,0.33119186758995056,0.06356694549322128,0.21879255771636963
3,Sigma38,3,Sigma38,0.5052782893180847,Sigma24|Sigma32|Sigma38|Sigma70,4,True,0.11112809926271439,0.09451553225517273,0.12352213263511658,0.5052782893180847,0.008840727619826794,0.1567152440547943
3,Sigma38,5,Sigma70,0.4875512421131134,Sigma38|Sigma70,2,True,0.09943719208240509,0.002350198570638895,0.04844772070646286,0.35015183687210083,0.012061772868037224,0.4875512421131134
3,Sigma38,5,Sigma70,0.40189069509506226,Sigma24|Sigma38|Sigma70,3,True,0.17573076486587524,0.017854180186986923,0.06917070597410202,0.3260103762149811,0.00934334471821785,0.40189069509506226
3,Sigma38,1,Sigma28,0.49012723565101624,Sigma24|Sigma28|Sigma32,3,False,0.12490002810955048,0.49012723565101624,0.1610758900642395,0.10639249533414841,0.019719144329428673,0.0977853313088417
3,Sigma38,5,Sigma70,0.3362753987312317,Sigma24|Sigma32|Sigma38|Sigma70,4,True,0.17219769954681396,0.04115048795938492,0.11572673171758652,0.31484881043434143,0.019800793379545212,0.3362753987312317
3,Sigma38,3,Sigma38,0.30191630125045776,Sigma24|Sigma28|Sigma32|Sigma38|Sigma70,5,True,0.18191896378993988,0.11937760561704636,0.12095138430595398,0.30191630125045776,0.02240968681871891,0.25342607498168945
3,Sigma38,3,Sigma38,0.43876785039901733,Sigma38|Sigma70,2,True,0.10486174374818802,0.020711658522486687,0.09952227771282196,0.43876785039901733,0.025182191282510757,0.31095433235168457
3,Sigma38,1,Sigma28,0.3035811185836792,Sigma24|Sigma28|Sigma38|Sigma70,4,True,0.13933096826076508,0.3035811185836792,0.0797731950879097,0.29309555888175964,0.0056681036949157715,0.17855112254619598
3,Sigma38,1,Sigma28,0.5237970352172852,Sigma24|Sigma28|Sigma32,3,False,0.16056153178215027,0.5237970352172852,0.13598351180553436,0.056248489767313004,0.04961777105927467,0.0737917572259903
3,Sigma38,5,Sigma70,0.3781528174877167,Sigma24|Sigma32|Sigma38|Sigma70,4,True,0.15665341913700104,0.02714725397527218,0.11257841438055038,0.29818782210350037,0.02728024311363697,0.3781528174877167
3,Sigma38,3,Sigma38,0.4036524295806885,Sigma24|Sigma32|Sigma38|Sigma70,4,True,0.12636564671993256,0.08018285036087036,0.1360960751771927,0.4036524295806885,0.012453564442694187,0.24124939739704132
3,Sigma38,5,Sigma70,0.22864674031734467,Sigma24|Sigma32|Sigma38|Sigma54|Sigma70,5,True,0.189492866396904,0.1008448451757431,0.1830887347459793,0.148386612534523,0.14954020082950592,0.22864674031734467
3,Sigma38,5,Sigma70,0.4206005036830902,Sigma24|Sigma38|Sigma70,3,True,0.20299610495567322,0.02721845544874668,0.0945308655500412,0.21921810507774353,0.03543595224618912,0.4206005036830902
3,Sigma38,5,Sigma70,0.3552144765853882,Sigma24|Sigma32|Sigma38|Sigma70,4,True,0.14733201265335083,0.018503647297620773,0.12213820964097977,0.3229077458381653,0.033903904259204865,0.3552144765853882
3,Sigma38,3,Sigma38,0.4020879566669464,Sigma24|Sigma38|Sigma70,3,True,0.1590200513601303,0.029619738459587097,0.09848251938819885,0.4020879566669464,0.01066672895103693,0.300123006105423
3,Sigma38,5,Sigma70,0.3892762064933777,Sigma24|Sigma38|Sigma70,3,True,0.1465032547712326,0.008497764356434345,0.10606345534324646,0.3318590819835663,0.01780024729669094,0.3892762064933777
3,Sigma38,5,Sigma70,0.5749046802520752,Sigma24|Sigma38|Sigma70,3,True,0.15678517520427704,0.006366780027747154,0.04738510400056839,0.20980292558670044,0.004755364265292883,0.5749046802520752
3,Sigma38,3,Sigma38,0.5081813335418701,Sigma32|Sigma38|Sigma70,3,True,0.08228201419115067,0.018343526870012283,0.19862055778503418,0.5081813335418701,0.016035445034503937,0.1765371412038803
3,Sigma38,5,Sigma70,0.3435722887516022,Sigma24|Sigma32|Sigma38|Sigma70,4,True,0.23413516581058502,0.06266959011554718,0.12361299991607666,0.17064224183559418,0.0653676986694336,0.3435722887516022
3,Sigma38,3,Sigma38,0.37309175729751587,Sigma24|Sigma32|Sigma38|Sigma70,4,True,0.12023909389972687,0.09345339983701706,0.14540348947048187,0.37309175729751587,0.017416872084140778,0.25039538741111755
3,Sigma38,5,Sigma70,0.3122268617153168,Sigma24|Sigma28|Sigma38|Sigma70,4,True,0.2546537518501282,0.228972926735878,0.07754980027675629,0.12216845154762268,0.004428189713507891,0.3122268617153168
3,Sigma38,5,Sigma70,0.3671381175518036,Sigma24|Sigma32|Sigma38|Sigma70,4,True,0.16718941926956177,0.028338951990008354,0.1136246994137764,0.30906450748443604,0.014644315466284752,0.3671381175518036
4,Sigma54,5,Sigma70,0.2755711078643799,Sigma24|Sigma32|Sigma38|Sigma70,4,False,0.18720760941505432,0.02701699547469616,0.1874135136604309,0.22669029235839844,0.09610045701265335,0.2755711078643799
4,Sigma54,2,Sigma32,0.23470118641853333,Sigma24|Sigma28|Sigma32|Sigma38|Sigma70,5,False,0.19378788769245148,0.1739644706249237,0.23470118641853333,0.13599567115306854,0.05266592651605606,0.2088848352432251
4,Sigma54,5,Sigma70,0.2417098432779312,Sigma32|Sigma38|Sigma54|Sigma70,4,True,0.10622288286685944,0.004559315275400877,0.22573526203632355,0.2079637050628662,0.21380893886089325,0.2417098432779312
4,Sigma54,2,Sigma32,0.3253612220287323,Sigma24|Sigma32|Sigma38|Sigma54|Sigma70,5,True,0.12774328887462616,0.020627615973353386,0.3253612220287323,0.10798905044794083,0.26688262820243835,0.15139615535736084
4,Sigma54,1,Sigma28,0.45358866453170776,Sigma24|Sigma28|Sigma32|Sigma38|Sigma70,5,False,0.1289876103401184,0.45358866453170776,0.13995535671710968,0.14024703204631805,0.01428260374814272,0.12293867766857147
4,Sigma54,5,Sigma70,0.3619430363178253,Sigma24|Sigma32|Sigma38|Sigma70,4,False,0.20355522632598877,0.07170529663562775,0.12858958542346954,0.2088366597890854,0.02537023089826107,0.3619430363178253
4,Sigma54,4,Sigma54,0.43197906017303467,Sigma32|Sigma38|Sigma54|Sigma70,4,True,0.08850685507059097,0.002884529996663332,0.15197211503982544,0.13308048248291016,0.43197906017303467,0.19157692790031433
4,Sigma54,5,Sigma70,0.4386080503463745,Sigma24|Sigma38|Sigma70,3,False,0.18916776776313782,0.019926700741052628,0.10566558688879013,0.22895753383636475,0.017674393951892853,0.4386080503463745
4,Sigma54,3,Sigma38,0.422082781791687,Sigma24|Sigma32|Sigma38|Sigma70,4,False,0.12316469848155975,0.0647454559803009,0.14657671749591827,0.422082781791687,0.011265677399933338,0.2321646809577942
4,Sigma54,3,Sigma38,0.4645792245864868,Sigma32|Sigma38|Sigma70,3,False,0.08504507690668106,0.0126288877800107,0.14947663247585297,0.4645792245864868,0.036330696195364,0.2519395053386688
4,Sigma54,5,Sigma70,0.3347177505493164,Sigma24|Sigma32|Sigma38|Sigma70,4,False,0.16879582405090332,0.025348568335175514,0.13409030437469482,0.24118824303150177,0.09585929661989212,0.3347177505493164
4,Sigma54,4,Sigma54,0.3384881615638733,Sigma24|Sigma28|Sigma32|Sigma54,4,True,0.121553435921669,0.1125890389084816,0.2622251808643341,0.08087451010942459,0.3384881615638733,0.0842696875333786
4,Sigma54,1,Sigma28,0.8337212204933167,Sigma28,1,False,0.057477571070194244,0.8337212204933167,0.03400612249970436,0.03311082348227501,0.0036653466522693634,0.03801887854933739
4,Sigma54,4,Sigma54,0.6559970378875732,Sigma54,1,True,0.05482201278209686,0.001973345410078764,0.10539326816797256,0.0753672793507576,0.6559970378875732,0.10644707828760147
4,Sigma54,4,Sigma54,0.5294793844223022,Sigma32|Sigma54|Sigma70,3,True,0.06775224208831787,0.0008380568469874561,0.12492889910936356,0.08051569759845734,0.5294793844223022,0.19648566842079163
4,Sigma54,4,Sigma54,0.29593831300735474,Sigma32|Sigma38|Sigma54|Sigma70,4,True,0.09074873477220535,0.004679118283092976,0.15100139379501343,0.19030527770519257,0.29593831300735474,0.267327219247818
4,Sigma54,5,Sigma70,0.3342078924179077,Sigma24|Sigma32|Sigma70,3,False,0.26777127385139465,0.046476420015096664,0.15503476560115814,0.10437473654747009,0.09213488548994064,0.3342078924179077
4,Sigma54,4,Sigma54,0.8504419326782227,Sigma54,1,True,0.027339182794094086,0.003253931412473321,0.07148777693510056,0.01994546689093113,0.8504419326782227,0.027531752362847328
4,Sigma54,4,Sigma54,0.7040408849716187,Sigma32|Sigma54,2,True,0.06231849268078804,0.015962032601237297,0.14840039610862732,0.026897016912698746,0.7040408849716187,0.04238114133477211
4,Sigma54,4,Sigma54,0.581096887588501,Sigma32|Sigma54|Sigma70,3,True,0.08789021521806717,0.007107854820787907,0.13833169639110565,0.05536867305636406,0.581096887588501,0.1302046775817871
5,Sigma70,5,Sigma70,0.3892391324043274,Sigma24|Sigma38|Sigma70,3,True,0.2196151614189148,0.056953150779008865,0.05234496667981148,0.2782028615474701,0.0036447050515562296,0.3892391324043274
5,Sigma70,3,Sigma38,0.3669571876525879,Sigma24|Sigma38|Sigma70,3,True,0.16238321363925934,0.07265307009220123,0.09400106966495514,0.3669571876525879,0.0083971181884408,0.29560840129852295
5,Sigma70,5,Sigma70,0.3651305139064789,Sigma24|Sigma38|Sigma70,3,True,0.14877665042877197,0.04157226160168648,0.07618572562932968,0.36245182156562805,0.005883055739104748,0.3651305139064789
5,Sigma70,5,Sigma70,0.348934531211853,Sigma24|Sigma32|Sigma38|Sigma70,4,True,0.23070219159126282,0.06932651996612549,0.1776648759841919,0.1341673731803894,0.03920452296733856,0.348934531211853
5,Sigma70,5,Sigma70,0.40866944193840027,Sigma24|Sigma38|Sigma70,3,True,0.1875377595424652,0.055011942982673645,0.0940212681889534,0.24432113766670227,0.010438460856676102,0.40866944193840027
5,Sigma70,5,Sigma70,0.3388453423976898,Sigma24|Sigma28|Sigma32|Sigma38|Sigma70,5,True,0.19997672736644745,0.17514848709106445,0.10959809273481369,0.16832983493804932,0.008101467043161392,0.3388453423976898
5,Sigma70,5,Sigma70,0.31483194231987,Sigma24|Sigma32|Sigma38|Sigma54|Sigma70,5,True,0.15479356050491333,0.004917987156659365,0.1660500019788742,0.14026974141597748,0.2191368043422699,0.31483194231987
5,Sigma70,5,Sigma70,0.49770399928092957,Sigma24|Sigma38|Sigma70,3,True,0.16439956426620483,0.015354277566075325,0.0711788609623909,0.24262280762195587,0.00874051358550787,0.49770399928092957
5,Sigma70,5,Sigma70,0.2773551344871521,Sigma24|Sigma32|Sigma38|Sigma54|Sigma70,5,True,0.15853506326675415,0.02533779852092266,0.1660139411687851,0.18200473487377167,0.1907532811164856,0.2773551344871521
5,Sigma70,3,Sigma38,0.28168198466300964,Sigma24|Sigma28|Sigma38|Sigma70,4,True,0.18052755296230316,0.21326176822185516,0.10555027425289154,0.28168198466300964,0.012357938103377819,0.20662051439285278
5,Sigma70,5,Sigma70,0.43506887555122375,Sigma24|Sigma38|Sigma70,3,True,0.15154534578323364,0.014535332098603249,0.0820111408829689,0.2974282503128052,0.019411109387874603,0.43506887555122375
5,Sigma70,3,Sigma38,0.24514053761959076,Sigma24|Sigma32|Sigma38|Sigma70,4,True,0.16812707483768463,0.09646210819482803,0.1596720814704895,0.24514053761959076,0.09245356917381287,0.238144651055336
5,Sigma70,5,Sigma70,0.3676716089248657,Sigma24|Sigma38|Sigma70,3,True,0.24639342725276947,0.09960949420928955,0.10366211831569672,0.1515355408191681,0.031127816066145897,0.3676716089248657
5,Sigma70,5,Sigma70,0.33891624212265015,Sigma24|Sigma38|Sigma54|Sigma70,4,True,0.23713430762290955,0.06374486535787582,0.10251372307538986,0.14362654089927673,0.11406435817480087,0.33891624212265015
5,Sigma70,5,Sigma70,0.44359251856803894,Sigma24|Sigma38|Sigma70,3,True,0.2528863251209259,0.034393057227134705,0.09665181487798691,0.11910036206245422,0.05337594076991081,0.44359251856803894
5,Sigma70,5,Sigma70,0.33066314458847046,Sigma24|Sigma32|Sigma38|Sigma70,4,True,0.14536818861961365,0.011868296191096306,0.18074509501457214,0.2744326591491699,0.056922607123851776,0.33066314458847046
5,Sigma70,3,Sigma38,0.25674477219581604,Sigma24|Sigma28|Sigma32|Sigma38|Sigma70,5,True,0.1744990348815918,0.11678466200828552,0.1741635948419571,0.25674477219581604,0.03202756494283676,0.24578039348125458
5,Sigma70,5,Sigma70,0.2865176498889923,Sigma24|Sigma32|Sigma38|Sigma70,4,True,0.2013063132762909,0.07165893167257309,0.155995175242424,0.2195536196231842,0.06496825814247131,0.2865176498889923
5,Sigma70,5,Sigma70,0.20781934261322021,Sigma24|Sigma32|Sigma38|Sigma54|Sigma70,5,True,0.1816830039024353,0.08298031240701675,0.2058676928281784,0.20244774222373962,0.11920183897018433,0.20781934261322021
5,Sigma70,1,Sigma28,0.25268271565437317,Sigma24|Sigma28|Sigma32|Sigma38|Sigma70,5,True,0.20617081224918365,0.25268271565437317,0.12851203978061676,0.13599884510040283,0.06606438010931015,0.21057112514972687
5,Sigma70,3,Sigma38,0.4192871153354645,Sigma32|Sigma38|Sigma70,3,True,0.07707994431257248,0.0028420996386557817,0.16126799583435059,0.4192871153354645,0.032669637352228165,0.30685314536094666
5,Sigma70,4,Sigma54,0.2780531942844391,Sigma24|Sigma32|Sigma54|Sigma70,4,True,0.22739721834659576,0.053835246711969376,0.13559214770793915,0.09160477668046951,0.2780531942844391,0.21351733803749084
5,Sigma70,3,Sigma38,0.3718632459640503,Sigma24|Sigma38|Sigma70,3,True,0.14641554653644562,0.042581312358379364,0.08706168085336685,0.3718632459640503,0.011125345714390278,0.34095290303230286
5,Sigma70,5,Sigma70,0.4407406449317932,Sigma24|Sigma38|Sigma70,3,True,0.21712647378444672,0.09169077128171921,0.057364728301763535,0.18963615596294403,0.003441247623413801,0.4407406449317932
5,Sigma70,5,Sigma70,0.4492185711860657,Sigma24|Sigma32|Sigma38|Sigma70,4,True,0.15521304309368134,0.009218291379511356,0.10886961221694946,0.22824914753437042,0.049231335520744324,0.4492185711860657
5,Sigma70,5,Sigma70,0.34845465421676636,Sigma32|Sigma38|Sigma70,3,True,0.09993673861026764,0.0040572104044258595,0.1602448672056198,0.3359169363975525,0.05138963833451271,0.34845465421676636
5,Sigma70,3,Sigma38,0.35160160064697266,Sigma24|Sigma28|Sigma38|Sigma70,4,True,0.15379749238491058,0.16612796485424042,0.09761277586221695,0.35160160064697266,0.008490151725709438,0.22237007319927216
5,Sigma70,3,Sigma38,0.38551393151283264,Sigma32|Sigma38|Sigma70,3,True,0.06957269459962845,0.0010939311468973756,0.1600516438484192,0.38551393151283264,0.10219142585992813,0.28157636523246765
5,Sigma70,2,Sigma32,0.31676268577575684,Sigma24|Sigma32|Sigma38|Sigma54|Sigma70,5,True,0.13134799897670746,0.10513875633478165,0.31676268577575684,0.18340417742729187,0.1449858695268631,0.11836053431034088
5,Sigma70,3,Sigma38,0.39135241508483887,Sigma32|Sigma38|Sigma70,3,True,0.10536802560091019,0.03391262888908386,0.22034518420696259,0.39135241508483887,0.06626655161380768,0.18275518715381622
5,Sigma70,3,Sigma38,0.287304162979126,Sigma24|Sigma32|Sigma38|Sigma54|Sigma70,5,True,0.13819457590579987,0.016871299594640732,0.15330715477466583,0.287304162979126,0.1806820183992386,0.22364072501659393
5,Sigma70,5,Sigma70,0.4309571385383606,Sigma24|Sigma38|Sigma70,3,True,0.12067975103855133,0.006406397093087435,0.08909404277801514,0.3433305621147156,0.009532148949801922,0.4309571385383606
5,Sigma70,1,Sigma28,0.25021085143089294,Sigma24|Sigma28|Sigma32|Sigma38|Sigma70,5,True,0.13715822994709015,0.25021085143089294,0.18949797749519348,0.2303696870803833,0.020362989977002144,0.17240029573440552
5,Sigma70,2,Sigma32,0.22403961420059204,Sigma24|Sigma32|Sigma38|Sigma54|Sigma70,5,True,0.18759801983833313,0.0664185881614685,0.22403961420059204,0.13265609741210938,0.1783316433429718,0.21095600724220276
5,Sigma70,3,Sigma38,0.3540886640548706,Sigma32|Sigma38|Sigma70,3,True,0.09865443408489227,0.004526006523519754,0.20022353529930115,0.3540886640548706,0.09622353315353394,0.2462838739156723
5,Sigma70,3,Sigma38,0.3535217046737671,Sigma24|Sigma32|Sigma38|Sigma70,4,True,0.14819136261940002,0.05082802474498749,0.13126082718372345,0.3535217046737671,0.01462548691779375,0.3015725910663605
5,Sigma70,5,Sigma70,0.4436725676059723,Sigma24|Sigma38|Sigma70,3,True,0.14239469170570374,0.009261339902877808,0.06813664734363556,0.32502254843711853,0.01151216123253107,0.4436725676059723
5,Sigma70,5,Sigma70,0.4520188868045807,Sigma24|Sigma32|Sigma38|Sigma70,4,True,0.16352689266204834,0.008578749373555183,0.12096109986305237,0.19609712064266205,0.05881720781326294,0.4520188868045807
5,Sigma70,5,Sigma70,0.3357265591621399,Sigma24|Sigma32|Sigma38|Sigma70,4,True,0.13548380136489868,0.04147486761212349,0.14088039100170135,0.32487744092941284,0.021556958556175232,0.3357265591621399
5,Sigma70,5,Sigma70,0.32019367814064026,Sigma24|Sigma32|Sigma38|Sigma54|Sigma70,5,True,0.11203904449939728,0.004025537986308336,0.1796988695859909,0.20182347297668457,0.1822194755077362,0.32019367814064026
5,Sigma70,5,Sigma70,0.32668831944465637,Sigma24|Sigma28|Sigma38|Sigma70,4,True,0.2813936173915863,0.12537457048892975,0.10687635093927383,0.1245889738202095,0.03507814183831215,0.32668831944465637
5,Sigma70,5,Sigma70,0.35428285598754883,Sigma24|Sigma32|Sigma38|Sigma70,4,True,0.16922107338905334,0.012867234647274017,0.13039474189281464,0.28564387559890747,0.047590214759111404,0.35428285598754883
5,Sigma70,5,Sigma70,0.48714932799339294,Sigma24|Sigma38|Sigma70,3,True,0.13496437668800354,0.0026840728241950274,0.09022550284862518,0.25307899713516235,0.03189772367477417,0.48714932799339294
5,Sigma70,3,Sigma38,0.3331347703933716,Sigma32|Sigma38|Sigma70,3,True,0.09168332815170288,0.002958046505227685,0.17644239962100983,0.3331347703933716,0.08206117898225784,0.3137202858924866
5,Sigma70,5,Sigma70,0.4040292203426361,Sigma24|Sigma38|Sigma70,3,True,0.17762403190135956,0.01899719052016735,0.06641282141208649,0.32850319147109985,0.004433610942214727,0.4040292203426361
5,Sigma70,5,Sigma70,0.4567578434944153,Sigma24|Sigma38|Sigma70,3,True,0.21860428154468536,0.10333613306283951,0.05810452252626419,0.15553119778633118,0.007665962912142277,0.4567578434944153
5,Sigma70,5,Sigma70,0.4055800139904022,Sigma24|Sigma38|Sigma70,3,True,0.12510165572166443,0.006737353280186653,0.06885156035423279,0.38517194986343384,0.008557467721402645,0.4055800139904022
5,Sigma70,5,Sigma70,0.4177861511707306,Sigma24|Sigma38|Sigma70,3,True,0.18585406243801117,0.09878744184970856,0.07520046085119247,0.2090110331773758,0.01336085144430399,0.4177861511707306
5,Sigma70,3,Sigma38,0.32348015904426575,Sigma24|Sigma32|Sigma38|Sigma70,4,True,0.12808233499526978,0.017846155911684036,0.15310706198215485,0.32348015904426575,0.07013547420501709,0.30734869837760925
5,Sigma70,5,Sigma70,0.4570458233356476,Sigma24|Sigma32|Sigma38|Sigma70,4,True,0.13173656165599823,0.0038992033805698156,0.1323043406009674,0.2270561009645462,0.04795793443918228,0.4570458233356476
5,Sigma70,3,Sigma38,0.37038275599479675,Sigma24|Sigma38|Sigma70,3,True,0.12962031364440918,0.02168727107346058,0.09225627034902573,0.37038275599479675,0.01992642693221569,0.36612701416015625
5,Sigma70,3,Sigma38,0.2981133759021759,Sigma32|Sigma38|Sigma70,3,True,0.10509508103132248,0.008853882551193237,0.2328440397977829,0.2981133759021759,0.08991534262895584,0.26517829298973083
5,Sigma70,1,Sigma28,0.48322564363479614,Sigma24|Sigma28|Sigma32|Sigma38,4,False,0.12862424552440643,0.48322564363479614,0.11935703456401825,0.15219399333000183,0.010270426981151104,0.10632870346307755
5,Sigma70,1,Sigma28,0.38660675287246704,Sigma24|Sigma28|Sigma70,3,True,0.2307860255241394,0.38660675287246704,0.05892357602715492,0.09156771749258041,0.008914420381188393,0.2232014685869217
5,Sigma70,5,Sigma70,0.29512402415275574,Sigma24|Sigma28|Sigma38|Sigma70,4,True,0.244391530752182,0.16413195431232452,0.09877326339483261,0.18408295512199402,0.013496315106749535,0.29512402415275574
5,Sigma70,5,Sigma70,0.3490142524242401,Sigma24|Sigma38|Sigma70,3,True,0.17978912591934204,0.07029443979263306,0.09984931349754333,0.2949298322200775,0.006123010069131851,0.3490142524242401
5,Sigma70,2,Sigma32,0.2650231719017029,Sigma24|Sigma32|Sigma38|Sigma54|Sigma70,5,True,0.1791374534368515,0.058680351823568344,0.2650231719017029,0.13904082775115967,0.160633847117424,0.19748429954051971
5,Sigma70,5,Sigma70,0.3703725337982178,Sigma24|Sigma38|Sigma70,3,True,0.14224180579185486,0.02939009666442871,0.09999319165945053,0.3452416658401489,0.012760762125253677,0.3703725337982178
5,Sigma70,2,Sigma32,0.22991950809955597,Sigma24|Sigma32|Sigma54|Sigma70,4,True,0.20940253138542175,0.10171569883823395,0.22991950809955597,0.09068998694419861,0.1465121954679489,0.22176000475883484
5,Sigma70,2,Sigma32,0.2565673589706421,Sigma24|Sigma32|Sigma38|Sigma54|Sigma70,5,True,0.13473670184612274,0.07279475033283234,0.2565673589706421,0.24357512593269348,0.12181343883275986,0.17051266133785248
5,Sigma70,5,Sigma70,0.22932644188404083,Sigma24|Sigma28|Sigma32|Sigma38|Sigma70,5,True,0.17363658547401428,0.18279245495796204,0.16143833100795746,0.21778176724910736,0.03502441197633743,0.22932644188404083
5,Sigma70,5,Sigma70,0.3182554841041565,Sigma24|Sigma28|Sigma38|Sigma70,4,True,0.23712259531021118,0.22356712818145752,0.05814235284924507,0.15895576775074005,0.003956696484237909,0.3182554841041565
5,Sigma70,3,Sigma38,0.3222631812095642,Sigma24|Sigma32|Sigma38|Sigma70,4,True,0.18547719717025757,0.015719668939709663,0.14268143475055695,0.3222631812095642,0.017781708389520645,0.31607678532600403
5,Sigma70,3,Sigma38,0.3834061920642853,Sigma24|Sigma32|Sigma38|Sigma70,4,True,0.11313322931528091,0.007380053400993347,0.1371987760066986,0.3834061920642853,0.060082510113716125,0.29879921674728394
5,Sigma70,5,Sigma70,0.4084766209125519,Sigma24|Sigma32|Sigma38|Sigma70,4,True,0.13584716618061066,0.01792679913341999,0.11181619018316269,0.3116557002067566,0.014277592301368713,0.4084766209125519
5,Sigma70,1,Sigma28,0.27005890011787415,Sigma24|Sigma28|Sigma38|Sigma70,4,True,0.1656719297170639,0.27005890011787415,0.07656893134117126,0.23397749662399292,0.007141153793781996,0.24658158421516418
5,Sigma70,5,Sigma70,0.43804287910461426,Sigma38|Sigma54|Sigma70,3,True,0.10271353274583817,0.0028667424339801073,0.07520738989114761,0.21944208443164825,0.16172735393047333,0.43804287910461426
5,Sigma70,5,Sigma70,0.4845680892467499,Sigma24|Sigma38|Sigma70,3,True,0.15780088305473328,0.01581536792218685,0.07224002480506897,0.25366413593292236,0.01591152884066105,0.4845680892467499
5,Sigma70,5,Sigma70,0.4760034680366516,Sigma24|Sigma38|Sigma70,3,True,0.17355862259864807,0.018926765769720078,0.03208564221858978,0.29719245433807373,0.0022330544888973236,0.4760034680366516
5,Sigma70,5,Sigma70,0.4817343056201935,Sigma24|Sigma38|Sigma70,3,True,0.2018267810344696,0.02115241251885891,0.047896672040224075,0.2374337911605835,0.00995602086186409,0.4817343056201935
5,Sigma70,5,Sigma70,0.3092917799949646,Sigma24|Sigma32|Sigma38|Sigma70,4,True,0.13394121825695038,0.005510696675628424,0.22688038647174835,0.28024712204933167,0.04412880167365074,0.3092917799949646
5,Sigma70,2,Sigma32,0.3303441107273102,Sigma32|Sigma38|Sigma54|Sigma70,4,True,0.07962369173765182,0.008718697354197502,0.3303441107273102,0.2323458045721054,0.21108536422252655,0.13788235187530518
5,Sigma70,5,Sigma70,0.33168452978134155,Sigma24|Sigma32|Sigma38|Sigma70,4,True,0.21474049985408783,0.02014397457242012,0.20245547592639923,0.13521026074886322,0.09576522558927536,0.33168452978134155
5,Sigma70,5,Sigma70,0.29308953881263733,Sigma24|Sigma28|Sigma38|Sigma70,4,True,0.16862516105175018,0.1773129552602768,0.08879724889993668,0.2617308497428894,0.010444232262670994,0.29308953881263733
5,Sigma70,5,Sigma70,0.3129526972770691,Sigma32|Sigma38|Sigma54|Sigma70,4,True,0.10642314702272415,0.0023283809423446655,0.17315734922885895,0.19353938102722168,0.21159909665584564,0.3129526972770691
5,Sigma70,5,Sigma70,0.4798988103866577,Sigma24|Sigma32|Sigma38|Sigma70,4,True,0.15935397148132324,0.010647970251739025,0.13371361792087555,0.18491913378238678,0.03146663308143616,0.4798988103866577
5,Sigma70,5,Sigma70,0.3522377908229828,Sigma24|Sigma32|Sigma38|Sigma70,4,True,0.153519406914711,0.049079153686761856,0.13687627017498016,0.28294703364372253,0.02534029819071293,0.3522377908229828
5,Sigma70,3,Sigma38,0.33973658084869385,Sigma24|Sigma32|Sigma38|Sigma70,4,True,0.10853718221187592,0.06806512922048569,0.3027312755584717,0.33973658084869385,0.033564187586307526,0.14736562967300415
5,Sigma70,1,Sigma28,0.3056272864341736,Sigma24|Sigma28|Sigma32|Sigma38|Sigma70,5,True,0.2202000916004181,0.3056272864341736,0.11682235449552536,0.13826565444469452,0.0338270403444767,0.18525764346122742
5,Sigma70,5,Sigma70,0.42869824171066284,Sigma24|Sigma38|Sigma70,3,True,0.19113782048225403,0.08383949846029282,0.06706443428993225,0.22538945078849792,0.0038705302868038416,0.42869824171066284
5,Sigma70,5,Sigma70,0.36881574988365173,Sigma24|Sigma32|Sigma38|Sigma54|Sigma70,5,True,0.13915225863456726,0.004303930792957544,0.16546130180358887,0.18383347988128662,0.1384332776069641,0.36881574988365173
5,Sigma70,5,Sigma70,0.39540308713912964,Sigma24|Sigma32|Sigma38|Sigma70,4,True,0.15864087641239166,0.01833096705377102,0.13568703830242157,0.26208579540252686,0.02985227480530739,0.39540308713912964
5,Sigma70,5,Sigma70,0.4048556685447693,Sigma24|Sigma38|Sigma70,3,True,0.15643125772476196,0.013555780053138733,0.08988270163536072,0.31864118576049805,0.016633443534374237,0.4048556685447693
5,Sigma70,3,Sigma38,0.4864775538444519,Sigma24|Sigma38|Sigma70,3,True,0.11242399364709854,0.053513143211603165,0.09204880893230438,0.4864775538444519,0.013798555359244347,0.24173788726329803
5,Sigma70,5,Sigma70,0.41218459606170654,Sigma24|Sigma32|Sigma38|Sigma70,4,True,0.19525256752967834,0.02916586399078369,0.11201142519712448,0.2285626232624054,0.022822951897978783,0.41218459606170654
5,Sigma70,1,Sigma28,0.28893259167671204,Sigma24|Sigma28|Sigma70,3,True,0.25550875067710876,0.28893259167671204,0.10152115672826767,0.10382474958896637,0.048779696226119995,0.20143303275108337
5,Sigma70,1,Sigma28,0.42474424839019775,Sigma24|Sigma28|Sigma32|Sigma38|Sigma70,5,True,0.15118283033370972,0.42474424839019775,0.12475670874118805,0.13827307522296906,0.009436991065740585,0.15160617232322693
5,Sigma70,5,Sigma70,0.4519382119178772,Sigma24|Sigma38|Sigma54|Sigma70,4,True,0.16843916475772858,0.00906869862228632,0.10243438184261322,0.16109640896320343,0.10702305287122726,0.4519382119178772
5,Sigma70,3,Sigma38,0.4279399812221527,Sigma24|Sigma32|Sigma38|Sigma70,4,True,0.12877634167671204,0.08265790343284607,0.13833138346672058,0.4279399812221527,0.01630496419966221,0.20598939061164856
5,Sigma70,3,Sigma38,0.2731434404850006,Sigma24|Sigma28|Sigma32|Sigma38|Sigma70,5,True,0.17781543731689453,0.17775630950927734,0.1214744821190834,0.2731434404850006,0.012407774105668068,0.23740249872207642
5,Sigma70,5,Sigma70,0.5239660739898682,Sigma24|Sigma32|Sigma38|Sigma70,4,True,0.14369210600852966,0.003850344568490982,0.1405123621225357,0.16082729399204254,0.027151858434081078,0.5239660739898682
5,Sigma70,5,Sigma70,0.41971156001091003,Sigma32|Sigma38|Sigma70,3,True,0.10052958875894547,0.00122285564430058,0.16857443749904633,0.23385025560855865,0.07611127942800522,0.41971156001091003
5,Sigma70,5,Sigma70,0.41661036014556885,Sigma24|Sigma38|Sigma70,3,True,0.18241725862026215,0.026471607387065887,0.08571241050958633,0.26721638441085815,0.021572018042206764,0.41661036014556885
5,Sigma70,3,Sigma38,0.34340259432792664,Sigma24|Sigma32|Sigma38|Sigma70,4,True,0.1152598187327385,0.036056868731975555,0.24754060804843903,0.34340259432792664,0.06943606585264206,0.1883041113615036
5,Sigma70,5,Sigma70,0.3320024907588959,Sigma24|Sigma38|Sigma70,3,True,0.17852355539798737,0.09831181913614273,0.08843278139829636,0.2916543781757355,0.01107493694871664,0.3320024907588959
5,Sigma70,3,Sigma38,0.4672726094722748,Sigma24|Sigma38|Sigma70,3,True,0.12045478075742722,0.07893803715705872,0.08992564678192139,0.4672726094722748,0.006054071243852377,0.2373548001050949
5,Sigma70,5,Sigma70,0.46860620379447937,Sigma24|Sigma38|Sigma70,3,True,0.17644467949867249,0.023701218888163567,0.056696634739637375,0.2690637409687042,0.005487513728439808,0.46860620379447937
5,Sigma70,5,Sigma70,0.3127490282058716,Sigma24|Sigma28|Sigma38|Sigma70,4,True,0.19331061840057373,0.22047683596611023,0.06087759509682655,0.20571433007717133,0.006871625781059265,0.3127490282058716
5,Sigma70,5,Sigma70,0.44771406054496765,Sigma24|Sigma38|Sigma70,3,True,0.15637291967868805,0.011550801806151867,0.10092902183532715,0.26557406783103943,0.017859118059277534,0.44771406054496765
5,Sigma70,1,Sigma28,0.656605064868927,Sigma28|Sigma38,2,False,0.08785548061132431,0.656605064868927,0.06419674307107925,0.10953304916620255,0.004630626644939184,0.07717900723218918
5,Sigma70,5,Sigma70,0.3679623007774353,Sigma24|Sigma38|Sigma70,3,True,0.16884562373161316,0.09132383018732071,0.05300775170326233,0.3155951499938965,0.0032653091475367546,0.3679623007774353
5,Sigma70,5,Sigma70,0.3537815809249878,Sigma24|Sigma32|Sigma38|Sigma70,4,True,0.1892388015985489,0.04464404657483101,0.1563662439584732,0.17576467990875244,0.08020457625389099,0.3537815809249878
5,Sigma70,3,Sigma38,0.28521278500556946,Sigma24|Sigma32|Sigma38|Sigma70,4,True,0.1780724972486496,0.04678717255592346,0.1838257610797882,0.28521278500556946,0.043447401374578476,0.26265427470207214
5,Sigma70,5,Sigma70,0.37284401059150696,Sigma24|Sigma32|Sigma38|Sigma70,4,True,0.16577553749084473,0.015663646161556244,0.12342958152294159,0.2889154851436615,0.03337164223194122,0.37284401059150696
5,Sigma70,0,Sigma24,0.2525902986526489,Sigma24|Sigma32|Sigma54|Sigma70,4,True,0.2525902986526489,0.09875749796628952,0.15678806602954865,0.09411515295505524,0.15265017747879028,0.2450987845659256
5,Sigma70,3,Sigma38,0.5348809957504272,Sigma38|Sigma70,2,True,0.08887261897325516,0.04703746363520622,0.06241030991077423,0.5348809957504272,0.00614225585013628,0.2606563866138458
5,Sigma70,5,Sigma70,0.47003301978111267,Sigma24|Sigma38|Sigma70,3,True,0.15446250140666962,0.005897569935768843,0.06344140321016312,0.2813863158226013,0.024779239669442177,0.47003301978111267
5,Sigma70,5,Sigma70,0.449710488319397,Sigma24|Sigma38|Sigma70,3,True,0.14327102899551392,0.016428610309958458,0.07301405072212219,0.29869815707206726,0.018877720460295677,0.449710488319397
5,Sigma70,3,Sigma38,0.3522096276283264,Sigma24|Sigma32|Sigma38|Sigma70,4,True,0.15906044840812683,0.10239215195178986,0.12137234956026077,0.3522096276283264,0.01975468173623085,0.245210662484169
5,Sigma70,5,Sigma70,0.4147646427154541,Sigma24|Sigma38|Sigma70,3,True,0.22905927896499634,0.06492292135953903,0.07474412769079208,0.19335433840751648,0.02315470390021801,0.4147646427154541
5,Sigma70,5,Sigma70,0.3089972138404846,Sigma24|Sigma32|Sigma38|Sigma54|Sigma70,5,True,0.13921095430850983,0.012933936901390553,0.1445663422346115,0.22633706033229828,0.16795451939105988,0.3089972138404846
5,Sigma70,3,Sigma38,0.5221632122993469,Sigma32|Sigma38|Sigma70,3,True,0.09762406349182129,0.0647854283452034,0.14112429320812225,0.5221632122993469,0.01926850900053978,0.15503449738025665
5,Sigma70,5,Sigma70,0.3903612792491913,Sigma24|Sigma38|Sigma70,3,True,0.2115449607372284,0.04962372034788132,0.0991799533367157,0.22147054970264435,0.027819445356726646,0.3903612792491913
5,Sigma70,5,Sigma70,0.2589483857154846,Sigma24|Sigma28|Sigma32|Sigma38|Sigma70,5,True,0.20534171164035797,0.14258047938346863,0.15619851648807526,0.20930536091327667,0.027625571936368942,0.2589483857154846
5,Sigma70,3,Sigma38,0.4090058207511902,Sigma24|Sigma38|Sigma70,3,True,0.12721695005893707,0.015062211081385612,0.08245112746953964,0.4090058207511902,0.01432806346565485,0.3519357442855835
5,Sigma70,3,Sigma38,0.3049824833869934,Sigma24|Sigma32|Sigma38|Sigma70,4,True,0.1566597819328308,0.047341879457235336,0.20386819541454315,0.3049824833869934,0.013461983762681484,0.2736856937408447
5,Sigma70,5,Sigma70,0.36436307430267334,Sigma24|Sigma38|Sigma70,3,True,0.19842320680618286,0.05367671325802803,0.06876619905233383,0.3047875463962555,0.009983193129301071,0.36436307430267334
5,Sigma70,5,Sigma70,0.3640438914299011,Sigma32|Sigma38|Sigma70,3,True,0.09375669807195663,0.004669425543397665,0.11633425205945969,0.358456552028656,0.06273923069238663,0.3640438914299011
5,Sigma70,5,Sigma70,0.28827425837516785,Sigma24|Sigma32|Sigma38|Sigma70,4,True,0.23992007970809937,0.07097356021404266,0.16623347997665405,0.18613606691360474,0.04846259951591492,0.28827425837516785
5,Sigma70,5,Sigma70,0.3800933361053467,Sigma24|Sigma38|Sigma70,3,True,0.24351812899112701,0.08538434654474258,0.09103373438119888,0.18838492035865784,0.011585521511733532,0.3800933361053467
5,Sigma70,3,Sigma38,0.38197994232177734,Sigma28|Sigma32|Sigma38|Sigma70,4,True,0.10505206882953644,0.19255587458610535,0.1205485612154007,0.38197994232177734,0.00963424053043127,0.19022932648658752
5,Sigma70,5,Sigma70,0.36219221353530884,Sigma24|Sigma32|Sigma38|Sigma70,4,True,0.16379737854003906,0.004674526862800121,0.18122853338718414,0.18983815610408783,0.09826920926570892,0.36219221353530884
5,Sigma70,5,Sigma70,0.33201801776885986,Sigma24|Sigma28|Sigma38|Sigma70,4,True,0.19991539418697357,0.12636369466781616,0.09559536725282669,0.23982563614845276,0.006281835958361626,0.33201801776885986
5,Sigma70,5,Sigma70,0.2910081446170807,Sigma24|Sigma28|Sigma38|Sigma70,4,True,0.22369110584259033,0.19352491199970245,0.06671407073736191,0.21642066538333893,0.008641050197184086,0.2910081446170807
5,Sigma70,3,Sigma38,0.48970749974250793,Sigma24|Sigma38|Sigma70,3,True,0.12263671308755875,0.09615521878004074,0.06805487722158432,0.48970749974250793,0.0034599676728248596,0.2199857234954834
5,Sigma70,2,Sigma32,0.22353416681289673,Sigma24|Sigma28|Sigma32|Sigma38|Sigma70,5,True,0.15041346848011017,0.21828646957874298,0.22353416681289673,0.21020767092704773,0.050416070967912674,0.14714214205741882
5,Sigma70,5,Sigma70,0.429532915353775,Sigma24|Sigma38|Sigma70,3,True,0.14281046390533447,0.016225242987275124,0.08885815739631653,0.25857025384902954,0.0640028789639473,0.429532915353775
5,Sigma70,4,Sigma54,0.3272928297519684,Sigma24|Sigma32|Sigma38|Sigma54|Sigma70,5,True,0.1339731514453888,0.025565972551703453,0.22081458568572998,0.1290954202413559,0.3272928297519684,0.16325803101062775
5,Sigma70,5,Sigma70,0.2472616285085678,Sigma24|Sigma28|Sigma32|Sigma38|Sigma54|Sigma70,6,True,0.2232433259487152,0.13034047186374664,0.13070903718471527,0.14827093482017517,0.1201746016740799,0.2472616285085678
5,Sigma70,3,Sigma38,0.36085793375968933,Sigma24|Sigma38|Sigma70,3,True,0.17116621136665344,0.049710944294929504,0.0803714469075203,0.36085793375968933,0.01715361885726452,0.32073986530303955
5,Sigma70,5,Sigma70,0.4608954191207886,Sigma24|Sigma38|Sigma70,3,True,0.21641014516353607,0.0439433753490448,0.06361357122659683,0.20856183767318726,0.006575624458491802,0.4608954191207886
5,Sigma70,5,Sigma70,0.3892762064933777,Sigma24|Sigma38|Sigma70,3,True,0.1465032547712326,0.008497764356434345,0.10606345534324646,0.3318590819835663,0.01780024729669094,0.3892762064933777
5,Sigma70,5,Sigma70,0.36800235509872437,Sigma24|Sigma28|Sigma38|Sigma70,4,True,0.19795474410057068,0.1082511693239212,0.0723804235458374,0.24503424763679504,0.008376987650990486,0.36800235509872437
5,Sigma70,3,Sigma38,0.5444948077201843,Sigma32|Sigma38|Sigma70,3,True,0.0908801481127739,0.015204505063593388,0.11872091144323349,0.5444948077201843,0.014999530278146267,0.2157001793384552
5,Sigma70,5,Sigma70,0.4566199481487274,Sigma24|Sigma38|Sigma70,3,True,0.16960997879505157,0.014527800492942333,0.08956657350063324,0.24510447680950165,0.024571185931563377,0.4566199481487274
5,Sigma70,1,Sigma28,0.44724416732788086,Sigma24|Sigma28|Sigma38|Sigma70,4,True,0.14245495200157166,0.44724416732788086,0.06356436759233475,0.15403051674365997,0.004049284383654594,0.1886567771434784
5,Sigma70,5,Sigma70,0.2717882990837097,Sigma24|Sigma32|Sigma38|Sigma54|Sigma70,5,True,0.21216629445552826,0.03389577940106392,0.16836291551589966,0.11778601258993149,0.19600076973438263,0.2717882990837097
5,Sigma70,5,Sigma70,0.42478471994400024,Sigma24|Sigma32|Sigma38|Sigma70,4,True,0.1386530101299286,0.007508603855967522,0.11860378831624985,0.2609752416610718,0.049474574625492096,0.42478471994400024
5,Sigma70,5,Sigma70,0.37663963437080383,Sigma24|Sigma32|Sigma38|Sigma70,4,True,0.19045916199684143,0.014588111080229282,0.11726237833499908,0.2701821029186249,0.03086860477924347,0.37663963437080383
5,Sigma70,5,Sigma70,0.3290999233722687,Sigma24|Sigma28|Sigma38|Sigma70,4,True,0.2656833231449127,0.17470943927764893,0.08619167655706406,0.1359504610300064,0.008365223184227943,0.3290999233722687
5,Sigma70,5,Sigma70,0.332841694355011,Sigma24|Sigma32|Sigma38|Sigma70,4,True,0.19356286525726318,0.03573835641145706,0.16932451725006104,0.23160363733768463,0.03692896291613579,0.332841694355011
5,Sigma70,5,Sigma70,0.39440202713012695,Sigma24|Sigma32|Sigma38|Sigma70,4,True,0.17829973995685577,0.015132670290768147,0.10862630605697632,0.24792633950710297,0.05561290681362152,0.39440202713012695
5,Sigma70,3,Sigma38,0.49362319707870483,Sigma32|Sigma38|Sigma70,3,True,0.07928113639354706,0.005538977682590485,0.12938596308231354,0.49362319707870483,0.029127685353159904,0.26304304599761963
5,Sigma70,5,Sigma70,0.4072333872318268,Sigma24|Sigma38|Sigma70,3,True,0.14626669883728027,0.0054375226609408855,0.10326748341321945,0.3247130811214447,0.013081788085401058,0.4072333872318268
5,Sigma70,5,Sigma70,0.39083144068717957,Sigma24|Sigma38|Sigma70,3,True,0.21113839745521545,0.04983191192150116,0.09691105782985687,0.24172598123550415,0.00956125371158123,0.39083144068717957
5,Sigma70,5,Sigma70,0.2530791461467743,Sigma24|Sigma32|Sigma38|Sigma54|Sigma70,5,True,0.19586080312728882,0.09547224640846252,0.215345099568367,0.12465573102235794,0.11558695137500763,0.2530791461467743
5,Sigma70,0,Sigma24,0.25404390692710876,Sigma24|Sigma32|Sigma38|Sigma70,4,True,0.25404390692710876,0.09419982135295868,0.1570652276277542,0.1567884087562561,0.0888068825006485,0.24909575283527374
5,Sigma70,5,Sigma70,0.21230635046958923,Sigma24|Sigma28|Sigma32|Sigma38|Sigma70,5,True,0.18482819199562073,0.20193330943584442,0.14980649948120117,0.21017736196517944,0.040948327630758286,0.21230635046958923
5,Sigma70,5,Sigma70,0.3749622404575348,Sigma24|Sigma32|Sigma38|Sigma70,4,True,0.21284247934818268,0.07994694262742996,0.14442269504070282,0.17422743141651154,0.013598255813121796,0.3749622404575348
5,Sigma70,3,Sigma38,0.33630621433258057,Sigma24|Sigma28|Sigma32|Sigma38|Sigma70,5,True,0.14842356741428375,0.16391877830028534,0.1179424449801445,0.33630621433258057,0.012417629361152649,0.22099149227142334
5,Sigma70,3,Sigma38,0.6075368523597717,Sigma38|Sigma70,2,True,0.06696291267871857,0.004092989023774862,0.07450194656848907,0.6075368523597717,0.007414368912577629,0.23949100077152252
5,Sigma70,5,Sigma70,0.2973628640174866,Sigma24|Sigma32|Sigma38|Sigma70,4,True,0.14026223123073578,0.0060308449901640415,0.18391917645931244,0.2818961441516876,0.09052866697311401,0.2973628640174866
5,Sigma70,5,Sigma70,0.44836702942848206,Sigma24|Sigma38|Sigma70,3,True,0.2891088128089905,0.07479625940322876,0.06536246836185455,0.10962630063295364,0.012739106081426144,0.44836702942848206
5,Sigma70,5,Sigma70,0.39918753504753113,Sigma24|Sigma32|Sigma38|Sigma70,4,True,0.15649166703224182,0.01649188995361328,0.13304312527179718,0.2636980712413788,0.031087776646018028,0.39918753504753113
5,Sigma70,3,Sigma38,0.37325623631477356,Sigma32|Sigma38|Sigma70,3,True,0.1022053137421608,0.005607954692095518,0.1827155202627182,0.37325623631477356,0.04348469525575638,0.2927302122116089
5,Sigma70,5,Sigma70,0.36866408586502075,Sigma24|Sigma32|Sigma38|Sigma70,4,True,0.16714806854724884,0.021014390513300896,0.14392860233783722,0.26900023221969604,0.030244624242186546,0.36866408586502075
5,Sigma70,5,Sigma70,0.5129088163375854,Sigma24|Sigma38|Sigma70,3,True,0.17227110266685486,0.013599549420177937,0.0815197303891182,0.19693085551261902,0.022769927978515625,0.5129088163375854
5,Sigma70,5,Sigma70,0.45694005489349365,Sigma24|Sigma38|Sigma70,3,True,0.13614638149738312,0.005536316893994808,0.08190415799617767,0.3051337003707886,0.014339441433548927,0.45694005489349365
5,Sigma70,5,Sigma70,0.3758198320865631,Sigma24|Sigma32|Sigma38|Sigma70,4,True,0.17496910691261292,0.006244990974664688,0.1287747323513031,0.2159198373556137,0.09827149659395218,0.3758198320865631
5,Sigma70,3,Sigma38,0.3416393995285034,Sigma32|Sigma38|Sigma54|Sigma70,4,True,0.08499392867088318,0.0036983503960072994,0.1896265298128128,0.3416393995285034,0.13195468485355377,0.24808719754219055
5,Sigma70,5,Sigma70,0.3138892650604248,Sigma24|Sigma28|Sigma38|Sigma70,4,True,0.25345996022224426,0.1757647544145584,0.09600868076086044,0.15153536200523376,0.009341905824840069,0.3138892650604248
5,Sigma70,5,Sigma70,0.4656746983528137,Sigma24|Sigma38|Sigma70,3,True,0.19545723497867584,0.018248900771141052,0.09543710947036743,0.18927344679832458,0.03590860962867737,0.4656746983528137
5,Sigma70,5,Sigma70,0.30926334857940674,Sigma24|Sigma32|Sigma38|Sigma70,4,True,0.1925535351037979,0.05110279098153114,0.20315179228782654,0.1964896023273468,0.04743888974189758,0.30926334857940674
5,Sigma70,2,Sigma32,0.2863349914550781,Sigma32|Sigma38|Sigma54|Sigma70,4,True,0.07334989309310913,0.0016101658111438155,0.2863349914550781,0.2800479829311371,0.13860563933849335,0.22005124390125275
5,Sigma70,5,Sigma70,0.40714117884635925,Sigma24|Sigma32|Sigma38|Sigma70,4,True,0.17969922721385956,0.0054250420071184635,0.12344569712877274,0.19320382177829742,0.09108510613441467,0.40714117884635925
5,Sigma70,3,Sigma38,0.28424131870269775,Sigma32|Sigma38|Sigma54|Sigma70,4,True,0.09341670572757721,0.007963321171700954,0.2648763060569763,0.28424131870269775,0.11922924965620041,0.23027318716049194
5,Sigma70,2,Sigma32,0.24845629930496216,Sigma32|Sigma38|Sigma54|Sigma70,4,True,0.09386610239744186,0.0046732863411307335,0.24845629930496216,0.24424347281455994,0.17423953115940094,0.23452135920524597
5,Sigma70,5,Sigma70,0.3532736599445343,Sigma24|Sigma32|Sigma38|Sigma70,4,True,0.25661414861679077,0.055828992277383804,0.11150017380714417,0.17149823904037476,0.051284804940223694,0.3532736599445343
5,Sigma70,1,Sigma28,0.8124529719352722,Sigma28,1,False,0.07391887903213501,0.8124529719352722,0.01581329107284546,0.02813594974577427,0.001376211061142385,0.06830266118049622
5,Sigma70,5,Sigma70,0.35541871190071106,Sigma24|Sigma32|Sigma38|Sigma54|Sigma70,5,True,0.18111446499824524,0.015818418934941292,0.1135115697979927,0.20964358747005463,0.12449324131011963,0.35541871190071106
5,Sigma70,5,Sigma70,0.47577348351478577,Sigma24|Sigma38|Sigma70,3,True,0.16320371627807617,0.007040708791464567,0.0767705962061882,0.25038617849349976,0.026825284585356712,0.47577348351478577
5,Sigma70,2,Sigma32,0.303830087184906,Sigma24|Sigma28|Sigma32|Sigma38|Sigma70,5,True,0.17918027937412262,0.12879519164562225,0.303830087184906,0.13765157759189606,0.05011145398020744,0.20043137669563293
5,Sigma70,5,Sigma70,0.44308391213417053,Sigma24|Sigma32|Sigma38|Sigma70,4,True,0.1316956877708435,0.006221678573638201,0.11072424054145813,0.2808213531970978,0.027453232556581497,0.44308391213417053
5,Sigma70,1,Sigma28,0.28896206617355347,Sigma24|Sigma28|Sigma32|Sigma38|Sigma70,5,True,0.14447975158691406,0.28896206617355347,0.1081165298819542,0.25145941972732544,0.014153380878269672,0.192828968167305
5,Sigma70,5,Sigma70,0.48133549094200134,Sigma24|Sigma32|Sigma38|Sigma70,4,True,0.14600110054016113,0.005258659366518259,0.12017393112182617,0.2294122874736786,0.017818545922636986,0.48133549094200134
5,Sigma70,5,Sigma70,0.43768665194511414,Sigma24|Sigma32|Sigma38|Sigma70,4,True,0.14776484668254852,0.004737223964184523,0.15128453075885773,0.17237548530101776,0.08615121990442276,0.43768665194511414
5,Sigma70,3,Sigma38,0.36409980058670044,Sigma24|Sigma32|Sigma38|Sigma70,4,True,0.1296813189983368,0.09337165951728821,0.14015212655067444,0.36409980058670044,0.030015911906957626,0.24267920851707458
5,Sigma70,5,Sigma70,0.4284319579601288,Sigma24|Sigma32|Sigma38|Sigma70,4,True,0.1372859627008438,0.003413583617657423,0.11187741160392761,0.272488534450531,0.04650251939892769,0.4284319579601288
5,Sigma70,5,Sigma70,0.2888716161251068,Sigma24|Sigma32|Sigma38|Sigma54|Sigma70,5,True,0.11979743838310242,0.007349036168307066,0.14055797457695007,0.26132065057754517,0.182103231549263,0.2888716161251068
5,Sigma70,5,Sigma70,0.3563936948776245,Sigma24|Sigma38|Sigma70,3,True,0.15316757559776306,0.036454249173402786,0.1037413477897644,0.3403718173503876,0.009871261194348335,0.3563936948776245
5,Sigma70,1,Sigma28,0.6185941696166992,Sigma24|Sigma28|Sigma38|Sigma70,4,True,0.10795476287603378,0.6185941696166992,0.0367567352950573,0.11839620023965836,0.0009253015741705894,0.11737275868654251
5,Sigma70,3,Sigma38,0.32447877526283264,Sigma24|Sigma32|Sigma38|Sigma70,4,True,0.14193227887153625,0.033007849007844925,0.14545024931430817,0.32447877526283264,0.057751260697841644,0.2973794639110565
5,Sigma70,5,Sigma70,0.31351733207702637,Sigma24|Sigma32|Sigma38|Sigma70,4,True,0.21120421588420868,0.06037820503115654,0.154253751039505,0.23382975161075592,0.02681673690676689,0.31351733207702637
5,Sigma70,3,Sigma38,0.48004814982414246,Sigma32|Sigma38|Sigma70,3,True,0.09812679141759872,0.016335852444171906,0.10700058192014694,0.48004814982414246,0.012784394435584545,0.28570425510406494
5,Sigma70,5,Sigma70,0.4252740144729614,Sigma24|Sigma38|Sigma70,3,True,0.23765665292739868,0.05291242524981499,0.0769331082701683,0.19136105477809906,0.015862751752138138,0.4252740144729614
5,Sigma70,0,Sigma24,0.28670796751976013,Sigma24|Sigma28|Sigma32|Sigma70,4,True,0.28670796751976013,0.20724041759967804,0.16314290463924408,0.07640774548053741,0.06649965792894363,0.20000140368938446
5,Sigma70,5,Sigma70,0.38747572898864746,Sigma24|Sigma38|Sigma70,3,True,0.1954791098833084,0.02960033528506756,0.07738184928894043,0.2938922643661499,0.01617058739066124,0.38747572898864746
5,Sigma70,3,Sigma38,0.3380471467971802,Sigma24|Sigma28|Sigma38|Sigma70,4,True,0.14098700881004333,0.20448829233646393,0.08098563551902771,0.3380471467971802,0.005746154114603996,0.2297457903623581
5,Sigma70,5,Sigma70,0.40939125418663025,Sigma24|Sigma38|Sigma70,3,True,0.19506698846817017,0.029408441856503487,0.0967254638671875,0.25495004653930664,0.01445775292813778,0.40939125418663025
5,Sigma70,5,Sigma70,0.25704649090766907,Sigma24|Sigma28|Sigma32|Sigma38|Sigma70,5,True,0.20742250978946686,0.18051999807357788,0.11695732176303864,0.2220337688922882,0.01601986214518547,0.25704649090766907
5,Sigma70,3,Sigma38,0.2930580675601959,Sigma24|Sigma32|Sigma38|Sigma54|Sigma70,5,True,0.10836918652057648,0.02631211094558239,0.2257181853055954,0.2930580675601959,0.16318590939044952,0.18335647881031036
5,Sigma70,5,Sigma70,0.4020167291164398,Sigma24|Sigma38|Sigma70,3,True,0.19038790464401245,0.05889575183391571,0.07434878498315811,0.26839542388916016,0.005955382250249386,0.4020167291164398
5,Sigma70,5,Sigma70,0.3450092077255249,Sigma24|Sigma32|Sigma38|Sigma70,4,True,0.1786416471004486,0.023155974224209785,0.11789384484291077,0.3031728267669678,0.03212643787264824,0.3450092077255249
5,Sigma70,5,Sigma70,0.45242562890052795,Sigma24|Sigma38|Sigma70,3,True,0.21144090592861176,0.031171150505542755,0.06661607325077057,0.21628905832767487,0.022057296708226204,0.45242562890052795
5,Sigma70,3,Sigma38,0.4196856617927551,Sigma24|Sigma32|Sigma38|Sigma70,4,True,0.12971587479114532,0.05259834602475166,0.11019681394100189,0.4196856617927551,0.006157136056572199,0.281646192073822
5,Sigma70,3,Sigma38,0.3737049698829651,Sigma24|Sigma38|Sigma70,3,True,0.18375255167484283,0.031123152002692223,0.05247504636645317,0.3737049698829651,0.005090623628348112,0.35385367274284363
5,Sigma70,5,Sigma70,0.3968256115913391,Sigma24|Sigma38|Sigma70,3,True,0.20064854621887207,0.049895092844963074,0.10286102443933487,0.23679320514202118,0.012976551428437233,0.3968256115913391
5,Sigma70,5,Sigma70,0.3024570345878601,Sigma24|Sigma32|Sigma38|Sigma70,4,True,0.1715489625930786,0.02667810395359993,0.185648113489151,0.2687636911869049,0.04490421712398529,0.3024570345878601
5,Sigma70,5,Sigma70,0.3850449323654175,Sigma24|Sigma38|Sigma70,3,True,0.13947489857673645,0.016108455136418343,0.09043962508440018,0.3564349412918091,0.012497182004153728,0.3850449323654175
5,Sigma70,5,Sigma70,0.40796393156051636,Sigma24|Sigma38|Sigma70,3,True,0.21436288952827454,0.04917855188250542,0.07951429486274719,0.2401103526353836,0.008869944140315056,0.40796393156051636
5,Sigma70,1,Sigma28,0.3284521996974945,Sigma24|Sigma28|Sigma38|Sigma70,4,True,0.1799975335597992,0.3284521996974945,0.0890120342373848,0.20621755719184875,0.007911508902907372,0.1884092092514038
5,Sigma70,3,Sigma38,0.4112471640110016,Sigma24|Sigma32|Sigma38|Sigma70,4,True,0.1613142192363739,0.031013157218694687,0.1076911985874176,0.4112471640110016,0.004450946114957333,0.2842833399772644
5,Sigma70,3,Sigma38,0.40439674258232117,Sigma24|Sigma32|Sigma38|Sigma70,4,True,0.12706755101680756,0.036804188042879105,0.16305218636989594,0.40439674258232117,0.038598764687776566,0.2300805151462555
5,Sigma70,1,Sigma28,0.5944833159446716,Sigma24|Sigma28|Sigma70,3,True,0.14743928611278534,0.5944833159446716,0.04807870462536812,0.08248668164014816,0.0036598306614905596,0.12385216355323792
5,Sigma70,5,Sigma70,0.32004159688949585,Sigma24|Sigma32|Sigma38|Sigma70,4,True,0.20437948405742645,0.06655232608318329,0.15529391169548035,0.23416049778461456,0.019572170451283455,0.32004159688949585
5,Sigma70,4,Sigma54,0.30234622955322266,Sigma24|Sigma28|Sigma32|Sigma54,4,False,0.12350993603467941,0.18495313823223114,0.2509467601776123,0.07434114068746567,0.30234622955322266,0.06390281766653061
5,Sigma70,1,Sigma28,0.26876458525657654,Sigma24|Sigma28|Sigma32|Sigma38|Sigma70,5,True,0.20312447845935822,0.26876458525657654,0.13049893081188202,0.13801781833171844,0.03609144315123558,0.22350269556045532
5,Sigma70,3,Sigma38,0.20779721438884735,Sigma24|Sigma28|Sigma32|Sigma38|Sigma54|Sigma70,6,True,0.16968506574630737,0.16114917397499084,0.17286638915538788,0.20779721438884735,0.11818360537290573,0.1703185737133026
5,Sigma70,5,Sigma70,0.3867108225822449,Sigma24|Sigma32|Sigma38|Sigma70,4,True,0.13935306668281555,0.01076221838593483,0.10897107422351837,0.34218207001686096,0.012020730413496494,0.3867108225822449
5,Sigma70,3,Sigma38,0.28921937942504883,Sigma24|Sigma32|Sigma38|Sigma70,4,True,0.13624149560928345,0.10462230443954468,0.2735724151134491,0.28921937942504883,0.07787417620420456,0.11847016960382462
5,Sigma70,5,Sigma70,0.3710712194442749,Sigma24|Sigma38|Sigma70,3,True,0.22964341938495636,0.10124972462654114,0.10138606280088425,0.17978310585021973,0.01686646230518818,0.3710712194442749
5,Sigma70,5,Sigma70,0.3079228699207306,Sigma24|Sigma32|Sigma38|Sigma70,4,True,0.14532028138637543,0.016521824523806572,0.19681724905967712,0.28389981389045715,0.04951797425746918,0.3079228699207306
5,Sigma70,5,Sigma70,0.3125511705875397,Sigma24|Sigma32|Sigma38|Sigma70,4,True,0.14557932317256927,0.011941290460526943,0.18293873965740204,0.2835119962692261,0.063477523624897,0.3125511705875397
5,Sigma70,3,Sigma38,0.5293930172920227,Sigma38|Sigma70,2,True,0.09054779261350632,0.010036316700279713,0.04357405751943588,0.5293930172920227,0.00131692411378026,0.32513195276260376
5,Sigma70,5,Sigma70,0.3431047201156616,Sigma24|Sigma32|Sigma38|Sigma70,4,True,0.14936742186546326,0.01119198277592659,0.11489659547805786,0.3192526400089264,0.06218661740422249,0.3431047201156616
5,Sigma70,5,Sigma70,0.44133007526397705,Sigma24|Sigma38|Sigma70,3,True,0.22143039107322693,0.09850138425827026,0.05828103423118591,0.17287535965442657,0.007581687066704035,0.44133007526397705
5,Sigma70,1,Sigma28,0.3921075463294983,Sigma24|Sigma28|Sigma32|Sigma38,4,False,0.14084355533123016,0.3921075463294983,0.17495478689670563,0.13625729084014893,0.054660215973854065,0.10117658227682114
5,Sigma70,4,Sigma54,0.3204699754714966,Sigma24|Sigma32|Sigma38|Sigma54|Sigma70,5,True,0.1425611525774002,0.012600729241967201,0.1741989701986313,0.12225007265806198,0.3204699754714966,0.22791913151741028
5,Sigma70,5,Sigma70,0.3731648623943329,Sigma24|Sigma38|Sigma70,3,True,0.16518348455429077,0.008017885498702526,0.10061383247375488,0.32101044058799744,0.03200952708721161,0.3731648623943329
5,Sigma70,5,Sigma70,0.4809453785419464,Sigma24|Sigma38|Sigma70,3,True,0.20035776495933533,0.023257941007614136,0.09200942516326904,0.180313840508461,0.02311565726995468,0.4809453785419464
5,Sigma70,5,Sigma70,0.4336777627468109,Sigma24|Sigma38|Sigma70,3,True,0.24917848408222198,0.083932064473629,0.06319767236709595,0.15972523391246796,0.010288841091096401,0.4336777627468109
5,Sigma70,5,Sigma70,0.36029332876205444,Sigma24|Sigma38|Sigma70,3,True,0.1836792230606079,0.048222966492176056,0.09041720628738403,0.29277312755584717,0.024614160880446434,0.36029332876205444
5,Sigma70,5,Sigma70,0.3116587996482849,Sigma24|Sigma32|Sigma38|Sigma70,4,True,0.16886432468891144,0.03132528439164162,0.17281673848628998,0.2866126298904419,0.028722185641527176,0.3116587996482849
5,Sigma70,5,Sigma70,0.3884056508541107,Sigma24|Sigma38|Sigma70,3,True,0.21127215027809143,0.076041080057621,0.05879895016551018,0.26358678936958313,0.0018954144325107336,0.3884056508541107
5,Sigma70,5,Sigma70,0.232722207903862,Sigma24|Sigma28|Sigma32|Sigma38|Sigma70,5,True,0.16688895225524902,0.14283254742622375,0.20146441459655762,0.232710599899292,0.023381343111395836,0.232722207903862
5,Sigma70,4,Sigma54,0.278323769569397,Sigma24|Sigma32|Sigma54|Sigma70,4,True,0.17901712656021118,0.06319932639598846,0.15591371059417725,0.0863441526889801,0.278323769569397,0.237201988697052
5,Sigma70,5,Sigma70,0.310769259929657,Sigma24|Sigma32|Sigma38|Sigma70,4,True,0.18363405764102936,0.026032788679003716,0.1608438342809677,0.21905940771102905,0.0996607318520546,0.310769259929657
5,Sigma70,3,Sigma38,0.413206547498703,Sigma32|Sigma38|Sigma70,3,True,0.07214152812957764,0.003303669858723879,0.18495401740074158,0.413206547498703,0.09836932271718979,0.22802487015724182
5,Sigma70,3,Sigma38,0.47308558225631714,Sigma32|Sigma38|Sigma70,3,True,0.10055644065141678,0.018828360363841057,0.12917020916938782,0.47308558225631714,0.05036071687936783,0.22799859941005707
5,Sigma70,1,Sigma28,0.64217609167099,Sigma24|Sigma28,2,False,0.11817041784524918,0.64217609167099,0.0943167582154274,0.05908002704381943,0.008822782896459103,0.07743392884731293
5,Sigma70,3,Sigma38,0.29541176557540894,Sigma24|Sigma28|Sigma32|Sigma38|Sigma70,5,True,0.14513874053955078,0.18799012899398804,0.11227290332317352,0.29541176557540894,0.012596690095961094,0.24658972024917603
5,Sigma70,3,Sigma38,0.3267565071582794,Sigma24|Sigma32|Sigma38|Sigma70,4,True,0.15729649364948273,0.05730350688099861,0.12734799087047577,0.3267565071582794,0.04415259510278702,0.2871430218219757
5,Sigma70,4,Sigma54,0.35043829679489136,Sigma32|Sigma38|Sigma54|Sigma70,4,True,0.07524373382329941,0.0058896103873848915,0.21569374203681946,0.19515717029571533,0.35043829679489136,0.1575775295495987
5,Sigma70,5,Sigma70,0.2747059762477875,Sigma24|Sigma32|Sigma38|Sigma70,4,True,0.21388307213783264,0.06585045903921127,0.1817748099565506,0.20291854441165924,0.06086711585521698,0.2747059762477875
5,Sigma70,5,Sigma70,0.33498048782348633,Sigma24|Sigma32|Sigma38|Sigma54|Sigma70,5,True,0.18654067814350128,0.025079356506466866,0.15863148868083954,0.18253391981124878,0.11223409324884415,0.33498048782348633
5,Sigma70,3,Sigma38,0.33839595317840576,Sigma24|Sigma38|Sigma70,3,True,0.17036966979503632,0.07081057876348495,0.10607636719942093,0.33839595317840576,0.03599107265472412,0.2783564329147339
5,Sigma70,3,Sigma38,0.29071927070617676,Sigma24|Sigma32|Sigma38|Sigma70,4,True,0.14898261427879333,0.08677136152982712,0.24691781401634216,0.29071927070617676,0.02175978012382984,0.20484910905361176
5,Sigma70,5,Sigma70,0.37825021147727966,Sigma24|Sigma32|Sigma38|Sigma70,4,True,0.20001552999019623,0.05263010412454605,0.11180510371923447,0.23058299720287323,0.02671605534851551,0.37825021147727966
5,Sigma70,3,Sigma38,0.6959643959999084,Sigma38|Sigma70,2,True,0.05703086778521538,0.01052581425756216,0.060535553842782974,0.6959643959999084,0.006591341458261013,0.16935202479362488
5,Sigma70,3,Sigma38,0.3384179472923279,Sigma24|Sigma32|Sigma38|Sigma70,4,True,0.1498633772134781,0.07747595757246017,0.12629462778568268,0.3384179472923279,0.009054974652826786,0.2988930940628052
5,Sigma70,5,Sigma70,0.41189882159233093,Sigma24|Sigma38|Sigma70,3,True,0.2337217926979065,0.05515936762094498,0.08618713170289993,0.200448676943779,0.01258414052426815,0.41189882159233093
5,Sigma70,3,Sigma38,0.3736189603805542,Sigma32|Sigma38|Sigma70,3,True,0.09186656028032303,0.012708435766398907,0.25444167852401733,0.3736189603805542,0.0587078295648098,0.2086564600467682
5,Sigma70,5,Sigma70,0.3307628333568573,Sigma24|Sigma54|Sigma70,3,True,0.18975195288658142,0.008485201746225357,0.08277773857116699,0.060088299214839935,0.3281339704990387,0.3307628333568573
5,Sigma70,3,Sigma38,0.317089319229126,Sigma24|Sigma28|Sigma38|Sigma70,4,True,0.15798290073871613,0.1920202523469925,0.04926673695445061,0.317089319229126,0.004600643180310726,0.2790401577949524
5,Sigma70,3,Sigma38,0.356398344039917,Sigma24|Sigma32|Sigma38|Sigma70,4,True,0.16225303709506989,0.07682628184556961,0.1299428790807724,0.356398344039917,0.011262685991823673,0.26331666111946106
5,Sigma70,5,Sigma70,0.2233099341392517,Sigma24|Sigma28|Sigma32|Sigma38|Sigma70,5,True,0.20548023283481598,0.16902689635753632,0.1906583160161972,0.1559753715991974,0.055549293756484985,0.2233099341392517
5,Sigma70,5,Sigma70,0.4952186048030853,Sigma24|Sigma38|Sigma70,3,True,0.21085156500339508,0.020124778151512146,0.08136636018753052,0.16392263770103455,0.028516042977571487,0.4952186048030853
5,Sigma70,3,Sigma38,0.29547756910324097,Sigma32|Sigma38|Sigma70,3,True,0.1039736345410347,0.007494058925658464,0.2647092044353485,0.29547756910324097,0.08725778013467789,0.24108774960041046
5,Sigma70,5,Sigma70,0.5342034697532654,Sigma24|Sigma38|Sigma70,3,True,0.20592764019966125,0.010095909237861633,0.09629342705011368,0.11565109342336655,0.03782844915986061,0.5342034697532654
5,Sigma70,5,Sigma70,0.36791056394577026,Sigma24|Sigma32|Sigma38|Sigma70,4,True,0.166054829955101,0.01570054143667221,0.14653964340686798,0.24296241998672485,0.06083200126886368,0.36791056394577026
5,Sigma70,5,Sigma70,0.3806006610393524,Sigma32|Sigma38|Sigma70,3,True,0.10579437017440796,0.0026133712381124496,0.13335950672626495,0.2979140877723694,0.07971803843975067,0.3806006610393524
5,Sigma70,5,Sigma70,0.35631808638572693,Sigma24|Sigma32|Sigma38|Sigma70,4,True,0.21628409624099731,0.07238182425498962,0.1309962123632431,0.1992468535900116,0.024772904813289642,0.35631808638572693
5,Sigma70,2,Sigma32,0.2747052013874054,Sigma32|Sigma38|Sigma54|Sigma70,4,True,0.09217038750648499,0.017131831496953964,0.2747052013874054,0.2723008394241333,0.1502770185470581,0.19341473281383514
5,Sigma70,3,Sigma38,0.3228144943714142,Sigma24|Sigma32|Sigma38|Sigma70,4,True,0.13554929196834564,0.021890725940465927,0.18477526307106018,0.3228144943714142,0.06084265187382698,0.2741275429725647
5,Sigma70,5,Sigma70,0.32517221570014954,Sigma24|Sigma32|Sigma38|Sigma54|Sigma70,5,True,0.12273101508617401,0.002754842396825552,0.17169693112373352,0.25150027871131897,0.12614470720291138,0.32517221570014954
5,Sigma70,5,Sigma70,0.42420482635498047,Sigma24|Sigma32|Sigma38|Sigma70,4,True,0.1458495855331421,0.015109457075595856,0.1292504221200943,0.22275376319885254,0.06283199042081833,0.42420482635498047
5,Sigma70,5,Sigma70,0.31867459416389465,Sigma24|Sigma32|Sigma38|Sigma70,4,True,0.26837357878685,0.0778881087899208,0.15245741605758667,0.14518699049949646,0.037419382482767105,0.31867459416389465
5,Sigma70,5,Sigma70,0.3385688364505768,Sigma24|Sigma32|Sigma38|Sigma70,4,True,0.13653869926929474,0.007982361130416393,0.15392491221427917,0.32203730940818787,0.04094782844185829,0.3385688364505768
5,Sigma70,4,Sigma54,0.21646881103515625,Sigma24|Sigma32|Sigma38|Sigma54|Sigma70,5,True,0.14894750714302063,0.04359786957502365,0.20940661430358887,0.17521168291568756,0.21646881103515625,0.20636755228042603
5,Sigma70,1,Sigma28,0.495985746383667,Sigma24|Sigma28|Sigma38|Sigma70,4,True,0.12521614134311676,0.495985746383667,0.06748010963201523,0.18108265101909637,0.0054777925834059715,0.12475752085447311
5,Sigma70,5,Sigma70,0.3786328136920929,Sigma24|Sigma38|Sigma54|Sigma70,4,True,0.19287672638893127,0.01701333560049534,0.09639887511730194,0.12157735973596573,0.193500816822052,0.3786328136920929
5,Sigma70,5,Sigma70,0.4394184947013855,Sigma24|Sigma70,2,True,0.2611081004142761,0.036345094442367554,0.07567647844552994,0.10274967551231384,0.08470212668180466,0.4394184947013855
5,Sigma70,3,Sigma38,0.24507704377174377,Sigma24|Sigma32|Sigma38|Sigma70,4,True,0.16491852700710297,0.06319840997457504,0.22333957254886627,0.24507704377174377,0.08065251260995865,0.22281397879123688
5,Sigma70,3,Sigma38,0.42477095127105713,Sigma32|Sigma38|Sigma70,3,True,0.08817832916975021,0.0033375711645931005,0.14821720123291016,0.42477095127105713,0.040947671979665756,0.29454827308654785
5,Sigma70,5,Sigma70,0.3121055066585541,Sigma24|Sigma32|Sigma38|Sigma54|Sigma70,5,True,0.19447341561317444,0.008547474630177021,0.19576959311962128,0.14698730409145355,0.14211668074131012,0.3121055066585541
5,Sigma70,3,Sigma38,0.39075660705566406,Sigma32|Sigma38|Sigma70,3,True,0.10514503717422485,0.009015250951051712,0.17740105092525482,0.39075660705566406,0.062074288725852966,0.25560781359672546
5,Sigma70,4,Sigma54,0.4556722044944763,Sigma32|Sigma54,2,False,0.10214326530694962,0.0413266159594059,0.24374230206012726,0.07602318376302719,0.4556722044944763,0.08109242469072342
5,Sigma70,3,Sigma38,0.30124449729919434,Sigma24|Sigma32|Sigma38|Sigma70,4,True,0.1918584704399109,0.0682486891746521,0.14567945897579193,0.30124449729919434,0.03946085646748543,0.25350794196128845
5,Sigma70,5,Sigma70,0.3139459490776062,Sigma24|Sigma28|Sigma32|Sigma38|Sigma70,5,True,0.18369168043136597,0.1282707154750824,0.13321174681186676,0.21584263443946838,0.025037316605448723,0.3139459490776062
5,Sigma70,5,Sigma70,0.30684006214141846,Sigma24|Sigma32|Sigma38|Sigma70,4,True,0.21850864589214325,0.04173901304602623,0.15217718482017517,0.19942891597747803,0.08130628615617752,0.30684006214141846
5,Sigma70,5,Sigma70,0.3450334668159485,Sigma24|Sigma32|Sigma38|Sigma54|Sigma70,5,True,0.1097836121916771,0.003806371008977294,0.17124399542808533,0.2354327291250229,0.13469985127449036,0.3450334668159485
5,Sigma70,5,Sigma70,0.5637956261634827,Sigma24|Sigma38|Sigma70,3,True,0.16968072950839996,0.00445576012134552,0.06880522519350052,0.17101220786571503,0.022250475361943245,0.5637956261634827
5,Sigma70,5,Sigma70,0.3434915244579315,Sigma24|Sigma38|Sigma70,3,True,0.18146440386772156,0.06469633430242538,0.10120681673288345,0.2994743883609772,0.009666528552770615,0.3434915244579315
5,Sigma70,2,Sigma32,0.26306232810020447,Sigma24|Sigma32|Sigma38|Sigma54|Sigma70,5,True,0.13263927400112152,0.03729027137160301,0.26306232810020447,0.23294733464717865,0.15577466785907745,0.1782861202955246
5,Sigma70,2,Sigma32,0.280256986618042,Sigma24|Sigma28|Sigma32|Sigma38|Sigma70,5,True,0.159648135304451,0.2039109319448471,0.280256986618042,0.16154438257217407,0.06235786899924278,0.13228179514408112
5,Sigma70,1,Sigma28,0.28707268834114075,Sigma24|Sigma28|Sigma32|Sigma38|Sigma70,5,True,0.19918331503868103,0.28707268834114075,0.1280917078256607,0.15139919519424438,0.01654144562780857,0.2177116572856903
5,Sigma70,2,Sigma32,0.23088565468788147,Sigma24|Sigma28|Sigma32|Sigma38|Sigma70,5,True,0.1769345998764038,0.19503630697727203,0.23088565468788147,0.20270228385925293,0.03000483289361,0.16443634033203125
5,Sigma70,5,Sigma70,0.29512566328048706,Sigma24|Sigma28|Sigma38|Sigma70,4,True,0.2524213492870331,0.20447441935539246,0.07941946387290955,0.16460004448890686,0.0039590103551745415,0.29512566328048706
5,Sigma70,5,Sigma70,0.4329124093055725,Sigma24|Sigma38|Sigma70,3,True,0.21181994676589966,0.02393757924437523,0.07616101205348969,0.2467971295118332,0.00837188120931387,0.4329124093055725
5,Sigma70,5,Sigma70,0.34508195519447327,Sigma24|Sigma32|Sigma38|Sigma70,4,True,0.18886488676071167,0.023135239258408546,0.12648706138134003,0.27418193221092224,0.042248956859111786,0.34508195519447327
5,Sigma70,1,Sigma28,0.5597226619720459,Sigma24|Sigma28|Sigma70,3,True,0.16394959390163422,0.5597226619720459,0.08239448815584183,0.059277016669511795,0.019522685557603836,0.11513350903987885
5,Sigma70,5,Sigma70,0.22449688613414764,Sigma24|Sigma28|Sigma32|Sigma38|Sigma70,5,True,0.19328680634498596,0.13861683011054993,0.18074579536914825,0.2062612771987915,0.056592389941215515,0.22449688613414764
5,Sigma70,3,Sigma38,0.240518257021904,Sigma24|Sigma32|Sigma38|Sigma70,4,True,0.1733754277229309,0.062196034938097,0.23026622831821442,0.240518257021904,0.07561728358268738,0.21802681684494019
5,Sigma70,4,Sigma54,0.3160811960697174,Sigma24|Sigma32|Sigma54|Sigma70,4,True,0.16284240782260895,0.0021640961058437824,0.1384042501449585,0.07118551433086395,0.3160811960697174,0.3093224763870239
5,Sigma70,5,Sigma70,0.4038946032524109,Sigma24|Sigma32|Sigma38|Sigma70,4,True,0.1649467945098877,0.017065973952412605,0.11377427726984024,0.2813681662082672,0.01895022764801979,0.4038946032524109
5,Sigma70,3,Sigma38,0.5360515117645264,Sigma24|Sigma38|Sigma70,3,True,0.1127442866563797,0.036293789744377136,0.09497428685426712,0.5360515117645264,0.01467206422239542,0.2052641063928604
5,Sigma70,5,Sigma70,0.33396315574645996,Sigma24|Sigma32|Sigma38|Sigma70,4,True,0.17828801274299622,0.015228158794343472,0.19470232725143433,0.18800877034664154,0.0898096114397049,0.33396315574645996
5,Sigma70,5,Sigma70,0.3737117648124695,Sigma24|Sigma32|Sigma38|Sigma70,4,True,0.1477123498916626,0.01649676449596882,0.145104318857193,0.27586135268211365,0.041113391518592834,0.3737117648124695
5,Sigma70,5,Sigma70,0.38874584436416626,Sigma24|Sigma38|Sigma70,3,True,0.18176978826522827,0.09121324867010117,0.04471476748585701,0.29019635915756226,0.003360011614859104,0.38874584436416626
5,Sigma70,5,Sigma70,0.5344756245613098,Sigma24|Sigma38|Sigma70,3,True,0.230806365609169,0.024134580045938492,0.04328426718711853,0.15450569987297058,0.012793493457138538,0.5344756245613098
5,Sigma70,5,Sigma70,0.28987979888916016,Sigma24|Sigma28|Sigma32|Sigma38|Sigma70,5,True,0.2320035845041275,0.12327376008033752,0.1131669133901596,0.21930243074893951,0.022373486310243607,0.28987979888916016
5,Sigma70,1,Sigma28,0.26954400539398193,Sigma24|Sigma28|Sigma32|Sigma38|Sigma70,5,True,0.17020221054553986,0.26954400539398193,0.148458793759346,0.22185347974300385,0.031198740005493164,0.15874290466308594
5,Sigma70,5,Sigma70,0.3832024335861206,Sigma24|Sigma32|Sigma38|Sigma70,4,True,0.1967485100030899,0.015685630962252617,0.12208731472492218,0.1907399743795395,0.09153617918491364,0.3832024335861206
5,Sigma70,5,Sigma70,0.4646233320236206,Sigma24|Sigma38|Sigma70,3,True,0.16780763864517212,0.010573665611445904,0.06953698396682739,0.26745158433914185,0.020006835460662842,0.4646233320236206
5,Sigma70,5,Sigma70,0.3833484947681427,Sigma24|Sigma32|Sigma38|Sigma70,4,True,0.15798182785511017,0.010754873044788837,0.15224231779575348,0.21508657932281494,0.08058589696884155,0.3833484947681427
5,Sigma70,1,Sigma28,0.31471699476242065,Sigma24|Sigma28|Sigma32|Sigma38|Sigma70,5,True,0.2129320651292801,0.31471699476242065,0.14175206422805786,0.11877347528934479,0.016207745298743248,0.1956176459789276
5,Sigma70,5,Sigma70,0.4155619442462921,Sigma24|Sigma38|Sigma70,3,True,0.16698653995990753,0.02938491851091385,0.09768759459257126,0.25512367486953735,0.03525529429316521,0.4155619442462921
5,Sigma70,1,Sigma28,0.28172165155410767,Sigma24|Sigma28|Sigma32|Sigma38|Sigma70,5,True,0.1712682843208313,0.28172165155410767,0.18056286871433258,0.142128124833107,0.05156596004962921,0.17275309562683105
5,Sigma70,5,Sigma70,0.42542701959609985,Sigma24|Sigma32|Sigma38|Sigma70,4,True,0.20063148438930511,0.022163840010762215,0.11043751239776611,0.21844254434108734,0.02289762906730175,0.42542701959609985
5,Sigma70,1,Sigma28,0.21412137150764465,Sigma24|Sigma28|Sigma32|Sigma38|Sigma70,5,True,0.21356241405010223,0.21412137150764465,0.14661963284015656,0.18323607742786407,0.04148735851049423,0.20097316801548004
5,Sigma70,5,Sigma70,0.3433954119682312,Sigma24|Sigma32|Sigma38|Sigma70,4,True,0.22708384692668915,0.03651105612516403,0.149888277053833,0.14504167437553406,0.09807974845170975,0.3433954119682312
5,Sigma70,3,Sigma38,0.31498029828071594,Sigma24|Sigma28|Sigma38|Sigma70,4,True,0.17519035935401917,0.11623143404722214,0.08738679438829422,0.31498029828071594,0.008797770366072655,0.2974133789539337
5,Sigma70,5,Sigma70,0.3343539535999298,Sigma24|Sigma28|Sigma38|Sigma70,4,True,0.2251521497964859,0.13099528849124908,0.07497680932283401,0.2304840087890625,0.004037750419229269,0.3343539535999298
5,Sigma70,4,Sigma54,0.24241314828395844,Sigma24|Sigma32|Sigma54|Sigma70,4,True,0.16578611731529236,0.06192202866077423,0.18746231496334076,0.10499914735555649,0.24241314828395844,0.2374172806739807
5,Sigma70,2,Sigma32,0.2997085452079773,Sigma24|Sigma28|Sigma32|Sigma38|Sigma54|Sigma70,6,True,0.13664273917675018,0.12115927785634995,0.2997085452079773,0.16388709843158722,0.15795983374118805,0.1206425279378891
5,Sigma70,1,Sigma28,0.2959730625152588,Sigma24|Sigma28|Sigma32|Sigma38|Sigma70,5,True,0.14827923476696014,0.2959730625152588,0.11064759641885757,0.2311692237854004,0.020266517996788025,0.1936643272638321
5,Sigma70,5,Sigma70,0.3065325915813446,Sigma24|Sigma32|Sigma38|Sigma70,4,True,0.17571310698986053,0.03843771666288376,0.15687178075313568,0.2669030427932739,0.05554182827472687,0.3065325915813446
5,Sigma70,2,Sigma32,0.3167329728603363,Sigma24|Sigma28|Sigma32|Sigma38|Sigma54|Sigma70,6,True,0.1320878565311432,0.14327223598957062,0.3167329728603363,0.17420846223831177,0.10755252093076706,0.12614597380161285
5,Sigma70,5,Sigma70,0.4993817210197449,Sigma24|Sigma38|Sigma70,3,True,0.16050437092781067,0.0036002162378281355,0.09154589474201202,0.20451883971691132,0.040448885411024094,0.4993817210197449
5,Sigma70,5,Sigma70,0.44939103722572327,Sigma24|Sigma38|Sigma70,3,True,0.17536917328834534,0.015494530089199543,0.06468869000673294,0.2828185558319092,0.01223799679428339,0.44939103722572327
5,Sigma70,5,Sigma70,0.2817879021167755,Sigma24|Sigma32|Sigma38|Sigma70,4,True,0.14570465683937073,0.04354476183652878,0.1700068712234497,0.2542298138141632,0.10472597926855087,0.2817879021167755
5,Sigma70,3,Sigma38,0.394550085067749,Sigma24|Sigma32|Sigma38|Sigma70,4,True,0.12071029841899872,0.04331645742058754,0.16808371245861053,0.394550085067749,0.0372585654258728,0.2360808551311493
5,Sigma70,5,Sigma70,0.4500850737094879,Sigma24|Sigma32|Sigma38|Sigma70,4,True,0.1463872790336609,0.00501227006316185,0.12163877487182617,0.22744955122470856,0.04942711815237999,0.4500850737094879
5,Sigma70,3,Sigma38,0.3044293522834778,Sigma24|Sigma28|Sigma32|Sigma38|Sigma70,5,True,0.17031855881214142,0.12262360006570816,0.1461258828639984,0.3044293522834778,0.01948980614542961,0.23701275885105133
5,Sigma70,5,Sigma70,0.4174862802028656,Sigma24|Sigma38|Sigma70,3,True,0.24004662036895752,0.0353926420211792,0.09204982966184616,0.18361960351467133,0.031404998153448105,0.4174862802028656
5,Sigma70,1,Sigma28,0.2693440616130829,Sigma24|Sigma28|Sigma32|Sigma38|Sigma70,5,True,0.20628181099891663,0.2693440616130829,0.12177176028490067,0.1665516048669815,0.026679936796426773,0.20937077701091766
5,Sigma70,5,Sigma70,0.41286420822143555,Sigma24|Sigma32|Sigma38|Sigma70,4,True,0.16071370244026184,0.009644705802202225,0.1396002620458603,0.20486879348754883,0.07230830937623978,0.41286420822143555
5,Sigma70,5,Sigma70,0.39027759432792664,Sigma24|Sigma32|Sigma38|Sigma70,4,True,0.12907010316848755,0.0076287067495286465,0.14605401456356049,0.25178787112236023,0.07518166303634644,0.39027759432792664
5,Sigma70,3,Sigma38,0.4345264136791229,Sigma24|Sigma28|Sigma32|Sigma38|Sigma70,5,True,0.11921220272779465,0.15287253260612488,0.13556186854839325,0.4345264136791229,0.006801899056881666,0.15102514624595642
5,Sigma70,4,Sigma54,0.37877655029296875,Sigma32|Sigma38|Sigma54|Sigma70,4,True,0.06858543306589127,0.001908189500682056,0.17635983228683472,0.1617863029241562,0.37877655029296875,0.2125837504863739
5,Sigma70,1,Sigma28,0.48390993475914,Sigma24|Sigma28|Sigma38|Sigma70,4,True,0.15736840665340424,0.48390993475914,0.0912262573838234,0.1109163761138916,0.005227894522249699,0.15135101974010468
5,Sigma70,5,Sigma70,0.3460269868373871,Sigma24|Sigma32|Sigma38|Sigma70,4,True,0.14581190049648285,0.02056172676384449,0.2164783775806427,0.2240462601184845,0.047074735164642334,0.3460269868373871
5,Sigma70,2,Sigma32,0.21388833224773407,Sigma24|Sigma28|Sigma32|Sigma38|Sigma70,5,True,0.20426777005195618,0.15340310335159302,0.21388833224773407,0.17671272158622742,0.060828715562820435,0.19089938700199127
5,Sigma70,5,Sigma70,0.36844053864479065,Sigma24|Sigma38|Sigma70,3,True,0.14530156552791595,0.05770307406783104,0.08132614940404892,0.3388041853904724,0.008424441330134869,0.36844053864479065
5,Sigma70,5,Sigma70,0.3812670409679413,Sigma24|Sigma32|Sigma38|Sigma70,4,True,0.1853604018688202,0.020879210904240608,0.17154084146022797,0.1427609771490097,0.09819148480892181,0.3812670409679413
5,Sigma70,5,Sigma70,0.4707053601741791,Sigma24|Sigma38|Sigma70,3,True,0.15810391306877136,0.027790745720267296,0.08171971142292023,0.2510615885257721,0.010618644766509533,0.4707053601741791
5,Sigma70,3,Sigma38,0.35065412521362305,Sigma24|Sigma28|Sigma32|Sigma38|Sigma70,5,True,0.15767337381839752,0.1106659322977066,0.15721525251865387,0.35065412521362305,0.00867366325110197,0.2151176482439041
5,Sigma70,5,Sigma70,0.40570908784866333,Sigma24|Sigma38|Sigma70,3,True,0.21448075771331787,0.04314731806516647,0.10114677995443344,0.2190849483013153,0.01643110066652298,0.40570908784866333
5,Sigma70,3,Sigma38,0.3723772168159485,Sigma24|Sigma32|Sigma38|Sigma70,4,True,0.11880485713481903,0.02316574566066265,0.2092529982328415,0.3723772168159485,0.04454649239778519,0.23185262084007263
5,Sigma70,5,Sigma70,0.41615861654281616,Sigma24|Sigma32|Sigma38|Sigma70,4,True,0.19160057604312897,0.01805892586708069,0.12084212899208069,0.22317717969417572,0.030162591487169266,0.41615861654281616
5,Sigma70,5,Sigma70,0.37115874886512756,Sigma24|Sigma32|Sigma38|Sigma70,4,True,0.15652872622013092,0.01677001640200615,0.141057088971138,0.2941077947616577,0.02037758193910122,0.37115874886512756
5,Sigma70,3,Sigma38,0.4131801724433899,Sigma24|Sigma32|Sigma38|Sigma70,4,True,0.14013352990150452,0.0661555826663971,0.14229461550712585,0.4131801724433899,0.030071811750531197,0.208164244890213
5,Sigma70,5,Sigma70,0.3648717701435089,Sigma24|Sigma38|Sigma70,3,True,0.17494437098503113,0.011175018735229969,0.10196717828512192,0.3270986080169678,0.019943010061979294,0.3648717701435089
5,Sigma70,5,Sigma70,0.4631679952144623,Sigma24|Sigma32|Sigma38|Sigma70,4,True,0.1203584372997284,0.004194582346826792,0.14216089248657227,0.23280800879001617,0.037310101091861725,0.4631679952144623
5,Sigma70,5,Sigma70,0.39838680624961853,Sigma24|Sigma38|Sigma70,3,True,0.1400691717863083,0.019873889163136482,0.09840114414691925,0.3303339183330536,0.012935078702867031,0.39838680624961853
5,Sigma70,5,Sigma70,0.46497616171836853,Sigma24|Sigma38|Sigma70,3,True,0.18964409828186035,0.014016526751220226,0.08748064190149307,0.22087980806827545,0.0230027474462986,0.46497616171836853
5,Sigma70,3,Sigma38,0.42467814683914185,Sigma24|Sigma38|Sigma70,3,True,0.13843952119350433,0.018765009939670563,0.09935357421636581,0.42467814683914185,0.016057385131716728,0.30270639061927795
5,Sigma70,3,Sigma38,0.38350895047187805,Sigma24|Sigma32|Sigma38|Sigma70,4,True,0.14599010348320007,0.04981252923607826,0.163752943277359,0.38350895047187805,0.022333374246954918,0.23460212349891663
5,Sigma70,4,Sigma54,0.4991263449192047,Sigma32|Sigma54,2,False,0.09065479040145874,0.027777571231126785,0.18161246180534363,0.0986677035689354,0.4991263449192047,0.10216105729341507
5,Sigma70,3,Sigma38,0.40259021520614624,Sigma24|Sigma32|Sigma38|Sigma70,4,True,0.11837233603000641,0.016545629128813744,0.12454742938280106,0.40259021520614624,0.025296729058027267,0.3126477003097534
