true_label,true_label_name,predicted_label,predicted_label_name,confidence,prediction_set,set_size,covered,proba_Non_Promoter,proba_Promoter
0,Non-Promoter,1,Promoter,0.8739190101623535,Promoter,1,False,0.1260809302330017,0.8739190101623535
0,Non-Promoter,0,Non-Promoter,0.7631475329399109,Non-Promoter|Promoter,2,True,0.7631475329399109,0.2368524819612503
0,Non-Promoter,0,Non-Promoter,0.6261365413665771,Non-Promoter|Promoter,2,True,0.6261365413665771,0.37386345863342285
0,Non-Promoter,0,Non-Promoter,0.9021572470664978,Non-Promoter,1,True,0.9021572470664978,0.09784279763698578
0,Non-Promoter,0,Non-Promoter,0.7721735835075378,Non-Promoter|Promoter,2,True,0.7721735835075378,0.22782638669013977
0,Non-Promoter,0,Non-Promoter,0.9786598086357117,Non-Promoter,1,True,0.9786598086357117,0.021340137347579002
0,Non-Promoter,0,Non-Promoter,0.7484960556030273,Non-Promoter|Promoter,2,True,0.7484960556030273,0.25150391459465027
0,Non-Promoter,0,Non-Promoter,0.7969517111778259,Non-Promoter|Promoter,2,True,0.7969517111778259,0.20304827392101288
0,Non-Promoter,1,Promoter,0.9786399602890015,Promoter,1,False,0.021360063925385475,0.9786399602890015
0,Non-Promoter,1,Promoter,0.5264949202537537,Non-Promoter|Promoter,2,True,0.47350504994392395,0.5264949202537537
0,Non-Promoter,0,Non-Promoter,0.5863397717475891,Non-Promoter|Promoter,2,True,0.5863397717475891,0.41366028785705566
0,Non-Promoter,0,Non-Promoter,0.7942376732826233,Non-Promoter|Promoter,2,True,0.7942376732826233,0.20576238632202148
0,Non-Promoter,0,Non-Promoter,0.5542380809783936,Non-Promoter|Promoter,2,True,0.5542380809783936,0.44576188921928406
0,Non-Promoter,0,Non-Promoter,0.8548004627227783,Non-Promoter,1,True,0.8548004627227783,0.14519952237606049
0,Non-Promoter,0,Non-Promoter,0.7453588247299194,Non-Promoter|Promoter,2,True,0.7453588247299194,0.2546411454677582
0,Non-Promoter,0,Non-Promoter,0.9647498726844788,Non-Promoter,1,True,0.9647498726844788,0.03525009751319885
0,Non-Promoter,0,Non-Promoter,0.8816948533058167,Non-Promoter,1,True,0.8816948533058167,0.11830513924360275
0,Non-Promoter,1,Promoter,0.584295928478241,Non-Promoter|Promoter,2,True,0.41570407152175903,0.584295928478241
0,Non-Promoter,0,Non-Promoter,0.9380733370780945,Non-Promoter,1,True,0.9380733370780945,0.06192668527364731
0,Non-Promoter,0,Non-Promoter,0.8472670316696167,Non-Promoter,1,True,0.8472670316696167,0.1527329981327057
0,Non-Promoter,0,Non-Promoter,0.8775920271873474,Non-Promoter,1,True,0.8775920271873474,0.12240799516439438
0,Non-Promoter,0,Non-Promoter,0.9406495094299316,Non-Promoter,1,True,0.9406495094299316,0.05935049429535866
0,Non-Promoter,1,Promoter,0.9350548386573792,Promoter,1,False,0.06494510918855667,0.9350548386573792
0,Non-Promoter,1,Promoter,0.7266798615455627,Non-Promoter|Promoter,2,True,0.27332013845443726,0.7266798615455627
0,Non-Promoter,0,Non-Promoter,0.8663046360015869,Non-Promoter,1,True,0.8663046360015869,0.1336953490972519
0,Non-Promoter,0,Non-Promoter,0.7366623878479004,Non-Promoter|Promoter,2,True,0.7366623878479004,0.263337641954422
0,Non-Promoter,0,Non-Promoter,0.8250303864479065,Non-Promoter|Promoter,2,True,0.8250303864479065,0.17496956884860992
0,Non-Promoter,1,Promoter,0.6638544201850891,Non-Promoter|Promoter,2,True,0.3361455500125885,0.6638544201850891
0,Non-Promoter,0,Non-Promoter,0.5485117435455322,Non-Promoter|Promoter,2,True,0.5485117435455322,0.45148834586143494
0,Non-Promoter,0,Non-Promoter,0.9132030010223389,Non-Promoter,1,True,0.9132030010223389,0.08679697662591934
0,Non-Promoter,0,Non-Promoter,0.8110605478286743,Non-Promoter|Promoter,2,True,0.8110605478286743,0.1889394074678421
0,Non-Promoter,0,Non-Promoter,0.8183573484420776,Non-Promoter|Promoter,2,True,0.8183573484420776,0.18164260685443878
0,Non-Promoter,1,Promoter,0.524854302406311,Non-Promoter|Promoter,2,True,0.4751456379890442,0.524854302406311
0,Non-Promoter,0,Non-Promoter,0.9808019995689392,Non-Promoter,1,True,0.9808019995689392,0.019197996705770493
0,Non-Promoter,1,Promoter,0.6418728232383728,Non-Promoter|Promoter,2,True,0.3581271767616272,0.6418728232383728
0,Non-Promoter,0,Non-Promoter,0.9141699075698853,Non-Promoter,1,True,0.9141699075698853,0.08583004772663116
0,Non-Promoter,0,Non-Promoter,0.9533523321151733,Non-Promoter,1,True,0.9533523321151733,0.04664771258831024
0,Non-Promoter,0,Non-Promoter,0.8541864156723022,Non-Promoter,1,True,0.8541864156723022,0.14581358432769775
0,Non-Promoter,0,Non-Promoter,0.9655613899230957,Non-Promoter,1,True,0.9655613899230957,0.0344386100769043
0,Non-Promoter,0,Non-Promoter,0.7982177734375,Non-Promoter|Promoter,2,True,0.7982177734375,0.2017822563648224
0,Non-Promoter,0,Non-Promoter,0.6423164010047913,Non-Promoter|Promoter,2,True,0.6423164010047913,0.35768359899520874
0,Non-Promoter,0,Non-Promoter,0.8988451361656189,Non-Promoter,1,True,0.8988451361656189,0.1011548712849617
0,Non-Promoter,0,Non-Promoter,0.8599792122840881,Non-Promoter,1,True,0.8599792122840881,0.14002081751823425
0,Non-Promoter,0,Non-Promoter,0.9201133251190186,Non-Promoter,1,True,0.9201133251190186,0.07988667488098145
0,Non-Promoter,0,Non-Promoter,0.9276465177536011,Non-Promoter,1,True,0.9276465177536011,0.0723535344004631
0,Non-Promoter,0,Non-Promoter,0.8882290124893188,Non-Promoter,1,True,0.8882290124893188,0.11177100241184235
0,Non-Promoter,0,Non-Promoter,0.9016862511634827,Non-Promoter,1,True,0.9016862511634827,0.09831376373767853
0,Non-Promoter,0,Non-Promoter,0.8105435967445374,Non-Promoter|Promoter,2,True,0.8105435967445374,0.18945643305778503
0,Non-Promoter,0,Non-Promoter,0.8638842701911926,Non-Promoter,1,True,0.8638842701911926,0.13611581921577454
0,Non-Promoter,0,Non-Promoter,0.7824951410293579,Non-Promoter|Promoter,2,True,0.7824951410293579,0.21750476956367493
0,Non-Promoter,0,Non-Promoter,0.954199492931366,Non-Promoter,1,True,0.954199492931366,0.04580053314566612
0,Non-Promoter,0,Non-Promoter,0.8239893317222595,Non-Promoter|Promoter,2,True,0.8239893317222595,0.17601066827774048
0,Non-Promoter,0,Non-Promoter,0.685676634311676,Non-Promoter|Promoter,2,True,0.685676634311676,0.3143232762813568
0,Non-Promoter,0,Non-Promoter,0.9665332436561584,Non-Promoter,1,True,0.9665332436561584,0.03346676751971245
0,Non-Promoter,0,Non-Promoter,0.9509536027908325,Non-Promoter,1,True,0.9509536027908325,0.049046408385038376
0,Non-Promoter,0,Non-Promoter,0.977942943572998,Non-Promoter,1,True,0.977942943572998,0.02205706015229225
0,Non-Promoter,0,Non-Promoter,0.7608774304389954,Non-Promoter|Promoter,2,True,0.7608774304389954,0.23912256956100464
0,Non-Promoter,0,Non-Promoter,0.8051006197929382,Non-Promoter|Promoter,2,True,0.8051006197929382,0.19489943981170654
0,Non-Promoter,0,Non-Promoter,0.7272425889968872,Non-Promoter|Promoter,2,True,0.7272425889968872,0.2727574110031128
0,Non-Promoter,0,Non-Promoter,0.7514904141426086,Non-Promoter|Promoter,2,True,0.7514904141426086,0.24850963056087494
0,Non-Promoter,0,Non-Promoter,0.5173407196998596,Non-Promoter|Promoter,2,True,0.5173407196998596,0.48265933990478516
0,Non-Promoter,0,Non-Promoter,0.5777327418327332,Non-Promoter|Promoter,2,True,0.5777327418327332,0.42226728796958923
0,Non-Promoter,1,Promoter,0.8473268747329712,Promoter,1,False,0.15267314016819,0.8473268747329712
0,Non-Promoter,0,Non-Promoter,0.7350249886512756,Non-Promoter|Promoter,2,True,0.7350249886512756,0.2649749517440796
0,Non-Promoter,0,Non-Promoter,0.9589541554450989,Non-Promoter,1,True,0.9589541554450989,0.041045788675546646
0,Non-Promoter,1,Promoter,0.607697069644928,Non-Promoter|Promoter,2,True,0.392302930355072,0.607697069644928
0,Non-Promoter,0,Non-Promoter,0.8277560472488403,Non-Promoter|Promoter,2,True,0.8277560472488403,0.17224398255348206
0,Non-Promoter,0,Non-Promoter,0.843056857585907,Non-Promoter,1,True,0.843056857585907,0.15694314241409302
0,Non-Promoter,0,Non-Promoter,0.5995397567749023,Non-Promoter|Promoter,2,True,0.5995397567749023,0.40046021342277527
0,Non-Promoter,0,Non-Promoter,0.8929975032806396,Non-Promoter,1,True,0.8929975032806396,0.10700242966413498
0,Non-Promoter,0,Non-Promoter,0.9364477396011353,Non-Promoter,1,True,0.9364477396011353,0.06355223804712296
0,Non-Promoter,0,Non-Promoter,0.9683531522750854,Non-Promoter,1,True,0.9683531522750854,0.031646858900785446
0,Non-Promoter,0,Non-Promoter,0.5416859984397888,Non-Promoter|Promoter,2,True,0.5416859984397888,0.4583139717578888
0,Non-Promoter,0,Non-Promoter,0.8218158483505249,Non-Promoter|Promoter,2,True,0.8218158483505249,0.1781841665506363
0,Non-Promoter,0,Non-Promoter,0.7441859245300293,Non-Promoter|Promoter,2,True,0.7441859245300293,0.2558141052722931
0,Non-Promoter,1,Promoter,0.6650727987289429,Non-Promoter|Promoter,2,True,0.33492717146873474,0.6650727987289429
0,Non-Promoter,0,Non-Promoter,0.7348553538322449,Non-Promoter|Promoter,2,True,0.7348553538322449,0.2651446759700775
0,Non-Promoter,1,Promoter,0.6153866648674011,Non-Promoter|Promoter,2,True,0.3846133053302765,0.6153866648674011
0,Non-Promoter,0,Non-Promoter,0.9612011313438416,Non-Promoter,1,True,0.9612011313438416,0.038798920810222626
0,Non-Promoter,0,Non-Promoter,0.8243905901908875,Non-Promoter|Promoter,2,True,0.8243905901908875,0.17560940980911255
0,Non-Promoter,0,Non-Promoter,0.9387096762657166,Non-Promoter,1,True,0.9387096762657166,0.06129034608602524
0,Non-Promoter,0,Non-Promoter,0.6758716702461243,Non-Promoter|Promoter,2,True,0.6758716702461243,0.32412832975387573
0,Non-Promoter,0,Non-Promoter,0.9528269171714783,Non-Promoter,1,True,0.9528269171714783,0.047173064202070236
0,Non-Promoter,0,Non-Promoter,0.8813086152076721,Non-Promoter,1,True,0.8813086152076721,0.11869139224290848
0,Non-Promoter,0,Non-Promoter,0.8384085893630981,Non-Promoter,1,True,0.8384085893630981,0.16159141063690186
0,Non-Promoter,0,Non-Promoter,0.9241586923599243,Non-Promoter,1,True,0.9241586923599243,0.07584128528833389
0,Non-Promoter,0,Non-Promoter,0.7613590359687805,Non-Promoter|Promoter,2,True,0.7613590359687805,0.23864102363586426
0,Non-Promoter,0,Non-Promoter,0.8243095278739929,Non-Promoter|Promoter,2,True,0.8243095278739929,0.17569053173065186
0,Non-Promoter,0,Non-Promoter,0.6788686513900757,Non-Promoter|Promoter,2,True,0.6788686513900757,0.3211313784122467
0,Non-Promoter,0,Non-Promoter,0.9578759074211121,Non-Promoter,1,True,0.9578759074211121,0.04212408885359764
0,Non-Promoter,0,Non-Promoter,0.7582342028617859,Non-Promoter|Promoter,2,True,0.7582342028617859,0.2417658120393753
0,Non-Promoter,0,Non-Promoter,0.6837233901023865,Non-Promoter|Promoter,2,True,0.6837233901023865,0.31627658009529114
0,Non-Promoter,0,Non-Promoter,0.8362269401550293,Non-Promoter,1,True,0.8362269401550293,0.1637730598449707
0,Non-Promoter,1,Promoter,0.586347758769989,Non-Promoter|Promoter,2,True,0.413652241230011,0.586347758769989
0,Non-Promoter,0,Non-Promoter,0.5568543672561646,Non-Promoter|Promoter,2,True,0.5568543672561646,0.44314563274383545
0,Non-Promoter,0,Non-Promoter,0.7807366251945496,Non-Promoter|Promoter,2,True,0.7807366251945496,0.21926340460777283
0,Non-Promoter,0,Non-Promoter,0.9668154120445251,Non-Promoter,1,True,0.9668154120445251,0.033184509724378586
0,Non-Promoter,1,Promoter,0.8565493226051331,Promoter,1,False,0.14345066249370575,0.8565493226051331
0,Non-Promoter,0,Non-Promoter,0.9297845959663391,Non-Promoter,1,True,0.9297845959663391,0.07021531462669373
0,Non-Promoter,0,Non-Promoter,0.5892819166183472,Non-Promoter|Promoter,2,True,0.5892819166183472,0.4107181429862976
0,Non-Promoter,0,Non-Promoter,0.8513532280921936,Non-Promoter,1,True,0.8513532280921936,0.148646742105484
0,Non-Promoter,0,Non-Promoter,0.5489733219146729,Non-Promoter|Promoter,2,True,0.5489733219146729,0.45102667808532715
0,Non-Promoter,0,Non-Promoter,0.8827492594718933,Non-Promoter,1,True,0.8827492594718933,0.1172507256269455
0,Non-Promoter,1,Promoter,0.5807056427001953,Non-Promoter|Promoter,2,True,0.4192942976951599,0.5807056427001953
0,Non-Promoter,1,Promoter,0.6877034306526184,Non-Promoter|Promoter,2,True,0.3122965395450592,0.6877034306526184
0,Non-Promoter,0,Non-Promoter,0.5604984164237976,Non-Promoter|Promoter,2,True,0.5604984164237976,0.43950155377388
0,Non-Promoter,0,Non-Promoter,0.8843908309936523,Non-Promoter,1,True,0.8843908309936523,0.11560915410518646
0,Non-Promoter,0,Non-Promoter,0.9356437921524048,Non-Promoter,1,True,0.9356437921524048,0.0643562376499176
0,Non-Promoter,0,Non-Promoter,0.84705650806427,Non-Promoter,1,True,0.84705650806427,0.1529434770345688
0,Non-Promoter,0,Non-Promoter,0.955633282661438,Non-Promoter,1,True,0.955633282661438,0.04436669126152992
0,Non-Promoter,0,Non-Promoter,0.8386061191558838,Non-Promoter,1,True,0.8386061191558838,0.16139386594295502
0,Non-Promoter,0,Non-Promoter,0.5989558696746826,Non-Promoter|Promoter,2,True,0.5989558696746826,0.40104416012763977
0,Non-Promoter,0,Non-Promoter,0.9175098538398743,Non-Promoter,1,True,0.9175098538398743,0.08249013125896454
0,Non-Promoter,0,Non-Promoter,0.8504003286361694,Non-Promoter,1,True,0.8504003286361694,0.14959967136383057
0,Non-Promoter,0,Non-Promoter,0.731975793838501,Non-Promoter|Promoter,2,True,0.731975793838501,0.2680242657661438
0,Non-Promoter,0,Non-Promoter,0.9304099678993225,Non-Promoter,1,True,0.9304099678993225,0.0695900246500969
0,Non-Promoter,0,Non-Promoter,0.9055924415588379,Non-Promoter,1,True,0.9055924415588379,0.09440753608942032
0,Non-Promoter,0,Non-Promoter,0.9568821787834167,Non-Promoter,1,True,0.9568821787834167,0.04311780259013176
0,Non-Promoter,1,Promoter,0.6348586082458496,Non-Promoter|Promoter,2,True,0.3651413321495056,0.6348586082458496
0,Non-Promoter,0,Non-Promoter,0.7784993052482605,Non-Promoter|Promoter,2,True,0.7784993052482605,0.2215006947517395
0,Non-Promoter,0,Non-Promoter,0.9563189744949341,Non-Promoter,1,True,0.9563189744949341,0.04368101805448532
0,Non-Promoter,0,Non-Promoter,0.89143306016922,Non-Promoter,1,True,0.89143306016922,0.10856692492961884
0,Non-Promoter,0,Non-Promoter,0.9338268637657166,Non-Promoter,1,True,0.9338268637657166,0.06617309898138046
0,Non-Promoter,0,Non-Promoter,0.7271144390106201,Non-Promoter|Promoter,2,True,0.7271144390106201,0.27288559079170227
0,Non-Promoter,0,Non-Promoter,0.9366411566734314,Non-Promoter,1,True,0.9366411566734314,0.0633588433265686
0,Non-Promoter,1,Promoter,0.7572641372680664,Non-Promoter|Promoter,2,True,0.2427358478307724,0.7572641372680664
0,Non-Promoter,1,Promoter,0.8013713359832764,Non-Promoter|Promoter,2,True,0.19862867891788483,0.8013713359832764
0,Non-Promoter,0,Non-Promoter,0.8909825682640076,Non-Promoter,1,True,0.8909825682640076,0.10901739448308945
0,Non-Promoter,0,Non-Promoter,0.8304206728935242,Non-Promoter|Promoter,2,True,0.8304206728935242,0.16957932710647583
0,Non-Promoter,1,Promoter,0.5586087107658386,Non-Promoter|Promoter,2,True,0.44139131903648376,0.5586087107658386
0,Non-Promoter,0,Non-Promoter,0.5277095437049866,Non-Promoter|Promoter,2,True,0.5277095437049866,0.4722904562950134
0,Non-Promoter,1,Promoter,0.7772880792617798,Non-Promoter|Promoter,2,True,0.22271189093589783,0.7772880792617798
0,Non-Promoter,0,Non-Promoter,0.7462734580039978,Non-Promoter|Promoter,2,True,0.7462734580039978,0.25372645258903503
0,Non-Promoter,0,Non-Promoter,0.7731326222419739,Non-Promoter|Promoter,2,True,0.7731326222419739,0.22686737775802612
0,Non-Promoter,0,Non-Promoter,0.8209567070007324,Non-Promoter|Promoter,2,True,0.8209567070007324,0.1790432631969452
0,Non-Promoter,0,Non-Promoter,0.8117527961730957,Non-Promoter|Promoter,2,True,0.8117527961730957,0.18824724853038788
0,Non-Promoter,0,Non-Promoter,0.7037550806999207,Non-Promoter|Promoter,2,True,0.7037550806999207,0.29624488949775696
0,Non-Promoter,0,Non-Promoter,0.7996405959129333,Non-Promoter|Promoter,2,True,0.7996405959129333,0.20035943388938904
0,Non-Promoter,0,Non-Promoter,0.6440201997756958,Non-Promoter|Promoter,2,True,0.6440201997756958,0.3559797406196594
0,Non-Promoter,0,Non-Promoter,0.8239016532897949,Non-Promoter|Promoter,2,True,0.8239016532897949,0.17609839141368866
0,Non-Promoter,1,Promoter,0.5834742188453674,Non-Promoter|Promoter,2,True,0.4165257513523102,0.5834742188453674
0,Non-Promoter,0,Non-Promoter,0.8811776638031006,Non-Promoter,1,True,0.8811776638031006,0.11882232874631882
0,Non-Promoter,0,Non-Promoter,0.8687897324562073,Non-Promoter,1,True,0.8687897324562073,0.1312103122472763
0,Non-Promoter,1,Promoter,0.7834632992744446,Non-Promoter|Promoter,2,True,0.2165367156267166,0.7834632992744446
0,Non-Promoter,0,Non-Promoter,0.7219216227531433,Non-Promoter|Promoter,2,True,0.7219216227531433,0.2780783176422119
0,Non-Promoter,0,Non-Promoter,0.6917835474014282,Non-Promoter|Promoter,2,True,0.6917835474014282,0.3082164525985718
0,Non-Promoter,0,Non-Promoter,0.8988407850265503,Non-Promoter,1,True,0.8988407850265503,0.10115918517112732
0,Non-Promoter,0,Non-Promoter,0.7573171854019165,Non-Promoter|Promoter,2,True,0.7573171854019165,0.24268276989459991
0,Non-Promoter,1,Promoter,0.9294474720954895,Promoter,1,False,0.0705525279045105,0.9294474720954895
0,Non-Promoter,0,Non-Promoter,0.8747966885566711,Non-Promoter,1,True,0.8747966885566711,0.12520335614681244
0,Non-Promoter,0,Non-Promoter,0.6378533244132996,Non-Promoter|Promoter,2,True,0.6378533244132996,0.3621467351913452
0,Non-Promoter,0,Non-Promoter,0.6381597518920898,Non-Promoter|Promoter,2,True,0.6381597518920898,0.36184024810791016
0,Non-Promoter,0,Non-Promoter,0.6113002300262451,Non-Promoter|Promoter,2,True,0.6113002300262451,0.3886997401714325
0,Non-Promoter,0,Non-Promoter,0.9352095723152161,Non-Promoter,1,True,0.9352095723152161,0.06479046493768692
0,Non-Promoter,0,Non-Promoter,0.9028095006942749,Non-Promoter,1,True,0.9028095006942749,0.09719046950340271
0,Non-Promoter,0,Non-Promoter,0.957150399684906,Non-Promoter,1,True,0.957150399684906,0.04284962639212608
0,Non-Promoter,0,Non-Promoter,0.9468419551849365,Non-Promoter,1,True,0.9468419551849365,0.05315806716680527
0,Non-Promoter,0,Non-Promoter,0.8100150227546692,Non-Promoter|Promoter,2,True,0.8100150227546692,0.1899850219488144
0,Non-Promoter,1,Promoter,0.9677992463111877,Promoter,1,False,0.03220074251294136,0.9677992463111877
0,Non-Promoter,0,Non-Promoter,0.7125787734985352,Non-Promoter|Promoter,2,True,0.7125787734985352,0.28742116689682007
0,Non-Promoter,0,Non-Promoter,0.8210070729255676,Non-Promoter|Promoter,2,True,0.8210070729255676,0.1789928674697876
0,Non-Promoter,0,Non-Promoter,0.7475795149803162,Non-Promoter|Promoter,2,True,0.7475795149803162,0.25242042541503906
0,Non-Promoter,0,Non-Promoter,0.9192246794700623,Non-Promoter,1,True,0.9192246794700623,0.08077534288167953
0,Non-Promoter,0,Non-Promoter,0.9093089699745178,Non-Promoter,1,True,0.9093089699745178,0.09069102257490158
0,Non-Promoter,0,Non-Promoter,0.5845085382461548,Non-Promoter|Promoter,2,True,0.5845085382461548,0.41549140214920044
0,Non-Promoter,1,Promoter,0.6638720035552979,Non-Promoter|Promoter,2,True,0.33612799644470215,0.6638720035552979
0,Non-Promoter,1,Promoter,0.5382294058799744,Non-Promoter|Promoter,2,True,0.46177059412002563,0.5382294058799744
0,Non-Promoter,0,Non-Promoter,0.9248620867729187,Non-Promoter,1,True,0.9248620867729187,0.07513800263404846
0,Non-Promoter,0,Non-Promoter,0.846673309803009,Non-Promoter,1,True,0.846673309803009,0.15332669019699097
0,Non-Promoter,0,Non-Promoter,0.6131476759910583,Non-Promoter|Promoter,2,True,0.6131476759910583,0.38685229420661926
0,Non-Promoter,1,Promoter,0.7128618955612183,Non-Promoter|Promoter,2,True,0.2871381640434265,0.7128618955612183
0,Non-Promoter,1,Promoter,0.5146977305412292,Non-Promoter|Promoter,2,True,0.4853023290634155,0.5146977305412292
0,Non-Promoter,0,Non-Promoter,0.9450620412826538,Non-Promoter,1,True,0.9450620412826538,0.05493795871734619
0,Non-Promoter,0,Non-Promoter,0.9335077404975891,Non-Promoter,1,True,0.9335077404975891,0.0664922222495079
0,Non-Promoter,0,Non-Promoter,0.8822211027145386,Non-Promoter,1,True,0.8822211027145386,0.11777893453836441
0,Non-Promoter,0,Non-Promoter,0.8760440349578857,Non-Promoter,1,True,0.8760440349578857,0.12395592033863068
0,Non-Promoter,0,Non-Promoter,0.9519355297088623,Non-Promoter,1,True,0.9519355297088623,0.04806443676352501
0,Non-Promoter,0,Non-Promoter,0.6410609483718872,Non-Promoter|Promoter,2,True,0.6410609483718872,0.35893911123275757
0,Non-Promoter,0,Non-Promoter,0.6586938500404358,Non-Promoter|Promoter,2,True,0.6586938500404358,0.3413061201572418
0,Non-Promoter,0,Non-Promoter,0.9191604852676392,Non-Promoter,1,True,0.9191604852676392,0.08083944767713547
0,Non-Promoter,1,Promoter,0.6434187293052673,Non-Promoter|Promoter,2,True,0.35658127069473267,0.6434187293052673
0,Non-Promoter,0,Non-Promoter,0.8751997947692871,Non-Promoter,1,True,0.8751997947692871,0.1248001903295517
0,Non-Promoter,0,Non-Promoter,0.9151608943939209,Non-Promoter,1,True,0.9151608943939209,0.08483908325433731
0,Non-Promoter,0,Non-Promoter,0.8800624012947083,Non-Promoter,1,True,0.8800624012947083,0.11993756890296936
0,Non-Promoter,0,Non-Promoter,0.9538580179214478,Non-Promoter,1,True,0.9538580179214478,0.04614201560616493
0,Non-Promoter,1,Promoter,0.7571126222610474,Non-Promoter|Promoter,2,True,0.24288737773895264,0.7571126222610474
0,Non-Promoter,0,Non-Promoter,0.6961026191711426,Non-Promoter|Promoter,2,True,0.6961026191711426,0.3038973808288574
0,Non-Promoter,0,Non-Promoter,0.7743593454360962,Non-Promoter|Promoter,2,True,0.7743593454360962,0.22564060986042023
0,Non-Promoter,0,Non-Promoter,0.9438384771347046,Non-Promoter,1,True,0.9438384771347046,0.05616149306297302
0,Non-Promoter,1,Promoter,0.509643018245697,Non-Promoter|Promoter,2,True,0.49035704135894775,0.509643018245697
0,Non-Promoter,0,Non-Promoter,0.9511303305625916,Non-Promoter,1,True,0.9511303305625916,0.048869725316762924
0,Non-Promoter,0,Non-Promoter,0.8912357687950134,Non-Promoter,1,True,0.8912357687950134,0.10876418650150299
0,Non-Promoter,0,Non-Promoter,0.8672568798065186,Non-Promoter,1,True,0.8672568798065186,0.13274313509464264
0,Non-Promoter,0,Non-Promoter,0.8190850019454956,Non-Promoter|Promoter,2,True,0.8190850019454956,0.1809149980545044
0,Non-Promoter,0,Non-Promoter,0.9756375551223755,Non-Promoter,1,True,0.9756375551223755,0.024362465366721153
0,Non-Promoter,1,Promoter,0.584004819393158,Non-Promoter|Promoter,2,True,0.41599521040916443,0.584004819393158
0,Non-Promoter,0,Non-Promoter,0.7978681921958923,Non-Promoter|Promoter,2,True,0.7978681921958923,0.20213180780410767
0,Non-Promoter,0,Non-Promoter,0.767103374004364,Non-Promoter|Promoter,2,True,0.767103374004364,0.23289671540260315
0,Non-Promoter,0,Non-Promoter,0.6112422347068787,Non-Promoter|Promoter,2,True,0.6112422347068787,0.38875773549079895
0,Non-Promoter,0,Non-Promoter,0.6597501039505005,Non-Promoter|Promoter,2,True,0.6597501039505005,0.34024983644485474
0,Non-Promoter,0,Non-Promoter,0.8992389440536499,Non-Promoter,1,True,0.8992389440536499,0.10076111555099487
0,Non-Promoter,0,Non-Promoter,0.7479880452156067,Non-Promoter|Promoter,2,True,0.7479880452156067,0.2520119845867157
0,Non-Promoter,0,Non-Promoter,0.9289993643760681,Non-Promoter,1,True,0.9289993643760681,0.0710005983710289
0,Non-Promoter,1,Promoter,0.5325016379356384,Non-Promoter|Promoter,2,True,0.4674983620643616,0.5325016379356384
0,Non-Promoter,0,Non-Promoter,0.63492751121521,Non-Promoter|Promoter,2,True,0.63492751121521,0.36507248878479004
0,Non-Promoter,0,Non-Promoter,0.9500316977500916,Non-Promoter,1,True,0.9500316977500916,0.04996825382113457
0,Non-Promoter,0,Non-Promoter,0.5282752513885498,Non-Promoter|Promoter,2,True,0.5282752513885498,0.47172483801841736
0,Non-Promoter,1,Promoter,0.8335523009300232,Non-Promoter|Promoter,2,True,0.16644763946533203,0.8335523009300232
0,Non-Promoter,0,Non-Promoter,0.8430079221725464,Non-Promoter,1,True,0.8430079221725464,0.1569920927286148
0,Non-Promoter,0,Non-Promoter,0.9038325548171997,Non-Promoter,1,True,0.9038325548171997,0.09616745263338089
0,Non-Promoter,0,Non-Promoter,0.8198172450065613,Non-Promoter|Promoter,2,True,0.8198172450065613,0.18018275499343872
0,Non-Promoter,0,Non-Promoter,0.7357036471366882,Non-Promoter|Promoter,2,True,0.7357036471366882,0.2642963230609894
0,Non-Promoter,0,Non-Promoter,0.8246386051177979,Non-Promoter|Promoter,2,True,0.8246386051177979,0.17536140978336334
0,Non-Promoter,0,Non-Promoter,0.8465548753738403,Non-Promoter,1,True,0.8465548753738403,0.15344510972499847
0,Non-Promoter,0,Non-Promoter,0.9168686270713806,Non-Promoter,1,True,0.9168686270713806,0.08313138782978058
0,Non-Promoter,0,Non-Promoter,0.7557836174964905,Non-Promoter|Promoter,2,True,0.7557836174964905,0.24421636760234833
0,Non-Promoter,0,Non-Promoter,0.7396056056022644,Non-Promoter|Promoter,2,True,0.7396056056022644,0.2603943943977356
0,Non-Promoter,0,Non-Promoter,0.8142765760421753,Non-Promoter|Promoter,2,True,0.8142765760421753,0.1857234537601471
0,Non-Promoter,0,Non-Promoter,0.7561850547790527,Non-Promoter|Promoter,2,True,0.7561850547790527,0.24381496012210846
0,Non-Promoter,0,Non-Promoter,0.6620509028434753,Non-Promoter|Promoter,2,True,0.6620509028434753,0.33794909715652466
0,Non-Promoter,0,Non-Promoter,0.7845563888549805,Non-Promoter|Promoter,2,True,0.7845563888549805,0.21544362604618073
0,Non-Promoter,0,Non-Promoter,0.864888072013855,Non-Promoter,1,True,0.864888072013855,0.13511192798614502
0,Non-Promoter,0,Non-Promoter,0.7827812433242798,Non-Promoter|Promoter,2,True,0.7827812433242798,0.21721874177455902
0,Non-Promoter,0,Non-Promoter,0.7600157260894775,Non-Promoter|Promoter,2,True,0.7600157260894775,0.23998431861400604
0,Non-Promoter,0,Non-Promoter,0.7780570387840271,Non-Promoter|Promoter,2,True,0.7780570387840271,0.2219429612159729
0,Non-Promoter,0,Non-Promoter,0.8559737801551819,Non-Promoter,1,True,0.8559737801551819,0.1440262645483017
0,Non-Promoter,1,Promoter,0.7232532501220703,Non-Promoter|Promoter,2,True,0.2767467498779297,0.7232532501220703
0,Non-Promoter,0,Non-Promoter,0.9112682342529297,Non-Promoter,1,True,0.9112682342529297,0.08873172104358673
0,Non-Promoter,0,Non-Promoter,0.8867245316505432,Non-Promoter,1,True,0.8867245316505432,0.11327551305294037
0,Non-Promoter,1,Promoter,0.8824820518493652,Promoter,1,False,0.11751789599657059,0.8824820518493652
0,Non-Promoter,0,Non-Promoter,0.8688368797302246,Non-Promoter,1,True,0.8688368797302246,0.13116313517093658
0,Non-Promoter,0,Non-Promoter,0.6246964931488037,Non-Promoter|Promoter,2,True,0.6246964931488037,0.3753035366535187
0,Non-Promoter,0,Non-Promoter,0.8558233976364136,Non-Promoter,1,True,0.8558233976364136,0.1441766321659088
0,Non-Promoter,1,Promoter,0.9624618887901306,Promoter,1,False,0.03753810003399849,0.9624618887901306
0,Non-Promoter,1,Promoter,0.7996605634689331,Non-Promoter|Promoter,2,True,0.20033946633338928,0.7996605634689331
0,Non-Promoter,0,Non-Promoter,0.9644326567649841,Non-Promoter,1,True,0.9644326567649841,0.03556739166378975
0,Non-Promoter,0,Non-Promoter,0.70011967420578,Non-Promoter|Promoter,2,True,0.70011967420578,0.2998802661895752
0,Non-Promoter,1,Promoter,0.9178295731544495,Promoter,1,False,0.08217041194438934,0.9178295731544495
0,Non-Promoter,0,Non-Promoter,0.8156944513320923,Non-Promoter|Promoter,2,True,0.8156944513320923,0.1843055933713913
0,Non-Promoter,0,Non-Promoter,0.8628110289573669,Non-Promoter,1,True,0.8628110289573669,0.13718892633914948
0,Non-Promoter,0,Non-Promoter,0.9820314645767212,Non-Promoter,1,True,0.9820314645767212,0.01796853169798851
0,Non-Promoter,0,Non-Promoter,0.9245765209197998,Non-Promoter,1,True,0.9245765209197998,0.07542349398136139
0,Non-Promoter,0,Non-Promoter,0.909268856048584,Non-Promoter,1,True,0.909268856048584,0.09073114395141602
0,Non-Promoter,0,Non-Promoter,0.9277556538581848,Non-Promoter,1,True,0.9277556538581848,0.0722443088889122
0,Non-Promoter,1,Promoter,0.5889010429382324,Non-Promoter|Promoter,2,True,0.41109898686408997,0.5889010429382324
0,Non-Promoter,0,Non-Promoter,0.5771899223327637,Non-Promoter|Promoter,2,True,0.5771899223327637,0.42281004786491394
0,Non-Promoter,0,Non-Promoter,0.5297492742538452,Non-Promoter|Promoter,2,True,0.5297492742538452,0.4702507257461548
0,Non-Promoter,1,Promoter,0.5989267230033875,Non-Promoter|Promoter,2,True,0.40107324719429016,0.5989267230033875
0,Non-Promoter,1,Promoter,0.5642015337944031,Non-Promoter|Promoter,2,True,0.43579843640327454,0.5642015337944031
0,Non-Promoter,0,Non-Promoter,0.9722452759742737,Non-Promoter,1,True,0.9722452759742737,0.027754779905080795
0,Non-Promoter,0,Non-Promoter,0.9039917588233948,Non-Promoter,1,True,0.9039917588233948,0.09600818157196045
0,Non-Promoter,0,Non-Promoter,0.8618496060371399,Non-Promoter,1,True,0.8618496060371399,0.1381504386663437
0,Non-Promoter,0,Non-Promoter,0.9669533967971802,Non-Promoter,1,True,0.9669533967971802,0.03304664418101311
0,Non-Promoter,0,Non-Promoter,0.8687989115715027,Non-Promoter,1,True,0.8687989115715027,0.13120104372501373
0,Non-Promoter,0,Non-Promoter,0.7440176606178284,Non-Promoter|Promoter,2,True,0.7440176606178284,0.25598233938217163
0,Non-Promoter,0,Non-Promoter,0.9554876089096069,Non-Promoter,1,True,0.9554876089096069,0.04451237991452217
0,Non-Promoter,0,Non-Promoter,0.8894166946411133,Non-Promoter,1,True,0.8894166946411133,0.1105833351612091
0,Non-Promoter,0,Non-Promoter,0.6332653164863586,Non-Promoter|Promoter,2,True,0.6332653164863586,0.36673468351364136
0,Non-Promoter,0,Non-Promoter,0.9538018107414246,Non-Promoter,1,True,0.9538018107414246,0.04619814082980156
0,Non-Promoter,1,Promoter,0.8711135387420654,Promoter,1,False,0.12888650596141815,0.8711135387420654
0,Non-Promoter,0,Non-Promoter,0.8986690044403076,Non-Promoter,1,True,0.8986690044403076,0.10133103281259537
0,Non-Promoter,0,Non-Promoter,0.944471538066864,Non-Promoter,1,True,0.944471538066864,0.05552853271365166
0,Non-Promoter,0,Non-Promoter,0.9285442233085632,Non-Promoter,1,True,0.9285442233085632,0.0714556947350502
0,Non-Promoter,0,Non-Promoter,0.8719605803489685,Non-Promoter,1,True,0.8719605803489685,0.1280394196510315
0,Non-Promoter,0,Non-Promoter,0.7877415418624878,Non-Promoter|Promoter,2,True,0.7877415418624878,0.21225839853286743
0,Non-Promoter,0,Non-Promoter,0.8771098256111145,Non-Promoter,1,True,0.8771098256111145,0.12289021164178848
0,Non-Promoter,0,Non-Promoter,0.9412575960159302,Non-Promoter,1,True,0.9412575960159302,0.058742374181747437
0,Non-Promoter,0,Non-Promoter,0.6763705015182495,Non-Promoter|Promoter,2,True,0.6763705015182495,0.3236294984817505
0,Non-Promoter,0,Non-Promoter,0.7957904934883118,Non-Promoter|Promoter,2,True,0.7957904934883118,0.20420953631401062
0,Non-Promoter,0,Non-Promoter,0.8288506269454956,Non-Promoter|Promoter,2,True,0.8288506269454956,0.1711493581533432
0,Non-Promoter,1,Promoter,0.5250856876373291,Non-Promoter|Promoter,2,True,0.4749143421649933,0.5250856876373291
0,Non-Promoter,0,Non-Promoter,0.7807314395904541,Non-Promoter|Promoter,2,True,0.7807314395904541,0.2192685306072235
0,Non-Promoter,0,Non-Promoter,0.9527366757392883,Non-Promoter,1,True,0.9527366757392883,0.04726339131593704
0,Non-Promoter,0,Non-Promoter,0.9396520256996155,Non-Promoter,1,True,0.9396520256996155,0.060348011553287506
0,Non-Promoter,0,Non-Promoter,0.6334637999534607,Non-Promoter|Promoter,2,True,0.6334637999534607,0.3665361702442169
0,Non-Promoter,1,Promoter,0.5548375844955444,Non-Promoter|Promoter,2,True,0.44516244530677795,0.5548375844955444
0,Non-Promoter,0,Non-Promoter,0.8318181037902832,Non-Promoter|Promoter,2,True,0.8318181037902832,0.1681818962097168
0,Non-Promoter,0,Non-Promoter,0.5657739639282227,Non-Promoter|Promoter,2,True,0.5657739639282227,0.43422603607177734
0,Non-Promoter,0,Non-Promoter,0.7607687711715698,Non-Promoter|Promoter,2,True,0.7607687711715698,0.23923124372959137
0,Non-Promoter,0,Non-Promoter,0.9472278356552124,Non-Promoter,1,True,0.9472278356552124,0.05277222394943237
0,Non-Promoter,0,Non-Promoter,0.5780043005943298,Non-Promoter|Promoter,2,True,0.5780043005943298,0.4219956696033478
0,Non-Promoter,1,Promoter,0.7127341628074646,Non-Promoter|Promoter,2,True,0.2872658371925354,0.7127341628074646
0,Non-Promoter,0,Non-Promoter,0.9165188074111938,Non-Promoter,1,True,0.9165188074111938,0.08348117023706436
0,Non-Promoter,1,Promoter,0.5668449401855469,Non-Promoter|Promoter,2,True,0.4331550896167755,0.5668449401855469
0,Non-Promoter,1,Promoter,0.5058907866477966,Non-Promoter|Promoter,2,True,0.494109183549881,0.5058907866477966
0,Non-Promoter,0,Non-Promoter,0.6798400282859802,Non-Promoter|Promoter,2,True,0.6798400282859802,0.3201599717140198
0,Non-Promoter,0,Non-Promoter,0.5833849906921387,Non-Promoter|Promoter,2,True,0.5833849906921387,0.41661497950553894
0,Non-Promoter,0,Non-Promoter,0.9713947772979736,Non-Promoter,1,True,0.9713947772979736,0.02860516868531704
0,Non-Promoter,1,Promoter,0.8031880259513855,Non-Promoter|Promoter,2,True,0.19681201875209808,0.8031880259513855
0,Non-Promoter,1,Promoter,0.6283560991287231,Non-Promoter|Promoter,2,True,0.37164390087127686,0.6283560991287231
0,Non-Promoter,1,Promoter,0.6023327708244324,Non-Promoter|Promoter,2,True,0.3976672887802124,0.6023327708244324
0,Non-Promoter,0,Non-Promoter,0.815890371799469,Non-Promoter|Promoter,2,True,0.815890371799469,0.1841096431016922
0,Non-Promoter,1,Promoter,0.8419474363327026,Promoter,1,False,0.1580525040626526,0.8419474363327026
0,Non-Promoter,0,Non-Promoter,0.8542660474777222,Non-Promoter,1,True,0.8542660474777222,0.14573393762111664
0,Non-Promoter,0,Non-Promoter,0.7534428834915161,Non-Promoter|Promoter,2,True,0.7534428834915161,0.2465570718050003
0,Non-Promoter,0,Non-Promoter,0.710700511932373,Non-Promoter|Promoter,2,True,0.710700511932373,0.28929945826530457
0,Non-Promoter,0,Non-Promoter,0.954201877117157,Non-Promoter,1,True,0.954201877117157,0.04579811543226242
0,Non-Promoter,0,Non-Promoter,0.5033057928085327,Non-Promoter|Promoter,2,True,0.5033057928085327,0.4966941773891449
0,Non-Promoter,0,Non-Promoter,0.6039731502532959,Non-Promoter|Promoter,2,True,0.6039731502532959,0.3960268199443817
0,Non-Promoter,0,Non-Promoter,0.6991861462593079,Non-Promoter|Promoter,2,True,0.6991861462593079,0.3008138835430145
0,Non-Promoter,0,Non-Promoter,0.8926122784614563,Non-Promoter,1,True,0.8926122784614563,0.10738766193389893
0,Non-Promoter,0,Non-Promoter,0.5366398096084595,Non-Promoter|Promoter,2,True,0.5366398096084595,0.4633601903915405
0,Non-Promoter,0,Non-Promoter,0.9103158712387085,Non-Promoter,1,True,0.9103158712387085,0.08968418091535568
0,Non-Promoter,0,Non-Promoter,0.7988949418067932,Non-Promoter|Promoter,2,True,0.7988949418067932,0.2011050134897232
0,Non-Promoter,0,Non-Promoter,0.8016591668128967,Non-Promoter|Promoter,2,True,0.8016591668128967,0.19834081828594208
0,Non-Promoter,0,Non-Promoter,0.8346930146217346,Non-Promoter|Promoter,2,True,0.8346930146217346,0.16530703008174896
0,Non-Promoter,0,Non-Promoter,0.858148992061615,Non-Promoter,1,True,0.858148992061615,0.14185099303722382
0,Non-Promoter,0,Non-Promoter,0.894324779510498,Non-Promoter,1,True,0.894324779510498,0.10567524284124374
0,Non-Promoter,0,Non-Promoter,0.9603861570358276,Non-Promoter,1,True,0.9603861570358276,0.039613887667655945
0,Non-Promoter,1,Promoter,0.650458574295044,Non-Promoter|Promoter,2,True,0.3495413661003113,0.650458574295044
0,Non-Promoter,0,Non-Promoter,0.7904184460639954,Non-Promoter|Promoter,2,True,0.7904184460639954,0.20958159863948822
0,Non-Promoter,0,Non-Promoter,0.701812744140625,Non-Promoter|Promoter,2,True,0.701812744140625,0.29818716645240784
0,Non-Promoter,0,Non-Promoter,0.9412422776222229,Non-Promoter,1,True,0.9412422776222229,0.0587577261030674
0,Non-Promoter,0,Non-Promoter,0.788432776927948,Non-Promoter|Promoter,2,True,0.788432776927948,0.2115672528743744
0,Non-Promoter,0,Non-Promoter,0.9211582541465759,Non-Promoter,1,True,0.9211582541465759,0.0788416936993599
0,Non-Promoter,0,Non-Promoter,0.7642347812652588,Non-Promoter|Promoter,2,True,0.7642347812652588,0.2357652187347412
0,Non-Promoter,0,Non-Promoter,0.6712014675140381,Non-Promoter|Promoter,2,True,0.6712014675140381,0.3287985622882843
0,Non-Promoter,0,Non-Promoter,0.8824585676193237,Non-Promoter,1,True,0.8824585676193237,0.11754141002893448
0,Non-Promoter,1,Promoter,0.9149188995361328,Promoter,1,False,0.0850810706615448,0.9149188995361328
0,Non-Promoter,0,Non-Promoter,0.7371537685394287,Non-Promoter|Promoter,2,True,0.7371537685394287,0.2628462612628937
0,Non-Promoter,0,Non-Promoter,0.5898110866546631,Non-Promoter|Promoter,2,True,0.5898110866546631,0.4101888835430145
0,Non-Promoter,0,Non-Promoter,0.8391030430793762,Non-Promoter,1,True,0.8391030430793762,0.1608969271183014
0,Non-Promoter,0,Non-Promoter,0.8341480493545532,Non-Promoter|Promoter,2,True,0.8341480493545532,0.16585196554660797
0,Non-Promoter,0,Non-Promoter,0.8638493418693542,Non-Promoter,1,True,0.8638493418693542,0.13615061342716217
0,Non-Promoter,1,Promoter,0.5243237018585205,Non-Promoter|Promoter,2,True,0.4756762683391571,0.5243237018585205
0,Non-Promoter,1,Promoter,0.8215410709381104,Non-Promoter|Promoter,2,True,0.17845895886421204,0.8215410709381104
0,Non-Promoter,0,Non-Promoter,0.9420202374458313,Non-Promoter,1,True,0.9420202374458313,0.057979781180620193
0,Non-Promoter,0,Non-Promoter,0.557462215423584,Non-Promoter|Promoter,2,True,0.557462215423584,0.4425378143787384
0,Non-Promoter,0,Non-Promoter,0.8305684924125671,Non-Promoter|Promoter,2,True,0.8305684924125671,0.16943150758743286
0,Non-Promoter,0,Non-Promoter,0.7046886086463928,Non-Promoter|Promoter,2,True,0.7046886086463928,0.29531142115592957
0,Non-Promoter,0,Non-Promoter,0.7981570363044739,Non-Promoter|Promoter,2,True,0.7981570363044739,0.20184297859668732
0,Non-Promoter,1,Promoter,0.533151388168335,Non-Promoter|Promoter,2,True,0.4668486416339874,0.533151388168335
0,Non-Promoter,0,Non-Promoter,0.5776865482330322,Non-Promoter|Promoter,2,True,0.5776865482330322,0.4223134219646454
0,Non-Promoter,0,Non-Promoter,0.795047402381897,Non-Promoter|Promoter,2,True,0.795047402381897,0.20495256781578064
0,Non-Promoter,0,Non-Promoter,0.8926271200180054,Non-Promoter,1,True,0.8926271200180054,0.10737287998199463
0,Non-Promoter,0,Non-Promoter,0.5686386227607727,Non-Promoter|Promoter,2,True,0.5686386227607727,0.4313613176345825
0,Non-Promoter,0,Non-Promoter,0.9785934686660767,Non-Promoter,1,True,0.9785934686660767,0.021406468003988266
0,Non-Promoter,0,Non-Promoter,0.7886976599693298,Non-Promoter|Promoter,2,True,0.7886976599693298,0.21130232512950897
0,Non-Promoter,0,Non-Promoter,0.8112897872924805,Non-Promoter|Promoter,2,True,0.8112897872924805,0.1887102723121643
0,Non-Promoter,0,Non-Promoter,0.9612804651260376,Non-Promoter,1,True,0.9612804651260376,0.03871950879693031
0,Non-Promoter,1,Promoter,0.6164778470993042,Non-Promoter|Promoter,2,True,0.3835221529006958,0.6164778470993042
0,Non-Promoter,0,Non-Promoter,0.7857509255409241,Non-Promoter|Promoter,2,True,0.7857509255409241,0.21424908936023712
0,Non-Promoter,0,Non-Promoter,0.8888866305351257,Non-Promoter,1,True,0.8888866305351257,0.11111339926719666
0,Non-Promoter,0,Non-Promoter,0.7220515012741089,Non-Promoter|Promoter,2,True,0.7220515012741089,0.2779485583305359
0,Non-Promoter,0,Non-Promoter,0.5779585838317871,Non-Promoter|Promoter,2,True,0.5779585838317871,0.4220413863658905
0,Non-Promoter,0,Non-Promoter,0.9307152032852173,Non-Promoter,1,True,0.9307152032852173,0.06928472965955734
0,Non-Promoter,0,Non-Promoter,0.9590823650360107,Non-Promoter,1,True,0.9590823650360107,0.04091764613986015
0,Non-Promoter,0,Non-Promoter,0.9260716438293457,Non-Promoter,1,True,0.9260716438293457,0.0739283338189125
0,Non-Promoter,0,Non-Promoter,0.8694738149642944,Non-Promoter,1,True,0.8694738149642944,0.13052618503570557
0,Non-Promoter,0,Non-Promoter,0.755069375038147,Non-Promoter|Promoter,2,True,0.755069375038147,0.24493061006069183
0,Non-Promoter,0,Non-Promoter,0.5830249786376953,Non-Promoter|Promoter,2,True,0.5830249786376953,0.4169750511646271
0,Non-Promoter,0,Non-Promoter,0.9208728075027466,Non-Promoter,1,True,0.9208728075027466,0.0791272297501564
0,Non-Promoter,0,Non-Promoter,0.5565264821052551,Non-Promoter|Promoter,2,True,0.5565264821052551,0.44347354769706726
0,Non-Promoter,0,Non-Promoter,0.7460228204727173,Non-Promoter|Promoter,2,True,0.7460228204727173,0.2539771795272827
0,Non-Promoter,0,Non-Promoter,0.9832847714424133,Non-Promoter,1,True,0.9832847714424133,0.016715168952941895
0,Non-Promoter,1,Promoter,0.9833176136016846,Promoter,1,False,0.016682332381606102,0.9833176136016846
0,Non-Promoter,1,Promoter,0.8707379102706909,Promoter,1,False,0.12926211953163147,0.8707379102706909
0,Non-Promoter,0,Non-Promoter,0.8702756762504578,Non-Promoter,1,True,0.8702756762504578,0.129724383354187
0,Non-Promoter,0,Non-Promoter,0.7980467677116394,Non-Promoter|Promoter,2,True,0.7980467677116394,0.20195317268371582
0,Non-Promoter,0,Non-Promoter,0.8150057196617126,Non-Promoter|Promoter,2,True,0.8150057196617126,0.18499420583248138
0,Non-Promoter,0,Non-Promoter,0.5229995250701904,Non-Promoter|Promoter,2,True,0.5229995250701904,0.47700047492980957
0,Non-Promoter,0,Non-Promoter,0.7682713866233826,Non-Promoter|Promoter,2,True,0.7682713866233826,0.23172858357429504
0,Non-Promoter,0,Non-Promoter,0.5958148837089539,Non-Promoter|Promoter,2,True,0.5958148837089539,0.40418508648872375
0,Non-Promoter,1,Promoter,0.5975801348686218,Non-Promoter|Promoter,2,True,0.402419775724411,0.5975801348686218
0,Non-Promoter,0,Non-Promoter,0.8346347808837891,Non-Promoter|Promoter,2,True,0.8346347808837891,0.16536523401737213
0,Non-Promoter,0,Non-Promoter,0.5909339189529419,Non-Promoter|Promoter,2,True,0.5909339189529419,0.4090660810470581
0,Non-Promoter,0,Non-Promoter,0.7791639566421509,Non-Promoter|Promoter,2,True,0.7791639566421509,0.22083601355552673
0,Non-Promoter,0,Non-Promoter,0.782270073890686,Non-Promoter|Promoter,2,True,0.782270073890686,0.21772995591163635
0,Non-Promoter,0,Non-Promoter,0.9014531970024109,Non-Promoter,1,True,0.9014531970024109,0.0985468178987503
0,Non-Promoter,0,Non-Promoter,0.8772084712982178,Non-Promoter,1,True,0.8772084712982178,0.12279144674539566
0,Non-Promoter,0,Non-Promoter,0.8549503087997437,Non-Promoter,1,True,0.8549503087997437,0.14504975080490112
0,Non-Promoter,0,Non-Promoter,0.5770729184150696,Non-Promoter|Promoter,2,True,0.5770729184150696,0.4229271113872528
0,Non-Promoter,0,Non-Promoter,0.9366875290870667,Non-Promoter,1,True,0.9366875290870667,0.06331254541873932
0,Non-Promoter,0,Non-Promoter,0.9299203753471375,Non-Promoter,1,True,0.9299203753471375,0.07007962465286255
0,Non-Promoter,1,Promoter,0.516341507434845,Non-Promoter|Promoter,2,True,0.48365846276283264,0.516341507434845
0,Non-Promoter,0,Non-Promoter,0.8085077404975891,Non-Promoter|Promoter,2,True,0.8085077404975891,0.19149227440357208
0,Non-Promoter,0,Non-Promoter,0.752348005771637,Non-Promoter|Promoter,2,True,0.752348005771637,0.24765197932720184
0,Non-Promoter,0,Non-Promoter,0.8090292811393738,Non-Promoter|Promoter,2,True,0.8090292811393738,0.19097068905830383
0,Non-Promoter,0,Non-Promoter,0.8604952096939087,Non-Promoter,1,True,0.8604952096939087,0.13950484991073608
0,Non-Promoter,0,Non-Promoter,0.5210859775543213,Non-Promoter|Promoter,2,True,0.5210859775543213,0.4789140224456787
0,Non-Promoter,0,Non-Promoter,0.7590739727020264,Non-Promoter|Promoter,2,True,0.7590739727020264,0.24092599749565125
0,Non-Promoter,0,Non-Promoter,0.68475741147995,Non-Promoter|Promoter,2,True,0.68475741147995,0.31524261832237244
0,Non-Promoter,0,Non-Promoter,0.8778241872787476,Non-Promoter,1,True,0.8778241872787476,0.12217587232589722
0,Non-Promoter,0,Non-Promoter,0.6595830917358398,Non-Promoter|Promoter,2,True,0.6595830917358398,0.34041687846183777
0,Non-Promoter,0,Non-Promoter,0.9306970238685608,Non-Promoter,1,True,0.9306970238685608,0.0693029835820198
0,Non-Promoter,0,Non-Promoter,0.878801703453064,Non-Promoter,1,True,0.878801703453064,0.12119823694229126
0,Non-Promoter,0,Non-Promoter,0.9652670621871948,Non-Promoter,1,True,0.9652670621871948,0.03473294526338577
0,Non-Promoter,0,Non-Promoter,0.9548472166061401,Non-Promoter,1,True,0.9548472166061401,0.04515272378921509
0,Non-Promoter,0,Non-Promoter,0.855265200138092,Non-Promoter,1,True,0.855265200138092,0.14473475515842438
0,Non-Promoter,1,Promoter,0.6544893383979797,Non-Promoter|Promoter,2,True,0.34551072120666504,0.6544893383979797
0,Non-Promoter,1,Promoter,0.7769120931625366,Non-Promoter|Promoter,2,True,0.22308793663978577,0.7769120931625366
0,Non-Promoter,0,Non-Promoter,0.8390908241271973,Non-Promoter,1,True,0.8390908241271973,0.1609092503786087
0,Non-Promoter,0,Non-Promoter,0.791789710521698,Non-Promoter|Promoter,2,True,0.791789710521698,0.208210289478302
0,Non-Promoter,0,Non-Promoter,0.8287848234176636,Non-Promoter|Promoter,2,True,0.8287848234176636,0.17121517658233643
0,Non-Promoter,0,Non-Promoter,0.90752112865448,Non-Promoter,1,True,0.90752112865448,0.09247881919145584
0,Non-Promoter,0,Non-Promoter,0.725795328617096,Non-Promoter|Promoter,2,True,0.725795328617096,0.27420467138290405
0,Non-Promoter,0,Non-Promoter,0.8974677920341492,Non-Promoter,1,True,0.8974677920341492,0.10253220796585083
0,Non-Promoter,0,Non-Promoter,0.7259632349014282,Non-Promoter|Promoter,2,True,0.7259632349014282,0.27403679490089417
0,Non-Promoter,0,Non-Promoter,0.9189295172691345,Non-Promoter,1,True,0.9189295172691345,0.08107053488492966
0,Non-Promoter,0,Non-Promoter,0.66900634765625,Non-Promoter|Promoter,2,True,0.66900634765625,0.33099356293678284
0,Non-Promoter,0,Non-Promoter,0.9710819721221924,Non-Promoter,1,True,0.9710819721221924,0.028918003663420677
0,Non-Promoter,1,Promoter,0.6650832891464233,Non-Promoter|Promoter,2,True,0.3349166810512543,0.6650832891464233
0,Non-Promoter,1,Promoter,0.6690753102302551,Non-Promoter|Promoter,2,True,0.3309246897697449,0.6690753102302551
0,Non-Promoter,0,Non-Promoter,0.6974721550941467,Non-Promoter|Promoter,2,True,0.6974721550941467,0.30252787470817566
0,Non-Promoter,1,Promoter,0.6295009255409241,Non-Promoter|Promoter,2,True,0.37049904465675354,0.6295009255409241
0,Non-Promoter,0,Non-Promoter,0.6800952553749084,Non-Promoter|Promoter,2,True,0.6800952553749084,0.31990474462509155
0,Non-Promoter,1,Promoter,0.7566523551940918,Non-Promoter|Promoter,2,True,0.24334761500358582,0.7566523551940918
0,Non-Promoter,0,Non-Promoter,0.7498815059661865,Non-Promoter|Promoter,2,True,0.7498815059661865,0.25011852383613586
0,Non-Promoter,0,Non-Promoter,0.6288731694221497,Non-Promoter|Promoter,2,True,0.6288731694221497,0.3711269199848175
0,Non-Promoter,0,Non-Promoter,0.5869590044021606,Non-Promoter|Promoter,2,True,0.5869590044021606,0.41304096579551697
0,Non-Promoter,0,Non-Promoter,0.747250497341156,Non-Promoter|Promoter,2,True,0.747250497341156,0.252749502658844
0,Non-Promoter,1,Promoter,0.7889162302017212,Non-Promoter|Promoter,2,True,0.21108372509479523,0.7889162302017212
0,Non-Promoter,0,Non-Promoter,0.9397261142730713,Non-Promoter,1,True,0.9397261142730713,0.060273900628089905
0,Non-Promoter,0,Non-Promoter,0.876384973526001,Non-Promoter,1,True,0.876384973526001,0.12361506372690201
0,Non-Promoter,0,Non-Promoter,0.5337927341461182,Non-Promoter|Promoter,2,True,0.5337927341461182,0.4662073254585266
0,Non-Promoter,1,Promoter,0.6253558397293091,Non-Promoter|Promoter,2,True,0.3746442198753357,0.6253558397293091
0,Non-Promoter,0,Non-Promoter,0.8944947123527527,Non-Promoter,1,True,0.8944947123527527,0.10550526529550552
0,Non-Promoter,0,Non-Promoter,0.8538736701011658,Non-Promoter,1,True,0.8538736701011658,0.14612631499767303
0,Non-Promoter,0,Non-Promoter,0.9515208601951599,Non-Promoter,1,True,0.9515208601951599,0.04847915098071098
0,Non-Promoter,0,Non-Promoter,0.8628911972045898,Non-Promoter,1,True,0.8628911972045898,0.13710883259773254
0,Non-Promoter,0,Non-Promoter,0.8467783331871033,Non-Promoter,1,True,0.8467783331871033,0.15322168171405792
0,Non-Promoter,0,Non-Promoter,0.6349881291389465,Non-Promoter|Promoter,2,True,0.6349881291389465,0.3650118410587311
0,Non-Promoter,0,Non-Promoter,0.5548881888389587,Non-Promoter|Promoter,2,True,0.5548881888389587,0.44511184096336365
0,Non-Promoter,0,Non-Promoter,0.6815662980079651,Non-Promoter|Promoter,2,True,0.6815662980079651,0.3184337615966797
0,Non-Promoter,0,Non-Promoter,0.7422105669975281,Non-Promoter|Promoter,2,True,0.7422105669975281,0.25778937339782715
0,Non-Promoter,0,Non-Promoter,0.9106827974319458,Non-Promoter,1,True,0.9106827974319458,0.08931724727153778
0,Non-Promoter,0,Non-Promoter,0.8385545015335083,Non-Promoter,1,True,0.8385545015335083,0.1614455133676529
0,Non-Promoter,0,Non-Promoter,0.8758023977279663,Non-Promoter,1,True,0.8758023977279663,0.1241975650191307
0,Non-Promoter,1,Promoter,0.9619264006614685,Promoter,1,False,0.03807358071208,0.9619264006614685
0,Non-Promoter,0,Non-Promoter,0.6309841275215149,Non-Promoter|Promoter,2,True,0.6309841275215149,0.3690158426761627
0,Non-Promoter,0,Non-Promoter,0.5669019222259521,Non-Promoter|Promoter,2,True,0.5669019222259521,0.4330979883670807
0,Non-Promoter,0,Non-Promoter,0.7911879420280457,Non-Promoter|Promoter,2,True,0.7911879420280457,0.20881211757659912
0,Non-Promoter,0,Non-Promoter,0.8866022825241089,Non-Promoter,1,True,0.8866022825241089,0.11339768767356873
0,Non-Promoter,0,Non-Promoter,0.5187341570854187,Non-Promoter|Promoter,2,True,0.5187341570854187,0.4812658131122589
0,Non-Promoter,1,Promoter,0.647263765335083,Non-Promoter|Promoter,2,True,0.352736234664917,0.647263765335083
0,Non-Promoter,0,Non-Promoter,0.9215564131736755,Non-Promoter,1,True,0.9215564131736755,0.07844357937574387
0,Non-Promoter,1,Promoter,0.6935296058654785,Non-Promoter|Promoter,2,True,0.3064703643321991,0.6935296058654785
0,Non-Promoter,0,Non-Promoter,0.965366005897522,Non-Promoter,1,True,0.965366005897522,0.034633930772542953
0,Non-Promoter,0,Non-Promoter,0.8081638813018799,Non-Promoter|Promoter,2,True,0.8081638813018799,0.19183605909347534
0,Non-Promoter,0,Non-Promoter,0.8431084752082825,Non-Promoter,1,True,0.8431084752082825,0.15689155459403992
0,Non-Promoter,0,Non-Promoter,0.8663953542709351,Non-Promoter,1,True,0.8663953542709351,0.13360460102558136
0,Non-Promoter,1,Promoter,0.7252928018569946,Non-Promoter|Promoter,2,True,0.27470719814300537,0.7252928018569946
0,Non-Promoter,0,Non-Promoter,0.762339174747467,Non-Promoter|Promoter,2,True,0.762339174747467,0.23766078054904938
0,Non-Promoter,0,Non-Promoter,0.8921232223510742,Non-Promoter,1,True,0.8921232223510742,0.1078767254948616
0,Non-Promoter,0,Non-Promoter,0.865943193435669,Non-Promoter,1,True,0.865943193435669,0.13405685126781464
0,Non-Promoter,0,Non-Promoter,0.8763880729675293,Non-Promoter,1,True,0.8763880729675293,0.12361188232898712
0,Non-Promoter,0,Non-Promoter,0.9175060987472534,Non-Promoter,1,True,0.9175060987472534,0.0824938490986824
0,Non-Promoter,0,Non-Promoter,0.8840023875236511,Non-Promoter,1,True,0.8840023875236511,0.11599760502576828
0,Non-Promoter,1,Promoter,0.9114412069320679,Promoter,1,False,0.08855876326560974,0.9114412069320679
0,Non-Promoter,0,Non-Promoter,0.663104236125946,Non-Promoter|Promoter,2,True,0.663104236125946,0.33689582347869873
0,Non-Promoter,0,Non-Promoter,0.8933522701263428,Non-Promoter,1,True,0.8933522701263428,0.1066477969288826
0,Non-Promoter,0,Non-Promoter,0.8517642021179199,Non-Promoter,1,True,0.8517642021179199,0.14823581278324127
0,Non-Promoter,0,Non-Promoter,0.7552792429924011,Non-Promoter|Promoter,2,True,0.7552792429924011,0.24472074210643768
0,Non-Promoter,0,Non-Promoter,0.5230181813240051,Non-Promoter|Promoter,2,True,0.5230181813240051,0.4769818186759949
0,Non-Promoter,0,Non-Promoter,0.9421617984771729,Non-Promoter,1,True,0.9421617984771729,0.057838182896375656
0,Non-Promoter,0,Non-Promoter,0.6833509802818298,Non-Promoter|Promoter,2,True,0.6833509802818298,0.31664904952049255
0,Non-Promoter,1,Promoter,0.8842794895172119,Promoter,1,False,0.11572042852640152,0.8842794895172119
0,Non-Promoter,0,Non-Promoter,0.6096238493919373,Non-Promoter|Promoter,2,True,0.6096238493919373,0.3903762102127075
0,Non-Promoter,1,Promoter,0.5665827393531799,Non-Promoter|Promoter,2,True,0.4334171712398529,0.5665827393531799
0,Non-Promoter,0,Non-Promoter,0.7971634268760681,Non-Promoter|Promoter,2,True,0.7971634268760681,0.2028365433216095
0,Non-Promoter,0,Non-Promoter,0.7895569801330566,Non-Promoter|Promoter,2,True,0.7895569801330566,0.21044300496578217
0,Non-Promoter,0,Non-Promoter,0.906284749507904,Non-Promoter,1,True,0.906284749507904,0.09371528029441833
0,Non-Promoter,0,Non-Promoter,0.6641828417778015,Non-Promoter|Promoter,2,True,0.6641828417778015,0.3358171880245209
0,Non-Promoter,0,Non-Promoter,0.8671815395355225,Non-Promoter,1,True,0.8671815395355225,0.13281847536563873
0,Non-Promoter,0,Non-Promoter,0.65034419298172,Non-Promoter|Promoter,2,True,0.65034419298172,0.3496558368206024
0,Non-Promoter,0,Non-Promoter,0.8580420017242432,Non-Promoter,1,True,0.8580420017242432,0.14195796847343445
0,Non-Promoter,0,Non-Promoter,0.8005514740943909,Non-Promoter|Promoter,2,True,0.8005514740943909,0.19944852590560913
0,Non-Promoter,1,Promoter,0.6540358662605286,Non-Promoter|Promoter,2,True,0.34596410393714905,0.6540358662605286
0,Non-Promoter,0,Non-Promoter,0.8233511447906494,Non-Promoter|Promoter,2,True,0.8233511447906494,0.17664887011051178
0,Non-Promoter,0,Non-Promoter,0.6069746017456055,Non-Promoter|Promoter,2,True,0.6069746017456055,0.39302539825439453
0,Non-Promoter,0,Non-Promoter,0.5230405330657959,Non-Promoter|Promoter,2,True,0.5230405330657959,0.4769594371318817
0,Non-Promoter,0,Non-Promoter,0.931636393070221,Non-Promoter,1,True,0.931636393070221,0.06836355477571487
0,Non-Promoter,0,Non-Promoter,0.8832556009292603,Non-Promoter,1,True,0.8832556009292603,0.11674436181783676
0,Non-Promoter,0,Non-Promoter,0.8170151114463806,Non-Promoter|Promoter,2,True,0.8170151114463806,0.18298490345478058
0,Non-Promoter,0,Non-Promoter,0.5240842700004578,Non-Promoter|Promoter,2,True,0.5240842700004578,0.47591572999954224
0,Non-Promoter,0,Non-Promoter,0.8478168249130249,Non-Promoter,1,True,0.8478168249130249,0.15218326449394226
0,Non-Promoter,0,Non-Promoter,0.707669198513031,Non-Promoter|Promoter,2,True,0.707669198513031,0.2923308312892914
0,Non-Promoter,0,Non-Promoter,0.8688626885414124,Non-Promoter,1,True,0.8688626885414124,0.13113723695278168
0,Non-Promoter,0,Non-Promoter,0.9126774072647095,Non-Promoter,1,True,0.9126774072647095,0.08732260763645172
0,Non-Promoter,0,Non-Promoter,0.936793863773346,Non-Promoter,1,True,0.936793863773346,0.06320609897375107
0,Non-Promoter,1,Promoter,0.5848409533500671,Non-Promoter|Promoter,2,True,0.4151590168476105,0.5848409533500671
0,Non-Promoter,1,Promoter,0.8429986834526062,Promoter,1,False,0.1570013165473938,0.8429986834526062
0,Non-Promoter,0,Non-Promoter,0.6205714344978333,Non-Promoter|Promoter,2,True,0.6205714344978333,0.379428505897522
0,Non-Promoter,0,Non-Promoter,0.8686791062355042,Non-Promoter,1,True,0.8686791062355042,0.13132095336914062
0,Non-Promoter,0,Non-Promoter,0.9450041651725769,Non-Promoter,1,True,0.9450041651725769,0.05499591305851936
0,Non-Promoter,1,Promoter,0.535377562046051,Non-Promoter|Promoter,2,True,0.46462246775627136,0.535377562046051
0,Non-Promoter,0,Non-Promoter,0.6768286824226379,Non-Promoter|Promoter,2,True,0.6768286824226379,0.32317131757736206
0,Non-Promoter,0,Non-Promoter,0.8689406514167786,Non-Promoter,1,True,0.8689406514167786,0.13105930387973785
0,Non-Promoter,0,Non-Promoter,0.850649356842041,Non-Promoter,1,True,0.850649356842041,0.14935064315795898
0,Non-Promoter,0,Non-Promoter,0.9401796460151672,Non-Promoter,1,True,0.9401796460151672,0.059820353984832764
0,Non-Promoter,0,Non-Promoter,0.8105019330978394,Non-Promoter|Promoter,2,True,0.8105019330978394,0.18949808180332184
0,Non-Promoter,1,Promoter,0.7221199870109558,Non-Promoter|Promoter,2,True,0.2778800427913666,0.7221199870109558
0,Non-Promoter,0,Non-Promoter,0.8165112733840942,Non-Promoter|Promoter,2,True,0.8165112733840942,0.18348878622055054
0,Non-Promoter,0,Non-Promoter,0.5509073734283447,Non-Promoter|Promoter,2,True,0.5509073734283447,0.44909268617630005
0,Non-Promoter,0,Non-Promoter,0.9012388586997986,Non-Promoter,1,True,0.9012388586997986,0.09876115620136261
0,Non-Promoter,1,Promoter,0.6796754002571106,Non-Promoter|Promoter,2,True,0.3203245997428894,0.6796754002571106
0,Non-Promoter,0,Non-Promoter,0.9489161968231201,Non-Promoter,1,True,0.9489161968231201,0.051083751022815704
0,Non-Promoter,0,Non-Promoter,0.9149927496910095,Non-Promoter,1,True,0.9149927496910095,0.08500726521015167
0,Non-Promoter,0,Non-Promoter,0.9070790410041809,Non-Promoter,1,True,0.9070790410041809,0.09292096644639969
0,Non-Promoter,1,Promoter,0.6146949529647827,Non-Promoter|Promoter,2,True,0.3853050172328949,0.6146949529647827
0,Non-Promoter,1,Promoter,0.7280572056770325,Non-Promoter|Promoter,2,True,0.2719428241252899,0.7280572056770325
0,Non-Promoter,0,Non-Promoter,0.9028624892234802,Non-Promoter,1,True,0.9028624892234802,0.09713757038116455
0,Non-Promoter,1,Promoter,0.5524706244468689,Non-Promoter|Promoter,2,True,0.4475294351577759,0.5524706244468689
0,Non-Promoter,0,Non-Promoter,0.9348601698875427,Non-Promoter,1,True,0.9348601698875427,0.06513979285955429
0,Non-Promoter,0,Non-Promoter,0.5899884700775146,Non-Promoter|Promoter,2,True,0.5899884700775146,0.41001155972480774
0,Non-Promoter,0,Non-Promoter,0.8930465579032898,Non-Promoter,1,True,0.8930465579032898,0.10695341974496841
0,Non-Promoter,0,Non-Promoter,0.6553109884262085,Non-Promoter|Promoter,2,True,0.6553109884262085,0.3446889817714691
0,Non-Promoter,0,Non-Promoter,0.9213008284568787,Non-Promoter,1,True,0.9213008284568787,0.07869912683963776
0,Non-Promoter,0,Non-Promoter,0.9174315929412842,Non-Promoter,1,True,0.9174315929412842,0.08256839215755463
0,Non-Promoter,1,Promoter,0.7008228302001953,Non-Promoter|Promoter,2,True,0.29917722940444946,0.7008228302001953
0,Non-Promoter,0,Non-Promoter,0.6546074151992798,Non-Promoter|Promoter,2,True,0.6546074151992798,0.3453925848007202
0,Non-Promoter,0,Non-Promoter,0.8929986357688904,Non-Promoter,1,True,0.8929986357688904,0.10700136423110962
0,Non-Promoter,0,Non-Promoter,0.9742912650108337,Non-Promoter,1,True,0.9742912650108337,0.02570870704948902
0,Non-Promoter,0,Non-Promoter,0.929044246673584,Non-Promoter,1,True,0.929044246673584,0.07095576822757721
0,Non-Promoter,1,Promoter,0.6674684286117554,Non-Promoter|Promoter,2,True,0.33253151178359985,0.6674684286117554
0,Non-Promoter,1,Promoter,0.8093303442001343,Non-Promoter|Promoter,2,True,0.19066965579986572,0.8093303442001343
0,Non-Promoter,0,Non-Promoter,0.7788360714912415,Non-Promoter|Promoter,2,True,0.7788360714912415,0.22116391360759735
0,Non-Promoter,0,Non-Promoter,0.5257787108421326,Non-Promoter|Promoter,2,True,0.5257787108421326,0.47422128915786743
0,Non-Promoter,0,Non-Promoter,0.7332125902175903,Non-Promoter|Promoter,2,True,0.7332125902175903,0.26678743958473206
0,Non-Promoter,0,Non-Promoter,0.9140298962593079,Non-Promoter,1,True,0.9140298962593079,0.08597005903720856
0,Non-Promoter,0,Non-Promoter,0.6567909121513367,Non-Promoter|Promoter,2,True,0.6567909121513367,0.34320905804634094
0,Non-Promoter,0,Non-Promoter,0.6147071123123169,Non-Promoter|Promoter,2,True,0.6147071123123169,0.3852928578853607
0,Non-Promoter,0,Non-Promoter,0.5811417698860168,Non-Promoter|Promoter,2,True,0.5811417698860168,0.41885825991630554
0,Non-Promoter,0,Non-Promoter,0.8511095643043518,Non-Promoter,1,True,0.8511095643043518,0.14889049530029297
0,Non-Promoter,0,Non-Promoter,0.5796694159507751,Non-Promoter|Promoter,2,True,0.5796694159507751,0.42033055424690247
0,Non-Promoter,0,Non-Promoter,0.7830301523208618,Non-Promoter|Promoter,2,True,0.7830301523208618,0.21696987748146057
0,Non-Promoter,0,Non-Promoter,0.965735912322998,Non-Promoter,1,True,0.965735912322998,0.03426409885287285
0,Non-Promoter,0,Non-Promoter,0.7815504670143127,Non-Promoter|Promoter,2,True,0.7815504670143127,0.21844956278800964
0,Non-Promoter,0,Non-Promoter,0.9142721891403198,Non-Promoter,1,True,0.9142721891403198,0.08572783321142197
0,Non-Promoter,1,Promoter,0.7235424518585205,Non-Promoter|Promoter,2,True,0.2764574885368347,0.7235424518585205
0,Non-Promoter,0,Non-Promoter,0.752079963684082,Non-Promoter|Promoter,2,True,0.752079963684082,0.24792008101940155
0,Non-Promoter,0,Non-Promoter,0.7727525234222412,Non-Promoter|Promoter,2,True,0.7727525234222412,0.22724749147891998
0,Non-Promoter,0,Non-Promoter,0.8257552981376648,Non-Promoter|Promoter,2,True,0.8257552981376648,0.17424465715885162
0,Non-Promoter,0,Non-Promoter,0.8595868349075317,Non-Promoter,1,True,0.8595868349075317,0.14041313529014587
0,Non-Promoter,0,Non-Promoter,0.8063132166862488,Non-Promoter|Promoter,2,True,0.8063132166862488,0.19368672370910645
0,Non-Promoter,0,Non-Promoter,0.6934807896614075,Non-Promoter|Promoter,2,True,0.6934807896614075,0.30651918053627014
0,Non-Promoter,0,Non-Promoter,0.9696187376976013,Non-Promoter,1,True,0.9696187376976013,0.03038129396736622
0,Non-Promoter,0,Non-Promoter,0.7889379262924194,Non-Promoter|Promoter,2,True,0.7889379262924194,0.21106207370758057
0,Non-Promoter,0,Non-Promoter,0.641532301902771,Non-Promoter|Promoter,2,True,0.641532301902771,0.35846778750419617
0,Non-Promoter,1,Promoter,0.8622291088104248,Promoter,1,False,0.1377709060907364,0.8622291088104248
0,Non-Promoter,0,Non-Promoter,0.8358875513076782,Non-Promoter,1,True,0.8358875513076782,0.1641124039888382
0,Non-Promoter,0,Non-Promoter,0.8400511741638184,Non-Promoter,1,True,0.8400511741638184,0.15994879603385925
0,Non-Promoter,0,Non-Promoter,0.9027348160743713,Non-Promoter,1,True,0.9027348160743713,0.09726518392562866
0,Non-Promoter,0,Non-Promoter,0.8706299066543579,Non-Promoter,1,True,0.8706299066543579,0.12937003374099731
0,Non-Promoter,1,Promoter,0.663931667804718,Non-Promoter|Promoter,2,True,0.336068332195282,0.663931667804718
0,Non-Promoter,1,Promoter,0.6339017748832703,Non-Promoter|Promoter,2,True,0.36609822511672974,0.6339017748832703
0,Non-Promoter,0,Non-Promoter,0.9614409804344177,Non-Promoter,1,True,0.9614409804344177,0.03855901211500168
0,Non-Promoter,0,Non-Promoter,0.914179801940918,Non-Promoter,1,True,0.914179801940918,0.08582019060850143
0,Non-Promoter,0,Non-Promoter,0.8631294965744019,Non-Promoter,1,True,0.8631294965744019,0.13687048852443695
0,Non-Promoter,0,Non-Promoter,0.9711557030677795,Non-Promoter,1,True,0.9711557030677795,0.028844231739640236
0,Non-Promoter,0,Non-Promoter,0.557880163192749,Non-Promoter|Promoter,2,True,0.557880163192749,0.442119836807251
0,Non-Promoter,0,Non-Promoter,0.7774922251701355,Non-Promoter|Promoter,2,True,0.7774922251701355,0.22250771522521973
0,Non-Promoter,0,Non-Promoter,0.8117557764053345,Non-Promoter|Promoter,2,True,0.8117557764053345,0.18824425339698792
0,Non-Promoter,0,Non-Promoter,0.8999217748641968,Non-Promoter,1,True,0.8999217748641968,0.10007821023464203
0,Non-Promoter,0,Non-Promoter,0.944935142993927,Non-Promoter,1,True,0.944935142993927,0.05506480112671852
0,Non-Promoter,0,Non-Promoter,0.7849340438842773,Non-Promoter|Promoter,2,True,0.7849340438842773,0.21506600081920624
0,Non-Promoter,0,Non-Promoter,0.8632586598396301,Non-Promoter,1,True,0.8632586598396301,0.13674131035804749
0,Non-Promoter,0,Non-Promoter,0.8679717183113098,Non-Promoter,1,True,0.8679717183113098,0.13202831149101257
0,Non-Promoter,0,Non-Promoter,0.9704564213752747,Non-Promoter,1,True,0.9704564213752747,0.029543617740273476
0,Non-Promoter,0,Non-Promoter,0.7108958959579468,Non-Promoter|Promoter,2,True,0.7108958959579468,0.2891041040420532
0,Non-Promoter,0,Non-Promoter,0.7870211601257324,Non-Promoter|Promoter,2,True,0.7870211601257324,0.21297886967658997
0,Non-Promoter,0,Non-Promoter,0.8381763696670532,Non-Promoter,1,True,0.8381763696670532,0.16182364523410797
0,Non-Promoter,1,Promoter,0.6158402562141418,Non-Promoter|Promoter,2,True,0.38415971398353577,0.6158402562141418
0,Non-Promoter,0,Non-Promoter,0.5501564741134644,Non-Promoter|Promoter,2,True,0.5501564741134644,0.44984355568885803
0,Non-Promoter,0,Non-Promoter,0.6683449149131775,Non-Promoter|Promoter,2,True,0.6683449149131775,0.3316551446914673
0,Non-Promoter,0,Non-Promoter,0.8821159601211548,Non-Promoter,1,True,0.8821159601211548,0.11788401007652283
0,Non-Promoter,0,Non-Promoter,0.7572083473205566,Non-Promoter|Promoter,2,True,0.7572083473205566,0.24279159307479858
0,Non-Promoter,0,Non-Promoter,0.6569477915763855,Non-Promoter|Promoter,2,True,0.6569477915763855,0.3430521786212921
0,Non-Promoter,1,Promoter,0.6813033819198608,Non-Promoter|Promoter,2,True,0.31869661808013916,0.6813033819198608
0,Non-Promoter,0,Non-Promoter,0.8866977691650391,Non-Promoter,1,True,0.8866977691650391,0.11330220848321915
0,Non-Promoter,1,Promoter,0.5908198356628418,Non-Promoter|Promoter,2,True,0.4091801941394806,0.5908198356628418
0,Non-Promoter,1,Promoter,0.9466341733932495,Promoter,1,False,0.05336587503552437,0.9466341733932495
0,Non-Promoter,0,Non-Promoter,0.9550215005874634,Non-Promoter,1,True,0.9550215005874634,0.0449785478413105
0,Non-Promoter,1,Promoter,0.7067010998725891,Non-Promoter|Promoter,2,True,0.2932988703250885,0.7067010998725891
0,Non-Promoter,0,Non-Promoter,0.5838148593902588,Non-Promoter|Promoter,2,True,0.5838148593902588,0.4161851108074188
0,Non-Promoter,0,Non-Promoter,0.8820694088935852,Non-Promoter,1,True,0.8820694088935852,0.1179305762052536
0,Non-Promoter,0,Non-Promoter,0.7616111040115356,Non-Promoter|Promoter,2,True,0.7616111040115356,0.23838885128498077
0,Non-Promoter,0,Non-Promoter,0.8257678151130676,Non-Promoter|Promoter,2,True,0.8257678151130676,0.17423218488693237
0,Non-Promoter,0,Non-Promoter,0.9114817380905151,Non-Promoter,1,True,0.9114817380905151,0.08851823955774307
0,Non-Promoter,0,Non-Promoter,0.5660751461982727,Non-Promoter|Promoter,2,True,0.5660751461982727,0.43392476439476013
0,Non-Promoter,0,Non-Promoter,0.7531505823135376,Non-Promoter|Promoter,2,True,0.7531505823135376,0.24684937298297882
0,Non-Promoter,0,Non-Promoter,0.7989621758460999,Non-Promoter|Promoter,2,True,0.7989621758460999,0.20103783905506134
0,Non-Promoter,0,Non-Promoter,0.9113787412643433,Non-Promoter,1,True,0.9113787412643433,0.08862124383449554
0,Non-Promoter,0,Non-Promoter,0.8547325730323792,Non-Promoter,1,True,0.8547325730323792,0.14526742696762085
0,Non-Promoter,0,Non-Promoter,0.5968737602233887,Non-Promoter|Promoter,2,True,0.5968737602233887,0.40312620997428894
0,Non-Promoter,0,Non-Promoter,0.8846202492713928,Non-Promoter,1,True,0.8846202492713928,0.11537975072860718
0,Non-Promoter,0,Non-Promoter,0.8032659292221069,Non-Promoter|Promoter,2,True,0.8032659292221069,0.19673405587673187
0,Non-Promoter,0,Non-Promoter,0.8440487384796143,Non-Promoter,1,True,0.8440487384796143,0.15595124661922455
0,Non-Promoter,0,Non-Promoter,0.7135041952133179,Non-Promoter|Promoter,2,True,0.7135041952133179,0.2864958345890045
0,Non-Promoter,0,Non-Promoter,0.5364919900894165,Non-Promoter|Promoter,2,True,0.5364919900894165,0.4635079801082611
0,Non-Promoter,0,Non-Promoter,0.7899928092956543,Non-Promoter|Promoter,2,True,0.7899928092956543,0.21000716090202332
0,Non-Promoter,0,Non-Promoter,0.7446742057800293,Non-Promoter|Promoter,2,True,0.7446742057800293,0.2553257942199707
0,Non-Promoter,1,Promoter,0.7696371674537659,Non-Promoter|Promoter,2,True,0.23036284744739532,0.7696371674537659
0,Non-Promoter,0,Non-Promoter,0.8586167097091675,Non-Promoter,1,True,0.8586167097091675,0.14138329029083252
0,Non-Promoter,0,Non-Promoter,0.5797163248062134,Non-Promoter|Promoter,2,True,0.5797163248062134,0.42028364539146423
0,Non-Promoter,0,Non-Promoter,0.8461030125617981,Non-Promoter,1,True,0.8461030125617981,0.15389695763587952
0,Non-Promoter,0,Non-Promoter,0.7072221636772156,Non-Promoter|Promoter,2,True,0.7072221636772156,0.2927778661251068
0,Non-Promoter,0,Non-Promoter,0.9595330357551575,Non-Promoter,1,True,0.9595330357551575,0.04046693444252014
0,Non-Promoter,1,Promoter,0.517549455165863,Non-Promoter|Promoter,2,True,0.48245060443878174,0.517549455165863
0,Non-Promoter,0,Non-Promoter,0.9251495003700256,Non-Promoter,1,True,0.9251495003700256,0.07485048472881317
0,Non-Promoter,1,Promoter,0.5285133719444275,Non-Promoter|Promoter,2,True,0.47148656845092773,0.5285133719444275
0,Non-Promoter,0,Non-Promoter,0.8902808427810669,Non-Promoter,1,True,0.8902808427810669,0.1097191646695137
0,Non-Promoter,0,Non-Promoter,0.5423829555511475,Non-Promoter|Promoter,2,True,0.5423829555511475,0.4576169550418854
0,Non-Promoter,0,Non-Promoter,0.8967933058738708,Non-Promoter,1,True,0.8967933058738708,0.10320676118135452
0,Non-Promoter,0,Non-Promoter,0.8196191191673279,Non-Promoter|Promoter,2,True,0.8196191191673279,0.1803809255361557
0,Non-Promoter,0,Non-Promoter,0.9477897882461548,Non-Promoter,1,True,0.9477897882461548,0.0522102415561676
0,Non-Promoter,0,Non-Promoter,0.9275422096252441,Non-Promoter,1,True,0.9275422096252441,0.07245782762765884
0,Non-Promoter,0,Non-Promoter,0.95511394739151,Non-Promoter,1,True,0.95511394739151,0.0448860228061676
0,Non-Promoter,0,Non-Promoter,0.6608368754386902,Non-Promoter|Promoter,2,True,0.6608368754386902,0.3391630947589874
0,Non-Promoter,1,Promoter,0.728615939617157,Non-Promoter|Promoter,2,True,0.271384060382843,0.728615939617157
0,Non-Promoter,0,Non-Promoter,0.8656231164932251,Non-Promoter,1,True,0.8656231164932251,0.1343769133090973
0,Non-Promoter,1,Promoter,0.8819699287414551,Promoter,1,False,0.1180301308631897,0.8819699287414551
0,Non-Promoter,0,Non-Promoter,0.8332360982894897,Non-Promoter|Promoter,2,True,0.8332360982894897,0.16676388680934906
0,Non-Promoter,0,Non-Promoter,0.9534172415733337,Non-Promoter,1,True,0.9534172415733337,0.04658275842666626
0,Non-Promoter,0,Non-Promoter,0.6485534906387329,Non-Promoter|Promoter,2,True,0.6485534906387329,0.3514465093612671
0,Non-Promoter,0,Non-Promoter,0.7253427505493164,Non-Promoter|Promoter,2,True,0.7253427505493164,0.2746572494506836
0,Non-Promoter,0,Non-Promoter,0.5319688320159912,Non-Promoter|Promoter,2,True,0.5319688320159912,0.4680311679840088
0,Non-Promoter,0,Non-Promoter,0.8404574394226074,Non-Promoter,1,True,0.8404574394226074,0.15954254567623138
0,Non-Promoter,1,Promoter,0.5197728872299194,Non-Promoter|Promoter,2,True,0.4802270829677582,0.5197728872299194
0,Non-Promoter,0,Non-Promoter,0.9334888458251953,Non-Promoter,1,True,0.9334888458251953,0.06651118397712708
0,Non-Promoter,0,Non-Promoter,0.6710631847381592,Non-Promoter|Promoter,2,True,0.6710631847381592,0.32893678545951843
0,Non-Promoter,0,Non-Promoter,0.9657301306724548,Non-Promoter,1,True,0.9657301306724548,0.03426988050341606
0,Non-Promoter,0,Non-Promoter,0.5736067891120911,Non-Promoter|Promoter,2,True,0.5736067891120911,0.42639321088790894
0,Non-Promoter,0,Non-Promoter,0.9694954752922058,Non-Promoter,1,True,0.9694954752922058,0.030504534021019936
0,Non-Promoter,0,Non-Promoter,0.9326162338256836,Non-Promoter,1,True,0.9326162338256836,0.0673837810754776
0,Non-Promoter,1,Promoter,0.5725041031837463,Non-Promoter|Promoter,2,True,0.4274959862232208,0.5725041031837463
0,Non-Promoter,0,Non-Promoter,0.8014647960662842,Non-Promoter|Promoter,2,True,0.8014647960662842,0.1985352635383606
0,Non-Promoter,0,Non-Promoter,0.8852252960205078,Non-Promoter,1,True,0.8852252960205078,0.11477473378181458
0,Non-Promoter,0,Non-Promoter,0.6764906048774719,Non-Promoter|Promoter,2,True,0.6764906048774719,0.3235093951225281
0,Non-Promoter,0,Non-Promoter,0.7672150135040283,Non-Promoter|Promoter,2,True,0.7672150135040283,0.2327849119901657
0,Non-Promoter,0,Non-Promoter,0.704779326915741,Non-Promoter|Promoter,2,True,0.704779326915741,0.29522067308425903
0,Non-Promoter,0,Non-Promoter,0.6663593649864197,Non-Promoter|Promoter,2,True,0.6663593649864197,0.3336406648159027
0,Non-Promoter,0,Non-Promoter,0.9741790294647217,Non-Promoter,1,True,0.9741790294647217,0.025820905342698097
0,Non-Promoter,0,Non-Promoter,0.936610758304596,Non-Promoter,1,True,0.936610758304596,0.06338925659656525
0,Non-Promoter,1,Promoter,0.5450878143310547,Non-Promoter|Promoter,2,True,0.4549121856689453,0.5450878143310547
0,Non-Promoter,0,Non-Promoter,0.8397328853607178,Non-Promoter,1,True,0.8397328853607178,0.16026712954044342
0,Non-Promoter,1,Promoter,0.5628740787506104,Non-Promoter|Promoter,2,True,0.43712595105171204,0.5628740787506104
0,Non-Promoter,0,Non-Promoter,0.7880651354789734,Non-Promoter|Promoter,2,True,0.7880651354789734,0.21193483471870422
0,Non-Promoter,0,Non-Promoter,0.9090908169746399,Non-Promoter,1,True,0.9090908169746399,0.09090916067361832
0,Non-Promoter,0,Non-Promoter,0.8569753766059875,Non-Promoter,1,True,0.8569753766059875,0.14302465319633484
0,Non-Promoter,0,Non-Promoter,0.7669602632522583,Non-Promoter|Promoter,2,True,0.7669602632522583,0.2330397069454193
0,Non-Promoter,0,Non-Promoter,0.7195384502410889,Non-Promoter|Promoter,2,True,0.7195384502410889,0.28046151995658875
0,Non-Promoter,0,Non-Promoter,0.7003486752510071,Non-Promoter|Promoter,2,True,0.7003486752510071,0.2996513843536377
0,Non-Promoter,0,Non-Promoter,0.7940013408660889,Non-Promoter|Promoter,2,True,0.7940013408660889,0.20599864423274994
0,Non-Promoter,0,Non-Promoter,0.8110341429710388,Non-Promoter|Promoter,2,True,0.8110341429710388,0.18896587193012238
0,Non-Promoter,0,Non-Promoter,0.7903000116348267,Non-Promoter|Promoter,2,True,0.7903000116348267,0.20970001816749573
0,Non-Promoter,0,Non-Promoter,0.7484588623046875,Non-Promoter|Promoter,2,True,0.7484588623046875,0.2515411376953125
0,Non-Promoter,0,Non-Promoter,0.9549316167831421,Non-Promoter,1,True,0.9549316167831421,0.04506840929389
0,Non-Promoter,0,Non-Promoter,0.972687304019928,Non-Promoter,1,True,0.972687304019928,0.02731267735362053
0,Non-Promoter,1,Promoter,0.6509825587272644,Non-Promoter|Promoter,2,True,0.34901750087738037,0.6509825587272644
0,Non-Promoter,1,Promoter,0.7016859650611877,Non-Promoter|Promoter,2,True,0.29831400513648987,0.7016859650611877
0,Non-Promoter,1,Promoter,0.9358257055282593,Promoter,1,False,0.06417427957057953,0.9358257055282593
0,Non-Promoter,0,Non-Promoter,0.7916265726089478,Non-Promoter|Promoter,2,True,0.7916265726089478,0.20837341248989105
0,Non-Promoter,0,Non-Promoter,0.9089963436126709,Non-Promoter,1,True,0.9089963436126709,0.09100369364023209
0,Non-Promoter,0,Non-Promoter,0.8243995308876038,Non-Promoter|Promoter,2,True,0.8243995308876038,0.17560043931007385
0,Non-Promoter,0,Non-Promoter,0.9791191220283508,Non-Promoter,1,True,0.9791191220283508,0.02088082768023014
0,Non-Promoter,1,Promoter,0.7766079306602478,Non-Promoter|Promoter,2,True,0.2233920693397522,0.7766079306602478
0,Non-Promoter,0,Non-Promoter,0.8804293274879456,Non-Promoter,1,True,0.8804293274879456,0.11957071721553802
0,Non-Promoter,0,Non-Promoter,0.8531973958015442,Non-Promoter,1,True,0.8531973958015442,0.1468026041984558
0,Non-Promoter,0,Non-Promoter,0.9221007823944092,Non-Promoter,1,True,0.9221007823944092,0.07789918035268784
0,Non-Promoter,0,Non-Promoter,0.961519181728363,Non-Promoter,1,True,0.961519181728363,0.038480814546346664
0,Non-Promoter,0,Non-Promoter,0.6670820116996765,Non-Promoter|Promoter,2,True,0.6670820116996765,0.3329179584980011
0,Non-Promoter,0,Non-Promoter,0.9606242179870605,Non-Promoter,1,True,0.9606242179870605,0.03937579691410065
0,Non-Promoter,1,Promoter,0.9946013689041138,Promoter,1,False,0.005398600362241268,0.9946013689041138
0,Non-Promoter,0,Non-Promoter,0.7804406881332397,Non-Promoter|Promoter,2,True,0.7804406881332397,0.21955929696559906
0,Non-Promoter,1,Promoter,0.6051256656646729,Non-Promoter|Promoter,2,True,0.39487430453300476,0.6051256656646729
0,Non-Promoter,0,Non-Promoter,0.8031067848205566,Non-Promoter|Promoter,2,True,0.8031067848205566,0.19689323008060455
0,Non-Promoter,0,Non-Promoter,0.9614465832710266,Non-Promoter,1,True,0.9614465832710266,0.03855340927839279
0,Non-Promoter,0,Non-Promoter,0.7651152610778809,Non-Promoter|Promoter,2,True,0.7651152610778809,0.23488473892211914
0,Non-Promoter,0,Non-Promoter,0.8512594103813171,Non-Promoter,1,True,0.8512594103813171,0.14874058961868286
0,Non-Promoter,0,Non-Promoter,0.9175611138343811,Non-Promoter,1,True,0.9175611138343811,0.0824388787150383
0,Non-Promoter,0,Non-Promoter,0.7435734868049622,Non-Promoter|Promoter,2,True,0.7435734868049622,0.25642654299736023
0,Non-Promoter,0,Non-Promoter,0.6637611985206604,Non-Promoter|Promoter,2,True,0.6637611985206604,0.3362388014793396
0,Non-Promoter,1,Promoter,0.8823146820068359,Promoter,1,False,0.11768527328968048,0.8823146820068359
1,Promoter,0,Non-Promoter,0.9265868067741394,Non-Promoter,1,False,0.9265868067741394,0.0734131783246994
1,Promoter,0,Non-Promoter,0.5920416116714478,Non-Promoter|Promoter,2,True,0.5920416116714478,0.40795835852622986
1,Promoter,1,Promoter,0.621113657951355,Non-Promoter|Promoter,2,True,0.3788864016532898,0.621113657951355
1,Promoter,0,Non-Promoter,0.8709036707878113,Non-Promoter,1,False,0.8709036707878113,0.12909628450870514
1,Promoter,0,Non-Promoter,0.7349204421043396,Non-Promoter|Promoter,2,True,0.7349204421043396,0.26507964730262756
1,Promoter,1,Promoter,0.9130095839500427,Promoter,1,True,0.08699042350053787,0.9130095839500427
1,Promoter,1,Promoter,0.7926419377326965,Non-Promoter|Promoter,2,True,0.20735807716846466,0.7926419377326965
1,Promoter,1,Promoter,0.654729425907135,Non-Promoter|Promoter,2,True,0.34527063369750977,0.654729425907135
1,Promoter,0,Non-Promoter,0.6892094016075134,Non-Promoter|Promoter,2,True,0.6892094016075134,0.31079062819480896
1,Promoter,1,Promoter,0.9926510453224182,Promoter,1,True,0.007348974235355854,0.9926510453224182
1,Promoter,1,Promoter,0.96244877576828,Promoter,1,True,0.037551261484622955,0.96244877576828
1,Promoter,1,Promoter,0.9765236973762512,Promoter,1,True,0.023476306349039078,0.9765236973762512
1,Promoter,1,Promoter,0.6537728905677795,Non-Promoter|Promoter,2,True,0.34622713923454285,0.6537728905677795
1,Promoter,1,Promoter,0.8595573306083679,Promoter,1,True,0.14044271409511566,0.8595573306083679
1,Promoter,0,Non-Promoter,0.8484240770339966,Non-Promoter,1,False,0.8484240770339966,0.151575967669487
1,Promoter,1,Promoter,0.5504367351531982,Non-Promoter|Promoter,2,True,0.44956326484680176,0.5504367351531982
1,Promoter,1,Promoter,0.6196920871734619,Non-Promoter|Promoter,2,True,0.38030797243118286,0.6196920871734619
1,Promoter,1,Promoter,0.9127100110054016,Promoter,1,True,0.08729004859924316,0.9127100110054016
1,Promoter,0,Non-Promoter,0.772440493106842,Non-Promoter|Promoter,2,True,0.772440493106842,0.22755947709083557
1,Promoter,1,Promoter,0.824218213558197,Non-Promoter|Promoter,2,True,0.175781711935997,0.824218213558197
1,Promoter,1,Promoter,0.8931115865707397,Promoter,1,True,0.10688842087984085,0.8931115865707397
1,Promoter,0,Non-Promoter,0.6733385324478149,Non-Promoter|Promoter,2,True,0.6733385324478149,0.32666143774986267
1,Promoter,1,Promoter,0.8775266408920288,Promoter,1,True,0.1224733293056488,0.8775266408920288
1,Promoter,1,Promoter,0.9510363936424255,Promoter,1,True,0.04896357282996178,0.9510363936424255
1,Promoter,1,Promoter,0.9110991954803467,Promoter,1,True,0.08890083432197571,0.9110991954803467
1,Promoter,1,Promoter,0.8548128008842468,Promoter,1,True,0.1451871395111084,0.8548128008842468
1,Promoter,0,Non-Promoter,0.6865342259407043,Non-Promoter|Promoter,2,True,0.6865342259407043,0.31346577405929565
1,Promoter,1,Promoter,0.6756464242935181,Non-Promoter|Promoter,2,True,0.32435354590415955,0.6756464242935181
1,Promoter,0,Non-Promoter,0.6349503993988037,Non-Promoter|Promoter,2,True,0.6349503993988037,0.3650496304035187
1,Promoter,0,Non-Promoter,0.9431653618812561,Non-Promoter,1,False,0.9431653618812561,0.05683459714055061
1,Promoter,0,Non-Promoter,0.5893195867538452,Non-Promoter|Promoter,2,True,0.5893195867538452,0.4106803834438324
1,Promoter,1,Promoter,0.801725447177887,Non-Promoter|Promoter,2,True,0.19827458262443542,0.801725447177887
1,Promoter,1,Promoter,0.9684827327728271,Promoter,1,True,0.031517330557107925,0.9684827327728271
1,Promoter,1,Promoter,0.5575506091117859,Non-Promoter|Promoter,2,True,0.4424493908882141,0.5575506091117859
1,Promoter,1,Promoter,0.8651896715164185,Promoter,1,True,0.13481034338474274,0.8651896715164185
1,Promoter,1,Promoter,0.7125874757766724,Non-Promoter|Promoter,2,True,0.28741252422332764,0.7125874757766724
1,Promoter,1,Promoter,0.5172465443611145,Non-Promoter|Promoter,2,True,0.4827535152435303,0.5172465443611145
1,Promoter,0,Non-Promoter,0.9226521849632263,Non-Promoter,1,False,0.9226521849632263,0.07734779268503189
1,Promoter,1,Promoter,0.6687325835227966,Non-Promoter|Promoter,2,True,0.33126741647720337,0.6687325835227966
1,Promoter,0,Non-Promoter,0.7697936296463013,Non-Promoter|Promoter,2,True,0.7697936296463013,0.23020637035369873
1,Promoter,1,Promoter,0.9730169773101807,Promoter,1,True,0.026983043178915977,0.9730169773101807
1,Promoter,1,Promoter,0.7878923416137695,Non-Promoter|Promoter,2,True,0.21210768818855286,0.7878923416137695
1,Promoter,1,Promoter,0.7560906410217285,Non-Promoter|Promoter,2,True,0.2439093440771103,0.7560906410217285
1,Promoter,1,Promoter,0.8777389526367188,Promoter,1,True,0.12226108461618423,0.8777389526367188
1,Promoter,1,Promoter,0.6635027527809143,Non-Promoter|Promoter,2,True,0.3364972770214081,0.6635027527809143
1,Promoter,1,Promoter,0.8025210499763489,Non-Promoter|Promoter,2,True,0.19747892022132874,0.8025210499763489
1,Promoter,0,Non-Promoter,0.5460942387580872,Non-Promoter|Promoter,2,True,0.5460942387580872,0.45390579104423523
1,Promoter,0,Non-Promoter,0.7581644058227539,Non-Promoter|Promoter,2,True,0.7581644058227539,0.2418355643749237
1,Promoter,0,Non-Promoter,0.7273098230361938,Non-Promoter|Promoter,2,True,0.7273098230361938,0.2726902365684509
1,Promoter,0,Non-Promoter,0.8636295199394226,Non-Promoter,1,False,0.8636295199394226,0.136370450258255
1,Promoter,0,Non-Promoter,0.8115413188934326,Non-Promoter|Promoter,2,True,0.8115413188934326,0.18845872581005096
1,Promoter,1,Promoter,0.9543508887290955,Promoter,1,True,0.04564904794096947,0.9543508887290955
1,Promoter,1,Promoter,0.9726657867431641,Promoter,1,True,0.027334189042448997,0.9726657867431641
1,Promoter,1,Promoter,0.8288010358810425,Non-Promoter|Promoter,2,True,0.17119893431663513,0.8288010358810425
1,Promoter,1,Promoter,0.8520097136497498,Promoter,1,True,0.14799031615257263,0.8520097136497498
1,Promoter,1,Promoter,0.8550795912742615,Promoter,1,True,0.14492039382457733,0.8550795912742615
1,Promoter,1,Promoter,0.829372763633728,Non-Promoter|Promoter,2,True,0.17062723636627197,0.829372763633728
1,Promoter,1,Promoter,0.8023614287376404,Non-Promoter|Promoter,2,True,0.19763852655887604,0.8023614287376404
1,Promoter,0,Non-Promoter,0.9199850559234619,Non-Promoter,1,False,0.9199850559234619,0.08001486957073212
1,Promoter,1,Promoter,0.9722990393638611,Promoter,1,True,0.02770102024078369,0.9722990393638611
1,Promoter,1,Promoter,0.8302903175354004,Non-Promoter|Promoter,2,True,0.16970974206924438,0.8302903175354004
1,Promoter,1,Promoter,0.9093269109725952,Promoter,1,True,0.09067307412624359,0.9093269109725952
1,Promoter,1,Promoter,0.7544207572937012,Non-Promoter|Promoter,2,True,0.24557927250862122,0.7544207572937012
1,Promoter,1,Promoter,0.9736747145652771,Promoter,1,True,0.026325244456529617,0.9736747145652771
1,Promoter,1,Promoter,0.9504516124725342,Promoter,1,True,0.04954833909869194,0.9504516124725342
1,Promoter,1,Promoter,0.9317949414253235,Promoter,1,True,0.0682050958275795,0.9317949414253235
1,Promoter,0,Non-Promoter,0.5356087684631348,Non-Promoter|Promoter,2,True,0.5356087684631348,0.46439129114151
1,Promoter,1,Promoter,0.6018444895744324,Non-Promoter|Promoter,2,True,0.3981555700302124,0.6018444895744324
1,Promoter,1,Promoter,0.9704278111457825,Promoter,1,True,0.029572216793894768,0.9704278111457825
1,Promoter,1,Promoter,0.7821084856987,Non-Promoter|Promoter,2,True,0.21789154410362244,0.7821084856987
1,Promoter,1,Promoter,0.7981246113777161,Non-Promoter|Promoter,2,True,0.20187540352344513,0.7981246113777161
1,Promoter,1,Promoter,0.9626966118812561,Promoter,1,True,0.03730340301990509,0.9626966118812561
1,Promoter,0,Non-Promoter,0.8316234946250916,Non-Promoter|Promoter,2,True,0.8316234946250916,0.16837653517723083
1,Promoter,1,Promoter,0.9518174529075623,Promoter,1,True,0.048182494938373566,0.9518174529075623
1,Promoter,1,Promoter,0.6582447290420532,Non-Promoter|Promoter,2,True,0.3417552709579468,0.6582447290420532
1,Promoter,1,Promoter,0.9684611558914185,Promoter,1,True,0.03153881058096886,0.9684611558914185
1,Promoter,1,Promoter,0.889937162399292,Promoter,1,True,0.1100628450512886,0.889937162399292
1,Promoter,1,Promoter,0.7220544815063477,Non-Promoter|Promoter,2,True,0.27794551849365234,0.7220544815063477
1,Promoter,1,Promoter,0.9197744727134705,Promoter,1,True,0.08022549748420715,0.9197744727134705
1,Promoter,1,Promoter,0.6941627860069275,Non-Promoter|Promoter,2,True,0.3058372139930725,0.6941627860069275
1,Promoter,1,Promoter,0.9496028423309326,Promoter,1,True,0.050397228449583054,0.9496028423309326
1,Promoter,0,Non-Promoter,0.7786203026771545,Non-Promoter|Promoter,2,True,0.7786203026771545,0.22137974202632904
1,Promoter,0,Non-Promoter,0.8843333125114441,Non-Promoter,1,False,0.8843333125114441,0.1156667172908783
1,Promoter,1,Promoter,0.5733017921447754,Non-Promoter|Promoter,2,True,0.4266982078552246,0.5733017921447754
1,Promoter,1,Promoter,0.8580713272094727,Promoter,1,True,0.14192871749401093,0.8580713272094727
1,Promoter,0,Non-Promoter,0.8448841571807861,Non-Promoter,1,False,0.8448841571807861,0.15511588752269745
1,Promoter,0,Non-Promoter,0.6918331384658813,Non-Promoter|Promoter,2,True,0.6918331384658813,0.30816689133644104
1,Promoter,1,Promoter,0.9772218465805054,Promoter,1,True,0.022778136655688286,0.9772218465805054
1,Promoter,1,Promoter,0.6826687455177307,Non-Promoter|Promoter,2,True,0.31733131408691406,0.6826687455177307
1,Promoter,0,Non-Promoter,0.5596595406532288,Non-Promoter|Promoter,2,True,0.5596595406532288,0.44034048914909363
1,Promoter,1,Promoter,0.821049690246582,Non-Promoter|Promoter,2,True,0.17895029485225677,0.821049690246582
1,Promoter,1,Promoter,0.6688600778579712,Non-Promoter|Promoter,2,True,0.3311399817466736,0.6688600778579712
1,Promoter,1,Promoter,0.9182515144348145,Promoter,1,True,0.08174849301576614,0.9182515144348145
1,Promoter,1,Promoter,0.8048141002655029,Non-Promoter|Promoter,2,True,0.19518589973449707,0.8048141002655029
1,Promoter,0,Non-Promoter,0.7304613590240479,Non-Promoter|Promoter,2,True,0.7304613590240479,0.26953861117362976
1,Promoter,1,Promoter,0.906955361366272,Promoter,1,True,0.09304464608430862,0.906955361366272
1,Promoter,1,Promoter,0.939675509929657,Promoter,1,True,0.0603245347738266,0.939675509929657
1,Promoter,0,Non-Promoter,0.6766304969787598,Non-Promoter|Promoter,2,True,0.6766304969787598,0.32336944341659546
1,Promoter,1,Promoter,0.6574851274490356,Non-Promoter|Promoter,2,True,0.34251493215560913,0.6574851274490356
1,Promoter,0,Non-Promoter,0.7072407603263855,Non-Promoter|Promoter,2,True,0.7072407603263855,0.2927592992782593
1,Promoter,1,Promoter,0.6754041910171509,Non-Promoter|Promoter,2,True,0.3245958089828491,0.6754041910171509
1,Promoter,1,Promoter,0.9673860669136047,Promoter,1,True,0.03261397406458855,0.9673860669136047
1,Promoter,1,Promoter,0.8864474892616272,Promoter,1,True,0.11355243623256683,0.8864474892616272
1,Promoter,1,Promoter,0.9289127588272095,Promoter,1,True,0.07108727097511292,0.9289127588272095
1,Promoter,0,Non-Promoter,0.7524879574775696,Non-Promoter|Promoter,2,True,0.7524879574775696,0.24751204252243042
1,Promoter,1,Promoter,0.8352357745170593,Promoter,1,True,0.1647641956806183,0.8352357745170593
1,Promoter,1,Promoter,0.5514404773712158,Non-Promoter|Promoter,2,True,0.4485595226287842,0.5514404773712158
1,Promoter,1,Promoter,0.5667402744293213,Non-Promoter|Promoter,2,True,0.4332597553730011,0.5667402744293213
1,Promoter,1,Promoter,0.9328127503395081,Promoter,1,True,0.06718724220991135,0.9328127503395081
1,Promoter,1,Promoter,0.9274474382400513,Promoter,1,True,0.07255258411169052,0.9274474382400513
1,Promoter,1,Promoter,0.6185864806175232,Non-Promoter|Promoter,2,True,0.3814134895801544,0.6185864806175232
1,Promoter,1,Promoter,0.9542992115020752,Promoter,1,True,0.04570072144269943,0.9542992115020752
1,Promoter,0,Non-Promoter,0.8981473445892334,Non-Promoter,1,False,0.8981473445892334,0.10185267776250839
1,Promoter,1,Promoter,0.6924524307250977,Non-Promoter|Promoter,2,True,0.3075476288795471,0.6924524307250977
1,Promoter,1,Promoter,0.9018797278404236,Promoter,1,True,0.09812027215957642,0.9018797278404236
1,Promoter,1,Promoter,0.7283234596252441,Non-Promoter|Promoter,2,True,0.27167659997940063,0.7283234596252441
1,Promoter,1,Promoter,0.8878858685493469,Promoter,1,True,0.11211415380239487,0.8878858685493469
1,Promoter,1,Promoter,0.5179873704910278,Non-Promoter|Promoter,2,True,0.48201262950897217,0.5179873704910278
1,Promoter,0,Non-Promoter,0.8140533566474915,Non-Promoter|Promoter,2,True,0.8140533566474915,0.18594661355018616
1,Promoter,1,Promoter,0.7634973526000977,Non-Promoter|Promoter,2,True,0.23650260269641876,0.7634973526000977
1,Promoter,1,Promoter,0.7371091842651367,Non-Promoter|Promoter,2,True,0.2628907263278961,0.7371091842651367
1,Promoter,1,Promoter,0.7110326886177063,Non-Promoter|Promoter,2,True,0.2889673113822937,0.7110326886177063
1,Promoter,1,Promoter,0.7602588534355164,Non-Promoter|Promoter,2,True,0.23974119126796722,0.7602588534355164
1,Promoter,1,Promoter,0.9619428515434265,Promoter,1,True,0.038057222962379456,0.9619428515434265
1,Promoter,1,Promoter,0.5238179564476013,Non-Promoter|Promoter,2,True,0.47618207335472107,0.5238179564476013
1,Promoter,1,Promoter,0.94684237241745,Promoter,1,True,0.05315758287906647,0.94684237241745
1,Promoter,1,Promoter,0.7100609540939331,Non-Promoter|Promoter,2,True,0.2899390757083893,0.7100609540939331
1,Promoter,1,Promoter,0.9003362059593201,Promoter,1,True,0.09966380894184113,0.9003362059593201
1,Promoter,1,Promoter,0.6428875923156738,Non-Promoter|Promoter,2,True,0.35711243748664856,0.6428875923156738
1,Promoter,0,Non-Promoter,0.9425228834152222,Non-Promoter,1,False,0.9425228834152222,0.05747712031006813
1,Promoter,0,Non-Promoter,0.5904058814048767,Non-Promoter|Promoter,2,True,0.5904058814048767,0.4095941185951233
1,Promoter,1,Promoter,0.8524876236915588,Promoter,1,True,0.14751236140727997,0.8524876236915588
1,Promoter,0,Non-Promoter,0.6899414658546448,Non-Promoter|Promoter,2,True,0.6899414658546448,0.31005847454071045
1,Promoter,1,Promoter,0.7907876372337341,Non-Promoter|Promoter,2,True,0.20921239256858826,0.7907876372337341
1,Promoter,1,Promoter,0.6801654100418091,Non-Promoter|Promoter,2,True,0.3198345899581909,0.6801654100418091
1,Promoter,1,Promoter,0.8102709054946899,Non-Promoter|Promoter,2,True,0.18972910940647125,0.8102709054946899
1,Promoter,1,Promoter,0.8175135850906372,Non-Promoter|Promoter,2,True,0.18248644471168518,0.8175135850906372
1,Promoter,0,Non-Promoter,0.5043705105781555,Non-Promoter|Promoter,2,True,0.5043705105781555,0.4956294894218445
1,Promoter,1,Promoter,0.9712321758270264,Promoter,1,True,0.0287677813321352,0.9712321758270264
1,Promoter,1,Promoter,0.6251049041748047,Non-Promoter|Promoter,2,True,0.37489503622055054,0.6251049041748047
1,Promoter,1,Promoter,0.7145330309867859,Non-Promoter|Promoter,2,True,0.28546690940856934,0.7145330309867859
1,Promoter,0,Non-Promoter,0.9272005558013916,Non-Promoter,1,False,0.9272005558013916,0.07279941439628601
1,Promoter,1,Promoter,0.7704804539680481,Non-Promoter|Promoter,2,True,0.2295195758342743,0.7704804539680481
1,Promoter,1,Promoter,0.5566443204879761,Non-Promoter|Promoter,2,True,0.4433557093143463,0.5566443204879761
1,Promoter,0,Non-Promoter,0.9258202314376831,Non-Promoter,1,False,0.9258202314376831,0.07417979091405869
1,Promoter,1,Promoter,0.9796905517578125,Promoter,1,True,0.020309511572122574,0.9796905517578125
1,Promoter,0,Non-Promoter,0.9482590556144714,Non-Promoter,1,False,0.9482590556144714,0.051740966737270355
1,Promoter,1,Promoter,0.6242327094078064,Non-Promoter|Promoter,2,True,0.3757672905921936,0.6242327094078064
1,Promoter,1,Promoter,0.8669925332069397,Promoter,1,True,0.13300742208957672,0.8669925332069397
1,Promoter,1,Promoter,0.9670082330703735,Promoter,1,True,0.032991740852594376,0.9670082330703735
1,Promoter,1,Promoter,0.8323681354522705,Non-Promoter|Promoter,2,True,0.16763179004192352,0.8323681354522705
1,Promoter,1,Promoter,0.8541696667671204,Promoter,1,True,0.14583037793636322,0.8541696667671204
1,Promoter,1,Promoter,0.6897910833358765,Non-Promoter|Promoter,2,True,0.3102089464664459,0.6897910833358765
1,Promoter,1,Promoter,0.9766800403594971,Promoter,1,True,0.023319993168115616,0.9766800403594971
1,Promoter,1,Promoter,0.7373777031898499,Non-Promoter|Promoter,2,True,0.26262223720550537,0.7373777031898499
1,Promoter,1,Promoter,0.8876312375068665,Promoter,1,True,0.11236874014139175,0.8876312375068665
1,Promoter,1,Promoter,0.7796940207481384,Non-Promoter|Promoter,2,True,0.22030600905418396,0.7796940207481384
1,Promoter,1,Promoter,0.9734111428260803,Promoter,1,True,0.026588810607790947,0.9734111428260803
1,Promoter,1,Promoter,0.9428365230560303,Promoter,1,True,0.05716341733932495,0.9428365230560303
1,Promoter,1,Promoter,0.9506015181541443,Promoter,1,True,0.04939841106534004,0.9506015181541443
1,Promoter,0,Non-Promoter,0.9034304022789001,Non-Promoter,1,False,0.9034304022789001,0.09656953811645508
1,Promoter,0,Non-Promoter,0.6558704376220703,Non-Promoter|Promoter,2,True,0.6558704376220703,0.3441295027732849
1,Promoter,0,Non-Promoter,0.6718144416809082,Non-Promoter|Promoter,2,True,0.6718144416809082,0.3281855583190918
1,Promoter,1,Promoter,0.7260070443153381,Non-Promoter|Promoter,2,True,0.27399295568466187,0.7260070443153381
1,Promoter,1,Promoter,0.989009439945221,Promoter,1,True,0.010990575887262821,0.989009439945221
1,Promoter,1,Promoter,0.6561560034751892,Non-Promoter|Promoter,2,True,0.34384405612945557,0.6561560034751892
1,Promoter,0,Non-Promoter,0.7617188096046448,Non-Promoter|Promoter,2,True,0.7617188096046448,0.23828116059303284
1,Promoter,1,Promoter,0.82786625623703,Non-Promoter|Promoter,2,True,0.17213375866413116,0.82786625623703
1,Promoter,1,Promoter,0.9812800884246826,Promoter,1,True,0.01871994137763977,0.9812800884246826
1,Promoter,1,Promoter,0.5553284287452698,Non-Promoter|Promoter,2,True,0.4446715712547302,0.5553284287452698
1,Promoter,1,Promoter,0.8479188680648804,Promoter,1,True,0.15208113193511963,0.8479188680648804
1,Promoter,1,Promoter,0.7457661628723145,Non-Promoter|Promoter,2,True,0.2542338967323303,0.7457661628723145
1,Promoter,1,Promoter,0.9430755376815796,Promoter,1,True,0.05692450329661369,0.9430755376815796
1,Promoter,0,Non-Promoter,0.6528412699699402,Non-Promoter|Promoter,2,True,0.6528412699699402,0.3471587896347046
1,Promoter,0,Non-Promoter,0.8837916851043701,Non-Promoter,1,False,0.8837916851043701,0.11620833724737167
1,Promoter,1,Promoter,0.9058678150177002,Promoter,1,True,0.09413212537765503,0.9058678150177002
1,Promoter,1,Promoter,0.5255711674690247,Non-Promoter|Promoter,2,True,0.47442880272865295,0.5255711674690247
1,Promoter,1,Promoter,0.9723327159881592,Promoter,1,True,0.027667339891195297,0.9723327159881592
1,Promoter,1,Promoter,0.9686550498008728,Promoter,1,True,0.0313449390232563,0.9686550498008728
1,Promoter,1,Promoter,0.9725351929664612,Promoter,1,True,0.027464818209409714,0.9725351929664612
1,Promoter,1,Promoter,0.9062231779098511,Promoter,1,True,0.09377685189247131,0.9062231779098511
1,Promoter,1,Promoter,0.7616947293281555,Non-Promoter|Promoter,2,True,0.23830531537532806,0.7616947293281555
1,Promoter,1,Promoter,0.9078092575073242,Promoter,1,True,0.09219073504209518,0.9078092575073242
1,Promoter,0,Non-Promoter,0.6197579503059387,Non-Promoter|Promoter,2,True,0.6197579503059387,0.3802420496940613
1,Promoter,1,Promoter,0.6338145732879639,Non-Promoter|Promoter,2,True,0.3661854565143585,0.6338145732879639
1,Promoter,1,Promoter,0.852848470211029,Promoter,1,True,0.14715157449245453,0.852848470211029
1,Promoter,0,Non-Promoter,0.6940757632255554,Non-Promoter|Promoter,2,True,0.6940757632255554,0.3059242367744446
1,Promoter,0,Non-Promoter,0.7309202551841736,Non-Promoter|Promoter,2,True,0.7309202551841736,0.26907971501350403
1,Promoter,1,Promoter,0.9228699207305908,Promoter,1,True,0.07713008671998978,0.9228699207305908
1,Promoter,1,Promoter,0.6657631397247314,Non-Promoter|Promoter,2,True,0.33423689007759094,0.6657631397247314
1,Promoter,1,Promoter,0.9144428968429565,Promoter,1,True,0.08555707335472107,0.9144428968429565
1,Promoter,0,Non-Promoter,0.7276626229286194,Non-Promoter|Promoter,2,True,0.7276626229286194,0.2723373770713806
1,Promoter,0,Non-Promoter,0.6554715633392334,Non-Promoter|Promoter,2,True,0.6554715633392334,0.3445284068584442
1,Promoter,1,Promoter,0.6313443183898926,Non-Promoter|Promoter,2,True,0.3686557114124298,0.6313443183898926
1,Promoter,1,Promoter,0.7993431091308594,Non-Promoter|Promoter,2,True,0.20065689086914062,0.7993431091308594
1,Promoter,1,Promoter,0.5790594816207886,Non-Promoter|Promoter,2,True,0.42094048857688904,0.5790594816207886
1,Promoter,1,Promoter,0.9439225792884827,Promoter,1,True,0.05607738345861435,0.9439225792884827
1,Promoter,1,Promoter,0.8982770442962646,Promoter,1,True,0.10172295570373535,0.8982770442962646
1,Promoter,0,Non-Promoter,0.790471613407135,Non-Promoter|Promoter,2,True,0.790471613407135,0.2095283418893814
1,Promoter,1,Promoter,0.700248122215271,Non-Promoter|Promoter,2,True,0.29975181818008423,0.700248122215271
1,Promoter,1,Promoter,0.8805854916572571,Promoter,1,True,0.11941453069448471,0.8805854916572571
1,Promoter,1,Promoter,0.9077203869819641,Promoter,1,True,0.0922795832157135,0.9077203869819641
1,Promoter,1,Promoter,0.9871125817298889,Promoter,1,True,0.012887382879853249,0.9871125817298889
1,Promoter,1,Promoter,0.8868884444236755,Promoter,1,True,0.11311154067516327,0.8868884444236755
1,Promoter,1,Promoter,0.8197270631790161,Non-Promoter|Promoter,2,True,0.1802728921175003,0.8197270631790161
1,Promoter,0,Non-Promoter,0.591478168964386,Non-Promoter|Promoter,2,True,0.591478168964386,0.408521831035614
1,Promoter,1,Promoter,0.906581461429596,Promoter,1,True,0.09341859817504883,0.906581461429596
1,Promoter,1,Promoter,0.781224250793457,Non-Promoter|Promoter,2,True,0.2187756896018982,0.781224250793457
1,Promoter,0,Non-Promoter,0.5737528800964355,Non-Promoter|Promoter,2,True,0.5737528800964355,0.42624709010124207
1,Promoter,1,Promoter,0.9854807257652283,Promoter,1,True,0.014519250020384789,0.9854807257652283
1,Promoter,0,Non-Promoter,0.7462457418441772,Non-Promoter|Promoter,2,True,0.7462457418441772,0.25375425815582275
1,Promoter,1,Promoter,0.6145205497741699,Non-Promoter|Promoter,2,True,0.3854794502258301,0.6145205497741699
1,Promoter,1,Promoter,0.7808079123497009,Non-Promoter|Promoter,2,True,0.21919214725494385,0.7808079123497009
1,Promoter,0,Non-Promoter,0.5801411271095276,Non-Promoter|Promoter,2,True,0.5801411271095276,0.4198588728904724
1,Promoter,1,Promoter,0.9283571243286133,Promoter,1,True,0.07164283841848373,0.9283571243286133
1,Promoter,1,Promoter,0.9408495426177979,Promoter,1,True,0.059150490909814835,0.9408495426177979
1,Promoter,1,Promoter,0.5173277854919434,Non-Promoter|Promoter,2,True,0.48267215490341187,0.5173277854919434
1,Promoter,1,Promoter,0.8080770373344421,Non-Promoter|Promoter,2,True,0.19192300736904144,0.8080770373344421
1,Promoter,1,Promoter,0.9465860724449158,Promoter,1,True,0.05341387540102005,0.9465860724449158
1,Promoter,1,Promoter,0.839366614818573,Promoter,1,True,0.1606333702802658,0.839366614818573
1,Promoter,1,Promoter,0.9817185401916504,Promoter,1,True,0.01828153245151043,0.9817185401916504
1,Promoter,0,Non-Promoter,0.7582533359527588,Non-Promoter|Promoter,2,True,0.7582533359527588,0.2417466938495636
1,Promoter,1,Promoter,0.9641034007072449,Promoter,1,True,0.035896606743335724,0.9641034007072449
1,Promoter,0,Non-Promoter,0.548450767993927,Non-Promoter|Promoter,2,True,0.548450767993927,0.4515492916107178
1,Promoter,1,Promoter,0.6584165096282959,Non-Promoter|Promoter,2,True,0.3415835201740265,0.6584165096282959
1,Promoter,1,Promoter,0.8159113526344299,Non-Promoter|Promoter,2,True,0.18408869206905365,0.8159113526344299
1,Promoter,1,Promoter,0.9594481587409973,Promoter,1,True,0.040551792830228806,0.9594481587409973
1,Promoter,1,Promoter,0.9415150284767151,Promoter,1,True,0.0584850087761879,0.9415150284767151
1,Promoter,1,Promoter,0.717467725276947,Non-Promoter|Promoter,2,True,0.282532274723053,0.717467725276947
1,Promoter,1,Promoter,0.7758514285087585,Non-Promoter|Promoter,2,True,0.22414857149124146,0.7758514285087585
1,Promoter,1,Promoter,0.9454571008682251,Promoter,1,True,0.05454285070300102,0.9454571008682251
1,Promoter,0,Non-Promoter,0.6637183427810669,Non-Promoter|Promoter,2,True,0.6637183427810669,0.3362816572189331
1,Promoter,0,Non-Promoter,0.5253186225891113,Non-Promoter|Promoter,2,True,0.5253186225891113,0.47468137741088867
1,Promoter,1,Promoter,0.5015485286712646,Non-Promoter|Promoter,2,True,0.49845150113105774,0.5015485286712646
1,Promoter,1,Promoter,0.9189407825469971,Promoter,1,True,0.08105920255184174,0.9189407825469971
1,Promoter,1,Promoter,0.9809201955795288,Promoter,1,True,0.019079746678471565,0.9809201955795288
1,Promoter,1,Promoter,0.8129144310951233,Non-Promoter|Promoter,2,True,0.18708553910255432,0.8129144310951233
1,Promoter,0,Non-Promoter,0.5282670855522156,Non-Promoter|Promoter,2,True,0.5282670855522156,0.4717329144477844
1,Promoter,1,Promoter,0.8732854723930359,Promoter,1,True,0.1267145723104477,0.8732854723930359
1,Promoter,1,Promoter,0.8907647728919983,Promoter,1,True,0.1092352569103241,0.8907647728919983
1,Promoter,1,Promoter,0.7785143852233887,Non-Promoter|Promoter,2,True,0.22148558497428894,0.7785143852233887
1,Promoter,1,Promoter,0.9589652419090271,Promoter,1,True,0.04103470966219902,0.9589652419090271
1,Promoter,1,Promoter,0.5013355612754822,Non-Promoter|Promoter,2,True,0.4986644685268402,0.5013355612754822
1,Promoter,1,Promoter,0.7911871671676636,Non-Promoter|Promoter,2,True,0.2088128626346588,0.7911871671676636
1,Promoter,1,Promoter,0.9421476721763611,Promoter,1,True,0.05785226821899414,0.9421476721763611
1,Promoter,1,Promoter,0.8843199610710144,Promoter,1,True,0.11567997932434082,0.8843199610710144
1,Promoter,1,Promoter,0.97147536277771,Promoter,1,True,0.02852461487054825,0.97147536277771
1,Promoter,1,Promoter,0.9423472285270691,Promoter,1,True,0.05765282362699509,0.9423472285270691
1,Promoter,1,Promoter,0.9542423486709595,Promoter,1,True,0.04575769975781441,0.9542423486709595
1,Promoter,0,Non-Promoter,0.5674892067909241,Non-Promoter|Promoter,2,True,0.5674892067909241,0.43251076340675354
1,Promoter,1,Promoter,0.7195550799369812,Non-Promoter|Promoter,2,True,0.2804448902606964,0.7195550799369812
1,Promoter,1,Promoter,0.6327775716781616,Non-Promoter|Promoter,2,True,0.3672224283218384,0.6327775716781616
1,Promoter,1,Promoter,0.5955080986022949,Non-Promoter|Promoter,2,True,0.40449193120002747,0.5955080986022949
1,Promoter,1,Promoter,0.9503175616264343,Promoter,1,True,0.049682460725307465,0.9503175616264343
1,Promoter,0,Non-Promoter,0.5801993608474731,Non-Promoter|Promoter,2,True,0.5801993608474731,0.41980066895484924
1,Promoter,1,Promoter,0.597567617893219,Non-Promoter|Promoter,2,True,0.40243232250213623,0.597567617893219
1,Promoter,0,Non-Promoter,0.7325512170791626,Non-Promoter|Promoter,2,True,0.7325512170791626,0.2674488127231598
1,Promoter,1,Promoter,0.9953652620315552,Promoter,1,True,0.004634733311831951,0.9953652620315552
1,Promoter,1,Promoter,0.9163092970848083,Promoter,1,True,0.08369069546461105,0.9163092970848083
1,Promoter,1,Promoter,0.914367139339447,Promoter,1,True,0.0856328159570694,0.914367139339447
1,Promoter,0,Non-Promoter,0.9260632991790771,Non-Promoter,1,False,0.9260632991790771,0.07393670082092285
1,Promoter,1,Promoter,0.9793037176132202,Promoter,1,True,0.02069629542529583,0.9793037176132202
1,Promoter,1,Promoter,0.732101559638977,Non-Promoter|Promoter,2,True,0.26789841055870056,0.732101559638977
1,Promoter,1,Promoter,0.845936119556427,Promoter,1,True,0.154063880443573,0.845936119556427
1,Promoter,1,Promoter,0.6223570108413696,Non-Promoter|Promoter,2,True,0.37764301896095276,0.6223570108413696
1,Promoter,1,Promoter,0.9800628423690796,Promoter,1,True,0.019937139004468918,0.9800628423690796
1,Promoter,1,Promoter,0.9582800269126892,Promoter,1,True,0.04171999171376228,0.9582800269126892
1,Promoter,1,Promoter,0.9057270884513855,Promoter,1,True,0.09427286684513092,0.9057270884513855
1,Promoter,1,Promoter,0.828414797782898,Non-Promoter|Promoter,2,True,0.17158515751361847,0.828414797782898
1,Promoter,1,Promoter,0.9645042419433594,Promoter,1,True,0.03549572080373764,0.9645042419433594
1,Promoter,0,Non-Promoter,0.7442276477813721,Non-Promoter|Promoter,2,True,0.7442276477813721,0.2557724118232727
1,Promoter,1,Promoter,0.9205948710441589,Promoter,1,True,0.07940511405467987,0.9205948710441589
1,Promoter,1,Promoter,0.8334763646125793,Non-Promoter|Promoter,2,True,0.16652360558509827,0.8334763646125793
1,Promoter,1,Promoter,0.9474861025810242,Promoter,1,True,0.05251386761665344,0.9474861025810242
1,Promoter,1,Promoter,0.9901157021522522,Promoter,1,True,0.009884296916425228,0.9901157021522522
1,Promoter,1,Promoter,0.9681969881057739,Promoter,1,True,0.031803034245967865,0.9681969881057739
1,Promoter,1,Promoter,0.650813639163971,Non-Promoter|Promoter,2,True,0.34918636083602905,0.650813639163971
1,Promoter,1,Promoter,0.9186504483222961,Promoter,1,True,0.08134956657886505,0.9186504483222961
1,Promoter,1,Promoter,0.6643286943435669,Non-Promoter|Promoter,2,True,0.3356713056564331,0.6643286943435669
1,Promoter,1,Promoter,0.8227800726890564,Non-Promoter|Promoter,2,True,0.1772199273109436,0.8227800726890564
1,Promoter,1,Promoter,0.8605743050575256,Promoter,1,True,0.13942572474479675,0.8605743050575256
1,Promoter,0,Non-Promoter,0.9587616324424744,Non-Promoter,1,False,0.9587616324424744,0.04123839735984802
1,Promoter,1,Promoter,0.9656355977058411,Promoter,1,True,0.03436433523893356,0.9656355977058411
1,Promoter,1,Promoter,0.9382922053337097,Promoter,1,True,0.06170780211687088,0.9382922053337097
1,Promoter,0,Non-Promoter,0.6678736805915833,Non-Promoter|Promoter,2,True,0.6678736805915833,0.33212628960609436
1,Promoter,1,Promoter,0.911056637763977,Promoter,1,True,0.08894331753253937,0.911056637763977
1,Promoter,1,Promoter,0.8464493751525879,Promoter,1,True,0.15355059504508972,0.8464493751525879
1,Promoter,1,Promoter,0.6257016658782959,Non-Promoter|Promoter,2,True,0.3742983043193817,0.6257016658782959
1,Promoter,1,Promoter,0.8197606801986694,Non-Promoter|Promoter,2,True,0.1802392601966858,0.8197606801986694
1,Promoter,1,Promoter,0.9256073236465454,Promoter,1,True,0.07439269125461578,0.9256073236465454
1,Promoter,1,Promoter,0.677335262298584,Non-Promoter|Promoter,2,True,0.3226647973060608,0.677335262298584
1,Promoter,1,Promoter,0.9131056070327759,Promoter,1,True,0.0868944302201271,0.9131056070327759
1,Promoter,0,Non-Promoter,0.9486902952194214,Non-Promoter,1,False,0.9486902952194214,0.05130970478057861
1,Promoter,0,Non-Promoter,0.8359670042991638,Non-Promoter,1,False,0.8359670042991638,0.1640329360961914
1,Promoter,0,Non-Promoter,0.5910241603851318,Non-Promoter|Promoter,2,True,0.5910241603851318,0.4089758098125458
1,Promoter,1,Promoter,0.6933936476707458,Non-Promoter|Promoter,2,True,0.3066062927246094,0.6933936476707458
1,Promoter,1,Promoter,0.7775289416313171,Non-Promoter|Promoter,2,True,0.22247107326984406,0.7775289416313171
1,Promoter,1,Promoter,0.875650942325592,Promoter,1,True,0.12434908002614975,0.875650942325592
1,Promoter,1,Promoter,0.8617693781852722,Promoter,1,True,0.1382305920124054,0.8617693781852722
1,Promoter,1,Promoter,0.8817150592803955,Promoter,1,True,0.1182849258184433,0.8817150592803955
1,Promoter,1,Promoter,0.6334804892539978,Non-Promoter|Promoter,2,True,0.3665195405483246,0.6334804892539978
1,Promoter,0,Non-Promoter,0.8697696328163147,Non-Promoter,1,False,0.8697696328163147,0.13023041188716888
1,Promoter,0,Non-Promoter,0.757164716720581,Non-Promoter|Promoter,2,True,0.757164716720581,0.24283532798290253
1,Promoter,0,Non-Promoter,0.5482425689697266,Non-Promoter|Promoter,2,True,0.5482425689697266,0.45175740122795105
1,Promoter,1,Promoter,0.5937116742134094,Non-Promoter|Promoter,2,True,0.4062882959842682,0.5937116742134094
1,Promoter,1,Promoter,0.6897582411766052,Non-Promoter|Promoter,2,True,0.3102417290210724,0.6897582411766052
1,Promoter,1,Promoter,0.8185536861419678,Non-Promoter|Promoter,2,True,0.18144631385803223,0.8185536861419678
1,Promoter,0,Non-Promoter,0.5249273777008057,Non-Promoter|Promoter,2,True,0.5249273777008057,0.4750726819038391
1,Promoter,1,Promoter,0.9393748641014099,Promoter,1,True,0.06062515452504158,0.9393748641014099
1,Promoter,1,Promoter,0.6090498566627502,Non-Promoter|Promoter,2,True,0.39095020294189453,0.6090498566627502
1,Promoter,1,Promoter,0.7785444855690002,Non-Promoter|Promoter,2,True,0.22145548462867737,0.7785444855690002
1,Promoter,1,Promoter,0.738015353679657,Non-Promoter|Promoter,2,True,0.261984646320343,0.738015353679657
1,Promoter,1,Promoter,0.8788704872131348,Promoter,1,True,0.12112946808338165,0.8788704872131348
1,Promoter,0,Non-Promoter,0.6338571906089783,Non-Promoter|Promoter,2,True,0.6338571906089783,0.36614280939102173
1,Promoter,1,Promoter,0.7824074625968933,Non-Promoter|Promoter,2,True,0.2175925374031067,0.7824074625968933
1,Promoter,0,Non-Promoter,0.5325469970703125,Non-Promoter|Promoter,2,True,0.5325469970703125,0.4674529731273651
1,Promoter,1,Promoter,0.9634159207344055,Promoter,1,True,0.0365840345621109,0.9634159207344055
1,Promoter,1,Promoter,0.961925745010376,Promoter,1,True,0.03807426244020462,0.961925745010376
1,Promoter,0,Non-Promoter,0.8200381398200989,Non-Promoter|Promoter,2,True,0.8200381398200989,0.17996187508106232
1,Promoter,0,Non-Promoter,0.905328094959259,Non-Promoter,1,False,0.905328094959259,0.09467187523841858
1,Promoter,1,Promoter,0.8946084976196289,Promoter,1,True,0.10539151728153229,0.8946084976196289
1,Promoter,1,Promoter,0.7100880146026611,Non-Promoter|Promoter,2,True,0.28991198539733887,0.7100880146026611
1,Promoter,1,Promoter,0.9946208000183105,Promoter,1,True,0.005379220470786095,0.9946208000183105
1,Promoter,1,Promoter,0.945750892162323,Promoter,1,True,0.05424913018941879,0.945750892162323
1,Promoter,1,Promoter,0.7901216745376587,Non-Promoter|Promoter,2,True,0.2098783701658249,0.7901216745376587
1,Promoter,1,Promoter,0.9044820666313171,Promoter,1,True,0.09551797062158585,0.9044820666313171
1,Promoter,0,Non-Promoter,0.6192847490310669,Non-Promoter|Promoter,2,True,0.6192847490310669,0.3807152509689331
1,Promoter,1,Promoter,0.7467933893203735,Non-Promoter|Promoter,2,True,0.2532065510749817,0.7467933893203735
1,Promoter,1,Promoter,0.9637761116027832,Promoter,1,True,0.0362238846719265,0.9637761116027832
1,Promoter,0,Non-Promoter,0.5303606390953064,Non-Promoter|Promoter,2,True,0.5303606390953064,0.469639390707016
1,Promoter,0,Non-Promoter,0.8050573468208313,Non-Promoter|Promoter,2,True,0.8050573468208313,0.1949426680803299
1,Promoter,1,Promoter,0.9523899555206299,Promoter,1,True,0.047610051929950714,0.9523899555206299
1,Promoter,1,Promoter,0.8706046938896179,Promoter,1,True,0.12939533591270447,0.8706046938896179
1,Promoter,1,Promoter,0.6468886137008667,Non-Promoter|Promoter,2,True,0.3531113564968109,0.6468886137008667
1,Promoter,0,Non-Promoter,0.631880521774292,Non-Promoter|Promoter,2,True,0.631880521774292,0.3681195378303528
1,Promoter,1,Promoter,0.9627166986465454,Promoter,1,True,0.037283286452293396,0.9627166986465454
1,Promoter,1,Promoter,0.8847377300262451,Promoter,1,True,0.11526229232549667,0.8847377300262451
1,Promoter,1,Promoter,0.8811766505241394,Promoter,1,True,0.11882338672876358,0.8811766505241394
1,Promoter,1,Promoter,0.9529120922088623,Promoter,1,True,0.047087907791137695,0.9529120922088623
1,Promoter,1,Promoter,0.9542155265808105,Promoter,1,True,0.04578442499041557,0.9542155265808105
1,Promoter,0,Non-Promoter,0.840259313583374,Non-Promoter,1,False,0.840259313583374,0.1597406268119812
1,Promoter,1,Promoter,0.9231789112091064,Promoter,1,True,0.07682110369205475,0.9231789112091064
1,Promoter,1,Promoter,0.7986687421798706,Non-Promoter|Promoter,2,True,0.20133128762245178,0.7986687421798706
1,Promoter,0,Non-Promoter,0.6587368249893188,Non-Promoter|Promoter,2,True,0.6587368249893188,0.34126314520835876
1,Promoter,1,Promoter,0.6694197654724121,Non-Promoter|Promoter,2,True,0.3305802345275879,0.6694197654724121
1,Promoter,1,Promoter,0.9315863251686096,Promoter,1,True,0.06841370463371277,0.9315863251686096
1,Promoter,1,Promoter,0.8809205293655396,Promoter,1,True,0.11907950043678284,0.8809205293655396
1,Promoter,0,Non-Promoter,0.832550585269928,Non-Promoter|Promoter,2,True,0.832550585269928,0.1674494445323944
1,Promoter,1,Promoter,0.6651795506477356,Non-Promoter|Promoter,2,True,0.3348204493522644,0.6651795506477356
1,Promoter,1,Promoter,0.8102511763572693,Non-Promoter|Promoter,2,True,0.1897488385438919,0.8102511763572693
1,Promoter,1,Promoter,0.5775787830352783,Non-Promoter|Promoter,2,True,0.4224212169647217,0.5775787830352783
1,Promoter,1,Promoter,0.7544512748718262,Non-Promoter|Promoter,2,True,0.24554871022701263,0.7544512748718262
1,Promoter,1,Promoter,0.663321852684021,Non-Promoter|Promoter,2,True,0.336678147315979,0.663321852684021
1,Promoter,1,Promoter,0.5863927602767944,Non-Promoter|Promoter,2,True,0.41360726952552795,0.5863927602767944
1,Promoter,0,Non-Promoter,0.7211200594902039,Non-Promoter|Promoter,2,True,0.7211200594902039,0.27887988090515137
1,Promoter,0,Non-Promoter,0.8346349000930786,Non-Promoter|Promoter,2,True,0.8346349000930786,0.16536512970924377
1,Promoter,1,Promoter,0.8749450445175171,Promoter,1,True,0.12505494058132172,0.8749450445175171
1,Promoter,0,Non-Promoter,0.7420822381973267,Non-Promoter|Promoter,2,True,0.7420822381973267,0.2579177916049957
1,Promoter,1,Promoter,0.6279498338699341,Non-Promoter|Promoter,2,True,0.3720501661300659,0.6279498338699341
1,Promoter,1,Promoter,0.8605534434318542,Promoter,1,True,0.13944652676582336,0.8605534434318542
1,Promoter,0,Non-Promoter,0.7583296895027161,Non-Promoter|Promoter,2,True,0.7583296895027161,0.24167028069496155
1,Promoter,1,Promoter,0.7623194456100464,Non-Promoter|Promoter,2,True,0.2376805990934372,0.7623194456100464
1,Promoter,0,Non-Promoter,0.6502265334129333,Non-Promoter|Promoter,2,True,0.6502265334129333,0.34977349638938904
1,Promoter,0,Non-Promoter,0.7474426627159119,Non-Promoter|Promoter,2,True,0.7474426627159119,0.25255733728408813
1,Promoter,1,Promoter,0.7348435521125793,Non-Promoter|Promoter,2,True,0.26515641808509827,0.7348435521125793
1,Promoter,1,Promoter,0.8212473392486572,Non-Promoter|Promoter,2,True,0.17875270545482635,0.8212473392486572
1,Promoter,1,Promoter,0.8528255820274353,Promoter,1,True,0.1471744030714035,0.8528255820274353
1,Promoter,1,Promoter,0.8574784398078918,Promoter,1,True,0.14252154529094696,0.8574784398078918
1,Promoter,1,Promoter,0.7319002747535706,Non-Promoter|Promoter,2,True,0.26809969544410706,0.7319002747535706
1,Promoter,1,Promoter,0.9336247444152832,Promoter,1,True,0.06637521088123322,0.9336247444152832
1,Promoter,1,Promoter,0.9237688183784485,Promoter,1,True,0.07623115926980972,0.9237688183784485
1,Promoter,0,Non-Promoter,0.8968839645385742,Non-Promoter,1,False,0.8968839645385742,0.10311602801084518
1,Promoter,1,Promoter,0.9781631827354431,Promoter,1,True,0.02183683216571808,0.9781631827354431
1,Promoter,1,Promoter,0.6624982357025146,Non-Promoter|Promoter,2,True,0.33750179409980774,0.6624982357025146
1,Promoter,1,Promoter,0.8231114149093628,Non-Promoter|Promoter,2,True,0.1768886148929596,0.8231114149093628
1,Promoter,1,Promoter,0.906908392906189,Promoter,1,True,0.09309164434671402,0.906908392906189
1,Promoter,0,Non-Promoter,0.5845742225646973,Non-Promoter|Promoter,2,True,0.5845742225646973,0.41542577743530273
1,Promoter,1,Promoter,0.9376360774040222,Promoter,1,True,0.06236393004655838,0.9376360774040222
1,Promoter,1,Promoter,0.9025959968566895,Promoter,1,True,0.09740395843982697,0.9025959968566895
1,Promoter,1,Promoter,0.6158537864685059,Non-Promoter|Promoter,2,True,0.38414618372917175,0.6158537864685059
1,Promoter,1,Promoter,0.9481320977210999,Promoter,1,True,0.051867902278900146,0.9481320977210999
1,Promoter,0,Non-Promoter,0.7597891092300415,Non-Promoter|Promoter,2,True,0.7597891092300415,0.24021095037460327
1,Promoter,1,Promoter,0.8931185603141785,Promoter,1,True,0.10688140988349915,0.8931185603141785
1,Promoter,1,Promoter,0.6005592346191406,Non-Promoter|Promoter,2,True,0.3994407653808594,0.6005592346191406
1,Promoter,1,Promoter,0.9799901843070984,Promoter,1,True,0.020009851083159447,0.9799901843070984
1,Promoter,1,Promoter,0.8398566246032715,Promoter,1,True,0.16014336049556732,0.8398566246032715
1,Promoter,1,Promoter,0.7404348850250244,Non-Promoter|Promoter,2,True,0.259565144777298,0.7404348850250244
1,Promoter,1,Promoter,0.9490910768508911,Promoter,1,True,0.05090890824794769,0.9490910768508911
1,Promoter,1,Promoter,0.6036216020584106,Non-Promoter|Promoter,2,True,0.3963783383369446,0.6036216020584106
1,Promoter,1,Promoter,0.867108941078186,Promoter,1,True,0.13289108872413635,0.867108941078186
1,Promoter,1,Promoter,0.7580956816673279,Non-Promoter|Promoter,2,True,0.24190424382686615,0.7580956816673279
1,Promoter,1,Promoter,0.9751681685447693,Promoter,1,True,0.024831831455230713,0.9751681685447693
1,Promoter,0,Non-Promoter,0.6519465446472168,Non-Promoter|Promoter,2,True,0.6519465446472168,0.3480534553527832
1,Promoter,1,Promoter,0.8211413621902466,Non-Promoter|Promoter,2,True,0.17885857820510864,0.8211413621902466
1,Promoter,1,Promoter,0.9868098497390747,Promoter,1,True,0.01319009717553854,0.9868098497390747
1,Promoter,1,Promoter,0.6121026277542114,Non-Promoter|Promoter,2,True,0.38789743185043335,0.6121026277542114
1,Promoter,1,Promoter,0.7296589016914368,Non-Promoter|Promoter,2,True,0.270341157913208,0.7296589016914368
1,Promoter,0,Non-Promoter,0.5156594514846802,Non-Promoter|Promoter,2,True,0.5156594514846802,0.4843405783176422
1,Promoter,1,Promoter,0.9794292449951172,Promoter,1,True,0.02057073637843132,0.9794292449951172
1,Promoter,0,Non-Promoter,0.8920353055000305,Non-Promoter,1,False,0.8920353055000305,0.10796474665403366
1,Promoter,0,Non-Promoter,0.8738778829574585,Non-Promoter,1,False,0.8738778829574585,0.12612216174602509
1,Promoter,0,Non-Promoter,0.7679246664047241,Non-Promoter|Promoter,2,True,0.7679246664047241,0.23207531869411469
1,Promoter,1,Promoter,0.931766927242279,Promoter,1,True,0.06823308020830154,0.931766927242279
1,Promoter,1,Promoter,0.6574041247367859,Non-Promoter|Promoter,2,True,0.3425959348678589,0.6574041247367859
1,Promoter,1,Promoter,0.5498924851417542,Non-Promoter|Promoter,2,True,0.4501074552536011,0.5498924851417542
1,Promoter,1,Promoter,0.6073411703109741,Non-Promoter|Promoter,2,True,0.39265888929367065,0.6073411703109741
1,Promoter,1,Promoter,0.8324483633041382,Non-Promoter|Promoter,2,True,0.16755163669586182,0.8324483633041382
1,Promoter,1,Promoter,0.9542332291603088,Promoter,1,True,0.04576680809259415,0.9542332291603088
1,Promoter,1,Promoter,0.9793420433998108,Promoter,1,True,0.020657988265156746,0.9793420433998108
1,Promoter,1,Promoter,0.9420347213745117,Promoter,1,True,0.05796533077955246,0.9420347213745117
1,Promoter,1,Promoter,0.7876259684562683,Non-Promoter|Promoter,2,True,0.21237406134605408,0.7876259684562683
1,Promoter,1,Promoter,0.9050887823104858,Promoter,1,True,0.09491124004125595,0.9050887823104858
1,Promoter,1,Promoter,0.6614088416099548,Non-Promoter|Promoter,2,True,0.33859115839004517,0.6614088416099548
1,Promoter,1,Promoter,0.9715389013290405,Promoter,1,True,0.028461113572120667,0.9715389013290405
1,Promoter,1,Promoter,0.7972138524055481,Non-Promoter|Promoter,2,True,0.20278610289096832,0.7972138524055481
1,Promoter,1,Promoter,0.749874472618103,Non-Promoter|Promoter,2,True,0.250125527381897,0.749874472618103
1,Promoter,0,Non-Promoter,0.8893088102340698,Non-Promoter,1,False,0.8893088102340698,0.11069115251302719
1,Promoter,1,Promoter,0.9278457760810852,Promoter,1,True,0.07215429097414017,0.9278457760810852
1,Promoter,1,Promoter,0.7115324139595032,Non-Promoter|Promoter,2,True,0.28846755623817444,0.7115324139595032
1,Promoter,1,Promoter,0.5499852299690247,Non-Promoter|Promoter,2,True,0.45001477003097534,0.5499852299690247
1,Promoter,1,Promoter,0.950958251953125,Promoter,1,True,0.049041748046875,0.950958251953125
1,Promoter,1,Promoter,0.9161611795425415,Promoter,1,True,0.08383888006210327,0.9161611795425415
1,Promoter,1,Promoter,0.9960604310035706,Promoter,1,True,0.003939500544220209,0.9960604310035706
1,Promoter,0,Non-Promoter,0.5101815462112427,Non-Promoter|Promoter,2,True,0.5101815462112427,0.4898184835910797
1,Promoter,1,Promoter,0.9496090412139893,Promoter,1,True,0.050390902906656265,0.9496090412139893
1,Promoter,1,Promoter,0.9940717816352844,Promoter,1,True,0.005928261671215296,0.9940717816352844
1,Promoter,1,Promoter,0.8300691843032837,Non-Promoter|Promoter,2,True,0.1699308454990387,0.8300691843032837
1,Promoter,1,Promoter,0.9756408929824829,Promoter,1,True,0.02435917966067791,0.9756408929824829
1,Promoter,1,Promoter,0.5392414331436157,Non-Promoter|Promoter,2,True,0.4607585370540619,0.5392414331436157
1,Promoter,0,Non-Promoter,0.8798404335975647,Non-Promoter,1,False,0.8798404335975647,0.12015955150127411
1,Promoter,1,Promoter,0.9646239280700684,Promoter,1,True,0.03537602350115776,0.9646239280700684
1,Promoter,1,Promoter,0.8320289254188538,Non-Promoter|Promoter,2,True,0.16797110438346863,0.8320289254188538
1,Promoter,1,Promoter,0.5432582497596741,Non-Promoter|Promoter,2,True,0.45674172043800354,0.5432582497596741
1,Promoter,1,Promoter,0.8400829434394836,Promoter,1,True,0.15991710126399994,0.8400829434394836
1,Promoter,1,Promoter,0.9299740791320801,Promoter,1,True,0.07002586126327515,0.9299740791320801
1,Promoter,1,Promoter,0.5990232825279236,Non-Promoter|Promoter,2,True,0.4009767472743988,0.5990232825279236
1,Promoter,1,Promoter,0.9390273094177246,Promoter,1,True,0.060972727835178375,0.9390273094177246
1,Promoter,0,Non-Promoter,0.7716248035430908,Non-Promoter|Promoter,2,True,0.7716248035430908,0.22837519645690918
1,Promoter,1,Promoter,0.9492064118385315,Promoter,1,True,0.05079360678792,0.9492064118385315
1,Promoter,1,Promoter,0.9249396324157715,Promoter,1,True,0.07506036758422852,0.9249396324157715
1,Promoter,1,Promoter,0.9576072692871094,Promoter,1,True,0.04239276796579361,0.9576072692871094
1,Promoter,0,Non-Promoter,0.6468492746353149,Non-Promoter|Promoter,2,True,0.6468492746353149,0.35315075516700745
1,Promoter,1,Promoter,0.7752008438110352,Non-Promoter|Promoter,2,True,0.22479911148548126,0.7752008438110352
1,Promoter,1,Promoter,0.7042220234870911,Non-Promoter|Promoter,2,True,0.29577797651290894,0.7042220234870911
1,Promoter,1,Promoter,0.9693654179573059,Promoter,1,True,0.03063458949327469,0.9693654179573059
1,Promoter,1,Promoter,0.7509778141975403,Non-Promoter|Promoter,2,True,0.24902212619781494,0.7509778141975403
1,Promoter,1,Promoter,0.6934667825698853,Non-Promoter|Promoter,2,True,0.30653321743011475,0.6934667825698853
1,Promoter,1,Promoter,0.858680009841919,Promoter,1,True,0.14131996035575867,0.858680009841919
1,Promoter,1,Promoter,0.860765278339386,Promoter,1,True,0.13923470675945282,0.860765278339386
1,Promoter,1,Promoter,0.9448679685592651,Promoter,1,True,0.055132005363702774,0.9448679685592651
1,Promoter,1,Promoter,0.8934724926948547,Promoter,1,True,0.10652752965688705,0.8934724926948547
1,Promoter,1,Promoter,0.9666392207145691,Promoter,1,True,0.03336075693368912,0.9666392207145691
1,Promoter,1,Promoter,0.9832940101623535,Promoter,1,True,0.016705939546227455,0.9832940101623535
1,Promoter,1,Promoter,0.5593295693397522,Non-Promoter|Promoter,2,True,0.4406704008579254,0.5593295693397522
1,Promoter,1,Promoter,0.7237622141838074,Non-Promoter|Promoter,2,True,0.27623775601387024,0.7237622141838074
1,Promoter,1,Promoter,0.6548750996589661,Non-Promoter|Promoter,2,True,0.34512487053871155,0.6548750996589661
1,Promoter,1,Promoter,0.7951266169548035,Non-Promoter|Promoter,2,True,0.20487333834171295,0.7951266169548035
1,Promoter,0,Non-Promoter,0.527116060256958,Non-Promoter|Promoter,2,True,0.527116060256958,0.472883939743042
1,Promoter,1,Promoter,0.9054911136627197,Promoter,1,True,0.09450887143611908,0.9054911136627197
1,Promoter,1,Promoter,0.591511607170105,Non-Promoter|Promoter,2,True,0.4084884226322174,0.591511607170105
1,Promoter,1,Promoter,0.8100790977478027,Non-Promoter|Promoter,2,True,0.18992090225219727,0.8100790977478027
1,Promoter,1,Promoter,0.9545938372612,Promoter,1,True,0.045406173914670944,0.9545938372612
1,Promoter,0,Non-Promoter,0.9220420122146606,Non-Promoter,1,False,0.9220420122146606,0.07795803248882294
1,Promoter,1,Promoter,0.9509081244468689,Promoter,1,True,0.04909193515777588,0.9509081244468689
1,Promoter,1,Promoter,0.738766610622406,Non-Promoter|Promoter,2,True,0.261233389377594,0.738766610622406
1,Promoter,1,Promoter,0.9022613763809204,Promoter,1,True,0.09773865342140198,0.9022613763809204
1,Promoter,1,Promoter,0.9756051301956177,Promoter,1,True,0.024394815787672997,0.9756051301956177
1,Promoter,1,Promoter,0.9745582938194275,Promoter,1,True,0.025441644713282585,0.9745582938194275
1,Promoter,0,Non-Promoter,0.8730133175849915,Non-Promoter,1,False,0.8730133175849915,0.12698662281036377
1,Promoter,1,Promoter,0.8856108784675598,Promoter,1,True,0.11438915878534317,0.8856108784675598
1,Promoter,1,Promoter,0.8516735434532166,Promoter,1,True,0.14832641184329987,0.8516735434532166
1,Promoter,1,Promoter,0.8638917207717896,Promoter,1,True,0.13610833883285522,0.8638917207717896
1,Promoter,0,Non-Promoter,0.9194316864013672,Non-Promoter,1,False,0.9194316864013672,0.08056826889514923
1,Promoter,1,Promoter,0.547486424446106,Non-Promoter|Promoter,2,True,0.45251354575157166,0.547486424446106
1,Promoter,1,Promoter,0.8364944458007812,Promoter,1,True,0.16350555419921875,0.8364944458007812
1,Promoter,1,Promoter,0.9595514535903931,Promoter,1,True,0.040448546409606934,0.9595514535903931
1,Promoter,1,Promoter,0.6326397657394409,Non-Promoter|Promoter,2,True,0.3673602044582367,0.6326397657394409
1,Promoter,0,Non-Promoter,0.7017444372177124,Non-Promoter|Promoter,2,True,0.7017444372177124,0.2982555627822876
1,Promoter,0,Non-Promoter,0.6793690919876099,Non-Promoter|Promoter,2,True,0.6793690919876099,0.320630818605423
1,Promoter,1,Promoter,0.5328260660171509,Non-Promoter|Promoter,2,True,0.4671739637851715,0.5328260660171509
1,Promoter,0,Non-Promoter,0.5498467087745667,Non-Promoter|Promoter,2,True,0.5498467087745667,0.45015332102775574
1,Promoter,1,Promoter,0.7457678914070129,Non-Promoter|Promoter,2,True,0.25423213839530945,0.7457678914070129
1,Promoter,1,Promoter,0.9908766150474548,Promoter,1,True,0.009123321622610092,0.9908766150474548
1,Promoter,1,Promoter,0.8382564187049866,Promoter,1,True,0.16174358129501343,0.8382564187049866
1,Promoter,0,Non-Promoter,0.7489614486694336,Non-Promoter|Promoter,2,True,0.7489614486694336,0.25103849172592163
1,Promoter,1,Promoter,0.9431480765342712,Promoter,1,True,0.05685196444392204,0.9431480765342712
1,Promoter,1,Promoter,0.9654878377914429,Promoter,1,True,0.034512147307395935,0.9654878377914429
1,Promoter,1,Promoter,0.7628648281097412,Non-Promoter|Promoter,2,True,0.23713518679141998,0.7628648281097412
1,Promoter,1,Promoter,0.9812409281730652,Promoter,1,True,0.018759122118353844,0.9812409281730652
1,Promoter,1,Promoter,0.5690953135490417,Non-Promoter|Promoter,2,True,0.43090465664863586,0.5690953135490417
1,Promoter,1,Promoter,0.9044471383094788,Promoter,1,True,0.09555284678936005,0.9044471383094788
1,Promoter,1,Promoter,0.6188705563545227,Non-Promoter|Promoter,2,True,0.3811294138431549,0.6188705563545227
1,Promoter,1,Promoter,0.9227423071861267,Promoter,1,True,0.07725771516561508,0.9227423071861267
1,Promoter,1,Promoter,0.8540101051330566,Promoter,1,True,0.14598990976810455,0.8540101051330566
1,Promoter,1,Promoter,0.8052526712417603,Non-Promoter|Promoter,2,True,0.19474728405475616,0.8052526712417603
1,Promoter,1,Promoter,0.8630486130714417,Promoter,1,True,0.13695140182971954,0.8630486130714417
1,Promoter,1,Promoter,0.9462490677833557,Promoter,1,True,0.05375094711780548,0.9462490677833557
1,Promoter,0,Non-Promoter,0.5361447334289551,Non-Promoter|Promoter,2,True,0.5361447334289551,0.4638552665710449
1,Promoter,1,Promoter,0.7946534156799316,Non-Promoter|Promoter,2,True,0.20534658432006836,0.7946534156799316
1,Promoter,0,Non-Promoter,0.5872201919555664,Non-Promoter|Promoter,2,True,0.5872201919555664,0.4127797782421112
1,Promoter,1,Promoter,0.9734480977058411,Promoter,1,True,0.026551974937319756,0.9734480977058411
1,Promoter,1,Promoter,0.9291307926177979,Promoter,1,True,0.07086921483278275,0.9291307926177979
1,Promoter,1,Promoter,0.9052114486694336,Promoter,1,True,0.09478853642940521,0.9052114486694336
1,Promoter,1,Promoter,0.609995424747467,Non-Promoter|Promoter,2,True,0.39000454545021057,0.609995424747467
1,Promoter,1,Promoter,0.7523204684257507,Non-Promoter|Promoter,2,True,0.24767957627773285,0.7523204684257507
1,Promoter,1,Promoter,0.7906622886657715,Non-Promoter|Promoter,2,True,0.2093377411365509,0.7906622886657715
1,Promoter,1,Promoter,0.7648467421531677,Non-Promoter|Promoter,2,True,0.23515328764915466,0.7648467421531677
1,Promoter,0,Non-Promoter,0.593633234500885,Non-Promoter|Promoter,2,True,0.593633234500885,0.406366765499115
1,Promoter,1,Promoter,0.9715108871459961,Promoter,1,True,0.02848910540342331,0.9715108871459961
1,Promoter,1,Promoter,0.7972455620765686,Non-Promoter|Promoter,2,True,0.20275448262691498,0.7972455620765686
1,Promoter,1,Promoter,0.7603450417518616,Non-Promoter|Promoter,2,True,0.23965495824813843,0.7603450417518616
1,Promoter,1,Promoter,0.7740477919578552,Non-Promoter|Promoter,2,True,0.22595228254795074,0.7740477919578552
1,Promoter,1,Promoter,0.7471417784690857,Non-Promoter|Promoter,2,True,0.2528582215309143,0.7471417784690857
1,Promoter,1,Promoter,0.682657778263092,Non-Promoter|Promoter,2,True,0.31734225153923035,0.682657778263092
1,Promoter,1,Promoter,0.9863210320472717,Promoter,1,True,0.013678922317922115,0.9863210320472717
1,Promoter,1,Promoter,0.5756495594978333,Non-Promoter|Promoter,2,True,0.42435041069984436,0.5756495594978333
1,Promoter,0,Non-Promoter,0.6395919322967529,Non-Promoter|Promoter,2,True,0.6395919322967529,0.3604079782962799
1,Promoter,1,Promoter,0.9374175071716309,Promoter,1,True,0.06258245557546616,0.9374175071716309
1,Promoter,1,Promoter,0.918293833732605,Promoter,1,True,0.08170613646507263,0.918293833732605
1,Promoter,1,Promoter,0.7939476370811462,Non-Promoter|Promoter,2,True,0.20605233311653137,0.7939476370811462
1,Promoter,0,Non-Promoter,0.8351761698722839,Non-Promoter,1,False,0.8351761698722839,0.16482378542423248
1,Promoter,1,Promoter,0.9473934173583984,Promoter,1,True,0.05260655656456947,0.9473934173583984
1,Promoter,1,Promoter,0.8079293370246887,Non-Promoter|Promoter,2,True,0.19207067787647247,0.8079293370246887
1,Promoter,0,Non-Promoter,0.7776612043380737,Non-Promoter|Promoter,2,True,0.7776612043380737,0.22233881056308746
1,Promoter,0,Non-Promoter,0.6905522346496582,Non-Promoter|Promoter,2,True,0.6905522346496582,0.3094478249549866
1,Promoter,1,Promoter,0.9830795526504517,Promoter,1,True,0.01692047156393528,0.9830795526504517
1,Promoter,1,Promoter,0.7184977531433105,Non-Promoter|Promoter,2,True,0.28150221705436707,0.7184977531433105
1,Promoter,1,Promoter,0.9793785214424133,Promoter,1,True,0.02062148042023182,0.9793785214424133
1,Promoter,1,Promoter,0.924403727054596,Promoter,1,True,0.07559627294540405,0.924403727054596
1,Promoter,0,Non-Promoter,0.7764043211936951,Non-Promoter|Promoter,2,True,0.7764043211936951,0.22359561920166016
1,Promoter,0,Non-Promoter,0.9087445139884949,Non-Promoter,1,False,0.9087445139884949,0.09125541895627975
1,Promoter,0,Non-Promoter,0.8800463676452637,Non-Promoter,1,False,0.8800463676452637,0.11995362490415573
1,Promoter,1,Promoter,0.958962619304657,Promoter,1,True,0.04103734716773033,0.958962619304657
1,Promoter,0,Non-Promoter,0.6955569982528687,Non-Promoter|Promoter,2,True,0.6955569982528687,0.30444303154945374
1,Promoter,1,Promoter,0.9481980800628662,Promoter,1,True,0.05180194228887558,0.9481980800628662
1,Promoter,0,Non-Promoter,0.5105707049369812,Non-Promoter|Promoter,2,True,0.5105707049369812,0.4894293248653412
1,Promoter,1,Promoter,0.9020622372627258,Promoter,1,True,0.09793772548437119,0.9020622372627258
1,Promoter,1,Promoter,0.9744643568992615,Promoter,1,True,0.02553567662835121,0.9744643568992615
1,Promoter,1,Promoter,0.8813045024871826,Promoter,1,True,0.11869552731513977,0.8813045024871826
1,Promoter,1,Promoter,0.6740233302116394,Non-Promoter|Promoter,2,True,0.3259766399860382,0.6740233302116394
1,Promoter,0,Non-Promoter,0.6281551122665405,Non-Promoter|Promoter,2,True,0.6281551122665405,0.37184494733810425
1,Promoter,1,Promoter,0.9483366012573242,Promoter,1,True,0.05166344344615936,0.9483366012573242
1,Promoter,1,Promoter,0.6817560791969299,Non-Promoter|Promoter,2,True,0.31824392080307007,0.6817560791969299
1,Promoter,1,Promoter,0.9714215993881226,Promoter,1,True,0.02857840433716774,0.9714215993881226
1,Promoter,1,Promoter,0.9637735486030579,Promoter,1,True,0.036226414144039154,0.9637735486030579
1,Promoter,1,Promoter,0.7147293090820312,Non-Promoter|Promoter,2,True,0.285270631313324,0.7147293090820312
1,Promoter,1,Promoter,0.9841870665550232,Promoter,1,True,0.015812959522008896,0.9841870665550232
1,Promoter,1,Promoter,0.7338486909866333,Non-Promoter|Promoter,2,True,0.2661513090133667,0.7338486909866333
1,Promoter,1,Promoter,0.7896184325218201,Non-Promoter|Promoter,2,True,0.21038150787353516,0.7896184325218201
1,Promoter,1,Promoter,0.8810110092163086,Promoter,1,True,0.11898895353078842,0.8810110092163086
1,Promoter,1,Promoter,0.507049024105072,Non-Promoter|Promoter,2,True,0.49295103549957275,0.507049024105072
1,Promoter,0,Non-Promoter,0.7192556858062744,Non-Promoter|Promoter,2,True,0.7192556858062744,0.2807442843914032
1,Promoter,1,Promoter,0.7123590111732483,Non-Promoter|Promoter,2,True,0.2876409888267517,0.7123590111732483
1,Promoter,0,Non-Promoter,0.6809840202331543,Non-Promoter|Promoter,2,True,0.6809840202331543,0.3190159499645233
1,Promoter,1,Promoter,0.9791001677513123,Promoter,1,True,0.020899871364235878,0.9791001677513123
1,Promoter,1,Promoter,0.7828941345214844,Non-Promoter|Promoter,2,True,0.21710588037967682,0.7828941345214844
1,Promoter,0,Non-Promoter,0.5255540013313293,Non-Promoter|Promoter,2,True,0.5255540013313293,0.47444599866867065
1,Promoter,1,Promoter,0.8805280923843384,Promoter,1,True,0.1194719597697258,0.8805280923843384
1,Promoter,1,Promoter,0.873379111289978,Promoter,1,True,0.12662087380886078,0.873379111289978
1,Promoter,1,Promoter,0.8023740649223328,Non-Promoter|Promoter,2,True,0.19762596487998962,0.8023740649223328
1,Promoter,0,Non-Promoter,0.782564640045166,Non-Promoter|Promoter,2,True,0.782564640045166,0.2174353301525116
1,Promoter,0,Non-Promoter,0.8042186498641968,Non-Promoter|Promoter,2,True,0.8042186498641968,0.19578133523464203
1,Promoter,1,Promoter,0.7539658546447754,Non-Promoter|Promoter,2,True,0.246034175157547,0.7539658546447754
1,Promoter,1,Promoter,0.8233768939971924,Non-Promoter|Promoter,2,True,0.1766231209039688,0.8233768939971924
1,Promoter,1,Promoter,0.7865394353866577,Non-Promoter|Promoter,2,True,0.2134605497121811,0.7865394353866577
1,Promoter,1,Promoter,0.9568690657615662,Promoter,1,True,0.04313097894191742,0.9568690657615662
1,Promoter,1,Promoter,0.6808905601501465,Non-Promoter|Promoter,2,True,0.31910941004753113,0.6808905601501465
1,Promoter,0,Non-Promoter,0.6927367448806763,Non-Promoter|Promoter,2,True,0.6927367448806763,0.3072632849216461
1,Promoter,0,Non-Promoter,0.5143353343009949,Non-Promoter|Promoter,2,True,0.5143353343009949,0.4856646955013275
1,Promoter,1,Promoter,0.6033895611763,Non-Promoter|Promoter,2,True,0.3966103792190552,0.6033895611763
1,Promoter,0,Non-Promoter,0.5737261176109314,Non-Promoter|Promoter,2,True,0.5737261176109314,0.4262738823890686
1,Promoter,0,Non-Promoter,0.5956085920333862,Non-Promoter|Promoter,2,True,0.5956085920333862,0.40439140796661377
1,Promoter,1,Promoter,0.9405369758605957,Promoter,1,True,0.059462983161211014,0.9405369758605957
1,Promoter,0,Non-Promoter,0.7973139882087708,Non-Promoter|Promoter,2,True,0.7973139882087708,0.20268601179122925
1,Promoter,1,Promoter,0.789374053478241,Non-Promoter|Promoter,2,True,0.21062590181827545,0.789374053478241
1,Promoter,1,Promoter,0.7910182476043701,Non-Promoter|Promoter,2,True,0.2089817225933075,0.7910182476043701
1,Promoter,1,Promoter,0.9111796021461487,Promoter,1,True,0.08882040530443192,0.9111796021461487
1,Promoter,0,Non-Promoter,0.867814302444458,Non-Promoter,1,False,0.867814302444458,0.13218571245670319
1,Promoter,1,Promoter,0.9649388194084167,Promoter,1,True,0.03506116941571236,0.9649388194084167
1,Promoter,1,Promoter,0.721919596195221,Non-Promoter|Promoter,2,True,0.27808046340942383,0.721919596195221
1,Promoter,1,Promoter,0.9825718402862549,Promoter,1,True,0.01742810755968094,0.9825718402862549
1,Promoter,1,Promoter,0.9885104298591614,Promoter,1,True,0.011489607393741608,0.9885104298591614
1,Promoter,1,Promoter,0.6994761824607849,Non-Promoter|Promoter,2,True,0.3005238175392151,0.6994761824607849
1,Promoter,0,Non-Promoter,0.5911272168159485,Non-Promoter|Promoter,2,True,0.5911272168159485,0.4088727831840515
1,Promoter,1,Promoter,0.8417090773582458,Promoter,1,True,0.15829093754291534,0.8417090773582458
1,Promoter,1,Promoter,0.9888400435447693,Promoter,1,True,0.011159919202327728,0.9888400435447693
1,Promoter,1,Promoter,0.9420634508132935,Promoter,1,True,0.05793647840619087,0.9420634508132935
1,Promoter,1,Promoter,0.8678747415542603,Promoter,1,True,0.13212530314922333,0.8678747415542603
1,Promoter,1,Promoter,0.6973126530647278,Non-Promoter|Promoter,2,True,0.3026873469352722,0.6973126530647278
1,Promoter,1,Promoter,0.9001664519309998,Promoter,1,True,0.09983359277248383,0.9001664519309998
1,Promoter,1,Promoter,0.7475403547286987,Non-Promoter|Promoter,2,True,0.2524595856666565,0.7475403547286987
1,Promoter,1,Promoter,0.5136798024177551,Non-Promoter|Promoter,2,True,0.48632025718688965,0.5136798024177551
1,Promoter,1,Promoter,0.8932026028633118,Promoter,1,True,0.10679739713668823,0.8932026028633118
1,Promoter,1,Promoter,0.8517343997955322,Promoter,1,True,0.1482655555009842,0.8517343997955322
1,Promoter,1,Promoter,0.7120136022567749,Non-Promoter|Promoter,2,True,0.2879864275455475,0.7120136022567749
1,Promoter,1,Promoter,0.8945088386535645,Promoter,1,True,0.10549116134643555,0.8945088386535645
1,Promoter,1,Promoter,0.6462152600288391,Non-Promoter|Promoter,2,True,0.3537847101688385,0.6462152600288391
1,Promoter,1,Promoter,0.9008798003196716,Promoter,1,True,0.09912019222974777,0.9008798003196716
1,Promoter,1,Promoter,0.8632186055183411,Promoter,1,True,0.13678143918514252,0.8632186055183411
1,Promoter,1,Promoter,0.9439547657966614,Promoter,1,True,0.05604519695043564,0.9439547657966614
1,Promoter,1,Promoter,0.8579983711242676,Promoter,1,True,0.1420016586780548,0.8579983711242676
1,Promoter,1,Promoter,0.860763430595398,Promoter,1,True,0.13923655450344086,0.860763430595398
1,Promoter,1,Promoter,0.9648256301879883,Promoter,1,True,0.035174403339624405,0.9648256301879883
1,Promoter,1,Promoter,0.9342976212501526,Promoter,1,True,0.065702423453331,0.9342976212501526
1,Promoter,1,Promoter,0.9891331791877747,Promoter,1,True,0.010866849683225155,0.9891331791877747
1,Promoter,1,Promoter,0.8070927262306213,Non-Promoter|Promoter,2,True,0.1929072141647339,0.8070927262306213
1,Promoter,1,Promoter,0.9027696847915649,Promoter,1,True,0.09723033010959625,0.9027696847915649
1,Promoter,1,Promoter,0.8332300186157227,Non-Promoter|Promoter,2,True,0.16676998138427734,0.8332300186157227
1,Promoter,1,Promoter,0.9001071453094482,Promoter,1,True,0.09989289194345474,0.9001071453094482
1,Promoter,1,Promoter,0.8706035017967224,Promoter,1,True,0.12939652800559998,0.8706035017967224
1,Promoter,1,Promoter,0.7594527006149292,Non-Promoter|Promoter,2,True,0.24054723978042603,0.7594527006149292
1,Promoter,0,Non-Promoter,0.7473294138908386,Non-Promoter|Promoter,2,True,0.7473294138908386,0.25267067551612854
1,Promoter,1,Promoter,0.9924571514129639,Promoter,1,True,0.007542910519987345,0.9924571514129639
1,Promoter,1,Promoter,0.816232442855835,Non-Promoter|Promoter,2,True,0.18376748263835907,0.816232442855835
1,Promoter,1,Promoter,0.9156284928321838,Promoter,1,True,0.08437155932188034,0.9156284928321838
1,Promoter,0,Non-Promoter,0.9346885085105896,Non-Promoter,1,False,0.9346885085105896,0.06531152129173279
1,Promoter,1,Promoter,0.7518967390060425,Non-Promoter|Promoter,2,True,0.24810323119163513,0.7518967390060425
1,Promoter,1,Promoter,0.9643903970718384,Promoter,1,True,0.035609595477581024,0.9643903970718384
1,Promoter,0,Non-Promoter,0.5136064887046814,Non-Promoter|Promoter,2,True,0.5136064887046814,0.4863935708999634
1,Promoter,1,Promoter,0.7498411536216736,Non-Promoter|Promoter,2,True,0.25015878677368164,0.7498411536216736
1,Promoter,1,Promoter,0.8199528455734253,Non-Promoter|Promoter,2,True,0.1800471544265747,0.8199528455734253
1,Promoter,1,Promoter,0.5633653402328491,Non-Promoter|Promoter,2,True,0.4366346299648285,0.5633653402328491
1,Promoter,0,Non-Promoter,0.8595100045204163,Non-Promoter,1,False,0.8595100045204163,0.14048998057842255
1,Promoter,1,Promoter,0.9926082491874695,Promoter,1,True,0.007391768507659435,0.9926082491874695
1,Promoter,0,Non-Promoter,0.534538745880127,Non-Promoter|Promoter,2,True,0.534538745880127,0.46546125411987305
1,Promoter,0,Non-Promoter,0.7941292524337769,Non-Promoter|Promoter,2,True,0.7941292524337769,0.20587073266506195
1,Promoter,1,Promoter,0.9137771725654602,Promoter,1,True,0.0862228274345398,0.9137771725654602
1,Promoter,1,Promoter,0.5185021162033081,Non-Promoter|Promoter,2,True,0.4814978837966919,0.5185021162033081
1,Promoter,0,Non-Promoter,0.8148521780967712,Non-Promoter|Promoter,2,True,0.8148521780967712,0.18514782190322876
1,Promoter,0,Non-Promoter,0.5648786425590515,Non-Promoter|Promoter,2,True,0.5648786425590515,0.43512141704559326
1,Promoter,1,Promoter,0.6772356629371643,Non-Promoter|Promoter,2,True,0.3227643668651581,0.6772356629371643
1,Promoter,1,Promoter,0.5101569890975952,Non-Promoter|Promoter,2,True,0.48984307050704956,0.5101569890975952
1,Promoter,1,Promoter,0.5406087040901184,Non-Promoter|Promoter,2,True,0.4593912959098816,0.5406087040901184
1,Promoter,0,Non-Promoter,0.854059636592865,Non-Promoter,1,False,0.854059636592865,0.1459403932094574
1,Promoter,1,Promoter,0.8437500596046448,Promoter,1,True,0.15624992549419403,0.8437500596046448
1,Promoter,1,Promoter,0.880956768989563,Promoter,1,True,0.1190432608127594,0.880956768989563
1,Promoter,1,Promoter,0.8659853935241699,Promoter,1,True,0.13401468098163605,0.8659853935241699
1,Promoter,1,Promoter,0.7775135636329651,Non-Promoter|Promoter,2,True,0.22248642146587372,0.7775135636329651
1,Promoter,0,Non-Promoter,0.7792016863822937,Non-Promoter|Promoter,2,True,0.7792016863822937,0.2207983136177063
1,Promoter,1,Promoter,0.8422864675521851,Promoter,1,True,0.15771353244781494,0.8422864675521851
1,Promoter,0,Non-Promoter,0.597615122795105,Non-Promoter|Promoter,2,True,0.597615122795105,0.4023849070072174
