true_label,true_label_name,predicted_label,predicted_label_name,confidence,entropy,variance,mutual_information,correct
0,Non-Promoter,1,Promoter,0.99932575,0.0055971234,8.282104e-07,0.00048074918,False
0,Non-Promoter,0,Non-Promoter,0.9945036,0.034082737,7.770087e-05,0.0047130026,True
0,Non-Promoter,1,Promoter,0.8809477,0.36503252,0.020565119,0.080651194,False
0,Non-Promoter,0,Non-Promoter,0.95485973,0.1839493,0.004956485,0.03651111,True
0,Non-Promoter,0,Non-Promoter,0.9919318,0.046922565,0.0001003015,0.0048532374,True
0,Non-Promoter,0,Non-Promoter,0.9999921,0.00010090072,1.2972202e-10,5.889706e-06,True
0,Non-Promoter,1,Promoter,0.7941728,0.5083753,0.05194642,0.1485984,False
0,Non-Promoter,0,Non-Promoter,0.9180265,0.2835631,0.0105414335,0.05774027,True
0,Non-Promoter,1,Promoter,0.999966,0.000385193,1.2951635e-09,1.8014252e-05,False
0,Non-Promoter,1,Promoter,0.9366332,0.23613244,0.0074166087,0.04840359,False
0,Non-Promoter,0,Non-Promoter,0.96097666,0.16482776,0.0030760975,0.030990869,True
0,Non-Promoter,0,Non-Promoter,0.99658936,0.022779962,2.8936282e-05,0.0027375296,True
0,Non-Promoter,1,Promoter,0.93403727,0.24306826,0.008664378,0.045745745,False
0,Non-Promoter,0,Non-Promoter,0.985567,0.07549864,0.002023498,0.024315305,True
0,Non-Promoter,0,Non-Promoter,0.9950153,0.031398173,6.3449406e-05,0.0046159048,True
0,Non-Promoter,0,Non-Promoter,0.99994785,0.0005658785,9.698677e-09,4.5857392e-05,True
0,Non-Promoter,0,Non-Promoter,0.99964184,0.0031993894,2.2810163e-07,0.00022025709,True
0,Non-Promoter,0,Non-Promoter,0.9734655,0.12248139,0.0016470395,0.024452798,True
0,Non-Promoter,0,Non-Promoter,0.9995987,0.0035393485,5.567483e-07,0.00038412353,True
0,Non-Promoter,0,Non-Promoter,0.8530517,0.41737887,0.015530348,0.056631655,True
0,Non-Promoter,0,Non-Promoter,0.9998834,0.0011721877,2.3367392e-08,7.043441e-05,True
0,Non-Promoter,0,Non-Promoter,0.999882,0.0011856687,1.821872e-08,6.234448e-05,True
0,Non-Promoter,1,Promoter,0.99961144,0.0034401387,4.7820276e-07,0.0003789456,False
0,Non-Promoter,1,Promoter,0.9463197,0.2092124,0.0050863265,0.0342914,False
0,Non-Promoter,0,Non-Promoter,0.9205694,0.27737647,0.0049488256,0.033459947,True
0,Non-Promoter,0,Non-Promoter,0.99651164,0.02322012,3.9049246e-05,0.0030712672,True
0,Non-Promoter,0,Non-Promoter,0.98974735,0.05715919,0.00012058033,0.0050813407,True
0,Non-Promoter,0,Non-Promoter,0.6974219,0.61303294,0.030532124,0.07628918,True
0,Non-Promoter,1,Promoter,0.86549056,0.39487,0.024650784,0.08424404,False
0,Non-Promoter,0,Non-Promoter,0.9997211,0.0025616498,2.0126296e-07,0.00023470214,True
0,Non-Promoter,0,Non-Promoter,0.99696475,0.020627648,2.1045322e-05,0.0026039798,True
0,Non-Promoter,0,Non-Promoter,0.9489821,0.20150137,0.0049803425,0.03541422,True
0,Non-Promoter,1,Promoter,0.9703149,0.13364616,0.0010524801,0.013940483,False
0,Non-Promoter,0,Non-Promoter,0.9999758,0.00028156728,4.8673154e-09,4.0677944e-05,True
0,Non-Promoter,0,Non-Promoter,0.5945957,0.67514217,0.054880805,0.12090641,True
0,Non-Promoter,0,Non-Promoter,0.99367386,0.0383357,7.8451914e-05,0.0043462366,True
0,Non-Promoter,0,Non-Promoter,0.99982744,0.0016678728,6.669585e-08,0.000117677846,True
0,Non-Promoter,0,Non-Promoter,0.9872797,0.0681572,0.00045622565,0.010924298,True
0,Non-Promoter,0,Non-Promoter,0.9999945,7.1924835e-05,9.737611e-11,5.8617516e-06,True
0,Non-Promoter,0,Non-Promoter,0.99932045,0.0056365305,5.1462797e-07,0.00034913886,True
0,Non-Promoter,0,Non-Promoter,0.97835386,0.10437825,0.0009872038,0.015219428,True
0,Non-Promoter,0,Non-Promoter,0.9972835,0.018763676,6.0036487e-05,0.0038876357,True
0,Non-Promoter,0,Non-Promoter,0.99881196,0.009190275,8.2903625e-06,0.0016411915,True
0,Non-Promoter,0,Non-Promoter,0.99774736,0.01598173,1.4233132e-05,0.0016826782,True
0,Non-Promoter,0,Non-Promoter,0.99935937,0.005351291,7.311383e-07,0.0004408271,True
0,Non-Promoter,0,Non-Promoter,0.99723715,0.01903665,2.7971075e-05,0.0024603233,True
0,Non-Promoter,0,Non-Promoter,0.9997041,0.0026999153,1.21107e-07,0.00016357005,True
0,Non-Promoter,1,Promoter,0.6755321,0.63019145,0.041395277,0.098127544,False
0,Non-Promoter,0,Non-Promoter,0.9993764,0.005225663,5.721343e-07,0.0003880998,True
0,Non-Promoter,0,Non-Promoter,0.9916899,0.048083328,9.774643e-05,0.0050808005,True
0,Non-Promoter,0,Non-Promoter,0.99997276,0.00031328067,1.9294406e-09,2.1210551e-05,True
0,Non-Promoter,1,Promoter,0.95480645,0.1841119,0.003303933,0.028857619,False
0,Non-Promoter,0,Non-Promoter,0.96372885,0.1559071,0.0022814083,0.024465054,True
0,Non-Promoter,0,Non-Promoter,0.99986064,0.0013775826,2.9592726e-08,9.538524e-05,True
0,Non-Promoter,0,Non-Promoter,0.9999679,0.00036547356,2.257949e-09,2.7398055e-05,True
0,Non-Promoter,0,Non-Promoter,0.999992,0.00010164139,1.3091167e-10,6.4894048e-06,True
0,Non-Promoter,0,Non-Promoter,0.83481723,0.44816506,0.022013249,0.073565066,True
0,Non-Promoter,0,Non-Promoter,0.9979648,0.014645568,9.732763e-06,0.0016579153,True
0,Non-Promoter,0,Non-Promoter,0.9886206,0.062248442,0.00027596598,0.009340029,True
0,Non-Promoter,0,Non-Promoter,0.9565912,0.17863035,0.0022775368,0.023961082,True
0,Non-Promoter,1,Promoter,0.8241586,0.46502867,0.018278433,0.060612023,False
0,Non-Promoter,0,Non-Promoter,0.9685285,0.13982046,0.0024123355,0.027904123,True
0,Non-Promoter,1,Promoter,0.9988686,0.00880727,6.9009657e-06,0.0011618952,False
0,Non-Promoter,0,Non-Promoter,0.9646826,0.15276563,0.0016034853,0.017782822,True
0,Non-Promoter,0,Non-Promoter,0.9999435,0.00060880726,8.317998e-09,5.123904e-05,True
0,Non-Promoter,0,Non-Promoter,0.666303,0.63676596,0.049422987,0.1232326,True
0,Non-Promoter,0,Non-Promoter,0.94289577,0.21892412,0.0051469263,0.036436453,True
0,Non-Promoter,0,Non-Promoter,0.98003787,0.09789193,0.0023605488,0.025286928,True
0,Non-Promoter,0,Non-Promoter,0.72236425,0.59070647,0.037268713,0.09900874,True
0,Non-Promoter,0,Non-Promoter,0.9991714,0.0067079007,2.7473648e-06,0.00097233104,True
0,Non-Promoter,0,Non-Promoter,0.99954456,0.003959147,2.9753303e-07,0.0002469218,True
0,Non-Promoter,0,Non-Promoter,0.99991804,0.0008538239,2.2241686e-08,8.479325e-05,True
0,Non-Promoter,0,Non-Promoter,0.9571856,0.17678759,0.0051728766,0.040112674,True
0,Non-Promoter,0,Non-Promoter,0.9987959,0.009297206,1.51263e-06,0.0005268436,True
0,Non-Promoter,1,Promoter,0.74881667,0.5636315,0.03754987,0.10299507,False
0,Non-Promoter,1,Promoter,0.9980651,0.01402181,2.9828138e-06,0.00075876806,False
0,Non-Promoter,0,Non-Promoter,0.99318117,0.040808294,0.00010166233,0.0047223754,True
0,Non-Promoter,1,Promoter,0.7031689,0.6081553,0.04688189,0.12174019,False
0,Non-Promoter,0,Non-Promoter,0.9999446,0.0005982445,7.468238e-09,4.6124158e-05,True
0,Non-Promoter,0,Non-Promoter,0.9984548,0.011545321,5.8325777e-06,0.0011568014,True
0,Non-Promoter,0,Non-Promoter,0.9996864,0.0028438305,3.1733143e-07,0.00029862323,True
0,Non-Promoter,0,Non-Promoter,0.57255626,0.6825811,0.067247465,0.15219611,True
0,Non-Promoter,0,Non-Promoter,0.9995236,0.004120932,8.414828e-07,0.00048076385,True
0,Non-Promoter,0,Non-Promoter,0.9935778,0.038821377,3.212072e-05,0.002466336,True
0,Non-Promoter,0,Non-Promoter,0.9995995,0.003533977,8.9351687e-07,0.0004664394,True
0,Non-Promoter,0,Non-Promoter,0.9998604,0.0013789854,1.2129e-07,0.00017645245,True
0,Non-Promoter,0,Non-Promoter,0.9785253,0.103724204,0.00087852054,0.015273005,True
0,Non-Promoter,0,Non-Promoter,0.9988719,0.008783942,3.145772e-06,0.00088557415,True
0,Non-Promoter,0,Non-Promoter,0.9985473,0.010943854,1.0025168e-05,0.0014766594,True
0,Non-Promoter,0,Non-Promoter,0.9990826,0.0073319892,2.122445e-06,0.0007904717,True
0,Non-Promoter,0,Non-Promoter,0.9690455,0.13804492,0.00061964395,0.009661421,True
0,Non-Promoter,1,Promoter,0.547932,0.6885452,0.08619439,0.20106822,False
0,Non-Promoter,0,Non-Promoter,0.9995908,0.0036015636,5.5142846e-07,0.00037411717,True
0,Non-Promoter,0,Non-Promoter,0.95611846,0.18008943,0.0027800738,0.026009753,True
0,Non-Promoter,0,Non-Promoter,0.8869738,0.35279587,0.02944725,0.11159544,True
0,Non-Promoter,0,Non-Promoter,0.9590308,0.17101246,0.0016019898,0.019391075,True
0,Non-Promoter,0,Non-Promoter,0.99926776,0.0060173227,1.0560315e-06,0.00055263983,True
0,Non-Promoter,1,Promoter,0.9715239,0.12940446,0.000820786,0.013519868,False
0,Non-Promoter,0,Non-Promoter,0.9918076,0.047519635,0.00014928612,0.006626632,True
0,Non-Promoter,0,Non-Promoter,0.7371359,0.5760315,0.024889026,0.06693566,True
0,Non-Promoter,0,Non-Promoter,0.98664725,0.070894256,0.00028718187,0.008011192,True
0,Non-Promoter,1,Promoter,0.9802911,0.09690383,0.00046016008,0.009879962,False
0,Non-Promoter,0,Non-Promoter,0.993138,0.041023523,4.2147156e-05,0.002723962,True
0,Non-Promoter,1,Promoter,0.8607878,0.40353084,0.018410064,0.066479236,False
0,Non-Promoter,1,Promoter,0.99315256,0.040950976,8.055778e-05,0.0045157373,False
0,Non-Promoter,1,Promoter,0.8415087,0.43715972,0.025109913,0.08484903,False
0,Non-Promoter,0,Non-Promoter,0.99964553,0.0031708188,3.7658742e-07,0.00033718767,True
0,Non-Promoter,0,Non-Promoter,0.9995123,0.004205838,8.135512e-07,0.00046314555,True
0,Non-Promoter,0,Non-Promoter,0.98014694,0.09746674,0.00117965,0.016345665,True
0,Non-Promoter,0,Non-Promoter,0.9998542,0.0014328281,5.4508824e-08,0.00011162786,True
0,Non-Promoter,0,Non-Promoter,0.9744756,0.118822746,0.0014874481,0.020406537,True
0,Non-Promoter,1,Promoter,0.7657195,0.544397,0.043181203,0.11726639,False
0,Non-Promoter,0,Non-Promoter,0.99882823,0.009079018,1.9293025e-06,0.0005683685,True
0,Non-Promoter,0,Non-Promoter,0.98109317,0.093754135,0.0014266055,0.019807406,True
0,Non-Promoter,0,Non-Promoter,0.92647433,0.26266488,0.014981323,0.06410855,True
0,Non-Promoter,0,Non-Promoter,0.9904678,0.053841006,0.0001879126,0.0060999542,True
0,Non-Promoter,0,Non-Promoter,0.99945956,0.004604615,5.370079e-07,0.00035843765,True
0,Non-Promoter,0,Non-Promoter,0.9976951,0.016298946,1.1650691e-05,0.001803943,True
0,Non-Promoter,1,Promoter,0.9941372,0.035975166,5.2981377e-05,0.0032934733,False
0,Non-Promoter,0,Non-Promoter,0.9950333,0.03130227,4.5406734e-05,0.0033760276,True
0,Non-Promoter,0,Non-Promoter,0.9993604,0.005343666,1.0538818e-06,0.00052349083,True
0,Non-Promoter,0,Non-Promoter,0.999909,0.0009373826,2.5194035e-08,8.1527105e-05,True
0,Non-Promoter,0,Non-Promoter,0.98852456,0.062676325,0.00027359818,0.008314941,True
0,Non-Promoter,0,Non-Promoter,0.96865106,0.13940069,0.0008386041,0.0123009235,True
0,Non-Promoter,0,Non-Promoter,0.9964518,0.023558803,2.5181445e-05,0.0022412352,True
0,Non-Promoter,1,Promoter,0.8884251,0.34979558,0.013032055,0.056042075,False
0,Non-Promoter,1,Promoter,0.8228414,0.46705747,0.024656486,0.08186516,False
0,Non-Promoter,0,Non-Promoter,0.99939877,0.0050610495,7.93081e-07,0.0004476891,True
0,Non-Promoter,0,Non-Promoter,0.9960272,0.025927484,3.1837015e-05,0.0027682222,True
0,Non-Promoter,1,Promoter,0.83539873,0.44722173,0.026343904,0.08373767,False
0,Non-Promoter,0,Non-Promoter,0.7470377,0.5655662,0.040594865,0.10667527,True
0,Non-Promoter,1,Promoter,0.9984891,0.011323321,8.051487e-06,0.0014840076,False
0,Non-Promoter,0,Non-Promoter,0.99039656,0.05417158,0.00016820234,0.0059187748,True
0,Non-Promoter,0,Non-Promoter,0.9952158,0.030331869,4.363613e-05,0.0035058632,True
0,Non-Promoter,0,Non-Promoter,0.99812144,0.013668413,4.6705845e-06,0.0010327566,True
0,Non-Promoter,0,Non-Promoter,0.99081916,0.052202325,0.000101532685,0.0044299066,True
0,Non-Promoter,0,Non-Promoter,0.8983573,0.32867748,0.012521926,0.05789888,True
0,Non-Promoter,0,Non-Promoter,0.9996109,0.0034447534,4.1022696e-07,0.00032370212,True
0,Non-Promoter,0,Non-Promoter,0.9991003,0.0072092656,2.2380632e-06,0.0006612032,True
0,Non-Promoter,0,Non-Promoter,0.995821,0.027061045,2.7071805e-05,0.0025816914,True
0,Non-Promoter,0,Non-Promoter,0.5897385,0.67695355,0.07635685,0.17378503,True
0,Non-Promoter,0,Non-Promoter,0.99880636,0.0092260325,3.748189e-06,0.000954872,True
0,Non-Promoter,0,Non-Promoter,0.9978229,0.015519446,2.1811184e-05,0.0024042577,True
0,Non-Promoter,1,Promoter,0.84694254,0.42797607,0.028813113,0.097869694,False
0,Non-Promoter,0,Non-Promoter,0.7447341,0.5680467,0.03373802,0.09326801,True
0,Non-Promoter,0,Non-Promoter,0.7131901,0.5992705,0.05219724,0.12289441,True
0,Non-Promoter,0,Non-Promoter,0.99841,0.011835098,7.4298946e-06,0.0014767079,True
0,Non-Promoter,0,Non-Promoter,0.9839105,0.08240235,0.00047129093,0.010525666,True
0,Non-Promoter,1,Promoter,0.9987009,0.009932032,2.1825172e-06,0.00069001503,False
0,Non-Promoter,0,Non-Promoter,0.8110016,0.4847674,0.04144854,0.13570115,True
0,Non-Promoter,1,Promoter,0.9693784,0.13689625,0.002085703,0.026066184,False
0,Non-Promoter,1,Promoter,0.70440024,0.60708976,0.03878277,0.095140755,False
0,Non-Promoter,1,Promoter,0.6697401,0.6343626,0.045890316,0.10612136,False
0,Non-Promoter,0,Non-Promoter,0.99922246,0.0063439594,1.6110655e-06,0.00061255787,True
0,Non-Promoter,0,Non-Promoter,0.99840766,0.0118499715,7.3318492e-06,0.0013760179,True
0,Non-Promoter,0,Non-Promoter,0.9997301,0.002488504,2.04107e-07,0.0002227996,True
0,Non-Promoter,0,Non-Promoter,0.99937123,0.005264367,7.2964434e-07,0.00041281432,True
0,Non-Promoter,0,Non-Promoter,0.9987698,0.009472448,1.0712777e-06,0.00036030822,True
0,Non-Promoter,1,Promoter,0.9998551,0.0014256623,3.7475957e-08,0.00010071602,False
0,Non-Promoter,0,Non-Promoter,0.9877685,0.06602123,0.00093229173,0.014632173,True
0,Non-Promoter,0,Non-Promoter,0.9902294,0.054944698,0.00014420811,0.005078137,True
0,Non-Promoter,0,Non-Promoter,0.966953,0.14517933,0.0025702962,0.02635733,True
0,Non-Promoter,0,Non-Promoter,0.98388636,0.08250192,0.0006723775,0.01350224,True
0,Non-Promoter,0,Non-Promoter,0.96960866,0.1360998,0.002760375,0.027712248,True
0,Non-Promoter,0,Non-Promoter,0.5511107,0.6879134,0.08079049,0.18381757,True
0,Non-Promoter,1,Promoter,0.85830474,0.40802902,0.024428826,0.092509955,False
0,Non-Promoter,1,Promoter,0.8339533,0.44956198,0.03100621,0.1017254,False
0,Non-Promoter,0,Non-Promoter,0.99992365,0.00080050126,1.5526123e-08,6.396725e-05,True
0,Non-Promoter,0,Non-Promoter,0.9484436,0.20307261,0.0050462773,0.038636163,True
0,Non-Promoter,1,Promoter,0.8573071,0.40982193,0.017631978,0.06601086,False
0,Non-Promoter,1,Promoter,0.5711273,0.6829946,0.05171801,0.11517578,False
0,Non-Promoter,1,Promoter,0.9836956,0.0832852,0.0007754861,0.01564309,False
0,Non-Promoter,0,Non-Promoter,0.99979186,0.0019729265,3.2044812e-07,0.00031682022,True
0,Non-Promoter,0,Non-Promoter,0.9990157,0.0077986307,1.1029088e-06,0.00050293934,True
0,Non-Promoter,0,Non-Promoter,0.98191845,0.090475574,0.00138909,0.017772213,True
0,Non-Promoter,0,Non-Promoter,0.96283597,0.15882431,0.0028519696,0.027292266,True
0,Non-Promoter,0,Non-Promoter,0.9993142,0.005682304,9.620339e-07,0.00042263046,True
0,Non-Promoter,0,Non-Promoter,0.9697854,0.1354874,0.0024873493,0.022461824,True
0,Non-Promoter,0,Non-Promoter,0.9762284,0.112375125,0.00065410783,0.011385918,True
0,Non-Promoter,0,Non-Promoter,0.99997216,0.00032068777,1.0825845e-09,1.599954e-05,True
0,Non-Promoter,1,Promoter,0.672827,0.6321585,0.05626402,0.13640195,False
0,Non-Promoter,0,Non-Promoter,0.9964008,0.02384587,1.7612456e-05,0.002033202,True
0,Non-Promoter,0,Non-Promoter,0.9993516,0.0054076156,4.246249e-07,0.00029520737,True
0,Non-Promoter,0,Non-Promoter,0.9966763,0.022285359,3.5322493e-05,0.0027011149,True
0,Non-Promoter,0,Non-Promoter,0.9993227,0.005619412,9.479703e-07,0.00041414285,True
0,Non-Promoter,1,Promoter,0.995025,0.031346206,7.825429e-05,0.0045033246,False
0,Non-Promoter,0,Non-Promoter,0.9275023,0.26005223,0.0052978303,0.032974318,True
0,Non-Promoter,0,Non-Promoter,0.9635519,0.15648672,0.0018353682,0.01923868,True
0,Non-Promoter,0,Non-Promoter,0.9935907,0.038756337,3.7549307e-05,0.002840422,True
0,Non-Promoter,1,Promoter,0.99096173,0.051533975,0.00013247778,0.0054203197,False
0,Non-Promoter,0,Non-Promoter,0.9976513,0.016565226,1.5165318e-05,0.002069451,True
0,Non-Promoter,0,Non-Promoter,0.999859,0.0013919605,3.9407677e-08,8.920231e-05,True
0,Non-Promoter,0,Non-Promoter,0.9995482,0.003931171,4.320559e-07,0.00028284756,True
0,Non-Promoter,0,Non-Promoter,0.81277823,0.48216933,0.021930983,0.071608245,True
0,Non-Promoter,0,Non-Promoter,0.99969894,0.0027421494,5.9511285e-07,0.0004409689,True
0,Non-Promoter,1,Promoter,0.93899465,0.22972475,0.0029397148,0.023839861,False
0,Non-Promoter,0,Non-Promoter,0.94733125,0.20629954,0.0043507367,0.032187656,True
0,Non-Promoter,0,Non-Promoter,0.9988733,0.008774757,1.293286e-06,0.00048705563,True
0,Non-Promoter,0,Non-Promoter,0.6272505,0.6604028,0.067379475,0.15652037,True
0,Non-Promoter,1,Promoter,0.726741,0.5864734,0.044836693,0.11830139,False
0,Non-Promoter,0,Non-Promoter,0.9741032,0.120176226,0.0012994416,0.018487997,True
0,Non-Promoter,0,Non-Promoter,0.8510958,0.4208036,0.03421494,0.11631748,True
0,Non-Promoter,0,Non-Promoter,0.9995337,0.004042636,4.8593654e-07,0.00037435372,True
0,Non-Promoter,1,Promoter,0.92471,0.26711255,0.0067422567,0.03868282,False
0,Non-Promoter,0,Non-Promoter,0.5898331,0.6769192,0.065717906,0.14806455,True
0,Non-Promoter,0,Non-Promoter,0.9934003,0.039713096,0.00065478706,0.01477899,True
0,Non-Promoter,0,Non-Promoter,0.85561377,0.41284657,0.023034768,0.08725417,True
0,Non-Promoter,1,Promoter,0.9992716,0.005990394,5.7179824e-07,0.00033783913,False
0,Non-Promoter,0,Non-Promoter,0.8401789,0.43937308,0.023733042,0.0886341,True
0,Non-Promoter,0,Non-Promoter,0.9994278,0.004844207,4.1543058e-07,0.00027960073,True
0,Non-Promoter,0,Non-Promoter,0.99958664,0.0036338172,2.1392276e-07,0.00021012127,True
0,Non-Promoter,0,Non-Promoter,0.89240545,0.34145647,0.012064857,0.055684984,True
0,Non-Promoter,0,Non-Promoter,0.9936282,0.038566478,0.0009095406,0.017697062,True
0,Non-Promoter,0,Non-Promoter,0.99819726,0.013191715,1.2268141e-05,0.0018609101,True
0,Non-Promoter,0,Non-Promoter,0.99989545,0.0010621895,2.9848508e-08,9.660178e-05,True
0,Non-Promoter,0,Non-Promoter,0.8720168,0.38253486,0.01485942,0.05457911,True
0,Non-Promoter,0,Non-Promoter,0.837025,0.44457036,0.02272446,0.0762738,True
0,Non-Promoter,0,Non-Promoter,0.9980722,0.013977271,2.8161123e-05,0.0027293619,True
0,Non-Promoter,0,Non-Promoter,0.998829,0.009073934,1.2405415e-06,0.00045985263,True
0,Non-Promoter,0,Non-Promoter,0.9631325,0.15785778,0.0027925465,0.02920422,True
0,Non-Promoter,0,Non-Promoter,0.9831386,0.08555877,0.00020642331,0.0060672686,True
0,Non-Promoter,0,Non-Promoter,0.99064755,0.053004257,6.234274e-05,0.0028452687,True
0,Non-Promoter,0,Non-Promoter,0.9792646,0.100887075,0.0009978702,0.015337996,True
0,Non-Promoter,0,Non-Promoter,0.98058933,0.09573631,0.0015153079,0.020090982,True
0,Non-Promoter,0,Non-Promoter,0.9798733,0.09853153,0.0008716977,0.015362352,True
0,Non-Promoter,0,Non-Promoter,0.99746513,0.017684275,6.528483e-05,0.0040832506,True
0,Non-Promoter,1,Promoter,0.70934147,0.6027403,0.04191576,0.11322501,False
0,Non-Promoter,0,Non-Promoter,0.98507595,0.07756441,0.00039931474,0.009952195,True
0,Non-Promoter,0,Non-Promoter,0.9809272,0.0944082,0.0018652726,0.022839546,True
0,Non-Promoter,1,Promoter,0.9997496,0.0023272524,1.09841935e-07,0.0001684695,False
0,Non-Promoter,0,Non-Promoter,0.9998961,0.0010569055,2.017299e-08,8.0575526e-05,True
0,Non-Promoter,1,Promoter,0.70969987,0.6024202,0.042596325,0.10705736,False
0,Non-Promoter,0,Non-Promoter,0.9998856,0.001152963,5.1800505e-08,0.00010825996,True
0,Non-Promoter,1,Promoter,0.99954075,0.0039887894,4.1380792e-07,0.00031377515,False
0,Non-Promoter,0,Non-Promoter,0.74632716,0.56633437,0.037860736,0.10214627,True
0,Non-Promoter,0,Non-Promoter,0.9986248,0.010435796,7.129436e-06,0.0011807438,True
0,Non-Promoter,0,Non-Promoter,0.99701124,0.020357447,0.00011044623,0.005574585,True
0,Non-Promoter,1,Promoter,0.9995328,0.0040498264,5.561667e-07,0.00041586743,False
0,Non-Promoter,0,Non-Promoter,0.9995222,0.0041306023,5.850052e-07,0.00039233686,True
0,Non-Promoter,0,Non-Promoter,0.60206336,0.67216617,0.047211345,0.10503882,True
0,Non-Promoter,0,Non-Promoter,0.9999889,0.00013799968,1.313592e-10,5.2607793e-06,True
0,Non-Promoter,0,Non-Promoter,0.99852884,0.0110645,4.0588793e-06,0.00090954173,True
0,Non-Promoter,0,Non-Promoter,0.9999036,0.0009864795,1.2715552e-08,5.3453085e-05,True
0,Non-Promoter,0,Non-Promoter,0.99990493,0.00097562367,2.7580054e-08,8.592114e-05,True
0,Non-Promoter,0,Non-Promoter,0.98260534,0.0877184,0.00042732398,0.009017579,True
0,Non-Promoter,1,Promoter,0.5390476,0.69009465,0.08807562,0.19792762,False
0,Non-Promoter,1,Promoter,0.9644283,0.15360591,0.003133312,0.030377023,False
0,Non-Promoter,1,Promoter,0.9957624,0.027382093,5.461224e-05,0.0034533571,False
0,Non-Promoter,1,Promoter,0.98721105,0.06845612,0.00030585128,0.009087432,False
0,Non-Promoter,0,Non-Promoter,0.99997103,0.0003324441,3.836602e-09,3.1705044e-05,True
0,Non-Promoter,0,Non-Promoter,0.9991206,0.007066194,2.563565e-06,0.0007727896,True
0,Non-Promoter,0,Non-Promoter,0.6851408,0.62293357,0.054631107,0.13429251,True
0,Non-Promoter,0,Non-Promoter,0.99994886,0.00055675185,1.416252e-08,6.48112e-05,True
0,Non-Promoter,0,Non-Promoter,0.9894326,0.058593232,0.0005906683,0.01114431,True
0,Non-Promoter,0,Non-Promoter,0.7047829,0.6067571,0.07879193,0.19341323,True
0,Non-Promoter,0,Non-Promoter,0.99971414,0.002618513,1.8164484e-07,0.00020416966,True
0,Non-Promoter,0,Non-Promoter,0.99990857,0.000941202,3.1587007e-08,8.012523e-05,True
0,Non-Promoter,0,Non-Promoter,0.8016546,0.49810028,0.03594762,0.10387802,True
0,Non-Promoter,0,Non-Promoter,0.99897385,0.008087663,1.8234573e-06,0.00057042716,True
0,Non-Promoter,1,Promoter,0.99982107,0.0017224335,5.695771e-08,0.00012178486,False
0,Non-Promoter,0,Non-Promoter,0.99967027,0.0029725712,1.3226972e-07,0.00014634081,True
0,Non-Promoter,0,Non-Promoter,0.9993095,0.0057173967,3.491516e-07,0.00022637611,True
0,Non-Promoter,0,Non-Promoter,0.9990528,0.007541067,1.3205259e-06,0.0004440341,True
0,Non-Promoter,0,Non-Promoter,0.99275815,0.04290233,0.00015385766,0.0068616048,True
0,Non-Promoter,0,Non-Promoter,0.9887475,0.061681114,0.00043142942,0.009335842,True
0,Non-Promoter,0,Non-Promoter,0.75356936,0.55837977,0.03149023,0.084848404,True
0,Non-Promoter,0,Non-Promoter,0.99971026,0.00264962,2.0347814e-07,0.0002230287,True
0,Non-Promoter,0,Non-Promoter,0.9953958,0.029368028,5.9654718e-05,0.0036183428,True
0,Non-Promoter,0,Non-Promoter,0.99086225,0.05200065,0.00048215335,0.011031982,True
0,Non-Promoter,0,Non-Promoter,0.9917634,0.047731306,0.00014515803,0.005702097,True
0,Non-Promoter,1,Promoter,0.530175,0.691325,0.04306248,0.09287745,False
0,Non-Promoter,0,Non-Promoter,0.992852,0.042440604,0.00016600282,0.00648633,True
0,Non-Promoter,0,Non-Promoter,0.99928206,0.005913538,2.141513e-06,0.00073794834,True
0,Non-Promoter,0,Non-Promoter,0.99996734,0.00037085763,2.7980616e-09,3.1836535e-05,True
0,Non-Promoter,1,Promoter,0.80692583,0.49064997,0.025869694,0.08004218,False
0,Non-Promoter,1,Promoter,0.9182657,0.28298464,0.01224524,0.060859933,False
0,Non-Promoter,0,Non-Promoter,0.9603765,0.16674583,0.0019269525,0.02047044,True
0,Non-Promoter,0,Non-Promoter,0.9278866,0.25907153,0.0036268649,0.024620444,True
0,Non-Promoter,0,Non-Promoter,0.8889829,0.34863645,0.01617537,0.06754744,True
0,Non-Promoter,0,Non-Promoter,0.9998751,0.0012480253,1.9183037e-08,6.0258782e-05,True
0,Non-Promoter,0,Non-Promoter,0.95641744,0.17916746,0.0022513666,0.02348733,True
0,Non-Promoter,1,Promoter,0.9862135,0.07275346,0.00049753813,0.010705505,False
0,Non-Promoter,0,Non-Promoter,0.99997646,0.00027419114,1.6515047e-09,2.3351022e-05,True
0,Non-Promoter,1,Promoter,0.9836884,0.08331452,0.00030298147,0.007274449,False
0,Non-Promoter,0,Non-Promoter,0.67801243,0.6283586,0.063969865,0.15528017,True
0,Non-Promoter,0,Non-Promoter,0.9736041,0.121981755,0.0023184826,0.025932759,True
0,Non-Promoter,0,Non-Promoter,0.81928253,0.47247964,0.027138904,0.0893527,True
0,Non-Promoter,0,Non-Promoter,0.9999817,0.00021753885,1.0097543e-09,1.4703182e-05,True
0,Non-Promoter,1,Promoter,0.98717034,0.06863264,0.0012192253,0.020034153,False
0,Non-Promoter,1,Promoter,0.7704869,0.5386874,0.04306765,0.12364298,False
0,Non-Promoter,0,Non-Promoter,0.77428603,0.53404546,0.042970825,0.1197952,True
0,Non-Promoter,0,Non-Promoter,0.9998457,0.0015078664,5.3180123e-08,0.00012034329,True
0,Non-Promoter,1,Promoter,0.99973303,0.0024646716,2.1838869e-07,0.00022261683,False
0,Non-Promoter,0,Non-Promoter,0.9998488,0.0014809034,8.0226954e-08,0.00016511057,True
0,Non-Promoter,1,Promoter,0.50635797,0.69306636,0.06726165,0.14807004,False
0,Non-Promoter,0,Non-Promoter,0.6603421,0.64080834,0.060885932,0.14861837,True
0,Non-Promoter,0,Non-Promoter,0.99965024,0.003132245,4.807524e-07,0.00039368938,True
0,Non-Promoter,0,Non-Promoter,0.95294374,0.18975449,0.0024565626,0.02163142,True
0,Non-Promoter,0,Non-Promoter,0.70213395,0.6090453,0.051103868,0.13057494,True
0,Non-Promoter,0,Non-Promoter,0.53482187,0.6907201,0.0703918,0.15608352,True
0,Non-Promoter,0,Non-Promoter,0.9463068,0.20924921,0.0040463484,0.032732174,True
0,Non-Promoter,1,Promoter,0.8090171,0.4876451,0.038744032,0.11486307,False
0,Non-Promoter,0,Non-Promoter,0.99985945,0.0013875443,1.0188869e-07,0.00016054709,True
0,Non-Promoter,0,Non-Promoter,0.99312073,0.04110948,5.2115698e-05,0.0032721497,True
0,Non-Promoter,0,Non-Promoter,0.93575186,0.23849979,0.004101864,0.029470727,True
0,Non-Promoter,1,Promoter,0.5436081,0.68933904,0.086356156,0.20387468,False
0,Non-Promoter,0,Non-Promoter,0.983282,0.08497575,0.00050875,0.012111902,True
0,Non-Promoter,0,Non-Promoter,0.99663204,0.02253735,2.0531943e-05,0.0021469481,True
0,Non-Promoter,0,Non-Promoter,0.9998361,0.0015937788,3.7205815e-08,0.00010038284,True
0,Non-Promoter,1,Promoter,0.53178346,0.69112545,0.059585534,0.13167739,False
0,Non-Promoter,0,Non-Promoter,0.98190784,0.09051831,0.00069812546,0.014330655,True
0,Non-Promoter,0,Non-Promoter,0.9501733,0.19800454,0.01052474,0.058338165,True
0,Non-Promoter,0,Non-Promoter,0.99966395,0.003024107,2.8804163e-07,0.00028742384,True
0,Non-Promoter,0,Non-Promoter,0.9031176,0.31817836,0.013474269,0.057762146,True
0,Non-Promoter,0,Non-Promoter,0.99981856,0.0017446785,4.5587498e-08,0.0001032016,True
0,Non-Promoter,0,Non-Promoter,0.9971956,0.019280339,2.7385358e-05,0.0026090257,True
0,Non-Promoter,0,Non-Promoter,0.74739987,0.56517375,0.03929525,0.11092138,True
0,Non-Promoter,0,Non-Promoter,0.99882835,0.0090790335,5.0828958e-06,0.001198031,True
0,Non-Promoter,1,Promoter,0.99971503,0.0026098988,1.0309493e-07,0.00013868557,False
0,Non-Promoter,0,Non-Promoter,0.9842001,0.081208706,0.0008357824,0.014076777,True
0,Non-Promoter,0,Non-Promoter,0.9918368,0.04737982,0.00023526726,0.006648604,True
0,Non-Promoter,0,Non-Promoter,0.99358445,0.03878697,0.00032059895,0.009040251,True
0,Non-Promoter,0,Non-Promoter,0.9925157,0.044091653,6.5473556e-05,0.003827978,True
0,Non-Promoter,0,Non-Promoter,0.99971765,0.002589824,6.085548e-07,0.00040793605,True
0,Non-Promoter,1,Promoter,0.94831675,0.20344168,0.0040871375,0.031755984,False
0,Non-Promoter,1,Promoter,0.9993826,0.005179523,3.4441343e-06,0.00089698704,False
0,Non-Promoter,0,Non-Promoter,0.9996711,0.002967335,1.273203e-07,0.00017070887,True
0,Non-Promoter,1,Promoter,0.61256856,0.66758525,0.052570138,0.120244265,False
0,Non-Promoter,0,Non-Promoter,0.9993216,0.0056284196,7.208173e-07,0.00040854933,True
0,Non-Promoter,0,Non-Promoter,0.97064304,0.13249967,0.0015775217,0.017100684,True
0,Non-Promoter,0,Non-Promoter,0.99952614,0.0041012797,3.162558e-07,0.00027838768,True
0,Non-Promoter,1,Promoter,0.9445772,0.21418288,0.0017748591,0.01567334,False
0,Non-Promoter,0,Non-Promoter,0.86206585,0.40119565,0.032548733,0.11309558,True
0,Non-Promoter,0,Non-Promoter,0.9563325,0.17942962,0.0059143733,0.04014592,True
0,Non-Promoter,0,Non-Promoter,0.9990236,0.0077437083,2.949937e-06,0.00093104877,True
0,Non-Promoter,0,Non-Promoter,0.97942424,0.1002714,0.001002898,0.017781086,True
0,Non-Promoter,0,Non-Promoter,0.99999404,7.876923e-05,1.9267418e-10,7.139359e-06,True
0,Non-Promoter,0,Non-Promoter,0.99895644,0.008206563,2.4965043e-06,0.0008813916,True
0,Non-Promoter,0,Non-Promoter,0.99905026,0.0075593735,1.1843913e-06,0.00048647635,True
0,Non-Promoter,0,Non-Promoter,0.9997129,0.002628745,9.068575e-08,0.00013524061,True
0,Non-Promoter,1,Promoter,0.7683364,0.54127866,0.042243496,0.11686373,False
0,Non-Promoter,0,Non-Promoter,0.992997,0.041723594,7.8493176e-05,0.0038959906,True
0,Non-Promoter,0,Non-Promoter,0.990846,0.052076586,9.3488154e-05,0.0045111105,True
0,Non-Promoter,0,Non-Promoter,0.9985545,0.010897346,5.7916122e-06,0.0011786651,True
0,Non-Promoter,0,Non-Promoter,0.916875,0.28633618,0.012971265,0.06303668,True
0,Non-Promoter,0,Non-Promoter,0.9930296,0.041561756,5.5900146e-05,0.0031314045,True
0,Non-Promoter,0,Non-Promoter,0.9999278,0.0007609698,1.0998306e-08,5.5537792e-05,True
0,Non-Promoter,0,Non-Promoter,0.9293482,0.2553217,0.012330024,0.0578593,True
0,Non-Promoter,0,Non-Promoter,0.98034453,0.096694924,0.00034521444,0.008430578,True
0,Non-Promoter,0,Non-Promoter,0.9795058,0.0999566,0.0013788991,0.020270221,True
0,Non-Promoter,0,Non-Promoter,0.7392511,0.5738388,0.053986534,0.13957745,True
0,Non-Promoter,0,Non-Promoter,0.99826586,0.012757214,7.012056e-06,0.0013516322,True
0,Non-Promoter,1,Promoter,0.98111343,0.09367374,0.0014246057,0.019555964,False
0,Non-Promoter,0,Non-Promoter,0.9930159,0.041629307,7.976852e-05,0.004425179,True
0,Non-Promoter,0,Non-Promoter,0.99997485,0.0002919029,1.3819357e-09,2.1437503e-05,True
0,Non-Promoter,1,Promoter,0.999886,0.0011495276,2.1439293e-07,0.00025862915,False
0,Non-Promoter,1,Promoter,0.9822915,0.088981554,0.00080558273,0.01466383,False
0,Non-Promoter,0,Non-Promoter,0.99970937,0.002656356,1.3824288e-07,0.00017617224,True
0,Non-Promoter,0,Non-Promoter,0.63583314,0.65577805,0.06178964,0.15173978,True
0,Non-Promoter,0,Non-Promoter,0.9908892,0.051874306,0.00012091049,0.005449958,True
0,Non-Promoter,0,Non-Promoter,0.57701206,0.68123806,0.053346705,0.11754012,True
0,Non-Promoter,1,Promoter,0.64982635,0.6475541,0.0716259,0.16876063,False
0,Non-Promoter,1,Promoter,0.5965906,0.67436993,0.048647255,0.11018467,False
0,Non-Promoter,1,Promoter,0.9373136,0.23429626,0.021304842,0.087678045,False
0,Non-Promoter,0,Non-Promoter,0.99609584,0.025547821,3.3758635e-05,0.0026243106,True
0,Non-Promoter,0,Non-Promoter,0.5860413,0.678267,0.062833264,0.1406849,True
0,Non-Promoter,0,Non-Promoter,0.9733961,0.12273119,0.0074913846,0.046132877,True
0,Non-Promoter,0,Non-Promoter,0.6984631,0.61216086,0.060484074,0.14861381,True
0,Non-Promoter,0,Non-Promoter,0.99992406,0.0007956667,2.4990547e-08,9.2659204e-05,True
0,Non-Promoter,0,Non-Promoter,0.99160576,0.0484849,0.00010288258,0.004949171,True
0,Non-Promoter,0,Non-Promoter,0.9407899,0.2247886,0.009420544,0.052124977,True
0,Non-Promoter,1,Promoter,0.9522706,0.19177458,0.0029467782,0.024975479,False
0,Non-Promoter,0,Non-Promoter,0.99980915,0.0018249606,9.939049e-08,0.00016721629,True
0,Non-Promoter,0,Non-Promoter,0.999947,0.00057515205,7.809914e-09,4.4155808e-05,True
0,Non-Promoter,1,Promoter,0.7396049,0.57346976,0.032157585,0.086193085,False
0,Non-Promoter,0,Non-Promoter,0.93424773,0.24250999,0.010640545,0.05882503,True
0,Non-Promoter,0,Non-Promoter,0.999377,0.0052207205,1.1413626e-06,0.0005527502,True
0,Non-Promoter,0,Non-Promoter,0.9936171,0.038622413,2.9592258e-05,0.0019300841,True
0,Non-Promoter,0,Non-Promoter,0.8161071,0.47724545,0.031197878,0.099939376,True
0,Non-Promoter,1,Promoter,0.950087,0.19825873,0.0027235472,0.026357904,False
0,Non-Promoter,0,Non-Promoter,0.791685,0.5117157,0.02472343,0.074034125,True
0,Non-Promoter,0,Non-Promoter,0.93898714,0.22974554,0.0041607935,0.02917844,True
0,Non-Promoter,0,Non-Promoter,0.99967253,0.0029556327,1.0818597e-07,0.000145528,True
0,Non-Promoter,1,Promoter,0.592018,0.67611563,0.052811816,0.12494129,False
0,Non-Promoter,0,Non-Promoter,0.9999553,0.00049231097,8.674666e-09,5.4475182e-05,True
0,Non-Promoter,0,Non-Promoter,0.9921497,0.04587108,0.00012836242,0.00548207,True
0,Non-Promoter,0,Non-Promoter,0.9999228,0.0008071391,3.3337486e-08,0.000104856736,True
0,Non-Promoter,0,Non-Promoter,0.9994488,0.0046871495,3.6714243e-07,0.00029917248,True
0,Non-Promoter,0,Non-Promoter,0.9997972,0.0019264508,4.531665e-08,0.0001067525,True
0,Non-Promoter,1,Promoter,0.9995463,0.0039465926,4.6484706e-07,0.00040215487,False
0,Non-Promoter,1,Promoter,0.9344974,0.24184704,0.0057982607,0.041502684,False
0,Non-Promoter,0,Non-Promoter,0.99389744,0.037201412,7.856713e-05,0.003949888,True
0,Non-Promoter,0,Non-Promoter,0.9908442,0.052085545,0.00012693193,0.005642839,True
0,Non-Promoter,0,Non-Promoter,0.99918103,0.0066390513,1.623024e-06,0.00064651435,True
0,Non-Promoter,0,Non-Promoter,0.9981193,0.013682042,4.511866e-06,0.0010035802,True
0,Non-Promoter,0,Non-Promoter,0.99599665,0.026096264,1.7878285e-05,0.001985969,True
0,Non-Promoter,0,Non-Promoter,0.99979705,0.0019285909,6.977919e-08,0.00012192386,True
0,Non-Promoter,0,Non-Promoter,0.7679513,0.54174,0.024665512,0.069575876,True
0,Non-Promoter,0,Non-Promoter,0.99974126,0.0023963428,8.8846335e-08,0.00012909085,True
0,Non-Promoter,1,Promoter,0.7934918,0.50929344,0.026050434,0.07898304,False
0,Non-Promoter,0,Non-Promoter,0.99985975,0.001384402,5.8054404e-08,0.00013714563,True
0,Non-Promoter,1,Promoter,0.9649725,0.15180536,0.0012953968,0.016274557,False
0,Non-Promoter,1,Promoter,0.5892039,0.67714703,0.064174935,0.14533764,False
0,Non-Promoter,0,Non-Promoter,0.9877846,0.06594979,0.00032011245,0.010248091,True
0,Non-Promoter,1,Promoter,0.6266762,0.66070104,0.041914802,0.0934813,False
0,Non-Promoter,0,Non-Promoter,0.9976957,0.016296092,1.1602107e-05,0.0017185649,True
0,Non-Promoter,1,Promoter,0.95057374,0.19682233,0.0046383757,0.038089678,False
0,Non-Promoter,0,Non-Promoter,0.99819005,0.013236942,3.71836e-06,0.0007688459,True
0,Non-Promoter,0,Non-Promoter,0.5562736,0.6868003,0.04725004,0.10294002,True
0,Non-Promoter,0,Non-Promoter,0.67042035,0.6338806,0.05290453,0.12409395,True
0,Non-Promoter,0,Non-Promoter,0.99203026,0.0464478,0.00010772531,0.0049474314,True
0,Non-Promoter,1,Promoter,0.6753483,0.63032615,0.062049944,0.14789405,False
0,Non-Promoter,0,Non-Promoter,0.9999437,0.0006069974,5.9608416e-09,3.3687043e-05,True
0,Non-Promoter,0,Non-Promoter,0.99944633,0.0047042295,3.9774065e-07,0.0003320952,True
0,Non-Promoter,0,Non-Promoter,0.5775334,0.68107563,0.04940962,0.113226175,True
0,Non-Promoter,1,Promoter,0.888761,0.3490981,0.0140832905,0.062278807,False
0,Non-Promoter,0,Non-Promoter,0.99847484,0.01141583,1.0166465e-05,0.0013915924,True
0,Non-Promoter,0,Non-Promoter,0.93450814,0.2418184,0.022590552,0.09594844,True
0,Non-Promoter,0,Non-Promoter,0.9999686,0.00035765854,8.7329344e-10,1.450628e-05,True
0,Non-Promoter,0,Non-Promoter,0.9754298,0.11532805,0.0023944965,0.02708646,True
0,Non-Promoter,0,Non-Promoter,0.99959284,0.0035855458,6.413826e-07,0.000365376,True
0,Non-Promoter,0,Non-Promoter,0.695266,0.6148222,0.041742533,0.1048609,True
0,Non-Promoter,1,Promoter,0.571168,0.6829829,0.08150823,0.18708429,False
0,Non-Promoter,0,Non-Promoter,0.9917864,0.047620654,0.00013591567,0.006480124,True
0,Non-Promoter,1,Promoter,0.5287502,0.6914931,0.06516014,0.14509934,False
0,Non-Promoter,0,Non-Promoter,0.9963395,0.024190372,2.1348984e-05,0.0021473411,True
0,Non-Promoter,0,Non-Promoter,0.9163483,0.2875987,0.007180893,0.041949823,True
0,Non-Promoter,0,Non-Promoter,0.9929446,0.04198302,0.00013115449,0.0058873147,True
0,Non-Promoter,1,Promoter,0.9997946,0.0019500082,5.8252713e-08,0.000110912486,False
0,Non-Promoter,0,Non-Promoter,0.9868978,0.06981392,0.00039168866,0.01059296,True
0,Non-Promoter,1,Promoter,0.68089265,0.62619483,0.07373966,0.18454987,False
0,Non-Promoter,0,Non-Promoter,0.9984119,0.011822874,4.498498e-06,0.0010491991,True
0,Non-Promoter,0,Non-Promoter,0.9950298,0.03132138,6.560868e-05,0.003672123,True
0,Non-Promoter,0,Non-Promoter,0.9993482,0.005432752,7.4920575e-07,0.00042545097,True
0,Non-Promoter,0,Non-Promoter,0.6222595,0.6629472,0.06926182,0.15991688,True
0,Non-Promoter,0,Non-Promoter,0.9997763,0.0021033525,4.9657135e-08,0.00010465644,True
0,Non-Promoter,0,Non-Promoter,0.9513573,0.19449894,0.0020958325,0.021150485,True
0,Non-Promoter,0,Non-Promoter,0.9995878,0.0036248253,3.9422588e-07,0.00032157917,True
0,Non-Promoter,0,Non-Promoter,0.5882427,0.6774918,0.06532791,0.15011227,True
0,Non-Promoter,0,Non-Promoter,0.9992162,0.006389131,2.004744e-06,0.00070202304,True
0,Non-Promoter,0,Non-Promoter,0.9971154,0.019751018,0.00010458391,0.005473461,True
0,Non-Promoter,1,Promoter,0.56546783,0.6845504,0.10135493,0.23479944,False
0,Non-Promoter,0,Non-Promoter,0.98786074,0.065614894,0.00069662347,0.012755085,True
0,Non-Promoter,0,Non-Promoter,0.9999141,0.0008893856,5.419976e-09,3.059837e-05,True
0,Non-Promoter,0,Non-Promoter,0.9992839,0.0059014442,1.0463971e-06,0.00048131775,True
0,Non-Promoter,0,Non-Promoter,0.93223053,0.24783096,0.012909973,0.06917286,True
0,Non-Promoter,0,Non-Promoter,0.9987263,0.00976316,3.5151297e-06,0.0010441588,True
0,Non-Promoter,0,Non-Promoter,0.99916196,0.0067742965,1.0614662e-06,0.00055377,True
0,Non-Promoter,1,Promoter,0.99768347,0.016369697,1.82148e-05,0.0019838233,False
0,Non-Promoter,0,Non-Promoter,0.55751604,0.68651634,0.05993317,0.1348899,True
0,Non-Promoter,0,Non-Promoter,0.99996775,0.0003672017,1.4901145e-09,1.8483057e-05,True
0,Non-Promoter,0,Non-Promoter,0.93356043,0.24433035,0.011359427,0.051849306,True
0,Non-Promoter,0,Non-Promoter,0.9352189,0.23992512,0.015145833,0.07401204,True
0,Non-Promoter,1,Promoter,0.91534835,0.2899856,0.018713392,0.08142595,False
0,Non-Promoter,0,Non-Promoter,0.99981034,0.0018160644,7.426627e-08,0.00013715471,True
0,Non-Promoter,0,Non-Promoter,0.68297493,0.6246066,0.054070413,0.12617308,True
0,Non-Promoter,1,Promoter,0.99979335,0.0019598003,1.0692196e-07,0.00016701443,False
0,Non-Promoter,1,Promoter,0.9939466,0.03695063,5.800368e-05,0.0038925596,False
0,Non-Promoter,1,Promoter,0.8117903,0.4836166,0.021516263,0.06993815,False
0,Non-Promoter,0,Non-Promoter,0.80449957,0.4941011,0.021925282,0.07212463,True
0,Non-Promoter,0,Non-Promoter,0.9350308,0.24042696,0.0035532014,0.027489364,True
0,Non-Promoter,0,Non-Promoter,0.99907106,0.0074131754,1.3060082e-05,0.0018844092,True
0,Non-Promoter,0,Non-Promoter,0.9969518,0.020702763,2.875943e-05,0.0024090335,True
0,Non-Promoter,0,Non-Promoter,0.989821,0.056822114,0.00015749753,0.0060230754,True
0,Non-Promoter,0,Non-Promoter,0.978788,0.102718994,0.0036303499,0.031651944,True
0,Non-Promoter,0,Non-Promoter,0.9915331,0.048831515,8.9320456e-05,0.004060466,True
0,Non-Promoter,0,Non-Promoter,0.98213506,0.08960956,0.0007492018,0.013242647,True
0,Non-Promoter,1,Promoter,0.92507464,0.26619667,0.010157295,0.057521477,False
0,Non-Promoter,0,Non-Promoter,0.9865921,0.0711314,0.0019271965,0.026079576,True
0,Non-Promoter,0,Non-Promoter,0.65228665,0.6460196,0.06270988,0.14968151,True
0,Non-Promoter,0,Non-Promoter,0.99860096,0.01059268,4.745125e-06,0.0012268098,True
0,Non-Promoter,0,Non-Promoter,0.99987906,0.0012117134,1.4813492e-08,5.253777e-05,True
0,Non-Promoter,0,Non-Promoter,0.9996428,0.0031909023,6.562641e-07,0.00042423932,True
0,Non-Promoter,0,Non-Promoter,0.9625395,0.15978792,0.0032980028,0.032556176,True
0,Non-Promoter,0,Non-Promoter,0.9184797,0.282467,0.012495544,0.055312723,True
0,Non-Promoter,0,Non-Promoter,0.7570312,0.5544779,0.034916326,0.10162416,True
0,Non-Promoter,0,Non-Promoter,0.99050814,0.05365353,0.0002825318,0.009727266,True
0,Non-Promoter,0,Non-Promoter,0.9940368,0.03648992,7.269821e-05,0.004387643,True
0,Non-Promoter,0,Non-Promoter,0.99996436,0.0004004306,2.7979439e-09,2.7281727e-05,True
0,Non-Promoter,0,Non-Promoter,0.9983242,0.012385856,2.628937e-05,0.0026144702,True
0,Non-Promoter,1,Promoter,0.76112324,0.54978174,0.046306342,0.12767616,False
0,Non-Promoter,1,Promoter,0.58327204,0.6792139,0.045020774,0.10105896,False
0,Non-Promoter,0,Non-Promoter,0.9583555,0.1731357,0.0017277154,0.022066668,True
0,Non-Promoter,0,Non-Promoter,0.9985969,0.010619156,3.3086978e-06,0.00090610236,True
0,Non-Promoter,0,Non-Promoter,0.99943346,0.0048024994,9.815587e-07,0.00051585445,True
0,Non-Promoter,1,Promoter,0.5987998,0.6734953,0.0858414,0.19800907,False
0,Non-Promoter,0,Non-Promoter,0.98090976,0.09447718,0.0007149787,0.012250967,True
0,Non-Promoter,0,Non-Promoter,0.99990326,0.0009910178,2.4382812e-08,8.490484e-05,True
0,Non-Promoter,0,Non-Promoter,0.999951,0.0005339214,8.672753e-09,5.1015202e-05,True
0,Non-Promoter,0,Non-Promoter,0.99991727,0.00086142396,9.59495e-09,4.421553e-05,True
0,Non-Promoter,0,Non-Promoter,0.6546833,0.6444992,0.082728386,0.20081052,True
0,Non-Promoter,1,Promoter,0.75942725,0.5517392,0.039124444,0.10819444,False
0,Non-Promoter,0,Non-Promoter,0.9786495,0.10324986,0.0004598046,0.009611756,True
0,Non-Promoter,0,Non-Promoter,0.99511033,0.030894194,0.00016063605,0.0070824344,True
0,Non-Promoter,0,Non-Promoter,0.9999562,0.0004823541,8.489462e-09,4.900989e-05,True
0,Non-Promoter,1,Promoter,0.7096722,0.60244495,0.05377384,0.13611421,False
0,Non-Promoter,0,Non-Promoter,0.9998297,0.0016488053,1.6623197e-07,0.00019045675,True
0,Non-Promoter,0,Non-Promoter,0.9995979,0.003546467,1.0272855e-06,0.0005115953,True
0,Non-Promoter,0,Non-Promoter,0.99997485,0.00029122306,1.6473329e-09,2.180456e-05,True
0,Non-Promoter,0,Non-Promoter,0.7462475,0.5664203,0.034085818,0.09485552,True
0,Non-Promoter,1,Promoter,0.7523803,0.559705,0.031834528,0.086560994,False
0,Non-Promoter,0,Non-Promoter,0.99955046,0.003914737,1.175162e-06,0.0005075941,True
0,Non-Promoter,0,Non-Promoter,0.99706805,0.020026583,4.1173465e-05,0.003031116,True
0,Non-Promoter,0,Non-Promoter,0.99990016,0.0010189421,3.2352123e-08,9.365345e-05,True
0,Non-Promoter,1,Promoter,0.858761,0.40720624,0.0155457435,0.059999764,False
0,Non-Promoter,0,Non-Promoter,0.99944025,0.004751168,9.823759e-07,0.0005093054,True
0,Non-Promoter,1,Promoter,0.6026049,0.6719413,0.061987307,0.14563566,False
0,Non-Promoter,0,Non-Promoter,0.9986126,0.010516107,8.222543e-06,0.0014700843,True
0,Non-Promoter,0,Non-Promoter,0.9778766,0.10619184,0.00027351215,0.005994916,True
0,Non-Promoter,1,Promoter,0.61385274,0.6669935,0.073631614,0.17177907,False
0,Non-Promoter,0,Non-Promoter,0.99079853,0.052299283,4.7213587e-05,0.0024766624,True
0,Non-Promoter,0,Non-Promoter,0.99830747,0.012492046,4.0168197e-06,0.0009864736,True
0,Non-Promoter,0,Non-Promoter,0.9998655,0.0013338533,3.291239e-08,9.10653e-05,True
0,Non-Promoter,0,Non-Promoter,0.9994275,0.0048467573,8.2674393e-07,0.0005368977,True
0,Non-Promoter,1,Promoter,0.6568384,0.6431103,0.05508303,0.13254362,False
0,Non-Promoter,1,Promoter,0.74227977,0.5706588,0.050538704,0.13301787,False
0,Non-Promoter,0,Non-Promoter,0.7127711,0.5996519,0.042310737,0.109796196,True
0,Non-Promoter,1,Promoter,0.997558,0.01712719,2.3086413e-05,0.0024462221,False
0,Non-Promoter,0,Non-Promoter,0.99033266,0.054467306,0.00022841638,0.008114811,True
0,Non-Promoter,0,Non-Promoter,0.99946463,0.0045678,6.3277946e-07,0.00038565835,True
0,Non-Promoter,0,Non-Promoter,0.9952412,0.030195747,0.00015686045,0.0064211767,True
0,Non-Promoter,0,Non-Promoter,0.9980754,0.0139562385,1.4486157e-05,0.001783397,True
0,Non-Promoter,0,Non-Promoter,0.9455626,0.21137929,0.014135601,0.06837134,True
0,Non-Promoter,0,Non-Promoter,0.9920347,0.046427853,0.00028764142,0.007930782,True
0,Non-Promoter,0,Non-Promoter,0.8053949,0.492832,0.038303092,0.115662545,True
0,Non-Promoter,0,Non-Promoter,0.9469213,0.20748249,0.005055668,0.03743665,True
0,Non-Promoter,0,Non-Promoter,0.99997157,0.00032666384,1.071077e-09,1.4672958e-05,True
0,Non-Promoter,0,Non-Promoter,0.99536794,0.029517105,7.139312e-05,0.0046265256,True
0,Non-Promoter,0,Non-Promoter,0.9998189,0.0017423603,3.7805265e-08,0.00010182732,True
0,Non-Promoter,1,Promoter,0.99723125,0.019070461,6.472152e-06,0.0010267254,False
0,Non-Promoter,0,Non-Promoter,0.8473224,0.42732564,0.018290572,0.06935319,True
0,Non-Promoter,0,Non-Promoter,0.98711437,0.06887563,0.00036841442,0.010010991,True
0,Non-Promoter,0,Non-Promoter,0.9980096,0.01436837,6.791183e-06,0.0011861883,True
0,Non-Promoter,0,Non-Promoter,0.99850345,0.011229896,1.5483154e-05,0.0021353513,True
0,Non-Promoter,0,Non-Promoter,0.9904073,0.054121405,0.0001936685,0.007098511,True
0,Non-Promoter,1,Promoter,0.8100618,0.48613328,0.0287035,0.09069374,False
0,Non-Promoter,0,Non-Promoter,0.99996066,0.0004386503,3.6480627e-09,2.9555435e-05,True
0,Non-Promoter,0,Non-Promoter,0.9996911,0.002805723,1.6773738e-07,0.00020338525,True
0,Non-Promoter,0,Non-Promoter,0.9614718,0.16323769,0.0022850086,0.02351299,True
0,Non-Promoter,1,Promoter,0.9975062,0.01743828,2.783602e-05,0.0025674822,False
0,Non-Promoter,0,Non-Promoter,0.9972363,0.019041272,1.5190328e-05,0.0019248482,True
0,Non-Promoter,0,Non-Promoter,0.98567295,0.07505086,0.0006501054,0.014144223,True
0,Non-Promoter,0,Non-Promoter,0.9998651,0.0013372932,5.9025886e-08,0.00011544034,True
0,Non-Promoter,0,Non-Promoter,0.99301666,0.041626025,6.251898e-05,0.00359758,True
0,Non-Promoter,1,Promoter,0.99815977,0.013427838,6.435027e-06,0.0012335032,False
0,Non-Promoter,1,Promoter,0.70429224,0.6071835,0.03561049,0.088911235,False
0,Non-Promoter,0,Non-Promoter,0.9991016,0.0071999175,1.1582767e-06,0.00056967465,True
0,Non-Promoter,0,Non-Promoter,0.99796045,0.014672104,4.9675696e-06,0.0010194033,True
0,Non-Promoter,0,Non-Promoter,0.9913708,0.049603425,0.00018386668,0.007453367,True
0,Non-Promoter,0,Non-Promoter,0.99987674,0.0012323563,3.0490995e-08,8.917693e-05,True
0,Non-Promoter,0,Non-Promoter,0.7651445,0.54507697,0.028907644,0.08347818,True
0,Non-Promoter,0,Non-Promoter,0.9644592,0.15350387,0.0028210236,0.027532324,True
0,Non-Promoter,0,Non-Promoter,0.99772084,0.016142655,9.568539e-06,0.0013241712,True
0,Non-Promoter,0,Non-Promoter,0.9996718,0.0029615816,1.2364897e-07,0.00015129824,True
0,Non-Promoter,0,Non-Promoter,0.9985612,0.010852932,3.653934e-06,0.0009658737,True
0,Non-Promoter,0,Non-Promoter,0.99983925,0.0015653664,1.12025276e-07,0.00016897707,True
0,Non-Promoter,0,Non-Promoter,0.7806811,0.52604455,0.043399896,0.123428166,True
0,Non-Promoter,0,Non-Promoter,0.99843085,0.011700403,2.79187e-06,0.0006986782,True
0,Non-Promoter,0,Non-Promoter,0.99999166,0.00010612859,8.5785365e-11,4.905909e-06,True
0,Non-Promoter,1,Promoter,0.6794085,0.62731457,0.05816078,0.14033508,False
0,Non-Promoter,0,Non-Promoter,0.9992377,0.0062344815,1.8128275e-06,0.0006287596,True
0,Non-Promoter,0,Non-Promoter,0.9997501,0.0023229825,1.6446583e-07,0.00024040812,True
0,Non-Promoter,1,Promoter,0.9972876,0.018739041,6.96111e-06,0.0012418311,False
0,Non-Promoter,0,Non-Promoter,0.9728421,0.12471986,0.0019485557,0.022659823,True
0,Non-Promoter,0,Non-Promoter,0.9969,0.021002011,3.1248055e-05,0.0027319007,True
0,Non-Promoter,0,Non-Promoter,0.99968976,0.002816866,1.6444766e-07,0.00020308653,True
0,Non-Promoter,0,Non-Promoter,0.70653754,0.6052228,0.04105833,0.10775098,True
0,Non-Promoter,0,Non-Promoter,0.99890953,0.008527566,4.190514e-06,0.0010871459,True
0,Non-Promoter,1,Promoter,0.8676721,0.39078802,0.01878189,0.074881166,False
0,Non-Promoter,0,Non-Promoter,0.9968355,0.021373596,9.421047e-05,0.0049022753,True
0,Non-Promoter,0,Non-Promoter,0.99125314,0.050159976,0.000159105,0.0069775954,True
0,Non-Promoter,1,Promoter,0.99997425,0.00029622338,3.067997e-09,2.7105503e-05,False
0,Non-Promoter,0,Non-Promoter,0.9999837,0.00019649815,5.6630567e-10,1.1873446e-05,True
0,Non-Promoter,0,Non-Promoter,0.531451,0.6911676,0.07557479,0.16739076,True
0,Non-Promoter,0,Non-Promoter,0.8026954,0.496643,0.028007738,0.0869396,True
0,Non-Promoter,0,Non-Promoter,0.99932235,0.0056222663,6.3896744e-07,0.00035944255,True
0,Non-Promoter,0,Non-Promoter,0.9991926,0.006557648,1.1110226e-06,0.000535558,True
0,Non-Promoter,0,Non-Promoter,0.8405041,0.43883294,0.013901437,0.049905956,True
0,Non-Promoter,0,Non-Promoter,0.99966025,0.0030540673,3.1486772e-07,0.00026409794,True
0,Non-Promoter,1,Promoter,0.5433712,0.6893803,0.078679316,0.17822295,False
0,Non-Promoter,0,Non-Promoter,0.9497245,0.19932565,0.0036640756,0.026943788,True
0,Non-Promoter,0,Non-Promoter,0.97401047,0.12051215,0.00033934932,0.0064878836,True
0,Non-Promoter,0,Non-Promoter,0.9946067,0.033546127,4.757852e-05,0.0033827014,True
0,Non-Promoter,0,Non-Promoter,0.9989057,0.008555033,2.986787e-06,0.0008383915,True
0,Non-Promoter,1,Promoter,0.975662,0.11447245,0.0006369087,0.011652596,False
0,Non-Promoter,0,Non-Promoter,0.99884534,0.008963108,1.671569e-06,0.0005891528,True
0,Non-Promoter,0,Non-Promoter,0.8413559,0.43741456,0.015133698,0.05367303,True
0,Non-Promoter,0,Non-Promoter,0.9984877,0.011331946,1.2619459e-05,0.0018272428,True
0,Non-Promoter,1,Promoter,0.97130024,0.13019253,0.0015125447,0.018547058,False
0,Non-Promoter,1,Promoter,0.88363606,0.35961732,0.009401025,0.04683727,False
0,Non-Promoter,0,Non-Promoter,0.6014025,0.67243886,0.06681695,0.1552009,True
0,Non-Promoter,1,Promoter,0.63500375,0.6562388,0.046394102,0.105951965,False
0,Non-Promoter,1,Promoter,0.994251,0.03538993,0.000115411676,0.0055408347,False
0,Non-Promoter,0,Non-Promoter,0.9963152,0.024325687,2.1130094e-05,0.0020265859,True
0,Non-Promoter,1,Promoter,0.98683286,0.070094004,0.00027293037,0.0085174255,False
0,Non-Promoter,0,Non-Promoter,0.93451273,0.2418063,0.0061192885,0.035547018,True
0,Non-Promoter,0,Non-Promoter,0.993121,0.041107986,7.6784294e-05,0.0043199025,True
0,Non-Promoter,0,Non-Promoter,0.9993368,0.005517118,2.700002e-06,0.00075662695,True
0,Non-Promoter,0,Non-Promoter,0.9111264,0.29992387,0.018897459,0.08016458,True
0,Non-Promoter,0,Non-Promoter,0.9987055,0.009901458,2.0919285e-06,0.00067897886,True
0,Non-Promoter,1,Promoter,0.9099741,0.30259785,0.007216203,0.039135218,False
0,Non-Promoter,0,Non-Promoter,0.9883535,0.063437454,0.00015414052,0.0059668943,True
0,Non-Promoter,0,Non-Promoter,0.8966741,0.33232987,0.02267423,0.09150821,True
0,Non-Promoter,0,Non-Promoter,0.9998883,0.0011270301,3.299453e-08,9.314215e-05,True
0,Non-Promoter,0,Non-Promoter,0.9846078,0.07951835,0.0010952641,0.018674236,True
0,Non-Promoter,0,Non-Promoter,0.9998341,0.0016085521,2.9203898e-07,0.00027124234,True
0,Non-Promoter,0,Non-Promoter,0.98400116,0.082029216,0.00032618904,0.0085425,True
0,Non-Promoter,0,Non-Promoter,0.99851775,0.011137116,8.357185e-06,0.0016466491,True
0,Non-Promoter,0,Non-Promoter,0.98112845,0.09361433,0.0012870894,0.018273555,True
0,Non-Promoter,1,Promoter,0.97460026,0.11836854,0.0014789567,0.019929692,False
0,Non-Promoter,0,Non-Promoter,0.9107223,0.3008634,0.009412429,0.05137962,True
0,Non-Promoter,1,Promoter,0.99604243,0.025843365,2.120836e-05,0.0019607563,False
0,Non-Promoter,0,Non-Promoter,0.9998402,0.0015568881,4.596526e-08,0.00010440429,True
0,Non-Promoter,0,Non-Promoter,0.99988645,0.0011446642,5.0617544e-08,0.000117192045,True
0,Non-Promoter,1,Promoter,0.5479769,0.6885365,0.07654574,0.17381233,False
0,Non-Promoter,0,Non-Promoter,0.52332634,0.69205856,0.06876345,0.15570223,True
0,Non-Promoter,1,Promoter,0.90250295,0.31954825,0.010435812,0.048177987,False
0,Non-Promoter,0,Non-Promoter,0.98826885,0.06381262,0.0003390476,0.00970035,True
0,Non-Promoter,0,Non-Promoter,0.75101477,0.56121755,0.03473827,0.093167424,True
0,Non-Promoter,0,Non-Promoter,0.9999222,0.00081414875,3.4824108e-08,8.987752e-05,True
0,Non-Promoter,0,Non-Promoter,0.7703226,0.53888625,0.04692035,0.12732157,True
0,Non-Promoter,0,Non-Promoter,0.99997526,0.00028765912,2.0799802e-09,2.3366534e-05,True
0,Non-Promoter,1,Promoter,0.79197025,0.51133454,0.033226803,0.09664765,False
0,Non-Promoter,0,Non-Promoter,0.99999774,3.2146298e-05,3.681484e-11,3.2770058e-06,True
0,Non-Promoter,0,Non-Promoter,0.9985064,0.011209888,1.7313967e-05,0.0020545265,True
0,Non-Promoter,0,Non-Promoter,0.6220949,0.66302925,0.062423006,0.14475346,True
0,Non-Promoter,0,Non-Promoter,0.9997681,0.002174032,3.7479882e-07,0.00032482285,True
0,Non-Promoter,0,Non-Promoter,0.9992349,0.0062549026,1.0956517e-06,0.00054152915,True
0,Non-Promoter,0,Non-Promoter,0.99878395,0.009378377,2.9612215e-06,0.00076045375,True
0,Non-Promoter,0,Non-Promoter,0.9992832,0.0059072804,7.5688496e-07,0.0004103412,True
0,Non-Promoter,0,Non-Promoter,0.62144786,0.6633509,0.07042432,0.1686905,True
0,Non-Promoter,0,Non-Promoter,0.9995357,0.004028213,3.5601653e-07,0.000277946,True
0,Non-Promoter,0,Non-Promoter,0.99981195,0.0018017095,1.0708986e-07,0.00017428398,True
0,Non-Promoter,0,Non-Promoter,0.99987847,0.0012172956,5.7278886e-08,0.00013362756,True
0,Non-Promoter,1,Promoter,0.963376,0.15706283,0.0013898327,0.016303584,False
0,Non-Promoter,0,Non-Promoter,0.9958688,0.026799638,3.3792836e-05,0.0028502643,True
0,Non-Promoter,1,Promoter,0.79983526,0.50063074,0.025191799,0.0827086,False
0,Non-Promoter,0,Non-Promoter,0.98888177,0.06107926,0.0003919332,0.011080325,True
0,Non-Promoter,0,Non-Promoter,0.999616,0.0034032448,4.3571833e-07,0.00032539805,True
0,Non-Promoter,0,Non-Promoter,0.8109566,0.48483285,0.035890568,0.10388446,True
0,Non-Promoter,1,Promoter,0.640951,0.6528691,0.063032664,0.15069592,False
0,Non-Promoter,0,Non-Promoter,0.96662635,0.14628017,0.002097503,0.022826754,True
0,Non-Promoter,0,Non-Promoter,0.9750063,0.116883665,0.0026983921,0.029343292,True
0,Non-Promoter,0,Non-Promoter,0.93205374,0.24829403,0.013110331,0.06068562,True
0,Non-Promoter,0,Non-Promoter,0.9970293,0.020252625,4.2729916e-05,0.0032663085,True
0,Non-Promoter,0,Non-Promoter,0.79854,0.5024198,0.02906644,0.08370358,True
0,Non-Promoter,0,Non-Promoter,0.9943911,0.034666657,4.3981287e-05,0.0030061752,True
0,Non-Promoter,0,Non-Promoter,0.99975866,0.002251573,2.2214584e-07,0.0002608325,True
0,Non-Promoter,0,Non-Promoter,0.99989796,0.0010392326,1.3525046e-08,5.5574114e-05,True
0,Non-Promoter,1,Promoter,0.98361593,0.08361113,0.00048361142,0.009530872,False
0,Non-Promoter,1,Promoter,0.9961346,0.025333082,4.670756e-05,0.0034165848,False
0,Non-Promoter,1,Promoter,0.998182,0.013288147,1.9509056e-05,0.0022487706,False
0,Non-Promoter,0,Non-Promoter,0.89807826,0.32928488,0.019201089,0.08287062,True
0,Non-Promoter,0,Non-Promoter,0.99964654,0.003161678,1.8787766e-07,0.00020673848,True
0,Non-Promoter,0,Non-Promoter,0.8575459,0.40939346,0.01698117,0.06766224,True
0,Non-Promoter,0,Non-Promoter,0.99997675,0.00027040835,1.5356738e-09,1.8896913e-05,True
0,Non-Promoter,1,Promoter,0.57910466,0.6805793,0.06828647,0.15885812,False
0,Non-Promoter,0,Non-Promoter,0.9642922,0.15405473,0.0018151643,0.020990834,True
0,Non-Promoter,0,Non-Promoter,0.5045914,0.693105,0.058363616,0.12791944,True
0,Non-Promoter,0,Non-Promoter,0.9999095,0.000932822,2.24872e-08,8.1151724e-05,True
0,Non-Promoter,0,Non-Promoter,0.9996851,0.0028539347,1.8523248e-07,0.00023085577,True
0,Non-Promoter,0,Non-Promoter,0.96195185,0.16169068,0.003948874,0.03204274,True
0,Non-Promoter,0,Non-Promoter,0.99977535,0.0021112156,1.6999226e-07,0.00021034572,True
0,Non-Promoter,1,Promoter,0.9999516,0.0005284726,4.1111345e-09,3.309478e-05,False
0,Non-Promoter,0,Non-Promoter,0.9011599,0.3225269,0.014771435,0.06577024,True
0,Non-Promoter,1,Promoter,0.892464,0.34133244,0.007730704,0.03736332,False
0,Non-Promoter,0,Non-Promoter,0.99017453,0.055197805,0.00038164057,0.010496467,True
0,Non-Promoter,0,Non-Promoter,0.9999518,0.00052759703,5.165186e-09,3.942661e-05,True
0,Non-Promoter,0,Non-Promoter,0.97376037,0.12141755,0.00067771715,0.012331128,True
0,Non-Promoter,0,Non-Promoter,0.99815375,0.013466396,2.5414665e-05,0.0025428236,True
0,Non-Promoter,0,Non-Promoter,0.99846107,0.011505396,2.5653121e-06,0.00074126106,True
0,Non-Promoter,0,Non-Promoter,0.9838441,0.082675084,0.00021628289,0.006709419,True
0,Non-Promoter,0,Non-Promoter,0.5964108,0.67444015,0.062426746,0.14162713,True
0,Non-Promoter,1,Promoter,0.9967493,0.021868685,3.3270444e-05,0.0028369538,False
1,Promoter,0,Non-Promoter,0.9979588,0.014683297,1.0300702e-05,0.0017341943,False
1,Promoter,0,Non-Promoter,0.96870583,0.1392126,0.0024950348,0.024360955,False
1,Promoter,1,Promoter,0.87375176,0.3791921,0.016011305,0.06343123,True
1,Promoter,0,Non-Promoter,0.98111564,0.09366526,0.0006219887,0.012271747,False
1,Promoter,0,Non-Promoter,0.9996484,0.0031479527,3.6915026e-07,0.0002949729,False
1,Promoter,1,Promoter,0.9995978,0.003546264,3.2211956e-06,0.0010416554,True
1,Promoter,1,Promoter,0.98105466,0.093905635,0.0018256339,0.023117498,True
1,Promoter,1,Promoter,0.9979927,0.014472126,5.0784292e-06,0.0011520106,True
1,Promoter,0,Non-Promoter,0.8377096,0.44344842,0.0138641875,0.051408708,False
1,Promoter,1,Promoter,0.99999696,4.127878e-05,3.3453393e-11,3.83471e-06,True
1,Promoter,1,Promoter,0.99992025,0.0008307781,1.4225725e-08,6.293238e-05,True
1,Promoter,1,Promoter,0.9999127,0.0009029207,3.992738e-08,0.00011093629,True
1,Promoter,0,Non-Promoter,0.80162936,0.4981353,0.041536905,0.12752455,False
1,Promoter,1,Promoter,0.99430805,0.035096116,8.764388e-05,0.0045581274,True
1,Promoter,0,Non-Promoter,0.99944866,0.0046883076,7.7265366e-07,0.0004877299,False
1,Promoter,1,Promoter,0.95697916,0.17742854,0.0052080755,0.039306447,True
1,Promoter,1,Promoter,0.997712,0.016197428,1.818792e-05,0.0023536338,True
1,Promoter,1,Promoter,0.9998266,0.00167543,6.746545e-08,0.00014422904,True
1,Promoter,1,Promoter,0.5847151,0.6787244,0.054144368,0.12260991,True
1,Promoter,1,Promoter,0.9996422,0.0031970462,5.5105687e-07,0.0003628356,True
1,Promoter,1,Promoter,0.9992648,0.0060397247,1.974192e-06,0.00075990055,True
1,Promoter,0,Non-Promoter,0.71604794,0.59664726,0.043182462,0.1090115,False
1,Promoter,1,Promoter,0.99975497,0.0022817415,1.2777195e-07,0.00018839655,True
1,Promoter,1,Promoter,0.9999648,0.0003970472,2.1846778e-09,2.651551e-05,True
1,Promoter,1,Promoter,0.99999106,0.00011353132,3.9359704e-10,1.0393851e-05,True
1,Promoter,1,Promoter,0.99960965,0.003453928,3.0009608e-07,0.00025118073,True
1,Promoter,1,Promoter,0.50216174,0.69313776,0.065868214,0.14756262,True
1,Promoter,1,Promoter,0.9843113,0.080748394,0.0010744917,0.017841645,True
1,Promoter,0,Non-Promoter,0.9796801,0.099280976,0.0012777718,0.019532971,False
1,Promoter,0,Non-Promoter,0.99920905,0.0064402544,7.057166e-06,0.0014989376,False
1,Promoter,1,Promoter,0.9603036,0.16697809,0.002295937,0.025094464,True
1,Promoter,1,Promoter,0.99907106,0.007413977,1.8463486e-06,0.0006745872,True
1,Promoter,1,Promoter,0.99997735,0.00026603308,6.661335e-10,1.3671117e-05,True
1,Promoter,1,Promoter,0.9870805,0.06902276,0.000563315,0.011112969,True
1,Promoter,1,Promoter,0.99945,0.004676869,2.1233614e-06,0.0008348441,True
1,Promoter,1,Promoter,0.6468155,0.64939576,0.04809024,0.11267984,True
1,Promoter,0,Non-Promoter,0.7263676,0.58683836,0.033335827,0.088556886,False
1,Promoter,0,Non-Promoter,0.9988962,0.008618691,1.9179015e-06,0.00076610595,False
1,Promoter,1,Promoter,0.92253834,0.2725256,0.014404952,0.07198015,True
1,Promoter,0,Non-Promoter,0.9981788,0.013308059,4.838851e-06,0.0009715175,False
1,Promoter,1,Promoter,0.9999817,0.00021792625,4.4771753e-10,1.0573422e-05,True
1,Promoter,1,Promoter,0.9992578,0.006090323,3.9887192e-07,0.00026173145,True
1,Promoter,1,Promoter,0.99878913,0.009342505,4.5247652e-06,0.0010450576,True
1,Promoter,1,Promoter,0.99410284,0.036150746,5.7892794e-05,0.0039110444,True
1,Promoter,1,Promoter,0.9949863,0.03155096,6.1822764e-05,0.004213009,True
1,Promoter,1,Promoter,0.9979696,0.014615193,3.8612443e-06,0.00086843316,True
1,Promoter,1,Promoter,0.97072184,0.13222384,0.00057294685,0.008926913,True
1,Promoter,0,Non-Promoter,0.9969838,0.020516526,1.2069257e-05,0.0016124751,False
1,Promoter,0,Non-Promoter,0.99780816,0.015609916,7.4568825e-06,0.001336813,False
1,Promoter,0,Non-Promoter,0.9992741,0.0059721265,1.1867303e-06,0.00048357993,False
1,Promoter,0,Non-Promoter,0.9938586,0.03739941,7.744494e-05,0.0051366426,False
1,Promoter,1,Promoter,0.999792,0.0019712823,1.6815902e-07,0.000201975,True
1,Promoter,1,Promoter,0.99995315,0.0005149157,1.39840735e-08,6.0972845e-05,True
1,Promoter,1,Promoter,0.9879539,0.06520497,0.00015994551,0.005943805,True
1,Promoter,1,Promoter,0.99275523,0.04291624,0.00014294065,0.006557174,True
1,Promoter,1,Promoter,0.99884504,0.0089661,6.699465e-06,0.0013483246,True
1,Promoter,1,Promoter,0.996155,0.02521911,1.8585883e-05,0.0021230876,True
1,Promoter,1,Promoter,0.99987537,0.0012443368,2.5024846e-08,7.408683e-05,True
1,Promoter,0,Non-Promoter,0.991523,0.04887924,0.00012672522,0.0054703355,False
1,Promoter,1,Promoter,0.999956,0.00048665985,2.8745772e-09,2.8907787e-05,True
1,Promoter,1,Promoter,0.9569418,0.17754444,0.0029032428,0.02793239,True
1,Promoter,1,Promoter,0.99960583,0.0034842845,4.3120338e-07,0.00036454713,True
1,Promoter,1,Promoter,0.990818,0.05220811,0.00014728408,0.006120585,True
1,Promoter,1,Promoter,0.9998007,0.0018975668,8.0637776e-08,0.00014283985,True
1,Promoter,1,Promoter,0.9999476,0.00056811544,9.954398e-09,4.6035682e-05,True
1,Promoter,1,Promoter,0.9997672,0.0021805288,1.6862792e-07,0.00022159959,True
1,Promoter,0,Non-Promoter,0.90165657,0.32142773,0.011591673,0.05726248,False
1,Promoter,1,Promoter,0.9886993,0.061896324,9.7732e-05,0.0042968728,True
1,Promoter,1,Promoter,0.9999809,0.00022708079,3.793558e-09,3.2269527e-05,True
1,Promoter,1,Promoter,0.99503154,0.0313123,5.1526833e-05,0.0038822833,True
1,Promoter,1,Promoter,0.9944707,0.03425433,5.227272e-05,0.0034246687,True
1,Promoter,1,Promoter,0.9996473,0.0031560804,5.2581663e-07,0.00036747498,True
1,Promoter,0,Non-Promoter,0.99966526,0.0030127226,3.791323e-07,0.00031350693,False
1,Promoter,1,Promoter,0.99990106,0.001011407,2.4681885e-08,8.821639e-05,True
1,Promoter,1,Promoter,0.9944488,0.034367666,3.8175225e-05,0.0027344935,True
1,Promoter,1,Promoter,0.9999254,0.0007841755,1.0142649e-08,5.233416e-05,True
1,Promoter,1,Promoter,0.999093,0.00725994,3.4305635e-06,0.001084229,True
1,Promoter,0,Non-Promoter,0.77774304,0.52974975,0.023450796,0.06857866,False
1,Promoter,1,Promoter,0.9999415,0.00062910124,1.9947834e-08,7.566891e-05,True
1,Promoter,1,Promoter,0.98549825,0.07578907,0.00039577554,0.009810142,True
1,Promoter,1,Promoter,0.99986,0.0013835483,4.2952852e-08,0.00011132774,True
1,Promoter,0,Non-Promoter,0.99926746,0.00601996,5.306118e-07,0.00032456592,False
1,Promoter,0,Non-Promoter,0.99742717,0.017911198,1.0904036e-05,0.001628954,False
1,Promoter,1,Promoter,0.57956225,0.6804329,0.069614016,0.15678018,True
1,Promoter,1,Promoter,0.9982069,0.013131028,2.5874135e-05,0.0024582762,True
1,Promoter,0,Non-Promoter,0.9982482,0.012868809,2.5512104e-06,0.0006406391,False
1,Promoter,1,Promoter,0.8361547,0.44599164,0.027624758,0.08820602,True
1,Promoter,1,Promoter,0.999996,5.3308173e-05,7.2059636e-11,4.6823916e-06,True
1,Promoter,1,Promoter,0.93943065,0.22853133,0.0054654926,0.038227946,True
1,Promoter,0,Non-Promoter,0.9771914,0.10877743,0.0023342972,0.024491228,False
1,Promoter,1,Promoter,0.9948933,0.03204279,0.00011504498,0.0047831032,True
1,Promoter,1,Promoter,0.99769115,0.01632321,2.1348711e-05,0.0022735754,True
1,Promoter,1,Promoter,0.9999041,0.0009834194,3.999449e-08,0.00011536828,True
1,Promoter,1,Promoter,0.9837582,0.08302806,0.00029223468,0.007963866,True
1,Promoter,0,Non-Promoter,0.74947107,0.5629155,0.05261074,0.1365473,False
1,Promoter,1,Promoter,0.9980051,0.01439537,5.607313e-06,0.0011131605,True
1,Promoter,1,Promoter,0.99426913,0.03529652,9.242096e-05,0.005698379,True
1,Promoter,1,Promoter,0.52767104,0.69161505,0.06534979,0.14819014,True
1,Promoter,0,Non-Promoter,0.5007657,0.69314605,0.044201568,0.09612018,False
1,Promoter,1,Promoter,0.8632022,0.39910758,0.03981168,0.13323781,True
1,Promoter,1,Promoter,0.9980861,0.013890563,1.8633611e-05,0.0021854201,True
1,Promoter,1,Promoter,0.9999536,0.00050856447,6.8085715e-09,4.2990636e-05,True
1,Promoter,1,Promoter,0.9998119,0.0018031407,5.7537562e-08,0.000115175964,True
1,Promoter,1,Promoter,0.9999799,0.00023873872,1.1732553e-09,1.9511775e-05,True
1,Promoter,0,Non-Promoter,0.9784121,0.10415645,0.00066783046,0.012239687,False
1,Promoter,1,Promoter,0.92407954,0.26869103,0.008417897,0.046852633,True
1,Promoter,1,Promoter,0.9529528,0.1897273,0.002472221,0.021148995,True
1,Promoter,0,Non-Promoter,0.8918502,0.3426296,0.014677849,0.06352922,False
1,Promoter,1,Promoter,0.99988973,0.0011148598,1.02698216e-07,0.00015303673,True
1,Promoter,1,Promoter,0.9999308,0.0007313489,1.3818506e-08,6.4357126e-05,True
1,Promoter,0,Non-Promoter,0.8046716,0.49385762,0.024555262,0.07168254,False
1,Promoter,1,Promoter,0.9999685,0.00035766675,4.279681e-09,4.0577288e-05,True
1,Promoter,0,Non-Promoter,0.9999323,0.00071693264,1.2219155e-08,5.5727898e-05,False
1,Promoter,0,Non-Promoter,0.83238024,0.45209196,0.025108188,0.08952445,False
1,Promoter,1,Promoter,0.99994,0.00064344035,4.1305537e-09,3.1212578e-05,True
1,Promoter,1,Promoter,0.89666575,0.3323478,0.015213739,0.06640068,True
1,Promoter,1,Promoter,0.99961394,0.0034204642,4.8698524e-07,0.0004130795,True
1,Promoter,0,Non-Promoter,0.6492722,0.64789593,0.06830664,0.15943909,False
1,Promoter,0,Non-Promoter,0.99962366,0.0033429968,2.7183853e-07,0.00022774353,False
1,Promoter,1,Promoter,0.9944769,0.03422143,0.0001035827,0.0057420954,True
1,Promoter,1,Promoter,0.977876,0.10619397,0.0006707123,0.011865154,True
1,Promoter,1,Promoter,0.97210217,0.12735707,0.003099692,0.03070458,True
1,Promoter,1,Promoter,0.99450386,0.034081567,9.679906e-05,0.004986573,True
1,Promoter,1,Promoter,0.99973303,0.0024639778,1.5943942e-07,0.00022178725,True
1,Promoter,1,Promoter,0.5239387,0.6920006,0.060387768,0.1332348,True
1,Promoter,1,Promoter,0.9998878,0.0011317487,2.0986233e-08,7.507962e-05,True
1,Promoter,1,Promoter,0.63039297,0.65874624,0.064993285,0.14895874,True
1,Promoter,1,Promoter,0.9987498,0.009605842,1.316457e-05,0.001772061,True
1,Promoter,1,Promoter,0.9884351,0.06307415,0.0002698419,0.008047678,True
1,Promoter,0,Non-Promoter,0.99936557,0.0053059286,2.3529706e-06,0.0009305603,False
1,Promoter,1,Promoter,0.83113444,0.4540828,0.027690254,0.08792612,True
1,Promoter,1,Promoter,0.9917164,0.04795651,0.00014187899,0.005931847,True
1,Promoter,0,Non-Promoter,0.940894,0.2245007,0.0067086257,0.04577607,False
1,Promoter,1,Promoter,0.9999291,0.00074908306,1.1997365e-08,5.4947683e-05,True
1,Promoter,1,Promoter,0.99419945,0.035655323,3.5230296e-05,0.002805069,True
1,Promoter,1,Promoter,0.9986718,0.010124633,2.8465088e-06,0.0008701086,True
1,Promoter,1,Promoter,0.9960688,0.025697215,2.7532631e-05,0.002759993,True
1,Promoter,0,Non-Promoter,0.6831133,0.6245005,0.063645884,0.16130668,False
1,Promoter,1,Promoter,0.99997944,0.00024130358,5.9696936e-10,1.2282457e-05,True
1,Promoter,1,Promoter,0.9991078,0.0071566286,1.5475023e-06,0.00062725926,True
1,Promoter,1,Promoter,0.9203408,0.27793637,0.0056523304,0.03410232,True
1,Promoter,0,Non-Promoter,0.999611,0.0034426819,2.6218498e-07,0.00023569609,False
1,Promoter,1,Promoter,0.9990969,0.0072340174,1.3619316e-06,0.00058303494,True
1,Promoter,1,Promoter,0.6644083,0.6380681,0.07541947,0.18131131,True
1,Promoter,0,Non-Promoter,0.9999311,0.0007286841,2.3241034e-08,7.6871016e-05,False
1,Promoter,1,Promoter,0.9999344,0.0006971471,6.474286e-09,4.1778316e-05,True
1,Promoter,0,Non-Promoter,0.999751,0.002315557,7.627892e-08,0.00013626856,False
1,Promoter,1,Promoter,0.99396205,0.036871478,0.00021148295,0.007412223,True
1,Promoter,1,Promoter,0.9999485,0.000560924,7.943319e-09,5.0928444e-05,True
1,Promoter,1,Promoter,0.99843526,0.011671736,9.860703e-06,0.0014054077,True
1,Promoter,1,Promoter,0.9967409,0.021916235,1.6793616e-05,0.0020894129,True
1,Promoter,1,Promoter,0.99950814,0.004237949,9.638163e-07,0.0005089757,True
1,Promoter,1,Promoter,0.9994652,0.004562745,3.660553e-07,0.0003080112,True
1,Promoter,1,Promoter,0.99987966,0.0012060981,7.580911e-08,0.0001509547,True
1,Promoter,1,Promoter,0.7912052,0.51235545,0.023637254,0.07877466,True
1,Promoter,1,Promoter,0.99982166,0.0017179091,5.3169593e-08,0.00011281611,True
1,Promoter,1,Promoter,0.9980347,0.01421089,6.0153843e-06,0.0014210679,True
1,Promoter,1,Promoter,0.9999034,0.0009898066,5.092557e-08,0.000112398644,True
1,Promoter,1,Promoter,0.99943537,0.0047872146,4.6835387e-07,0.00037446758,True
1,Promoter,1,Promoter,0.99998456,0.00018683002,4.0250298e-10,8.282295e-06,True
1,Promoter,0,Non-Promoter,0.9997771,0.0020976458,9.627546e-08,0.00014189514,False
1,Promoter,0,Non-Promoter,0.9710671,0.13101332,0.0009596308,0.014335364,False
1,Promoter,0,Non-Promoter,0.98202133,0.0900646,0.0007123065,0.012165099,False
1,Promoter,1,Promoter,0.94913507,0.20105438,0.010523217,0.05686216,True
1,Promoter,1,Promoter,0.9999947,7.073185e-05,1.14208185e-10,6.6299326e-06,True
1,Promoter,1,Promoter,0.9175242,0.28477487,0.006676731,0.037735477,True
1,Promoter,1,Promoter,0.6087243,0.6693153,0.06345896,0.14935404,True
1,Promoter,1,Promoter,0.9998184,0.0017459103,1.5710424e-07,0.00019267737,True
1,Promoter,1,Promoter,0.9999527,0.0005185507,6.944474e-09,5.3953147e-05,True
1,Promoter,1,Promoter,0.5751689,0.68180346,0.042763367,0.094982564,True
1,Promoter,1,Promoter,0.99902993,0.0077002947,3.0060764e-06,0.0008285502,True
1,Promoter,1,Promoter,0.998905,0.008558766,4.5025054e-06,0.0010327091,True
1,Promoter,1,Promoter,0.9991017,0.0071998816,5.7562956e-06,0.0013480219,True
1,Promoter,0,Non-Promoter,0.9941232,0.03604772,0.00010600065,0.0051329155,False
1,Promoter,1,Promoter,0.5287057,0.6914982,0.07637222,0.16969758,True
1,Promoter,1,Promoter,0.9996525,0.0031156908,3.4449744e-07,0.0003072056,True
1,Promoter,0,Non-Promoter,0.9876477,0.06655052,0.00018365895,0.006204836,False
1,Promoter,1,Promoter,0.99986184,0.0013659468,1.0548443e-07,0.00016768533,True
1,Promoter,1,Promoter,0.9977973,0.01567591,1.2117336e-05,0.0016983999,True
1,Promoter,1,Promoter,0.99973637,0.0024357166,2.197033e-07,0.00021619606,True
1,Promoter,1,Promoter,0.9998857,0.0011518969,3.4665685e-08,9.3573355e-05,True
1,Promoter,1,Promoter,0.9968222,0.021450216,3.4323923e-05,0.003032403,True
1,Promoter,1,Promoter,0.9998861,0.0011483128,2.8836741e-08,8.216163e-05,True
1,Promoter,0,Non-Promoter,0.8879097,0.35086343,0.020424016,0.07703191,False
1,Promoter,1,Promoter,0.94974196,0.19927473,0.0030760902,0.023503438,True
1,Promoter,1,Promoter,0.9993087,0.0057204133,7.706717e-07,0.00043086754,True
1,Promoter,1,Promoter,0.76138633,0.5494767,0.047257043,0.13236186,True
1,Promoter,0,Non-Promoter,0.9987204,0.009801829,3.6781544e-06,0.0010062233,False
1,Promoter,1,Promoter,0.9997609,0.0022323302,1.410462e-07,0.00018617813,True
1,Promoter,1,Promoter,0.94138455,0.22314066,0.008004631,0.05414386,True
1,Promoter,1,Promoter,0.99982363,0.0017013325,8.747648e-08,0.00015217939,True
1,Promoter,0,Non-Promoter,0.9689638,0.13832542,0.0013176041,0.016612552,False
1,Promoter,0,Non-Promoter,0.998597,0.0106186895,6.2586523e-06,0.0012882482,False
1,Promoter,1,Promoter,0.7012581,0.6097945,0.043817516,0.10872042,True
1,Promoter,1,Promoter,0.9866155,0.07103102,0.00044578064,0.011240605,True
1,Promoter,1,Promoter,0.65259,0.64582855,0.066526264,0.1584897,True
1,Promoter,1,Promoter,0.9996059,0.0034838456,2.405859e-07,0.00025124708,True
1,Promoter,1,Promoter,0.99974364,0.00237528,7.125568e-08,0.00013338705,True
1,Promoter,0,Non-Promoter,0.9920568,0.0463198,0.000117188945,0.004574105,False
1,Promoter,1,Promoter,0.8917693,0.34280026,0.014839453,0.062167376,True
1,Promoter,1,Promoter,0.99896914,0.008119425,1.4356197e-06,0.0005691927,True
1,Promoter,1,Promoter,0.9936001,0.03870862,0.00024438766,0.0078366995,True
1,Promoter,1,Promoter,0.99998486,0.00018329377,3.9638635e-09,3.448587e-05,True
1,Promoter,1,Promoter,0.99981815,0.0017481714,6.739285e-08,0.00012692565,True
1,Promoter,1,Promoter,0.8834331,0.36002854,0.0083033405,0.040659994,True
1,Promoter,1,Promoter,0.8845624,0.35773516,0.014717296,0.06119159,True
1,Promoter,1,Promoter,0.999911,0.00091995136,2.4385134e-08,9.556906e-05,True
1,Promoter,1,Promoter,0.78651845,0.5185331,0.037692774,0.101469815,True
1,Promoter,0,Non-Promoter,0.89272416,0.34078154,0.016846474,0.07486454,False
1,Promoter,1,Promoter,0.9999532,0.000512178,1.5764572e-08,6.975388e-05,True
1,Promoter,0,Non-Promoter,0.99934834,0.0054322104,1.1394717e-06,0.00061381,False
1,Promoter,1,Promoter,0.65992886,0.64108264,0.04325141,0.10585028,True
1,Promoter,1,Promoter,0.9974011,0.018066078,1.0463227e-05,0.0015466101,True
1,Promoter,1,Promoter,0.9803312,0.096747234,0.0009418061,0.015818514,True
1,Promoter,1,Promoter,0.9993116,0.0057004513,3.018431e-06,0.00087943627,True
1,Promoter,1,Promoter,0.999966,0.00038385065,3.986252e-09,3.7252903e-05,True
1,Promoter,0,Non-Promoter,0.93249184,0.2471452,0.004459204,0.033299282,False
1,Promoter,1,Promoter,0.99458027,0.033683658,6.677592e-05,0.0037406106,True
1,Promoter,1,Promoter,0.9978036,0.01563843,2.8520852e-05,0.002675592,True
1,Promoter,1,Promoter,0.99813724,0.013569615,2.484932e-05,0.0028566923,True
1,Promoter,1,Promoter,0.999978,0.00025768796,2.4185554e-09,2.8664508e-05,True
1,Promoter,0,Non-Promoter,0.7038491,0.60756767,0.039226748,0.09496808,False
1,Promoter,1,Promoter,0.9996993,0.0027398798,1.4311783e-07,0.00018331967,True
1,Promoter,1,Promoter,0.99765277,0.016555604,3.3714907e-05,0.0029626628,True
1,Promoter,1,Promoter,0.9994108,0.0049706306,7.1639516e-07,0.0004792516,True
1,Promoter,1,Promoter,0.97861105,0.10339648,0.0007596732,0.0147622,True
1,Promoter,1,Promoter,0.9999908,0.0001149295,9.9267095e-11,4.634676e-06,True
1,Promoter,1,Promoter,0.9996912,0.0028051513,2.9325443e-07,0.00027246913,True
1,Promoter,1,Promoter,0.9999352,0.00069018226,1.080236e-08,4.6527013e-05,True
1,Promoter,1,Promoter,0.99294746,0.04196889,3.8740138e-05,0.0024711415,True
1,Promoter,1,Promoter,0.9999708,0.00033285536,5.2183493e-09,4.022548e-05,True
1,Promoter,0,Non-Promoter,0.9896131,0.057772078,0.00030278665,0.008387111,False
1,Promoter,1,Promoter,0.77805614,0.52935725,0.04928487,0.14459908,True
1,Promoter,0,Non-Promoter,0.9801644,0.09739835,0.000252572,0.006977856,False
1,Promoter,1,Promoter,0.99983925,0.0015650349,1.43739e-07,0.00021338963,True
1,Promoter,1,Promoter,0.99992424,0.0007942038,4.508104e-08,0.00012833666,True
1,Promoter,1,Promoter,0.9986116,0.010521752,4.0615764e-06,0.0009245137,True
1,Promoter,1,Promoter,0.9578733,0.17464536,0.0017513535,0.020157605,True
1,Promoter,1,Promoter,0.99960464,0.0034926562,6.175723e-07,0.0004468141,True
1,Promoter,1,Promoter,0.99970275,0.0027117142,2.2680248e-07,0.00026711496,True
1,Promoter,1,Promoter,0.96479094,0.15240732,0.002071091,0.023559138,True
1,Promoter,1,Promoter,0.99997115,0.00033069946,4.5401074e-09,3.7718622e-05,True
1,Promoter,1,Promoter,0.8935017,0.33913082,0.010892004,0.0553506,True
1,Promoter,1,Promoter,0.99324787,0.04047523,0.0001804213,0.007042274,True
1,Promoter,1,Promoter,0.9996697,0.0029788974,2.0832393e-07,0.0002244832,True
1,Promoter,1,Promoter,0.9735703,0.122103855,0.000660422,0.010225378,True
1,Promoter,1,Promoter,0.999917,0.0008629347,2.1430601e-08,7.262733e-05,True
1,Promoter,1,Promoter,0.99991184,0.00091027765,2.4095204e-08,8.9995156e-05,True
1,Promoter,1,Promoter,0.9998696,0.0012962641,4.26973e-08,0.00010851701,True
1,Promoter,1,Promoter,0.796977,0.50456476,0.050180197,0.14690652,True
1,Promoter,1,Promoter,0.78313637,0.5229096,0.04740853,0.13014403,True
1,Promoter,1,Promoter,0.9896074,0.05779796,0.00025121938,0.008505441,True
1,Promoter,0,Non-Promoter,0.81344146,0.48119408,0.024849921,0.073249966,False
1,Promoter,1,Promoter,0.9994036,0.0050239423,8.014406e-07,0.00046830857,True
1,Promoter,0,Non-Promoter,0.63179976,0.6579909,0.052317753,0.12064648,False
1,Promoter,0,Non-Promoter,0.77786237,0.5296002,0.04074578,0.11628747,False
1,Promoter,0,Non-Promoter,0.9758541,0.11376276,0.0011353733,0.017259836,False
1,Promoter,1,Promoter,0.9999905,0.00012034252,2.2107045e-10,7.073926e-06,True
1,Promoter,1,Promoter,0.9993597,0.005348574,6.5874644e-07,0.00039840024,True
1,Promoter,1,Promoter,0.99964875,0.0031451634,3.4388012e-07,0.00030311174,True
1,Promoter,0,Non-Promoter,0.99149585,0.04900895,0.00019776249,0.007264115,False
1,Promoter,1,Promoter,0.99994826,0.0005625602,1.1365545e-08,7.2237744e-05,True
1,Promoter,1,Promoter,0.9992643,0.0060436097,1.3219446e-06,0.00059816986,True
1,Promoter,1,Promoter,0.9962415,0.024737995,4.5781595e-05,0.0036175083,True
1,Promoter,1,Promoter,0.6966504,0.6136757,0.06951903,0.16781458,True
1,Promoter,1,Promoter,0.9999819,0.00021620905,1.8491155e-09,2.1686996e-05,True
1,Promoter,1,Promoter,0.9999705,0.00033742306,1.1343317e-09,1.566956e-05,True
1,Promoter,1,Promoter,0.9996881,0.0028301778,2.6459992e-07,0.0002616418,True
1,Promoter,1,Promoter,0.9916581,0.048234627,0.000101442274,0.0048503205,True
1,Promoter,1,Promoter,0.99981683,0.0017597192,4.7544443e-08,0.00011622417,True
1,Promoter,0,Non-Promoter,0.9993326,0.0055475724,1.1217234e-06,0.0005676532,False
1,Promoter,1,Promoter,0.99825305,0.01283841,2.3436924e-05,0.0026327493,True
1,Promoter,1,Promoter,0.89706194,0.33149117,0.02468256,0.11155963,True
1,Promoter,1,Promoter,0.999998,3.0755447e-05,1.1903043e-11,1.7199072e-06,True
1,Promoter,1,Promoter,0.99999344,8.471829e-05,5.393693e-10,1.289299e-05,True
1,Promoter,1,Promoter,0.99990314,0.000991951,4.7172882e-08,0.0001181339,True
1,Promoter,1,Promoter,0.9136695,0.29396474,0.02330399,0.08827679,True
1,Promoter,1,Promoter,0.9999507,0.0005388533,4.135083e-09,3.097678e-05,True
1,Promoter,1,Promoter,0.999406,0.005006858,7.964329e-07,0.00052338187,True
1,Promoter,1,Promoter,0.97572803,0.114228755,0.0013097262,0.016794078,True
1,Promoter,1,Promoter,0.9993498,0.005421359,1.1323411e-06,0.0005603698,True
1,Promoter,0,Non-Promoter,0.99967647,0.0029231026,2.8254033e-07,0.00027017272,False
1,Promoter,1,Promoter,0.999926,0.0007773096,1.2239122e-08,5.2037358e-05,True
1,Promoter,1,Promoter,0.999756,0.0022745917,1.3009893e-07,0.00018523238,True
1,Promoter,1,Promoter,0.8565573,0.411164,0.02317208,0.07815939,True
1,Promoter,1,Promoter,0.9996183,0.0033864395,1.6618222e-07,0.0002136631,True
1,Promoter,1,Promoter,0.99877656,0.009426287,1.9057121e-06,0.0007046256,True
1,Promoter,1,Promoter,0.57067174,0.68312466,0.05713389,0.1249854,True
1,Promoter,1,Promoter,0.9123751,0.29700798,0.011615509,0.056854844,True
1,Promoter,1,Promoter,0.9994402,0.004751389,4.9374796e-07,0.00031987205,True
1,Promoter,1,Promoter,0.9909287,0.051689282,0.00029808987,0.011114839,True
1,Promoter,1,Promoter,0.9979752,0.014581679,1.2665458e-05,0.002006067,True
1,Promoter,0,Non-Promoter,0.99989605,0.0010578607,1.6839785e-08,6.0507446e-05,False
1,Promoter,0,Non-Promoter,0.99855745,0.010878086,4.437076e-06,0.0010593105,False
1,Promoter,1,Promoter,0.8476756,0.42671978,0.033561867,0.10958812,True
1,Promoter,1,Promoter,0.9402905,0.22616728,0.004431444,0.035384,True
1,Promoter,1,Promoter,0.98828846,0.06372553,0.00037982658,0.011111192,True
1,Promoter,1,Promoter,0.9996521,0.0031182165,1.9443775e-07,0.00022697402,True
1,Promoter,1,Promoter,0.998842,0.00898602,2.2121692e-06,0.0007849699,True
1,Promoter,1,Promoter,0.9999314,0.0007255537,9.34659e-09,5.4071774e-05,True
1,Promoter,1,Promoter,0.9083468,0.30634618,0.010346139,0.046894282,True
1,Promoter,0,Non-Promoter,0.96822965,0.14084314,0.0005416238,0.008620471,False
1,Promoter,0,Non-Promoter,0.99797195,0.014601275,5.6518425e-06,0.0011822274,False
1,Promoter,0,Non-Promoter,0.7329948,0.5802574,0.0424458,0.10441634,False
1,Promoter,0,Non-Promoter,0.57486176,0.6818964,0.07557361,0.17080027,False
1,Promoter,1,Promoter,0.9610635,0.16454947,0.004215235,0.037960336,True
1,Promoter,1,Promoter,0.92163074,0.2747684,0.0076779453,0.046341315,True
1,Promoter,0,Non-Promoter,0.85285723,0.4177208,0.02082789,0.071802765,False
1,Promoter,1,Promoter,0.9996766,0.0029233678,3.8386705e-07,0.00031792955,True
1,Promoter,1,Promoter,0.9652471,0.1508941,0.0012962588,0.015650004,True
1,Promoter,1,Promoter,0.9911122,0.05082558,0.00022896647,0.0074683987,True
1,Promoter,1,Promoter,0.9882353,0.06396125,0.00014695164,0.005080864,True
1,Promoter,1,Promoter,0.99785817,0.015303165,8.100627e-06,0.0013101697,True
1,Promoter,0,Non-Promoter,0.8337343,0.44991535,0.018828632,0.07125944,False
1,Promoter,1,Promoter,0.9984491,0.011582604,5.954368e-06,0.0012397645,True
1,Promoter,0,Non-Promoter,0.7346331,0.578596,0.0540213,0.14366281,False
1,Promoter,1,Promoter,0.9993635,0.0053209555,9.756423e-07,0.00046732556,True
1,Promoter,1,Promoter,0.9998303,0.0016433961,9.082619e-08,0.00015843043,True
1,Promoter,0,Non-Promoter,0.9994702,0.0045261644,4.525583e-07,0.0002952721,False
1,Promoter,0,Non-Promoter,0.999536,0.0040245666,5.2440714e-07,0.00037365663,False
1,Promoter,1,Promoter,0.9170618,0.28588754,0.009576023,0.052969262,True
1,Promoter,1,Promoter,0.9962596,0.024636317,2.379825e-05,0.0025595073,True
1,Promoter,1,Promoter,0.99999326,8.689007e-05,9.0043875e-11,5.105634e-06,True
1,Promoter,1,Promoter,0.9979801,0.014550325,1.0394375e-05,0.0015572626,True
1,Promoter,1,Promoter,0.99964815,0.0031506342,8.6631286e-07,0.0005081557,True
1,Promoter,1,Promoter,0.95342803,0.1882951,0.0042116567,0.036486924,True
1,Promoter,0,Non-Promoter,0.6748139,0.6307169,0.068626866,0.1657143,False
1,Promoter,1,Promoter,0.968047,0.14146674,0.0017434985,0.020500556,True
1,Promoter,1,Promoter,0.99996054,0.00043906175,6.5037886e-09,3.7360645e-05,True
1,Promoter,1,Promoter,0.6602547,0.6408664,0.0642083,0.15338281,True
1,Promoter,0,Non-Promoter,0.9560007,0.18045211,0.003917479,0.03496252,False
1,Promoter,1,Promoter,0.99997103,0.00033305533,9.568298e-09,5.4397737e-05,True
1,Promoter,1,Promoter,0.9990212,0.0077610896,3.1538123e-06,0.0009576874,True
1,Promoter,1,Promoter,0.99193823,0.046892177,0.00011165715,0.0053577013,True
1,Promoter,1,Promoter,0.9819328,0.0904182,0.00056785974,0.0094008,True
1,Promoter,1,Promoter,0.9999646,0.00039885484,4.8241713e-09,3.669053e-05,True
1,Promoter,1,Promoter,0.997741,0.016020985,4.170226e-06,0.0008018762,True
1,Promoter,1,Promoter,0.9981605,0.0134238005,1.393528e-05,0.0017047906,True
1,Promoter,1,Promoter,0.99996793,0.0003637294,7.963289e-09,4.794993e-05,True
1,Promoter,1,Promoter,0.99996775,0.0003648002,1.9240536e-09,2.1021813e-05,True
1,Promoter,0,Non-Promoter,0.9995754,0.003721705,2.1873815e-07,0.00024380488,False
1,Promoter,1,Promoter,0.99986744,0.0013157928,3.1232993e-08,0.00010128168,True
1,Promoter,1,Promoter,0.9993268,0.005589469,8.631107e-07,0.00048886146,True
1,Promoter,0,Non-Promoter,0.9924189,0.04456474,0.00016122288,0.005966127,False
1,Promoter,1,Promoter,0.75865203,0.5526287,0.052224055,0.13548145,True
1,Promoter,1,Promoter,0.99873835,0.009682705,6.092689e-06,0.0011917548,True
1,Promoter,1,Promoter,0.99717724,0.019388644,8.473849e-06,0.0012515355,True
1,Promoter,0,Non-Promoter,0.99939835,0.0050627976,9.145857e-07,0.00048726052,False
1,Promoter,1,Promoter,0.9971298,0.019666187,1.689541e-05,0.0023784097,True
1,Promoter,1,Promoter,0.94032747,0.22606556,0.0036221715,0.026573926,True
1,Promoter,1,Promoter,0.9759489,0.113411754,0.0018977844,0.021339111,True
1,Promoter,1,Promoter,0.9979118,0.014972478,3.596358e-06,0.0007726811,True
1,Promoter,1,Promoter,0.99208426,0.046187975,0.00017612602,0.008497536,True
1,Promoter,1,Promoter,0.8553783,0.41326523,0.024989069,0.092799366,True
1,Promoter,0,Non-Promoter,0.8847494,0.35735428,0.009423461,0.04352334,False
1,Promoter,0,Non-Promoter,0.9995499,0.003918594,4.4041408e-07,0.0003443549,False
1,Promoter,1,Promoter,0.9984795,0.011384998,4.1582416e-06,0.0010960829,True
1,Promoter,0,Non-Promoter,0.8367196,0.4450697,0.029706113,0.10132161,False
1,Promoter,1,Promoter,0.9924402,0.044460423,0.00028996,0.008602608,True
1,Promoter,1,Promoter,0.9962738,0.02455747,2.1129217e-05,0.0021750052,True
1,Promoter,0,Non-Promoter,0.99484545,0.03229501,5.1586427e-05,0.0032769348,False
1,Promoter,1,Promoter,0.99467295,0.033199176,2.5349873e-05,0.0019685645,True
1,Promoter,0,Non-Promoter,0.54757154,0.68861425,0.06716284,0.15069294,False
1,Promoter,0,Non-Promoter,0.959748,0.1687439,0.004805076,0.035332292,False
1,Promoter,1,Promoter,0.9358289,0.23829359,0.0039940393,0.030170381,True
1,Promoter,1,Promoter,0.9890226,0.0604459,0.00018472662,0.006142698,True
1,Promoter,1,Promoter,0.9864645,0.071679235,0.00022427653,0.0070680827,True
1,Promoter,1,Promoter,0.9976856,0.016356366,4.765826e-06,0.0008788584,True
1,Promoter,1,Promoter,0.9985199,0.011122668,1.3151249e-05,0.0019401833,True
1,Promoter,1,Promoter,0.9998497,0.0014743152,3.69446e-08,8.9611276e-05,True
1,Promoter,1,Promoter,0.9996032,0.003504163,2.3631785e-07,0.00023628911,True
1,Promoter,0,Non-Promoter,0.9999043,0.0009813505,2.0726903e-08,7.6199416e-05,False
1,Promoter,1,Promoter,0.9999589,0.00045598682,1.2245221e-08,6.32256e-05,True
1,Promoter,1,Promoter,0.9959772,0.026203256,3.4278975e-05,0.002678942,True
1,Promoter,1,Promoter,0.99950564,0.004257901,3.5594138e-07,0.00030589616,True
1,Promoter,1,Promoter,0.9967025,0.02213586,3.211353e-05,0.0030076057,True
1,Promoter,1,Promoter,0.7705856,0.5385678,0.03154949,0.08648759,True
1,Promoter,1,Promoter,0.9999523,0.00052264356,1.217389e-08,6.3795655e-05,True
1,Promoter,1,Promoter,0.89974236,0.32564873,0.021543918,0.08600442,True
1,Promoter,1,Promoter,0.9912964,0.04995621,0.00019400724,0.0070147924,True
1,Promoter,1,Promoter,0.99989665,0.0010523995,4.431292e-08,0.00012320012,True
1,Promoter,0,Non-Promoter,0.9910861,0.050948802,0.00010720211,0.004749339,False
1,Promoter,1,Promoter,0.997731,0.01608149,4.4989403e-05,0.0035850648,True
1,Promoter,1,Promoter,0.82504326,0.4636594,0.027835118,0.084394634,True
1,Promoter,1,Promoter,0.99997973,0.00023966671,1.2500208e-09,1.7698258e-05,True
1,Promoter,1,Promoter,0.9923643,0.044830058,0.00010569094,0.005800899,True
1,Promoter,1,Promoter,0.99535817,0.029570093,3.9187486e-05,0.0030309502,True
1,Promoter,1,Promoter,0.999593,0.0035836059,7.514956e-07,0.0004218754,True
1,Promoter,1,Promoter,0.9578977,0.1745685,0.0035848038,0.02988559,True
1,Promoter,1,Promoter,0.95332414,0.18860868,0.0041545057,0.034002542,True
1,Promoter,1,Promoter,0.99588376,0.026717331,6.9276015e-05,0.00472177,True
1,Promoter,1,Promoter,0.9999847,0.0001858709,2.9103546e-09,2.9817078e-05,True
1,Promoter,1,Promoter,0.55301124,0.6875162,0.0496215,0.110767305,True
1,Promoter,1,Promoter,0.99974746,0.0023447534,1.8484764e-07,0.000232324,True
1,Promoter,1,Promoter,0.9999808,0.00022925195,9.2032704e-10,1.4474703e-05,True
1,Promoter,1,Promoter,0.9915155,0.048914894,8.0130965e-05,0.0044035055,True
1,Promoter,1,Promoter,0.9798595,0.098586045,0.003977717,0.035060525,True
1,Promoter,0,Non-Promoter,0.7133783,0.59909904,0.042875797,0.11447731,False
1,Promoter,1,Promoter,0.9993786,0.0052089877,4.4018532e-07,0.000294087,True
1,Promoter,0,Non-Promoter,0.99941456,0.004943029,1.19267e-06,0.00050153723,False
1,Promoter,0,Non-Promoter,0.9995001,0.004299321,2.5274346e-07,0.00021860423,False
1,Promoter,0,Non-Promoter,0.9993,0.005784828,1.5599813e-06,0.00067382073,False
1,Promoter,1,Promoter,0.99988514,0.001156638,3.4052988e-08,9.96734e-05,True
1,Promoter,1,Promoter,0.95410156,0.18625659,0.005773628,0.04085128,True
1,Promoter,1,Promoter,0.99743176,0.017882936,1.41533965e-05,0.0018232483,True
1,Promoter,1,Promoter,0.8826164,0.3616793,0.018573103,0.080013156,True
1,Promoter,1,Promoter,0.9478824,0.20470381,0.004726687,0.035252765,True
1,Promoter,1,Promoter,0.9998387,0.0015697052,1.3867188e-07,0.00016889919,True
1,Promoter,1,Promoter,0.9999676,0.00036805228,1.3057576e-08,6.097977e-05,True
1,Promoter,1,Promoter,0.9975955,0.01690201,1.0444244e-05,0.0018207124,True
1,Promoter,1,Promoter,0.7885876,0.51582193,0.050754692,0.14486411,True
1,Promoter,1,Promoter,0.99973047,0.0024831502,5.430079e-07,0.00043616677,True
1,Promoter,1,Promoter,0.9662199,0.14764622,0.0028125383,0.028272666,True
1,Promoter,1,Promoter,0.99986565,0.0013317028,5.6831233e-08,0.00012572913,True
1,Promoter,1,Promoter,0.9890098,0.06050361,0.00022135081,0.0070407316,True
1,Promoter,1,Promoter,0.816988,0.4759301,0.024223369,0.08081061,True
1,Promoter,0,Non-Promoter,0.99977523,0.0021120922,1.09353834e-07,0.00015086588,False
1,Promoter,1,Promoter,0.9992162,0.006388503,3.051861e-06,0.0009787162,True
1,Promoter,1,Promoter,0.8318122,0.45300108,0.045293547,0.14126778,True
1,Promoter,1,Promoter,0.5205332,0.6923038,0.06287962,0.14309186,True
1,Promoter,1,Promoter,0.99977237,0.0021364994,7.398797e-08,0.00012634881,True
1,Promoter,1,Promoter,0.99989784,0.0010407014,1.20909345e-08,5.7579717e-05,True
1,Promoter,1,Promoter,0.9999984,2.3608865e-05,8.8523225e-12,1.7923194e-06,True
1,Promoter,1,Promoter,0.99469775,0.03306998,3.6021676e-05,0.0029686168,True
1,Promoter,1,Promoter,0.99994963,0.0005475869,3.54613e-09,2.5439018e-05,True
1,Promoter,1,Promoter,0.999997,4.055876e-05,1.5826127e-11,2.153669e-06,True
1,Promoter,1,Promoter,0.99889624,0.0086188745,1.6248682e-06,0.00061739795,True
1,Promoter,1,Promoter,0.9992281,0.0063035125,6.5623763e-06,0.0014447584,True
1,Promoter,1,Promoter,0.99935013,0.005419259,1.7981988e-06,0.00065320777,True
1,Promoter,0,Non-Promoter,0.99221724,0.04554409,0.00010500327,0.004242081,False
1,Promoter,1,Promoter,0.99959886,0.0035379613,3.4484506e-07,0.0003038335,True
1,Promoter,1,Promoter,0.97794646,0.10592656,0.00053580495,0.01010599,True
1,Promoter,0,Non-Promoter,0.61173034,0.6679678,0.058624137,0.1340965,False
1,Promoter,1,Promoter,0.998161,0.0134194065,8.709096e-06,0.0014248146,True
1,Promoter,1,Promoter,0.9998203,0.001729188,5.4065957e-08,0.00010475784,True
1,Promoter,1,Promoter,0.8413461,0.43743104,0.03117196,0.10266706,True
1,Promoter,1,Promoter,0.9999167,0.00086705957,2.7186257e-08,8.691236e-05,True
1,Promoter,0,Non-Promoter,0.8928834,0.34044388,0.015142953,0.06813982,False
1,Promoter,1,Promoter,0.9993234,0.005614092,2.3741768e-06,0.00075880764,True
1,Promoter,1,Promoter,0.9999713,0.00032933732,2.8188452e-09,3.0007388e-05,True
1,Promoter,1,Promoter,0.99997485,0.00029125792,2.218838e-09,2.731703e-05,True
1,Promoter,0,Non-Promoter,0.9549115,0.18379131,0.0045357235,0.034928545,False
1,Promoter,1,Promoter,0.9845658,0.07969312,0.0003343745,0.0076996237,True
1,Promoter,1,Promoter,0.84644395,0.42882806,0.018309172,0.060382694,True
1,Promoter,1,Promoter,0.9998072,0.0018421852,2.7796898e-07,0.00026361842,True
1,Promoter,1,Promoter,0.9529669,0.18968488,0.003317766,0.027782083,True
1,Promoter,1,Promoter,0.9992616,0.0060618157,8.0485927e-07,0.00039548706,True
1,Promoter,1,Promoter,0.999837,0.0015854383,4.4254058e-08,0.00010082463,True
1,Promoter,1,Promoter,0.9965026,0.023271842,2.9582041e-05,0.0024442319,True
1,Promoter,1,Promoter,0.9999009,0.0010120837,2.6516737e-08,8.211448e-05,True
1,Promoter,1,Promoter,0.9997921,0.0019704879,5.0882868e-08,9.771227e-05,True
1,Promoter,1,Promoter,0.9999751,0.00028904012,7.5845596e-10,1.291986e-05,True
1,Promoter,1,Promoter,0.9999802,0.00023408615,1.6907413e-09,2.5448287e-05,True
1,Promoter,1,Promoter,0.6628039,0.6391581,0.056795016,0.13338083,True
1,Promoter,1,Promoter,0.9710152,0.13119517,0.0031170845,0.026276506,True
1,Promoter,1,Promoter,0.9948173,0.032442857,7.05415e-05,0.00407286,True
1,Promoter,1,Promoter,0.9996129,0.0034278673,4.734144e-07,0.00038864673,True
1,Promoter,1,Promoter,0.9764865,0.111414485,0.0019782982,0.02751673,True
1,Promoter,1,Promoter,0.9987269,0.009758832,3.0806896e-06,0.00094111543,True
1,Promoter,1,Promoter,0.9119757,0.29794306,0.0041388776,0.024477452,True
1,Promoter,1,Promoter,0.9961496,0.025249591,3.4225646e-05,0.0028397813,True
1,Promoter,1,Promoter,0.9999228,0.0008076495,2.2427443e-08,8.512335e-05,True
1,Promoter,0,Non-Promoter,0.99946797,0.0045422665,1.4981093e-06,0.0006542553,False
1,Promoter,1,Promoter,0.9999595,0.00044966512,1.1549403e-08,5.1989715e-05,True
1,Promoter,1,Promoter,0.9997055,0.0026888303,1.4343499e-07,0.00017187721,True
1,Promoter,1,Promoter,0.9994916,0.0043641236,3.5132354e-07,0.00028671976,True
1,Promoter,1,Promoter,0.99914604,0.006887938,5.3964004e-07,0.0003072652,True
1,Promoter,1,Promoter,0.99996644,0.00038034614,3.154193e-09,3.1587784e-05,True
1,Promoter,0,Non-Promoter,0.9961202,0.02541294,2.9012968e-05,0.0024898443,False
1,Promoter,1,Promoter,0.99969345,0.0027865642,6.0309844e-07,0.00039875135,True
1,Promoter,1,Promoter,0.9941571,0.03587308,5.1921554e-05,0.003560014,True
1,Promoter,1,Promoter,0.8367507,0.44501895,0.030392656,0.10081589,True
1,Promoter,0,Non-Promoter,0.99970734,0.0026737645,1.416168e-07,0.00019565714,False
1,Promoter,1,Promoter,0.99771917,0.016153213,6.8745767e-06,0.0013351552,True
1,Promoter,1,Promoter,0.99936116,0.0053377585,1.959173e-06,0.0008081924,True
1,Promoter,1,Promoter,0.99988824,0.0011293746,6.014932e-08,0.00013188482,True
1,Promoter,1,Promoter,0.99950254,0.00428194,3.083303e-07,0.00027046306,True
1,Promoter,1,Promoter,0.75872386,0.5525465,0.038356565,0.1071448,True
1,Promoter,1,Promoter,0.88177335,0.36337686,0.011590279,0.045456916,True
1,Promoter,0,Non-Promoter,0.98703444,0.069222525,0.0005320731,0.011301558,False
1,Promoter,0,Non-Promoter,0.99380696,0.03766112,8.2962404e-05,0.0046642534,False
1,Promoter,1,Promoter,0.9405912,0.22533755,0.007472994,0.04422638,True
1,Promoter,1,Promoter,0.99997795,0.00025818922,1.0234917e-09,1.8231702e-05,True
1,Promoter,1,Promoter,0.99753493,0.01726605,2.806863e-05,0.0028816508,True
1,Promoter,0,Non-Promoter,0.9697231,0.13570338,0.001247856,0.015808657,False
1,Promoter,1,Promoter,0.9999131,0.0008988472,2.9231124e-08,0.000105410116,True
1,Promoter,1,Promoter,0.999972,0.0003228875,5.2470583e-09,4.1867926e-05,True
1,Promoter,1,Promoter,0.9848817,0.07837725,0.0013809211,0.01908607,True
1,Promoter,1,Promoter,0.99982333,0.0017033532,1.0621707e-07,0.00017732638,True
1,Promoter,0,Non-Promoter,0.5437659,0.6893114,0.05720544,0.12646145,False
1,Promoter,1,Promoter,0.99985117,0.0014610594,1.9088452e-07,0.00021649653,True
1,Promoter,1,Promoter,0.612934,0.6674175,0.065069005,0.15231568,True
1,Promoter,1,Promoter,0.99865925,0.010207972,8.258724e-06,0.0014049122,True
1,Promoter,1,Promoter,0.9999415,0.0006278546,5.6630367e-09,3.494945e-05,True
1,Promoter,1,Promoter,0.9680749,0.14137146,0.0065987534,0.045167558,True
1,Promoter,1,Promoter,0.9953167,0.029792259,4.4358276e-05,0.003493024,True
1,Promoter,1,Promoter,0.9986904,0.01000087,7.2212324e-06,0.0012908103,True
1,Promoter,1,Promoter,0.8971433,0.33131465,0.012323107,0.058179885,True
1,Promoter,1,Promoter,0.9679544,0.14178257,0.0019753897,0.021809675,True
1,Promoter,1,Promoter,0.60614526,0.67044115,0.06693649,0.15378064,True
1,Promoter,1,Promoter,0.99986064,0.0013763844,5.2283383e-08,0.00010956731,True
1,Promoter,1,Promoter,0.9993528,0.0053988416,1.7631608e-06,0.0007364019,True
1,Promoter,1,Promoter,0.9829467,0.086337805,0.00022890817,0.0065808147,True
1,Promoter,1,Promoter,0.66011256,0.6409608,0.07073212,0.17198014,True
1,Promoter,1,Promoter,0.8439149,0.43312064,0.02081645,0.0709309,True
1,Promoter,1,Promoter,0.999258,0.006089568,1.3033122e-06,0.0005036141,True
1,Promoter,1,Promoter,0.97569287,0.114358544,0.0019692336,0.022345454,True
1,Promoter,0,Non-Promoter,0.5275851,0.6916245,0.059856176,0.13278168,False
1,Promoter,1,Promoter,0.997967,0.0146314595,1.1482582e-05,0.0017920854,True
1,Promoter,1,Promoter,0.9986245,0.0104375975,3.430971e-06,0.0008984683,True
1,Promoter,1,Promoter,0.995733,0.027542174,4.2448984e-05,0.003415266,True
1,Promoter,1,Promoter,0.99466914,0.03321948,0.000112270485,0.0048709475,True
1,Promoter,1,Promoter,0.99892074,0.008451219,2.7859828e-06,0.0008560028,True
1,Promoter,1,Promoter,0.97756386,0.107374385,0.0014192641,0.019395515,True
1,Promoter,1,Promoter,0.99992394,0.0007977309,3.2482653e-08,0.00011013256,True
1,Promoter,0,Non-Promoter,0.9232433,0.27077594,0.0058819987,0.035813197,False
1,Promoter,0,Non-Promoter,0.75908357,0.5521339,0.044524603,0.121436656,False
1,Promoter,1,Promoter,0.99902207,0.007753933,2.189065e-06,0.0007680701,True
1,Promoter,1,Promoter,0.99990755,0.0009505376,1.1774091e-08,5.1134324e-05,True
1,Promoter,1,Promoter,0.9953567,0.02957791,8.35032e-05,0.004891554,True
1,Promoter,0,Non-Promoter,0.97020423,0.134032,0.0063091875,0.044119544,False
1,Promoter,1,Promoter,0.9999484,0.000560654,7.101998e-09,4.0420273e-05,True
1,Promoter,1,Promoter,0.9868261,0.07012343,0.00026376272,0.008145522,True
1,Promoter,0,Non-Promoter,0.99895835,0.008193971,6.466332e-06,0.0013551936,False
1,Promoter,1,Promoter,0.8429317,0.43477634,0.022091273,0.07839492,True
1,Promoter,1,Promoter,0.99999624,5.0242554e-05,5.1086656e-11,3.963338e-06,True
1,Promoter,1,Promoter,0.9979953,0.014456654,1.5383454e-05,0.0021038717,True
1,Promoter,1,Promoter,0.9999823,0.00021132373,2.8035512e-09,2.8518785e-05,True
1,Promoter,1,Promoter,0.99903715,0.007649826,1.5216162e-06,0.00061908225,True
1,Promoter,0,Non-Promoter,0.9992104,0.0064299703,1.2820428e-06,0.00064154575,False
1,Promoter,0,Non-Promoter,0.9986196,0.010469473,3.4779187e-06,0.0007905299,False
1,Promoter,0,Non-Promoter,0.9977219,0.016135748,2.3131079e-05,0.0025087697,False
1,Promoter,1,Promoter,0.99984664,0.0014995381,5.7383538e-08,0.00013045582,True
1,Promoter,0,Non-Promoter,0.74568164,0.56702983,0.044143938,0.11870137,False
1,Promoter,1,Promoter,0.99997574,0.00028260113,1.6101778e-09,1.9038649e-05,True
1,Promoter,0,Non-Promoter,0.6366765,0.65530646,0.04447912,0.10244638,False
1,Promoter,1,Promoter,0.99908066,0.007347766,2.3242092e-06,0.00073779095,True
1,Promoter,1,Promoter,0.99995464,0.00049897045,5.860435e-09,3.4616445e-05,True
1,Promoter,1,Promoter,0.9991518,0.0068464787,1.3956162e-06,0.00060411077,True
1,Promoter,1,Promoter,0.7381976,0.5749337,0.030640356,0.08192992,True
1,Promoter,0,Non-Promoter,0.8882502,0.3501581,0.012987893,0.053577602,False
1,Promoter,1,Promoter,0.9991839,0.006619013,5.3557937e-06,0.0011870982,True
1,Promoter,1,Promoter,0.9894994,0.058289386,0.00022169211,0.0064004175,True
1,Promoter,1,Promoter,0.9999584,0.0004623834,6.5990404e-09,4.848215e-05,True
1,Promoter,1,Promoter,0.9999637,0.00040697117,3.5392353e-09,3.20868e-05,True
1,Promoter,1,Promoter,0.9969824,0.02052503,1.8275787e-05,0.002294641,True
1,Promoter,1,Promoter,0.9999836,0.00019640586,8.860899e-10,1.5035592e-05,True
1,Promoter,1,Promoter,0.99608207,0.025624005,2.4170466e-05,0.0024012327,True
1,Promoter,1,Promoter,0.9986361,0.010361244,1.45841805e-05,0.0018853685,True
1,Promoter,1,Promoter,0.9991925,0.006558109,1.0565277e-06,0.0004420746,True
1,Promoter,0,Non-Promoter,0.6113366,0.6681465,0.03917277,0.09249908,False
1,Promoter,0,Non-Promoter,0.9628971,0.15862487,0.001951184,0.021227628,False
1,Promoter,0,Non-Promoter,0.7874181,0.51735747,0.023362199,0.077495605,False
1,Promoter,1,Promoter,0.8426,0.43533328,0.031010944,0.106116116,True
1,Promoter,1,Promoter,0.99989265,0.0010883596,2.3712868e-08,7.465761e-05,True
1,Promoter,1,Promoter,0.99512184,0.030833352,1.813759e-05,0.0018392447,True
1,Promoter,0,Non-Promoter,0.880202,0.3665224,0.01268413,0.055819035,False
1,Promoter,1,Promoter,0.9776335,0.107111596,0.000911219,0.015036076,True
1,Promoter,1,Promoter,0.9993179,0.0056544817,6.994182e-07,0.00041432912,True
1,Promoter,1,Promoter,0.98254496,0.08796172,0.00030256092,0.009024642,True
1,Promoter,1,Promoter,0.5201096,0.6923381,0.05879716,0.1282289,True
1,Promoter,0,Non-Promoter,0.99498004,0.03158499,2.5479945e-05,0.002036009,False
1,Promoter,1,Promoter,0.9825232,0.08804971,0.0005923462,0.0131321475,True
1,Promoter,1,Promoter,0.99662817,0.022559676,2.3550867e-05,0.0024517626,True
1,Promoter,1,Promoter,0.86500937,0.39576486,0.020087194,0.07939643,True
1,Promoter,1,Promoter,0.9998961,0.0010565933,1.605707e-08,5.6780293e-05,True
1,Promoter,1,Promoter,0.93830144,0.23161569,0.014860834,0.070376515,True
1,Promoter,0,Non-Promoter,0.82442683,0.46461406,0.016655814,0.053019673,False
1,Promoter,1,Promoter,0.99453044,0.03394314,8.0192316e-05,0.004676046,True
1,Promoter,1,Promoter,0.99381626,0.037613783,0.00023571885,0.007936601,True
1,Promoter,0,Non-Promoter,0.5791731,0.6805575,0.051455926,0.115152955,False
1,Promoter,0,Non-Promoter,0.98270637,0.08731074,0.0006942042,0.013485834,False
1,Promoter,1,Promoter,0.99944794,0.004692677,1.273216e-06,0.00061216624,True
1,Promoter,0,Non-Promoter,0.99446565,0.03427992,7.245951e-05,0.0038979761,False
1,Promoter,1,Promoter,0.9843481,0.08059608,0.0002784318,0.008081436,True
1,Promoter,1,Promoter,0.9997718,0.0021427863,1.3994165e-07,0.00019331975,True
1,Promoter,1,Promoter,0.9995001,0.0042997934,9.953774e-07,0.00047301152,True
1,Promoter,0,Non-Promoter,0.99093,0.051682718,0.00015048799,0.006209187,False
1,Promoter,1,Promoter,0.99985695,0.00140959,7.504602e-08,0.00014770974,True
1,Promoter,1,Promoter,0.9932869,0.04028067,0.00028316944,0.008057345,True
1,Promoter,1,Promoter,0.999813,0.0017923056,5.1406012e-08,0.00011416036,True
1,Promoter,1,Promoter,0.99999684,4.3993805e-05,4.346801e-11,3.280984e-06,True
1,Promoter,1,Promoter,0.9823773,0.08863714,0.0015819571,0.019393794,True
1,Promoter,1,Promoter,0.60393816,0.67138255,0.049517967,0.11324912,True
1,Promoter,1,Promoter,0.9995501,0.003916008,4.5629127e-07,0.00034548482,True
1,Promoter,1,Promoter,0.99999565,5.9442416e-05,5.6538524e-11,4.05233e-06,True
1,Promoter,1,Promoter,0.9987499,0.009606239,2.749954e-06,0.00086077116,True
1,Promoter,1,Promoter,0.9998652,0.0013358716,3.712307e-08,0.000107996515,True
1,Promoter,1,Promoter,0.99753845,0.017244712,6.630904e-06,0.0009968225,True
1,Promoter,1,Promoter,0.9987219,0.009792466,2.3132923e-06,0.00077402405,True
1,Promoter,1,Promoter,0.8462351,0.42918456,0.026075246,0.09255448,True
1,Promoter,1,Promoter,0.71770036,0.59511214,0.07141685,0.1760566,True
1,Promoter,1,Promoter,0.9920743,0.046235055,0.0006478086,0.013394866,True
1,Promoter,1,Promoter,0.9762123,0.112435,0.0007296568,0.013021804,True
1,Promoter,1,Promoter,0.96521866,0.15098846,0.0024716845,0.024815261,True
1,Promoter,1,Promoter,0.99996626,0.0003806898,4.926271e-09,3.7447287e-05,True
1,Promoter,1,Promoter,0.9583625,0.17311369,0.0026431575,0.026217222,True
1,Promoter,1,Promoter,0.9968747,0.021148002,1.0845597e-05,0.0015847664,True
1,Promoter,1,Promoter,0.99961716,0.0033942568,3.220403e-07,0.0002844364,True
1,Promoter,1,Promoter,0.99999255,9.656532e-05,1.3468482e-10,5.890368e-06,True
1,Promoter,1,Promoter,0.993344,0.03999487,0.0001328761,0.0052962825,True
1,Promoter,1,Promoter,0.9996281,0.0033076655,6.8929717e-07,0.0003956589,True
1,Promoter,1,Promoter,0.99997836,0.00025305146,7.7157836e-10,1.5071273e-05,True
1,Promoter,1,Promoter,0.9999456,0.000588373,6.4878565e-09,4.205806e-05,True
1,Promoter,1,Promoter,0.9999129,0.0009012912,2.5494927e-08,9.001541e-05,True
1,Promoter,1,Promoter,0.9751185,0.1164723,0.0032539726,0.032455124,True
1,Promoter,1,Promoter,0.9988698,0.0087977825,2.7929839e-06,0.0008846978,True
1,Promoter,1,Promoter,0.9995617,0.0038266745,1.0266341e-06,0.0005428656,True
1,Promoter,1,Promoter,0.9995088,0.0042335475,3.508635e-07,0.00030864542,True
1,Promoter,1,Promoter,0.9992694,0.0060062064,1.3136423e-06,0.000639935,True
1,Promoter,1,Promoter,0.9384819,0.23112434,0.0049826014,0.03294204,True
1,Promoter,1,Promoter,0.5981073,0.6737716,0.06518494,0.15255743,True
1,Promoter,1,Promoter,0.9999951,6.316053e-05,9.526141e-11,5.4018747e-06,True
1,Promoter,1,Promoter,0.9979636,0.014653083,1.8672876e-05,0.0022392254,True
1,Promoter,1,Promoter,0.9998638,0.0013487665,2.8542306e-08,8.431112e-05,True
1,Promoter,0,Non-Promoter,0.9998524,0.0014499852,4.099983e-08,9.795523e-05,False
1,Promoter,1,Promoter,0.993757,0.037914693,8.839903e-05,0.0042598136,True
1,Promoter,1,Promoter,0.99986625,0.0013266109,4.7309374e-08,0.00012691389,True
1,Promoter,1,Promoter,0.97873706,0.102914676,0.0007557729,0.013342485,True
1,Promoter,1,Promoter,0.9767845,0.11030185,0.00061364146,0.012546115,True
1,Promoter,1,Promoter,0.99447495,0.034231044,5.1761574e-05,0.003732223,True
1,Promoter,1,Promoter,0.9615473,0.16299504,0.0014495989,0.016546503,True
1,Promoter,0,Non-Promoter,0.99933636,0.00551963,8.615874e-07,0.0004334636,False
1,Promoter,1,Promoter,0.9999982,2.5798181e-05,9.754593e-12,1.6338945e-06,True
1,Promoter,0,Non-Promoter,0.98761183,0.06670731,0.00044904207,0.010118265,False
1,Promoter,0,Non-Promoter,0.942001,0.22142592,0.0064245546,0.04690051,False
1,Promoter,1,Promoter,0.9998537,0.0014389777,1.6370348e-07,0.0002046898,True
1,Promoter,1,Promoter,0.80073506,0.49938172,0.039078243,0.11526355,True
1,Promoter,0,Non-Promoter,0.9540638,0.18637101,0.0025444452,0.021568999,False
1,Promoter,1,Promoter,0.8239648,0.46532798,0.02467135,0.08270392,True
1,Promoter,1,Promoter,0.99409026,0.036216427,3.0088788e-05,0.0020955317,True
1,Promoter,1,Promoter,0.8043717,0.49428177,0.038233057,0.11049253,True
1,Promoter,1,Promoter,0.8416639,0.43690032,0.037951723,0.12425873,True
1,Promoter,0,Non-Promoter,0.9981877,0.013252346,7.6019433e-06,0.0013740957,False
1,Promoter,1,Promoter,0.9999085,0.0009421975,8.7507544e-08,0.00016057136,True
1,Promoter,1,Promoter,0.9997992,0.0019105892,2.5172142e-07,0.00027594168,True
1,Promoter,1,Promoter,0.99958354,0.003657546,4.515748e-07,0.00034231204,True
1,Promoter,0,Non-Promoter,0.8512023,0.42061788,0.030858897,0.10948101,False
1,Promoter,1,Promoter,0.66185504,0.6397974,0.07724498,0.18751004,True
1,Promoter,1,Promoter,0.9983801,0.012026727,1.624128e-05,0.0022434136,True
1,Promoter,1,Promoter,0.92705125,0.26120064,0.010187268,0.05535294,True
