true_label,true_label_name,predicted_label,predicted_label_name,confidence,prediction_set,set_size,covered,proba_Sigma24,proba_Sigma28,proba_Sigma32,proba_Sigma38,proba_Sigma54,proba_Sigma70
0,Sigma24,5,Sigma70,0.6481913924217224,Sigma24|Sigma28|Sigma32|Sigma38|Sigma70,5,True,0.13240918517112732,0.055101096630096436,0.040034886449575424,0.11276780813932419,0.011495549231767654,0.6481913924217224
0,Sigma24,0,Sigma24,0.8113381266593933,Sigma24|Sigma28|Sigma38|Sigma70,4,True,0.8113381266593933,0.03129193186759949,0.004364348482340574,0.022855889052152634,0.008004660718142986,0.12214512377977371
0,Sigma24,2,Sigma32,0.6388357877731323,Sigma24|Sigma32|Sigma38|Sigma54|Sigma70,5,True,0.06071702390909195,0.0017734677530825138,0.6388357877731323,0.023786025121808052,0.029158931225538254,0.2457287758588791
0,Sigma24,5,Sigma70,0.8310577273368835,Sigma24|Sigma32|Sigma38|Sigma70,4,True,0.0582861453294754,0.0010743701132014394,0.08090567588806152,0.018945841118693352,0.009730254299938679,0.8310577273368835
0,Sigma24,5,Sigma70,0.5964200496673584,Sigma24|Sigma28|Sigma32|Sigma38|Sigma54|Sigma70,6,True,0.16665233671665192,0.05193762481212616,0.06621380895376205,0.01867063343524933,0.10010556131601334,0.5964200496673584
0,Sigma24,5,Sigma70,0.7157409191131592,Sigma24|Sigma70,2,True,0.2618953585624695,0.013676258735358715,0.0037087698001414537,0.0037150653079152107,0.001263693906366825,0.7157409191131592
0,Sigma24,5,Sigma70,0.7984153628349304,Sigma24|Sigma32|Sigma70,3,True,0.16845829784870148,0.0023159440606832504,0.015840519219636917,0.011802689172327518,0.0031671461183577776,0.7984153628349304
0,Sigma24,5,Sigma70,0.6787652969360352,Sigma24|Sigma28|Sigma32|Sigma38|Sigma70,5,True,0.22290877997875214,0.05090826749801636,0.01960250362753868,0.022323112934827805,0.00549201387912035,0.6787652969360352
0,Sigma24,5,Sigma70,0.5652300119400024,Sigma24|Sigma28|Sigma38|Sigma70,4,True,0.27151861786842346,0.09151458740234375,0.004290124401450157,0.05766552686691284,0.009781161323189735,0.5652300119400024
0,Sigma24,5,Sigma70,0.8416844010353088,Sigma24|Sigma32|Sigma38|Sigma70,4,True,0.07596947997808456,0.0022492536809295416,0.030993912369012833,0.043724577873945236,0.005378402303904295,0.8416844010353088
0,Sigma24,0,Sigma24,0.5842803120613098,Sigma24|Sigma28|Sigma70,3,True,0.5842803120613098,0.020226357504725456,0.003281521610915661,0.011548235081136227,0.0036934111267328262,0.37697020173072815
0,Sigma24,5,Sigma70,0.5291658639907837,Sigma24|Sigma32|Sigma54|Sigma70,4,True,0.3245672881603241,0.009764538146555424,0.0985260084271431,0.0026285836938768625,0.03534771129488945,0.5291658639907837
0,Sigma24,5,Sigma70,0.7013883590698242,Sigma24|Sigma70,2,True,0.2768861651420593,0.009660313837230206,0.0024354178458452225,0.005956131499260664,0.003673678496852517,0.7013883590698242
0,Sigma24,5,Sigma70,0.8979400396347046,Sigma24|Sigma32|Sigma70,3,True,0.062724769115448,0.006684445310384035,0.020820287987589836,0.008391608484089375,0.0034388285130262375,0.8979400396347046
0,Sigma24,5,Sigma70,0.6340450644493103,Sigma24|Sigma32|Sigma54|Sigma70,4,True,0.1120297834277153,0.014368102885782719,0.19754479825496674,0.01405074167996645,0.02796141617000103,0.6340450644493103
0,Sigma24,5,Sigma70,0.5996747612953186,Sigma24|Sigma38|Sigma70,3,True,0.32967931032180786,0.006635161582380533,0.007990372367203236,0.05409405007958412,0.0019263392314314842,0.5996747612953186
0,Sigma24,5,Sigma70,0.6565112471580505,Sigma24|Sigma32|Sigma38|Sigma70,4,True,0.20891986787319183,0.012182028964161873,0.02902820333838463,0.08051290363073349,0.012845679186284542,0.6565112471580505
0,Sigma24,0,Sigma24,0.5935600996017456,Sigma24|Sigma28|Sigma32|Sigma54|Sigma70,5,True,0.5935600996017456,0.027274316176772118,0.017393503338098526,0.005299144424498081,0.052005987614393234,0.30446702241897583
0,Sigma24,5,Sigma70,0.605789840221405,Sigma24|Sigma32|Sigma38|Sigma54|Sigma70,5,True,0.2898283004760742,0.012452014721930027,0.02966301515698433,0.03815525025129318,0.024111583828926086,0.605789840221405
0,Sigma24,5,Sigma70,0.5326518416404724,Sigma24|Sigma32|Sigma38|Sigma54|Sigma70,5,True,0.2168649137020111,0.010912240482866764,0.18683122098445892,0.022500833496451378,0.030238963663578033,0.5326518416404724
0,Sigma24,5,Sigma70,0.7085385918617249,Sigma24|Sigma32|Sigma70,3,True,0.21212342381477356,0.008830948732793331,0.04610951617360115,0.011841708794236183,0.012555822730064392,0.7085385918617249
0,Sigma24,0,Sigma24,0.5958080291748047,Sigma24|Sigma32|Sigma38|Sigma54|Sigma70,5,True,0.5958080291748047,0.004806940909475088,0.028519798070192337,0.017378948628902435,0.015276222489774227,0.3382100462913513
0,Sigma24,5,Sigma70,0.5846326351165771,Sigma24|Sigma32|Sigma38|Sigma70,4,True,0.028811100870370865,0.004699612967669964,0.04319080710411072,0.33496537804603577,0.0037005478516221046,0.5846326351165771
0,Sigma24,5,Sigma70,0.7063230276107788,Sigma24|Sigma28|Sigma38|Sigma70,4,True,0.2090180516242981,0.05035031586885452,0.010416967794299126,0.017174260690808296,0.006717367097735405,0.7063230276107788
0,Sigma24,5,Sigma70,0.5716235637664795,Sigma24|Sigma28|Sigma32|Sigma38|Sigma54|Sigma70,6,True,0.23036286234855652,0.04578855633735657,0.05957430973649025,0.04919605329632759,0.0434546135365963,0.5716235637664795
0,Sigma24,0,Sigma24,0.6434047818183899,Sigma24|Sigma32|Sigma70,3,True,0.6434047818183899,0.007792128250002861,0.02739749476313591,0.0019095148891210556,0.010142942890524864,0.3093530833721161
0,Sigma24,5,Sigma70,0.7804203033447266,Sigma24|Sigma32|Sigma38|Sigma70,4,True,0.13514865934848785,0.005218663718551397,0.019831577315926552,0.050324536859989166,0.009056366048753262,0.7804203033447266
0,Sigma24,0,Sigma24,0.9332717061042786,Sigma24|Sigma28|Sigma70,3,True,0.9332717061042786,0.029087375849485397,0.0024151939433068037,0.002398193348199129,0.004570572637021542,0.028256896883249283
0,Sigma24,0,Sigma24,0.404915988445282,Sigma24|Sigma28|Sigma32|Sigma54|Sigma70,5,True,0.404915988445282,0.14639036357402802,0.04208419471979141,0.01396923791617155,0.04172816127538681,0.35091209411621094
0,Sigma24,5,Sigma70,0.8894006609916687,Sigma24|Sigma70,2,True,0.08701916038990021,0.007288053631782532,0.0033255508169531822,0.011493569239974022,0.001472988398745656,0.8894006609916687
0,Sigma24,0,Sigma24,0.6320570707321167,Sigma24|Sigma28|Sigma32|Sigma54|Sigma70,5,True,0.6320570707321167,0.03303723409771919,0.14975561201572418,0.006086429581046104,0.04658309370279312,0.13248059153556824
0,Sigma24,5,Sigma70,0.8567865490913391,Sigma24|Sigma28|Sigma70,3,True,0.06147797778248787,0.05026158690452576,0.010266564786434174,0.012556193396449089,0.008651137351989746,0.8567865490913391
0,Sigma24,0,Sigma24,0.744413435459137,Sigma24|Sigma28|Sigma32|Sigma54|Sigma70,5,True,0.744413435459137,0.05282948538661003,0.024695882573723793,0.009276380762457848,0.05365835875272751,0.11512646824121475
0,Sigma24,0,Sigma24,0.4554067552089691,Sigma24|Sigma28|Sigma32|Sigma38|Sigma54|Sigma70,6,True,0.4554067552089691,0.03950637951493263,0.27668747305870056,0.017082570120692253,0.08341219276189804,0.1279045194387436
0,Sigma24,0,Sigma24,0.39038795232772827,Sigma24|Sigma28|Sigma32|Sigma38|Sigma54|Sigma70,6,True,0.39038795232772827,0.05341487005352974,0.08920884877443314,0.028030067682266235,0.05194432660937309,0.38701385259628296
0,Sigma24,5,Sigma70,0.7121202349662781,Sigma24|Sigma32|Sigma38|Sigma70,4,True,0.1512211710214615,0.0022264625877141953,0.09648288786411285,0.02804636023938656,0.009902922436594963,0.7121202349662781
0,Sigma24,5,Sigma70,0.6686051487922668,Sigma24|Sigma32|Sigma38|Sigma70,4,True,0.19851191341876984,0.003520682919770479,0.06804407387971878,0.05613745003938675,0.005180636420845985,0.6686051487922668
0,Sigma24,5,Sigma70,0.8295322060585022,Sigma24|Sigma32|Sigma38|Sigma70,4,True,0.032473113387823105,0.003785320557653904,0.08373131603002548,0.04450993612408638,0.005968161858618259,0.8295322060585022
0,Sigma24,5,Sigma70,0.7505900859832764,Sigma24|Sigma32|Sigma38|Sigma54|Sigma70,5,True,0.11058711260557175,0.013867194764316082,0.033854153007268906,0.07426334172487259,0.01683809980750084,0.7505900859832764
0,Sigma24,5,Sigma70,0.7042518854141235,Sigma24|Sigma28|Sigma38|Sigma70,4,True,0.17449265718460083,0.0552886426448822,0.0038908470887690783,0.04941343516111374,0.012662571854889393,0.7042518854141235
0,Sigma24,5,Sigma70,0.7344807386398315,Sigma24|Sigma32|Sigma38|Sigma70,4,True,0.17151609063148499,0.00397301372140646,0.018334103748202324,0.06997933238744736,0.0017167330952361226,0.7344807386398315
0,Sigma24,5,Sigma70,0.8005517721176147,Sigma24|Sigma32|Sigma38|Sigma70,4,True,0.12935443222522736,0.002638806588947773,0.03659455478191376,0.017685573548078537,0.01317490916699171,0.8005517721176147
0,Sigma24,5,Sigma70,0.8874019384384155,Sigma24|Sigma32|Sigma38|Sigma70,4,True,0.04355929419398308,0.0009508396033197641,0.02378680743277073,0.04322150722146034,0.0010796219576150179,0.8874019384384155
0,Sigma24,0,Sigma24,0.5181142091751099,Sigma24|Sigma28|Sigma32|Sigma54|Sigma70,5,True,0.5181142091751099,0.1057659238576889,0.021989285945892334,0.005843893624842167,0.07206729799509048,0.27621933817863464
0,Sigma24,0,Sigma24,0.8759256601333618,Sigma24|Sigma70,2,True,0.8759256601333618,0.014825178310275078,0.004763033241033554,0.002508946694433689,0.004045579116791487,0.09793155640363693
0,Sigma24,5,Sigma70,0.8285388350486755,Sigma24|Sigma32|Sigma54|Sigma70,4,True,0.032833416014909744,0.012588102370500565,0.09242340177297592,0.006842505652457476,0.026773720979690552,0.8285388350486755
0,Sigma24,0,Sigma24,0.561097264289856,Sigma24|Sigma28|Sigma32|Sigma38|Sigma70,5,True,0.561097264289856,0.022532150149345398,0.04211584851145744,0.01954098977148533,0.00870158988982439,0.346012145280838
0,Sigma24,0,Sigma24,0.4598279893398285,Sigma24|Sigma32|Sigma38|Sigma70,4,True,0.4598279893398285,0.011623910628259182,0.08453304320573807,0.07398772984743118,0.010369592346251011,0.3596576750278473
0,Sigma24,0,Sigma24,0.7066355347633362,Sigma24|Sigma28|Sigma32|Sigma38|Sigma54|Sigma70,6,True,0.7066355347633362,0.047199398279190063,0.05693160742521286,0.025473130866885185,0.022779125720262527,0.1409812867641449
0,Sigma24,5,Sigma70,0.5162011384963989,Sigma24|Sigma28|Sigma38|Sigma70,4,True,0.2906906008720398,0.04454248771071434,0.010008762590587139,0.13039712607860565,0.008159885182976723,0.5162011384963989
0,Sigma24,5,Sigma70,0.8028998970985413,Sigma24|Sigma32|Sigma38|Sigma70,4,True,0.07572384923696518,0.012913013808429241,0.06990059465169907,0.02493855357170105,0.01362417172640562,0.8028998970985413
0,Sigma24,5,Sigma70,0.7633114457130432,Sigma24|Sigma32|Sigma38|Sigma70,4,True,0.1433560997247696,0.005609544925391674,0.0471867099404335,0.03043183870613575,0.010104375891387463,0.7633114457130432
0,Sigma24,5,Sigma70,0.5149962902069092,Sigma24|Sigma28|Sigma32|Sigma38|Sigma54|Sigma70,6,True,0.10194163769483566,0.025951771065592766,0.291309118270874,0.04854615405201912,0.017255017533898354,0.5149962902069092
0,Sigma24,5,Sigma70,0.5470321178436279,Sigma24|Sigma28|Sigma32|Sigma38|Sigma70,5,True,0.3302592933177948,0.018171101808547974,0.04848527908325195,0.05056492239236832,0.005487361922860146,0.5470321178436279
0,Sigma24,0,Sigma24,0.8918166756629944,Sigma24|Sigma70,2,True,0.8918166756629944,0.011021080426871777,0.005798647180199623,0.004262507893145084,0.005901902448385954,0.08119920641183853
0,Sigma24,5,Sigma70,0.5626277923583984,Sigma24|Sigma28|Sigma32|Sigma38|Sigma54|Sigma70,6,True,0.290083646774292,0.05431949347257614,0.04228788614273071,0.025088051334023476,0.02559315226972103,0.5626277923583984
0,Sigma24,5,Sigma70,0.643998920917511,Sigma24|Sigma32|Sigma70,3,True,0.27276021242141724,0.013231905177235603,0.044438574463129044,0.011499127373099327,0.01407128106802702,0.643998920917511
0,Sigma24,5,Sigma70,0.9139115810394287,Sigma24|Sigma70,2,True,0.056756168603897095,0.00519662955775857,0.01312811579555273,0.0070811049081385136,0.003926359117031097,0.9139115810394287
0,Sigma24,5,Sigma70,0.902130663394928,Sigma24|Sigma38|Sigma70,3,True,0.0676724910736084,0.007926282472908497,0.0032364404760301113,0.018273085355758667,0.0007610899629071355,0.902130663394928
0,Sigma24,5,Sigma70,0.564541757106781,Sigma24|Sigma70,2,True,0.3980083465576172,0.008945684880018234,0.014668879099190235,0.009292149916291237,0.004543268587440252,0.564541757106781
0,Sigma24,5,Sigma70,0.618025004863739,Sigma24|Sigma32|Sigma38|Sigma54|Sigma70,5,True,0.1143810972571373,0.006201670039445162,0.14738783240318298,0.08880943059921265,0.025194985792040825,0.618025004863739
0,Sigma24,5,Sigma70,0.7158932685852051,Sigma24|Sigma28|Sigma32|Sigma38|Sigma70,5,True,0.22288993000984192,0.015869619324803352,0.0204096008092165,0.020633026957511902,0.004304596688598394,0.7158932685852051
0,Sigma24,5,Sigma70,0.7568992376327515,Sigma24|Sigma28|Sigma38|Sigma70,4,True,0.05567324534058571,0.03252709284424782,0.014593726024031639,0.1369418054819107,0.003364936448633671,0.7568992376327515
0,Sigma24,5,Sigma70,0.7682276964187622,Sigma24|Sigma32|Sigma38|Sigma70,4,True,0.09746569395065308,0.007192192133516073,0.05400171875953674,0.06771089881658554,0.005401786416769028,0.7682276964187622
0,Sigma24,0,Sigma24,0.7294841408729553,Sigma24|Sigma28|Sigma32|Sigma70,4,True,0.7294841408729553,0.031158845871686935,0.024879368022084236,0.004771411418914795,0.010555540211498737,0.19915075600147247
0,Sigma24,0,Sigma24,0.5680049657821655,Sigma24|Sigma28|Sigma32|Sigma54|Sigma70,5,True,0.5680049657821655,0.043420687317848206,0.09810545295476913,0.006589943543076515,0.06424818933010101,0.21963079273700714
0,Sigma24,5,Sigma70,0.47057101130485535,Sigma24|Sigma28|Sigma32|Sigma38|Sigma70,5,True,0.2890346944332123,0.04117264971137047,0.07915066182613373,0.1102382242679596,0.009832766838371754,0.47057101130485535
0,Sigma24,5,Sigma70,0.6527595520019531,Sigma24|Sigma38|Sigma70,3,True,0.3057520389556885,0.011050265282392502,0.007649434730410576,0.019476819783449173,0.0033118564169853926,0.6527595520019531
0,Sigma24,0,Sigma24,0.7610049843788147,Sigma24|Sigma28|Sigma54|Sigma70,4,True,0.7610049843788147,0.04884839802980423,0.009780311025679111,0.002164803445339203,0.022101249545812607,0.15610016882419586
0,Sigma24,5,Sigma70,0.4903804063796997,Sigma24|Sigma28|Sigma32|Sigma38|Sigma54|Sigma70,6,True,0.08292801678180695,0.0337853878736496,0.20545224845409393,0.1624155193567276,0.02503839321434498,0.4903804063796997
0,Sigma24,0,Sigma24,0.49636510014533997,Sigma24|Sigma28|Sigma32|Sigma54|Sigma70,5,True,0.49636510014533997,0.07006604224443436,0.03419281169772148,0.009968111291527748,0.03732699155807495,0.35208094120025635
0,Sigma24,5,Sigma70,0.47220221161842346,Sigma24|Sigma28|Sigma32|Sigma70,4,True,0.3505910634994507,0.06351417303085327,0.09872125834226608,0.0027849143370985985,0.01218634657561779,0.47220221161842346
0,Sigma24,5,Sigma70,0.5695510506629944,Sigma24|Sigma32|Sigma38|Sigma70,4,True,0.27415546774864197,0.014629903249442577,0.061744485050439835,0.07115641236305237,0.008762665092945099,0.5695510506629944
0,Sigma24,0,Sigma24,0.5062296390533447,Sigma24|Sigma28|Sigma70,3,True,0.5062296390533447,0.04909534379839897,0.0046713282354176044,0.014640484936535358,0.006184212863445282,0.41917896270751953
0,Sigma24,0,Sigma24,0.6972732543945312,Sigma24|Sigma32|Sigma38|Sigma70,4,True,0.6972732543945312,0.012519889511168003,0.028718991205096245,0.047848645597696304,0.010003287345170975,0.20363599061965942
0,Sigma24,5,Sigma70,0.746701180934906,Sigma24|Sigma28|Sigma32|Sigma38|Sigma54|Sigma70,6,True,0.12079361826181412,0.03363464027643204,0.03150686249136925,0.04958203062415123,0.017781754955649376,0.746701180934906
0,Sigma24,5,Sigma70,0.7329698204994202,Sigma24|Sigma28|Sigma32|Sigma54|Sigma70,5,True,0.13640345633029938,0.021385908126831055,0.05789242312312126,0.014762863516807556,0.03658556193113327,0.7329698204994202
0,Sigma24,5,Sigma70,0.5791398882865906,Sigma24|Sigma32|Sigma38|Sigma54|Sigma70,5,True,0.15821611881256104,0.006625499576330185,0.1412964016199112,0.0844583734869957,0.030263708904385567,0.5791398882865906
0,Sigma24,0,Sigma24,0.5745478272438049,Sigma24|Sigma28|Sigma32|Sigma54|Sigma70,5,True,0.5745478272438049,0.07282570749521255,0.023741768673062325,0.006464180536568165,0.017371414229273796,0.3050491511821747
0,Sigma24,5,Sigma70,0.7913936376571655,Sigma24|Sigma32|Sigma38|Sigma70,4,True,0.12149889022111893,0.005397478584200144,0.052556637674570084,0.016451623290777206,0.01270176749676466,0.7913936376571655
0,Sigma24,5,Sigma70,0.857539176940918,Sigma24|Sigma32|Sigma38|Sigma70,4,True,0.09038909524679184,0.008859585039317608,0.01663217693567276,0.018784651532769203,0.007795278448611498,0.857539176940918
0,Sigma24,5,Sigma70,0.5781874060630798,Sigma24|Sigma28|Sigma38|Sigma54|Sigma70,5,True,0.32317087054252625,0.05314666032791138,0.003796225180849433,0.02487206645309925,0.016826821491122246,0.5781874060630798
0,Sigma24,0,Sigma24,0.4780282974243164,Sigma24|Sigma28|Sigma70,3,True,0.4780282974243164,0.02628587745130062,0.013862266205251217,0.0049210358411073685,0.004810649435967207,0.47209182381629944
0,Sigma24,0,Sigma24,0.6564317941665649,Sigma24|Sigma28|Sigma54|Sigma70,4,True,0.6564317941665649,0.1913650929927826,0.005435895174741745,0.0020945603027939796,0.015270788222551346,0.12940184772014618
0,Sigma24,5,Sigma70,0.8627016544342041,Sigma24|Sigma32|Sigma38|Sigma70,4,True,0.041030403226614,0.0041304780170321465,0.02694999985396862,0.059692490845918655,0.0054949987679719925,0.8627016544342041
0,Sigma24,0,Sigma24,0.7956833839416504,Sigma24|Sigma70,2,True,0.7956833839416504,0.00952226109802723,0.008312963880598545,0.013421734794974327,0.0027310485020279884,0.17032864689826965
0,Sigma24,5,Sigma70,0.9154162406921387,Sigma32|Sigma38|Sigma70,3,False,0.009746474213898182,0.0018164790235459805,0.017012016847729683,0.05329640954732895,0.002712344052270055,0.9154162406921387
0,Sigma24,5,Sigma70,0.3673160970211029,Sigma24|Sigma28|Sigma32|Sigma38|Sigma54|Sigma70,6,True,0.18088369071483612,0.09357498586177826,0.1914159506559372,0.11247726529836655,0.05433201789855957,0.3673160970211029
0,Sigma24,0,Sigma24,0.46419864892959595,Sigma24|Sigma28|Sigma32|Sigma70,4,True,0.46419864892959595,0.01669185422360897,0.13889510929584503,0.010615749284625053,0.0059744794853031635,0.3636241853237152
0,Sigma24,0,Sigma24,0.6046221256256104,Sigma24|Sigma28|Sigma32|Sigma54|Sigma70,5,True,0.6046221256256104,0.036003004759550095,0.02271405979990959,0.0024247639812529087,0.01573783904314041,0.3184982240200043
0,Sigma24,0,Sigma24,0.6065164804458618,Sigma24|Sigma28|Sigma32|Sigma38|Sigma54|Sigma70,6,True,0.6065164804458618,0.017892807722091675,0.04105481132864952,0.052277062088251114,0.05361606180667877,0.2286427766084671
0,Sigma24,5,Sigma70,0.6427416205406189,Sigma24|Sigma28|Sigma32|Sigma70,4,True,0.0848376676440239,0.02647525444626808,0.21687400341033936,0.01463276892900467,0.014438699930906296,0.6427416205406189
0,Sigma24,2,Sigma32,0.47552525997161865,Sigma24|Sigma32|Sigma38|Sigma54|Sigma70,5,True,0.16355742514133453,0.0048617031425237656,0.47552525997161865,0.03638605773448944,0.05948614701628685,0.26018330454826355
0,Sigma24,0,Sigma24,0.622105062007904,Sigma24|Sigma28|Sigma70,3,True,0.622105062007904,0.025055071339011192,0.009880299679934978,0.010724861174821854,0.004703110549598932,0.3275316655635834
0,Sigma24,0,Sigma24,0.593994677066803,Sigma24|Sigma28|Sigma38|Sigma70,4,True,0.593994677066803,0.04048695042729378,0.013398712500929832,0.028193380683660507,0.005154295824468136,0.31877198815345764
0,Sigma24,0,Sigma24,0.450839102268219,Sigma24|Sigma28|Sigma32|Sigma38|Sigma70,5,True,0.450839102268219,0.0179587434977293,0.03036576695740223,0.04996506869792938,0.012219727039337158,0.4386516511440277
0,Sigma24,5,Sigma70,0.6100945472717285,Sigma24|Sigma28|Sigma32|Sigma38|Sigma54|Sigma70,6,True,0.07703889161348343,0.04046603664755821,0.20389699935913086,0.01523717399686575,0.053266361355781555,0.6100945472717285
0,Sigma24,5,Sigma70,0.8929542899131775,Sigma24|Sigma32|Sigma38|Sigma70,4,True,0.01963147707283497,0.007058744318783283,0.045594703406095505,0.022611577063798904,0.01214920450001955,0.8929542899131775
1,Sigma28,5,Sigma70,0.5964502692222595,Sigma24|Sigma28|Sigma32|Sigma38|Sigma54|Sigma70,6,True,0.21968410909175873,0.01621082052588463,0.10662464797496796,0.03934691473841667,0.02168327569961548,0.5964502692222595
1,Sigma28,1,Sigma28,0.6281324625015259,Sigma24|Sigma28|Sigma54|Sigma70,4,True,0.13766111433506012,0.6281324625015259,0.010413138195872307,0.007194160018116236,0.07905049622058868,0.13754858076572418
1,Sigma28,5,Sigma70,0.5370338559150696,Sigma24|Sigma28|Sigma38|Sigma70,4,True,0.3689499497413635,0.05269661918282509,0.014727531000971794,0.018132969737052917,0.00845914427191019,0.5370338559150696
1,Sigma28,5,Sigma70,0.47232306003570557,Sigma24|Sigma28|Sigma38|Sigma70,4,True,0.3738918602466583,0.09674470126628876,0.013369939289987087,0.03459461033344269,0.009075865149497986,0.47232306003570557
1,Sigma28,5,Sigma70,0.458795428276062,Sigma24|Sigma28|Sigma38|Sigma70,4,True,0.29495418071746826,0.18805505335330963,0.004143598489463329,0.0441456101834774,0.009906111285090446,0.458795428276062
1,Sigma28,5,Sigma70,0.645601749420166,Sigma24|Sigma28|Sigma32|Sigma38|Sigma54|Sigma70,6,True,0.16046468913555145,0.0348077267408371,0.09736230969429016,0.037784699350595474,0.023978836834430695,0.645601749420166
1,Sigma28,5,Sigma70,0.4359937906265259,Sigma24|Sigma28|Sigma32|Sigma38|Sigma54|Sigma70,6,True,0.26808834075927734,0.1311674416065216,0.10575945675373077,0.017470942810177803,0.04152010753750801,0.4359937906265259
1,Sigma28,5,Sigma70,0.8646130561828613,Sigma24|Sigma32|Sigma38|Sigma70,4,False,0.051995716989040375,0.0026479142252355814,0.019062628969550133,0.05958486348390579,0.00209587044082582,0.8646130561828613
1,Sigma28,1,Sigma28,0.47941604256629944,Sigma24|Sigma28|Sigma54|Sigma70,4,True,0.22104480862617493,0.47941604256629944,0.014173409901559353,0.0029110542964190245,0.09817471355199814,0.18427997827529907
1,Sigma28,5,Sigma70,0.6745625734329224,Sigma24|Sigma32|Sigma38|Sigma54|Sigma70,5,False,0.13652819395065308,0.007865730673074722,0.12434296309947968,0.025327524170279503,0.031373001635074615,0.6745625734329224
1,Sigma28,5,Sigma70,0.7436400651931763,Sigma24|Sigma38|Sigma54|Sigma70,4,False,0.19715072214603424,0.01443922147154808,0.007734517566859722,0.019811950623989105,0.017223486676812172,0.7436400651931763
1,Sigma28,5,Sigma70,0.4407025873661041,Sigma24|Sigma28|Sigma32|Sigma54|Sigma70,5,True,0.3798598349094391,0.07716330885887146,0.04732302203774452,0.013466907665133476,0.04148433730006218,0.4407025873661041
1,Sigma28,0,Sigma24,0.7591930031776428,Sigma24|Sigma28|Sigma32|Sigma54|Sigma70,5,True,0.7591930031776428,0.08485743403434753,0.017583400011062622,0.007793922442942858,0.040596600621938705,0.08997557312250137
1,Sigma28,5,Sigma70,0.7738758325576782,Sigma24|Sigma28|Sigma32|Sigma70,4,True,0.14616286754608154,0.035956405103206635,0.023703807964920998,0.015121250413358212,0.005179813597351313,0.7738758325576782
1,Sigma28,5,Sigma70,0.6023718118667603,Sigma24|Sigma28|Sigma32|Sigma54|Sigma70,5,True,0.12318363040685654,0.05623485520482063,0.18555229902267456,0.005859335418790579,0.026798123493790627,0.6023718118667603
1,Sigma28,5,Sigma70,0.5063563585281372,Sigma24|Sigma28|Sigma32|Sigma38|Sigma54|Sigma70,6,True,0.10565558820962906,0.09552725404500961,0.1338157057762146,0.11974754184484482,0.03889758512377739,0.5063563585281372
1,Sigma28,5,Sigma70,0.914349377155304,Sigma24|Sigma32|Sigma38|Sigma70,4,False,0.02949509210884571,0.0015150897670537233,0.017231790348887444,0.035811591893434525,0.0015970817767083645,0.914349377155304
1,Sigma28,5,Sigma70,0.7122814059257507,Sigma24|Sigma28|Sigma38|Sigma70,4,True,0.18600055575370789,0.04717608541250229,0.008988563902676105,0.03734458610415459,0.008208791725337505,0.7122814059257507
1,Sigma28,0,Sigma24,0.3908074200153351,Sigma24|Sigma32|Sigma38|Sigma54|Sigma70,5,False,0.3908074200153351,0.012734532356262207,0.26814377307891846,0.031938616186380386,0.030124790966510773,0.2662508189678192
1,Sigma28,5,Sigma70,0.4394131600856781,Sigma24|Sigma28|Sigma32|Sigma54|Sigma70,5,True,0.4011778235435486,0.0880102589726448,0.040553655475378036,0.00674779899418354,0.02409735694527626,0.4394131600856781
1,Sigma28,0,Sigma24,0.48256951570510864,Sigma24|Sigma28|Sigma32|Sigma38|Sigma70,5,True,0.48256951570510864,0.01654578559100628,0.0845278948545456,0.1139085590839386,0.00939963012933731,0.2930486500263214
1,Sigma28,2,Sigma32,0.7090266942977905,Sigma32|Sigma38|Sigma54|Sigma70,4,False,0.012884172610938549,0.0019669514149427414,0.7090266942977905,0.04127948358654976,0.07321935147047043,0.16162340342998505
1,Sigma28,2,Sigma32,0.5412955284118652,Sigma32|Sigma38|Sigma54|Sigma70,4,False,0.008771730586886406,0.012092183344066143,0.5412955284118652,0.04113570973277092,0.11613130569458008,0.2805735468864441
1,Sigma28,5,Sigma70,0.4160073399543762,Sigma24|Sigma28|Sigma38|Sigma70,4,True,0.22479130327701569,0.2981257140636444,0.005158743355423212,0.04842681065201759,0.007490117102861404,0.4160073399543762
1,Sigma28,1,Sigma28,0.45655956864356995,Sigma24|Sigma28|Sigma70,3,True,0.29292309284210205,0.45655956864356995,0.010535179637372494,0.010640762746334076,0.011166546493768692,0.21817490458488464
1,Sigma28,5,Sigma70,0.636705219745636,Sigma24|Sigma28|Sigma32|Sigma38|Sigma54|Sigma70,6,True,0.1334926337003708,0.04134099930524826,0.06646079570055008,0.10145290940999985,0.020547470077872276,0.636705219745636
1,Sigma28,0,Sigma24,0.4205209016799927,Sigma24|Sigma28|Sigma32|Sigma54|Sigma70,5,True,0.4205209016799927,0.07910710573196411,0.08756082504987717,0.002968054497614503,0.027510976418852806,0.3823321461677551
1,Sigma28,1,Sigma28,0.5094051957130432,Sigma24|Sigma28|Sigma70,3,True,0.2809351086616516,0.5094051957130432,0.002808398799970746,0.003176297526806593,0.007462050765752792,0.1962130069732666
2,Sigma32,5,Sigma70,0.5160114765167236,Sigma24|Sigma32|Sigma38|Sigma70,4,True,0.02874014526605606,0.003262918209657073,0.18885570764541626,0.25903746485710144,0.004092304036021233,0.5160114765167236
2,Sigma32,5,Sigma70,0.8712106943130493,Sigma24|Sigma32|Sigma38|Sigma70,4,True,0.03801541030406952,0.0054906862787902355,0.03720288723707199,0.04609832912683487,0.0019819983281195164,0.8712106943130493
2,Sigma32,5,Sigma70,0.7205559015274048,Sigma24|Sigma32|Sigma38|Sigma70,4,True,0.1236189529299736,0.003020389936864376,0.11878196150064468,0.02435002103447914,0.009672790765762329,0.7205559015274048
2,Sigma32,5,Sigma70,0.6944530010223389,Sigma32|Sigma38|Sigma70,3,True,0.015037033706903458,0.005097981076687574,0.06535317748785019,0.20864249765872955,0.011416349560022354,0.6944530010223389
2,Sigma32,5,Sigma70,0.6667649149894714,Sigma24|Sigma32|Sigma38|Sigma54|Sigma70,5,True,0.09237944334745407,0.009236962534487247,0.07864917069673538,0.055072590708732605,0.09789697080850601,0.6667649149894714
2,Sigma32,5,Sigma70,0.814206063747406,Sigma24|Sigma32|Sigma38|Sigma54|Sigma70,5,True,0.038479045033454895,0.009652536362409592,0.05600889399647713,0.06173216179013252,0.0199213195592165,0.814206063747406
2,Sigma32,5,Sigma70,0.5065698623657227,Sigma24|Sigma28|Sigma32|Sigma38|Sigma54|Sigma70,6,True,0.20650984346866608,0.029997918754816055,0.1233435794711113,0.026830991730093956,0.10674788802862167,0.5065698623657227
2,Sigma32,5,Sigma70,0.6118870377540588,Sigma24|Sigma28|Sigma32|Sigma54|Sigma70,5,True,0.26655033230781555,0.04231506213545799,0.04662613943219185,0.0025900662876665592,0.030031301081180573,0.6118870377540588
2,Sigma32,0,Sigma24,0.6245862245559692,Sigma24|Sigma28|Sigma70,3,False,0.6245862245559692,0.040857359766960144,0.004334546625614166,0.012107711285352707,0.003291384782642126,0.3148227334022522
2,Sigma32,5,Sigma70,0.845065712928772,Sigma24|Sigma28|Sigma32|Sigma38|Sigma70,5,True,0.06607808917760849,0.017350630834698677,0.040525395423173904,0.021212808787822723,0.00976740662008524,0.845065712928772
2,Sigma32,4,Sigma54,0.3814721703529358,Sigma24|Sigma28|Sigma32|Sigma54|Sigma70,5,True,0.0763675794005394,0.0735827162861824,0.3027452230453491,0.01260753720998764,0.3814721703529358,0.15322479605674744
2,Sigma32,5,Sigma70,0.5724359750747681,Sigma24|Sigma28|Sigma32|Sigma38|Sigma54|Sigma70,6,True,0.2272574007511139,0.020490767434239388,0.04563598334789276,0.11615428328514099,0.018025564029812813,0.5724359750747681
2,Sigma32,5,Sigma70,0.9293726086616516,Sigma24|Sigma38|Sigma70,3,False,0.016202811151742935,0.006728388834744692,0.008706360124051571,0.0358685739338398,0.003121239598840475,0.9293726086616516
2,Sigma32,5,Sigma70,0.4994945228099823,Sigma24|Sigma32|Sigma38|Sigma70,4,True,0.13023242354393005,0.0066100964322686195,0.252236932516098,0.10248945653438568,0.008936567232012749,0.4994945228099823
2,Sigma32,5,Sigma70,0.6046220064163208,Sigma24|Sigma28|Sigma32|Sigma54|Sigma70,5,True,0.2910577952861786,0.026073217391967773,0.0492989607155323,0.013419114984571934,0.015528902411460876,0.6046220064163208
2,Sigma32,5,Sigma70,0.6118943095207214,Sigma32|Sigma54|Sigma70,3,True,0.014808510430157185,0.007436572574079037,0.3444277346134186,0.005870521999895573,0.015562321059405804,0.6118943095207214
2,Sigma32,5,Sigma70,0.4942239820957184,Sigma24|Sigma32|Sigma38|Sigma54|Sigma70,5,True,0.1324751079082489,0.008844273164868355,0.18031679093837738,0.04639775678515434,0.1377420276403427,0.4942239820957184
2,Sigma32,0,Sigma24,0.45943203568458557,Sigma24|Sigma28|Sigma32|Sigma54|Sigma70,5,True,0.45943203568458557,0.024463912472128868,0.15467235445976257,0.0030782066751271486,0.05234239995479584,0.30601105093955994
2,Sigma32,5,Sigma70,0.6294374465942383,Sigma24|Sigma28|Sigma32|Sigma38|Sigma54|Sigma70,6,True,0.19952039420604706,0.0246115755289793,0.07613655179738998,0.051580317318439484,0.018713731318712234,0.6294374465942383
2,Sigma32,0,Sigma24,0.6519213914871216,Sigma24|Sigma28|Sigma32|Sigma38|Sigma54|Sigma70,6,True,0.6519213914871216,0.08838024735450745,0.015410896390676498,0.08946114778518677,0.016365602612495422,0.13846059143543243
2,Sigma32,5,Sigma70,0.7432532906532288,Sigma24|Sigma28|Sigma32|Sigma38|Sigma70,5,True,0.10586947947740555,0.09027711302042007,0.029358694329857826,0.01965256594121456,0.011588837020099163,0.7432532906532288
2,Sigma32,5,Sigma70,0.6600227355957031,Sigma24|Sigma28|Sigma32|Sigma38|Sigma54|Sigma70,6,True,0.11046916246414185,0.01612565852701664,0.16863611340522766,0.015393771231174469,0.02935258112847805,0.6600227355957031
2,Sigma32,5,Sigma70,0.6538094878196716,Sigma24|Sigma32|Sigma38|Sigma54|Sigma70,5,True,0.07854893803596497,0.007818629965186119,0.21567222476005554,0.027189048007130623,0.016961639747023582,0.6538094878196716
2,Sigma32,5,Sigma70,0.4923820197582245,Sigma24|Sigma28|Sigma32|Sigma54|Sigma70,5,True,0.2924342453479767,0.1760387271642685,0.015260172076523304,0.005320421420037746,0.0185643769800663,0.4923820197582245
2,Sigma32,0,Sigma24,0.5840162038803101,Sigma24|Sigma28|Sigma32|Sigma54|Sigma70,5,True,0.5840162038803101,0.06466200947761536,0.055336348712444305,0.007800777442753315,0.05285632237792015,0.2353283017873764
2,Sigma32,5,Sigma70,0.5814080834388733,Sigma24|Sigma32|Sigma38|Sigma54|Sigma70,5,True,0.12558652460575104,0.010308868251740932,0.18794628977775574,0.05847296863794327,0.03627723455429077,0.5814080834388733
2,Sigma32,5,Sigma70,0.9078980684280396,Sigma24|Sigma38|Sigma70,3,False,0.022821996361017227,0.006385067477822304,0.009366633370518684,0.05165434256196022,0.0018738822545856237,0.9078980684280396
2,Sigma32,5,Sigma70,0.6643263101577759,Sigma32|Sigma38|Sigma70,3,True,0.013807913288474083,0.0004268079937901348,0.09157808870077133,0.22796030342578888,0.0019005496287718415,0.6643263101577759
2,Sigma32,5,Sigma70,0.5536796450614929,Sigma24|Sigma28|Sigma32|Sigma38|Sigma70,5,True,0.2702517807483673,0.029345890507102013,0.01816158927977085,0.11395327746868134,0.01460779458284378,0.5536796450614929
2,Sigma32,5,Sigma70,0.7810336947441101,Sigma24|Sigma32|Sigma38|Sigma70,4,True,0.015395056456327438,0.0032357433810830116,0.16010604798793793,0.03177030012011528,0.008459174074232578,0.7810336947441101
2,Sigma32,5,Sigma70,0.8222062587738037,Sigma24|Sigma32|Sigma38|Sigma70,4,True,0.059199582785367966,0.013123365119099617,0.07739315927028656,0.021203843876719475,0.006873767822980881,0.8222062587738037
2,Sigma32,2,Sigma32,0.4556766450405121,Sigma24|Sigma32|Sigma38|Sigma54|Sigma70,5,True,0.16188304126262665,0.007587117608636618,0.4556766450405121,0.07017022371292114,0.020486606284976006,0.2841963469982147
2,Sigma32,5,Sigma70,0.7538305521011353,Sigma24|Sigma32|Sigma38|Sigma70,4,True,0.07392245531082153,0.001578186871483922,0.11859569698572159,0.0403217114508152,0.011751393787562847,0.7538305521011353
2,Sigma32,5,Sigma70,0.9216219186782837,Sigma24|Sigma32|Sigma70,3,True,0.027164502069354057,0.007354670204222202,0.02920510433614254,0.009565532207489014,0.005088257137686014,0.9216219186782837
2,Sigma32,5,Sigma70,0.5274701714515686,Sigma24|Sigma28|Sigma32|Sigma54|Sigma70,5,True,0.040263570845127106,0.022489288821816444,0.3043854534626007,0.01507591176778078,0.09031564742326736,0.5274701714515686
2,Sigma32,2,Sigma32,0.4330809414386749,Sigma24|Sigma28|Sigma32|Sigma38|Sigma54|Sigma70,6,True,0.08537473529577255,0.017797742038965225,0.4330809414386749,0.019986899569630623,0.05804615467786789,0.3857135772705078
2,Sigma32,5,Sigma70,0.678836464881897,Sigma24|Sigma38|Sigma70,3,False,0.2640341520309448,0.0031737235840409994,0.01514108944684267,0.035943321883678436,0.0028713110368698835,0.678836464881897
2,Sigma32,1,Sigma28,0.9851110577583313,Sigma28,1,False,0.009066253900527954,0.9851110577583313,4.9511440010974184e-05,8.18613261799328e-05,0.0005933833308517933,0.00509781576693058
2,Sigma32,5,Sigma70,0.8109846711158752,Sigma24|Sigma32|Sigma70,3,True,0.06322135031223297,0.0034867108333855867,0.1069200411438942,0.009314519353210926,0.006072742864489555,0.8109846711158752
2,Sigma32,5,Sigma70,0.5690823793411255,Sigma24|Sigma32|Sigma54|Sigma70,4,True,0.06447888165712357,0.005383928772062063,0.24636723101139069,0.002720573451370001,0.11196701973676682,0.5690823793411255
2,Sigma32,0,Sigma24,0.4080742299556732,Sigma24|Sigma28|Sigma32|Sigma38|Sigma54|Sigma70,6,True,0.4080742299556732,0.03357601910829544,0.17169314622879028,0.033876094967126846,0.05898993834853172,0.2937905788421631
2,Sigma32,5,Sigma70,0.9186519980430603,Sigma32|Sigma38|Sigma70,3,True,0.015001330524682999,0.0055717541836202145,0.04200824350118637,0.016215873882174492,0.002550777979195118,0.9186519980430603
2,Sigma32,2,Sigma32,0.717728316783905,Sigma32|Sigma38|Sigma54|Sigma70,4,True,0.008344780653715134,0.0011245536152273417,0.717728316783905,0.04098903387784958,0.019053537398576736,0.2127598524093628
2,Sigma32,5,Sigma70,0.7296592593193054,Sigma24|Sigma70,2,False,0.23608894646167755,0.009007605724036694,0.012478367425501347,0.00648563401773572,0.0062801893800497055,0.7296592593193054
2,Sigma32,5,Sigma70,0.3598553240299225,Sigma24|Sigma28|Sigma32|Sigma54|Sigma70,5,True,0.31872260570526123,0.03493553400039673,0.19080573320388794,0.012401417829096317,0.08327946811914444,0.3598553240299225
2,Sigma32,5,Sigma70,0.5717536211013794,Sigma24|Sigma28|Sigma32|Sigma38|Sigma54|Sigma70,6,True,0.1263413429260254,0.03130633383989334,0.17484435439109802,0.04669657722115517,0.04905778914690018,0.5717536211013794
2,Sigma32,5,Sigma70,0.7466194033622742,Sigma24|Sigma28|Sigma32|Sigma38|Sigma70,5,True,0.1499827802181244,0.030173171311616898,0.019834941253066063,0.05024762824177742,0.003142007626593113,0.7466194033622742
2,Sigma32,2,Sigma32,0.645679771900177,Sigma24|Sigma32|Sigma38|Sigma54|Sigma70,5,True,0.0331011526286602,0.0009102586773224175,0.645679771900177,0.018739944323897362,0.02886822819709778,0.2727007269859314
2,Sigma32,5,Sigma70,0.7303817272186279,Sigma24|Sigma28|Sigma32|Sigma38|Sigma54|Sigma70,6,True,0.04563698545098305,0.030930407345294952,0.11548809707164764,0.01591595821082592,0.06164685636758804,0.7303817272186279
2,Sigma32,0,Sigma24,0.485891193151474,Sigma24|Sigma28|Sigma32|Sigma38|Sigma54|Sigma70,6,True,0.485891193151474,0.02915048785507679,0.11845836043357849,0.026268161833286285,0.043274618685245514,0.29695725440979004
2,Sigma32,5,Sigma70,0.4147099256515503,Sigma24|Sigma32|Sigma38|Sigma70,4,True,0.017324667423963547,0.009157130494713783,0.26929745078086853,0.27518728375434875,0.014323614537715912,0.4147099256515503
2,Sigma32,5,Sigma70,0.880714476108551,Sigma32|Sigma38|Sigma70,3,True,0.012043875642120838,0.0034087523818016052,0.04943639412522316,0.05225343257188797,0.002143115969374776,0.880714476108551
2,Sigma32,5,Sigma70,0.5808665752410889,Sigma24|Sigma32|Sigma70,3,True,0.07337768375873566,0.00456609670072794,0.3299140930175781,0.005283957347273827,0.005991532001644373,0.5808665752410889
2,Sigma32,5,Sigma70,0.8942533731460571,Sigma32|Sigma38|Sigma70,3,True,0.010220927186310291,0.0025131250731647015,0.04907511547207832,0.037897977977991104,0.006039497908204794,0.8942533731460571
2,Sigma32,5,Sigma70,0.5953826904296875,Sigma24|Sigma32|Sigma38|Sigma54|Sigma70,5,True,0.14713415503501892,0.006319819949567318,0.16310755908489227,0.043043024837970734,0.04501276835799217,0.5953826904296875
2,Sigma32,0,Sigma24,0.6793934106826782,Sigma24|Sigma32|Sigma70,3,True,0.6793934106826782,0.004925854969769716,0.02895023673772812,0.007932549342513084,0.007644156459718943,0.2711537480354309
2,Sigma32,5,Sigma70,0.8503822684288025,Sigma24|Sigma32|Sigma38|Sigma70,4,True,0.054607413709163666,0.004798002075403929,0.045134276151657104,0.03641998767852783,0.008657976984977722,0.8503822684288025
2,Sigma32,5,Sigma70,0.4157838523387909,Sigma24|Sigma32|Sigma38|Sigma54|Sigma70,5,True,0.15822197496891022,0.005405847914516926,0.3659893274307251,0.03130200505256653,0.02329697273671627,0.4157838523387909
2,Sigma32,5,Sigma70,0.6173176169395447,Sigma24|Sigma28|Sigma38|Sigma70,4,False,0.2562304139137268,0.03186974674463272,0.012878702953457832,0.07902780175209045,0.002675717929378152,0.6173176169395447
3,Sigma38,5,Sigma70,0.9341024160385132,Sigma24|Sigma32|Sigma70,3,False,0.021432289853692055,0.0006630385178141296,0.02971920557320118,0.012699508108198643,0.0013835332356393337,0.9341024160385132
3,Sigma38,5,Sigma70,0.4406328499317169,Sigma24|Sigma28|Sigma32|Sigma70,4,False,0.4401543140411377,0.07506084442138672,0.024450380355119705,0.006392801646143198,0.013308754190802574,0.4406328499317169
3,Sigma38,5,Sigma70,0.7186851501464844,Sigma24|Sigma28|Sigma70,3,False,0.21292690932750702,0.037738826125860214,0.008275171741843224,0.015093266032636166,0.007280685938894749,0.7186851501464844
3,Sigma38,5,Sigma70,0.5091972351074219,Sigma24|Sigma32|Sigma38|Sigma70,4,True,0.03485483676195145,0.0027758979704231024,0.37762123346328735,0.06467027217149734,0.010880475863814354,0.5091972351074219
3,Sigma38,5,Sigma70,0.8065382838249207,Sigma24|Sigma32|Sigma38|Sigma70,4,True,0.0626998022198677,0.002209621947258711,0.037785910069942474,0.08826638013124466,0.002499954542145133,0.8065382838249207
3,Sigma38,5,Sigma70,0.6007643342018127,Sigma24|Sigma38|Sigma70,3,True,0.03308326378464699,0.010727670043706894,0.008685187436640263,0.3447539210319519,0.0019856293220072985,0.6007643342018127
3,Sigma38,5,Sigma70,0.7499186396598816,Sigma24|Sigma28|Sigma32|Sigma38|Sigma70,5,True,0.16520243883132935,0.0245690755546093,0.02184755727648735,0.03396213799715042,0.004500174894928932,0.7499186396598816
3,Sigma38,5,Sigma70,0.7497005462646484,Sigma24|Sigma32|Sigma70,3,False,0.21214261651039124,0.0031630329322069883,0.017665401101112366,0.007593296002596617,0.009735123254358768,0.7497005462646484
3,Sigma38,5,Sigma70,0.8578006029129028,Sigma24|Sigma32|Sigma38|Sigma70,4,True,0.03276040405035019,0.004888276103883982,0.04298729449510574,0.058828938752412796,0.002734488109126687,0.8578006029129028
3,Sigma38,5,Sigma70,0.8303740620613098,Sigma24|Sigma32|Sigma70,3,False,0.027978966012597084,0.008097140118479729,0.10954654216766357,0.012026932090520859,0.011976358480751514,0.8303740620613098
3,Sigma38,5,Sigma70,0.46020179986953735,Sigma24|Sigma32|Sigma38|Sigma54|Sigma70,5,True,0.021537331864237785,0.0029156520031392574,0.30038440227508545,0.16354598104953766,0.05141489580273628,0.46020179986953735
3,Sigma38,5,Sigma70,0.6018470525741577,Sigma24|Sigma28|Sigma32|Sigma54|Sigma70,5,False,0.29343336820602417,0.04437931999564171,0.03000977821648121,0.00682469317689538,0.023505782708525658,0.6018470525741577
3,Sigma38,5,Sigma70,0.9471316933631897,Sigma38|Sigma70,2,True,0.006761963479220867,0.001362551818601787,0.008597549051046371,0.03566908463835716,0.0004771976382471621,0.9471316933631897
3,Sigma38,5,Sigma70,0.579086422920227,Sigma24|Sigma28|Sigma32|Sigma38|Sigma54|Sigma70,6,True,0.07064595073461533,0.01878196746110916,0.06264282763004303,0.21742843091487885,0.051414355635643005,0.579086422920227
3,Sigma38,0,Sigma24,0.6149091720581055,Sigma24|Sigma28|Sigma70,3,False,0.6149091720581055,0.18186773359775543,0.002719415118917823,0.0037304768338799477,0.0038903187960386276,0.1928829401731491
3,Sigma38,2,Sigma32,0.6330018639564514,Sigma24|Sigma32|Sigma38|Sigma54|Sigma70,5,True,0.017159365117549896,0.0019126988481730223,0.6330018639564514,0.04636634513735771,0.03164582699537277,0.26991382241249084
3,Sigma38,5,Sigma70,0.4766753017902374,Sigma24|Sigma32|Sigma38|Sigma70,4,True,0.1908210664987564,0.015077466145157814,0.11446014046669006,0.1891561597585678,0.013809923082590103,0.4766753017902374
3,Sigma38,5,Sigma70,0.9037514328956604,Sigma38|Sigma70,2,True,0.011621691286563873,0.0005907324957661331,0.008658485487103462,0.0746503472328186,0.0007273344090208411,0.9037514328956604
3,Sigma38,5,Sigma70,0.7531915903091431,Sigma24|Sigma38|Sigma70,3,True,0.0214653592556715,0.000572806631680578,0.014020581729710102,0.2099229097366333,0.000826754083391279,0.7531915903091431
3,Sigma38,5,Sigma70,0.8266308903694153,Sigma24|Sigma28|Sigma32|Sigma38|Sigma54|Sigma70,6,True,0.060989849269390106,0.03205088898539543,0.0431797094643116,0.01649440824985504,0.020654285326600075,0.8266308903694153
3,Sigma38,5,Sigma70,0.8369715213775635,Sigma24|Sigma32|Sigma38|Sigma70,4,True,0.10385412722826004,0.006004000082612038,0.01611347682774067,0.03438076004385948,0.0026761332992464304,0.8369715213775635
3,Sigma38,5,Sigma70,0.5884202122688293,Sigma24|Sigma32|Sigma38|Sigma54|Sigma70,5,True,0.052448734641075134,0.006820899900048971,0.21215960383415222,0.11790100485086441,0.022249557077884674,0.5884202122688293
3,Sigma38,5,Sigma70,0.9240999817848206,Sigma38|Sigma70,2,True,0.010885406285524368,0.002780596725642681,0.010812155902385712,0.04808100312948227,0.003340889001265168,0.9240999817848206
3,Sigma38,5,Sigma70,0.48345428705215454,Sigma24|Sigma28|Sigma38|Sigma70,4,True,0.3573650121688843,0.10201037675142288,0.006923841778188944,0.04659358039498329,0.003652860876172781,0.48345428705215454
3,Sigma38,0,Sigma24,0.4411174952983856,Sigma24|Sigma28|Sigma32|Sigma38|Sigma54|Sigma70,6,True,0.4411174952983856,0.05785257741808891,0.07308178395032883,0.06169117987155914,0.019312575459480286,0.3469443619251251
3,Sigma38,5,Sigma70,0.8136029839515686,Sigma24|Sigma28|Sigma32|Sigma38|Sigma70,5,True,0.08460596203804016,0.028758009895682335,0.028973964974284172,0.037516217678785324,0.006542862858623266,0.8136029839515686
3,Sigma38,5,Sigma70,0.6772527694702148,Sigma24|Sigma28|Sigma32|Sigma38|Sigma70,5,True,0.025958556681871414,0.023829329758882523,0.1458560675382614,0.1181023046374321,0.009000962600111961,0.6772527694702148
3,Sigma38,5,Sigma70,0.5439427495002747,Sigma24|Sigma28|Sigma70,3,False,0.3817443251609802,0.04039265960454941,0.010650922544300556,0.012085230089724064,0.011184063740074635,0.5439427495002747
3,Sigma38,5,Sigma70,0.9427917003631592,Sigma24|Sigma32|Sigma70,3,False,0.021438052877783775,0.003783318679779768,0.016567248851060867,0.010781917721033096,0.004637738224118948,0.9427917003631592
3,Sigma38,5,Sigma70,0.7890897393226624,Sigma24|Sigma32|Sigma38|Sigma70,4,True,0.03794698789715767,0.011480245739221573,0.01633586920797825,0.14094217121601105,0.004204947967082262,0.7890897393226624
3,Sigma38,5,Sigma70,0.8896578550338745,Sigma24|Sigma38|Sigma70,3,True,0.0375460721552372,0.0027639316394925117,0.01094693411141634,0.049305547028779984,0.009779631160199642,0.8896578550338745
3,Sigma38,5,Sigma70,0.7337127327919006,Sigma24|Sigma32|Sigma38|Sigma70,4,True,0.10402023792266846,0.002213351195678115,0.020881077274680138,0.13756190240383148,0.0016106803668662906,0.7337127327919006
3,Sigma38,5,Sigma70,0.9526531100273132,Sigma24|Sigma70,2,False,0.019703464582562447,0.003078040201216936,0.012527273036539555,0.008209191262722015,0.0038289427757263184,0.9526531100273132
3,Sigma38,5,Sigma70,0.7007416486740112,Sigma24|Sigma32|Sigma38|Sigma54|Sigma70,5,True,0.16587035357952118,0.012764805927872658,0.036490555852651596,0.06581351906061172,0.018319107592105865,0.7007416486740112
3,Sigma38,5,Sigma70,0.5431966781616211,Sigma24|Sigma28|Sigma38|Sigma70,4,True,0.30775216221809387,0.11872854828834534,0.006287073250859976,0.01783427782356739,0.006201199721544981,0.5431966781616211
3,Sigma38,5,Sigma70,0.7147318720817566,Sigma24|Sigma28|Sigma38|Sigma70,4,True,0.2255500704050064,0.02394833229482174,0.004659668076783419,0.0282584261149168,0.0028515656013041735,0.7147318720817566
3,Sigma38,5,Sigma70,0.8137566447257996,Sigma24|Sigma38|Sigma70,3,True,0.09091044217348099,0.007809328846633434,0.014333969913423061,0.07145138084888458,0.0017382031073793769,0.8137566447257996
3,Sigma38,5,Sigma70,0.7507622838020325,Sigma24|Sigma28|Sigma38|Sigma70,4,True,0.20266252756118774,0.018096430227160454,0.00560010876506567,0.015594962053000927,0.007283729035407305,0.7507622838020325
4,Sigma54,5,Sigma70,0.6671695113182068,Sigma24|Sigma32|Sigma54|Sigma70,4,True,0.05428629368543625,0.001422878005541861,0.24697910249233246,0.009125110693275928,0.021017078310251236,0.6671695113182068
4,Sigma54,0,Sigma24,0.599297046661377,Sigma24|Sigma28|Sigma32|Sigma70,4,False,0.599297046661377,0.0543498657643795,0.01879722625017166,0.012657714076340199,0.013982840813696384,0.3009151816368103
4,Sigma54,5,Sigma70,0.8250592350959778,Sigma24|Sigma32|Sigma38|Sigma70,4,False,0.039225999265909195,0.009231487289071083,0.0869312733411789,0.031196944415569305,0.008355047553777695,0.8250592350959778
4,Sigma54,5,Sigma70,0.5214959979057312,Sigma32|Sigma70,2,False,0.007864147424697876,0.002924052532762289,0.4402799606323242,0.013626069761812687,0.01380979735404253,0.5214959979057312
4,Sigma54,5,Sigma70,0.5864624381065369,Sigma24|Sigma28|Sigma32|Sigma54|Sigma70,5,True,0.07521755248308182,0.0364433228969574,0.22573092579841614,0.014705166220664978,0.061440542340278625,0.5864624381065369
4,Sigma54,5,Sigma70,0.47113850712776184,Sigma24|Sigma28|Sigma32|Sigma70,4,False,0.45201560854911804,0.022976256906986237,0.033449072390794754,0.008948544971644878,0.011471929028630257,0.47113850712776184
4,Sigma54,5,Sigma70,0.5685299038887024,Sigma24|Sigma28|Sigma32|Sigma38|Sigma54|Sigma70,6,True,0.22512602806091309,0.017705271020531654,0.07883651554584503,0.02337266318500042,0.08642955869436264,0.5685299038887024
4,Sigma54,5,Sigma70,0.9003539681434631,Sigma24|Sigma32|Sigma38|Sigma70,4,False,0.04467737674713135,0.005297255702316761,0.018846111372113228,0.022221336141228676,0.008603929542005062,0.9003539681434631
4,Sigma54,5,Sigma70,0.7827364206314087,Sigma24|Sigma38|Sigma70,3,False,0.10092281550168991,0.009344803169369698,0.013233195059001446,0.09173139184713364,0.002031398471444845,0.7827364206314087
4,Sigma54,5,Sigma70,0.61931973695755,Sigma24|Sigma32|Sigma38|Sigma70,4,False,0.16277986764907837,0.0037196320481598377,0.03830937296152115,0.16116200387477875,0.01470933947712183,0.61931973695755
4,Sigma54,5,Sigma70,0.9097821116447449,Sigma24|Sigma38|Sigma70,3,False,0.018194124102592468,0.0032186617609113455,0.011057215742766857,0.05562470853328705,0.002123102778568864,0.9097821116447449
4,Sigma54,5,Sigma70,0.4409492015838623,Sigma24|Sigma28|Sigma32|Sigma38|Sigma54|Sigma70,6,True,0.16226232051849365,0.01732504926621914,0.2761654853820801,0.05444013327360153,0.048857804387807846,0.4409492015838623
4,Sigma54,5,Sigma70,0.7375490665435791,Sigma24|Sigma28|Sigma32|Sigma38|Sigma70,5,False,0.11562646180391312,0.033324986696243286,0.08420861512422562,0.022838808596134186,0.0064520700834691525,0.7375490665435791
4,Sigma54,5,Sigma70,0.3940373957157135,Sigma24|Sigma32|Sigma38|Sigma54|Sigma70,5,True,0.25306570529937744,0.009773693047463894,0.1269616037607193,0.09727288782596588,0.11888871341943741,0.3940373957157135
4,Sigma54,5,Sigma70,0.8337007761001587,Sigma24|Sigma32|Sigma38|Sigma70,4,False,0.08237132430076599,0.0024466312024742365,0.045855410397052765,0.02487487532198429,0.010750963352620602,0.8337007761001587
4,Sigma54,5,Sigma70,0.6680384278297424,Sigma24|Sigma32|Sigma38|Sigma54|Sigma70,5,True,0.14663773775100708,0.0049004643224179745,0.055135514587163925,0.033567287027835846,0.0917205810546875,0.6680384278297424
4,Sigma54,5,Sigma70,0.7635551691055298,Sigma24|Sigma32|Sigma38|Sigma70,4,False,0.02586563676595688,0.0046252417378127575,0.1575344353914261,0.04111436754465103,0.0073051839135587215,0.7635551691055298
4,Sigma54,5,Sigma70,0.4620736539363861,Sigma24|Sigma32|Sigma54|Sigma70,4,True,0.03343445807695389,0.011199146509170532,0.25134724378585815,0.014608909375965595,0.22733661532402039,0.4620736539363861
4,Sigma54,2,Sigma32,0.7201113104820251,Sigma32|Sigma54|Sigma70,3,True,0.009352042339742184,0.0027489683125168085,0.7201113104820251,0.002694482449442148,0.12686584889888763,0.1382274180650711
4,Sigma54,0,Sigma24,0.3997228741645813,Sigma24|Sigma28|Sigma32|Sigma54|Sigma70,5,True,0.3997228741645813,0.05348402261734009,0.042771294713020325,0.002090743975713849,0.1432073712348938,0.35872378945350647
5,Sigma70,5,Sigma70,0.6933354139328003,Sigma24|Sigma38|Sigma70,3,True,0.17123804986476898,0.013061072677373886,0.011809850111603737,0.10553617775440216,0.005019451957195997,0.6933354139328003
5,Sigma70,0,Sigma24,0.5324207544326782,Sigma24|Sigma28|Sigma70,3,True,0.5324207544326782,0.05356127768754959,0.0027065579779446125,0.0135505897924304,0.002941801445558667,0.39481908082962036
5,Sigma70,5,Sigma70,0.9669625759124756,Sigma70,1,True,0.013585920445621014,0.001498795347288251,0.003829953260719776,0.013910993933677673,0.00021173340792302042,0.9669625759124756
5,Sigma70,5,Sigma70,0.6642981171607971,Sigma24|Sigma28|Sigma32|Sigma38|Sigma70,5,True,0.19256794452667236,0.015835007652640343,0.08842160552740097,0.030256154015660286,0.008621138520538807,0.6642981171607971
5,Sigma70,5,Sigma70,0.8821260929107666,Sigma24|Sigma70,2,True,0.08461455255746841,0.009775957092642784,0.00904389563947916,0.01135982945561409,0.003079666756093502,0.8821260929107666
5,Sigma70,5,Sigma70,0.8933513164520264,Sigma24|Sigma32|Sigma70,3,True,0.031549833714962006,0.014670819975435734,0.0434621199965477,0.012480732053518295,0.004485168494284153,0.8933513164520264
5,Sigma70,5,Sigma70,0.8752699494361877,Sigma24|Sigma32|Sigma54|Sigma70,4,True,0.045009467750787735,0.005469281226396561,0.045069385319948196,0.003000834258273244,0.026181131601333618,0.8752699494361877
5,Sigma70,5,Sigma70,0.9704741835594177,Sigma70,1,True,0.013318605720996857,0.004964474122971296,0.0033305403776466846,0.007293752860277891,0.0006185016827657819,0.9704741835594177
5,Sigma70,5,Sigma70,0.6782001852989197,Sigma24|Sigma32|Sigma38|Sigma54|Sigma70,5,True,0.03869450092315674,0.005799910519272089,0.18549880385398865,0.019685853272676468,0.07212072610855103,0.6782001852989197
5,Sigma70,5,Sigma70,0.6698216199874878,Sigma24|Sigma28|Sigma32|Sigma38|Sigma70,5,True,0.1381596475839615,0.09645232558250427,0.015290136449038982,0.06747603416442871,0.012800244614481926,0.6698216199874878
5,Sigma70,5,Sigma70,0.9432530403137207,Sigma24|Sigma38|Sigma70,3,True,0.025615442544221878,0.005809190683066845,0.008776611648499966,0.015383254736661911,0.0011624509934335947,0.9432530403137207
5,Sigma70,5,Sigma70,0.4140089154243469,Sigma24|Sigma28|Sigma32|Sigma38|Sigma54|Sigma70,6,True,0.23762473464012146,0.03499019891023636,0.12379447370767593,0.10466353595256805,0.08491814881563187,0.4140089154243469
5,Sigma70,5,Sigma70,0.8936640024185181,Sigma32|Sigma70,2,True,0.01356496475636959,0.004270351957529783,0.07062937319278717,0.007607408799231052,0.010263903066515923,0.8936640024185181
5,Sigma70,5,Sigma70,0.5839808583259583,Sigma24|Sigma28|Sigma70,3,True,0.36988571286201477,0.0187621358782053,0.007778473198413849,0.014506947249174118,0.005085819400846958,0.5839808583259583
5,Sigma70,5,Sigma70,0.8695493936538696,Sigma24|Sigma32|Sigma70,3,True,0.08609384298324585,0.003201818559318781,0.026033414527773857,0.010129151865839958,0.004992387723177671,0.8695493936538696
5,Sigma70,5,Sigma70,0.8447747230529785,Sigma32|Sigma38|Sigma70,3,True,0.0070579261519014835,0.0008502890705130994,0.08748013526201248,0.057553358376026154,0.0022835785057395697,0.8447747230529785
5,Sigma70,5,Sigma70,0.6306594610214233,Sigma24|Sigma28|Sigma32|Sigma38|Sigma54|Sigma70,6,True,0.20089122653007507,0.07543046772480011,0.019839758053421974,0.044985804706811905,0.02819322980940342,0.6306594610214233
5,Sigma70,0,Sigma24,0.5701515674591064,Sigma24|Sigma28|Sigma54|Sigma70,4,True,0.5701515674591064,0.03612995147705078,0.008284303359687328,0.0077179064974188805,0.015217824839055538,0.3624984920024872
5,Sigma70,5,Sigma70,0.6746789813041687,Sigma24|Sigma32|Sigma38|Sigma54|Sigma70,5,True,0.02370995655655861,0.0056290095672011375,0.16400304436683655,0.09442267566919327,0.03755633905529976,0.6746789813041687
5,Sigma70,5,Sigma70,0.5835435390472412,Sigma24|Sigma28|Sigma32|Sigma38|Sigma54|Sigma70,6,True,0.20104186236858368,0.04051046818494797,0.05991802737116814,0.03766840696334839,0.07731766253709793,0.5835435390472412
5,Sigma70,5,Sigma70,0.5108012557029724,Sigma24|Sigma32|Sigma38|Sigma54|Sigma70,5,True,0.17584802210330963,0.005386367905884981,0.2082279920578003,0.054519835859537125,0.04521654173731804,0.5108012557029724
5,Sigma70,5,Sigma70,0.8569276332855225,Sigma24|Sigma32|Sigma70,3,True,0.02260730229318142,0.0025041133631020784,0.0943242684006691,0.012963082641363144,0.010673604905605316,0.8569276332855225
5,Sigma70,5,Sigma70,0.8751806020736694,Sigma24|Sigma32|Sigma38|Sigma70,4,True,0.019591933116316795,0.0018496641423553228,0.053066592663526535,0.04788710176944733,0.0024240571074187756,0.8751806020736694
5,Sigma70,5,Sigma70,0.8595625758171082,Sigma24|Sigma38|Sigma70,3,True,0.08950648456811905,0.014255296438932419,0.012110363692045212,0.02281045727431774,0.0017547931056469679,0.8595625758171082
5,Sigma70,5,Sigma70,0.8847901821136475,Sigma24|Sigma38|Sigma70,3,True,0.02998931147158146,0.005464090034365654,0.005229300819337368,0.07056133449077606,0.003965802490711212,0.8847901821136475
5,Sigma70,5,Sigma70,0.8033549189567566,Sigma24|Sigma32|Sigma54|Sigma70,4,True,0.04534189775586128,0.0032139604445546865,0.0971369817852974,0.005246423184871674,0.045705776661634445,0.8033549189567566
5,Sigma70,5,Sigma70,0.7842746376991272,Sigma24|Sigma28|Sigma38|Sigma70,4,True,0.09513337910175323,0.04907984659075737,0.0066000730730593204,0.061874862760305405,0.0030371788889169693,0.7842746376991272
5,Sigma70,5,Sigma70,0.6503329277038574,Sigma24|Sigma38|Sigma54|Sigma70,4,True,0.23320052027702332,0.009483291767537594,0.01504127774387598,0.07613082230091095,0.015811191871762276,0.6503329277038574
5,Sigma70,5,Sigma70,0.5080516934394836,Sigma24|Sigma28|Sigma32|Sigma38|Sigma54|Sigma70,6,True,0.05578400939702988,0.04620249569416046,0.20311935245990753,0.10893787443637848,0.07790455967187881,0.5080516934394836
5,Sigma70,5,Sigma70,0.6154735684394836,Sigma24|Sigma32|Sigma38|Sigma70,4,True,0.0945441722869873,0.011899152770638466,0.03978485241532326,0.23098406195640564,0.00731420423835516,0.6154735684394836
5,Sigma70,2,Sigma32,0.5039423704147339,Sigma24|Sigma32|Sigma38|Sigma54|Sigma70,5,True,0.08128295093774796,0.002266251016408205,0.5039423704147339,0.033337514847517014,0.034175626933574677,0.34499529004096985
5,Sigma70,5,Sigma70,0.8853290677070618,Sigma24|Sigma32|Sigma38|Sigma70,4,True,0.020921524614095688,0.003257322357967496,0.02181856893002987,0.06724764406681061,0.0014258571900427341,0.8853290677070618
5,Sigma70,5,Sigma70,0.4171282649040222,Sigma24|Sigma28|Sigma32|Sigma38|Sigma54|Sigma70,6,True,0.03592374920845032,0.03748133406043053,0.3703573942184448,0.015739141032099724,0.12337017059326172,0.4171282649040222
5,Sigma70,5,Sigma70,0.7123532295227051,Sigma24|Sigma28|Sigma32|Sigma38|Sigma54|Sigma70,6,True,0.08732127398252487,0.015185276977717876,0.08104848861694336,0.05566858872771263,0.0484231673181057,0.7123532295227051
5,Sigma70,2,Sigma32,0.40564852952957153,Sigma24|Sigma32|Sigma38|Sigma54|Sigma70,5,True,0.03209712728857994,0.0047682165168225765,0.40564852952957153,0.09366048872470856,0.12159992754459381,0.34222573041915894
5,Sigma70,5,Sigma70,0.7525113224983215,Sigma24|Sigma32|Sigma38|Sigma54|Sigma70,5,True,0.037859685719013214,0.005444105248898268,0.12749706208705902,0.0492585152387619,0.02742929942905903,0.7525113224983215
5,Sigma70,5,Sigma70,0.896528959274292,Sigma24|Sigma32|Sigma38|Sigma70,4,True,0.038770414888858795,0.0020897637587040663,0.04165830835700035,0.01806563138961792,0.002886888338252902,0.896528959274292
5,Sigma70,5,Sigma70,0.8769823312759399,Sigma24|Sigma32|Sigma70,3,True,0.07149762660264969,0.007088617887347937,0.02290341630578041,0.014290050603449345,0.007237954530864954,0.8769823312759399
5,Sigma70,5,Sigma70,0.9191661477088928,Sigma24|Sigma32|Sigma38|Sigma70,4,True,0.024094896391034126,0.0035589500330388546,0.025898370891809464,0.02268855646252632,0.004593072459101677,0.9191661477088928
5,Sigma70,5,Sigma70,0.6554955244064331,Sigma24|Sigma32|Sigma38|Sigma54|Sigma70,5,True,0.03211783245205879,0.0019284896552562714,0.26345208287239075,0.016184069216251373,0.03082199953496456,0.6554955244064331
5,Sigma70,5,Sigma70,0.6707914471626282,Sigma24|Sigma28|Sigma32|Sigma38|Sigma70,5,True,0.2251017838716507,0.01985716074705124,0.04835006967186928,0.023036861792206764,0.01286268513649702,0.6707914471626282
5,Sigma70,5,Sigma70,0.760084867477417,Sigma24|Sigma32|Sigma38|Sigma70,4,True,0.030826343223452568,0.00043894010013900697,0.051130395382642746,0.15433083474636078,0.003188629634678364,0.760084867477417
5,Sigma70,5,Sigma70,0.8650186061859131,Sigma24|Sigma70,2,True,0.0986555889248848,0.01407736074179411,0.008248453959822655,0.006637155078351498,0.007362785749137402,0.8650186061859131
5,Sigma70,5,Sigma70,0.8195363879203796,Sigma24|Sigma32|Sigma38|Sigma70,4,True,0.10262086987495422,0.004047762602567673,0.016404416412115097,0.05306562781333923,0.00432491535320878,0.8195363879203796
5,Sigma70,0,Sigma24,0.6652584075927734,Sigma24|Sigma28|Sigma38|Sigma70,4,True,0.6652584075927734,0.02170766517519951,0.01361172366887331,0.04166899994015694,0.00911065936088562,0.24864254891872406
5,Sigma70,5,Sigma70,0.7996991276741028,Sigma24|Sigma28|Sigma32|Sigma38|Sigma70,5,True,0.10411737114191055,0.0493096187710762,0.019766485318541527,0.021965399384498596,0.005142016801983118,0.7996991276741028
5,Sigma70,5,Sigma70,0.8793819546699524,Sigma24|Sigma32|Sigma38|Sigma70,4,True,0.03710990399122238,0.004791697021573782,0.023888887837529182,0.050453443080186844,0.004374176263809204,0.8793819546699524
5,Sigma70,5,Sigma70,0.9324508905410767,Sigma24|Sigma70,2,True,0.04121528938412666,0.011215039528906345,0.00528726726770401,0.008771413937211037,0.0010600413661450148,0.9324508905410767
5,Sigma70,5,Sigma70,0.7034343481063843,Sigma24|Sigma32|Sigma38|Sigma70,4,True,0.025916367769241333,0.012337771244347095,0.02356613799929619,0.22285236418247223,0.011892958544194698,0.7034343481063843
5,Sigma70,5,Sigma70,0.9712951183319092,Sigma70,1,True,0.009570566937327385,0.0009687321144156158,0.002509729005396366,0.015097248367965221,0.0005586371407844126,0.9712951183319092
5,Sigma70,5,Sigma70,0.9205397367477417,Sigma24|Sigma38|Sigma70,3,True,0.03543116897344589,0.00938542652875185,0.006359436549246311,0.027362003922462463,0.0009222131338901818,0.9205397367477417
5,Sigma70,5,Sigma70,0.7118059396743774,Sigma24|Sigma32|Sigma38|Sigma70,4,True,0.032915327697992325,0.004198117181658745,0.17090855538845062,0.07204461097717285,0.008127435110509396,0.7118059396743774
5,Sigma70,5,Sigma70,0.5044307112693787,Sigma24|Sigma28|Sigma32|Sigma38|Sigma70,5,True,0.15213491022586823,0.14091674983501434,0.03776145353913307,0.1584012806415558,0.006354891695082188,0.5044307112693787
5,Sigma70,0,Sigma24,0.5875764489173889,Sigma24|Sigma28|Sigma32|Sigma54|Sigma70,5,True,0.5875764489173889,0.17101812362670898,0.016132164746522903,0.0022384177427738905,0.0462377555668354,0.176797017455101
5,Sigma70,5,Sigma70,0.8393269777297974,Sigma24|Sigma32|Sigma54|Sigma70,4,True,0.0635727122426033,0.011120675131678581,0.057955075055360794,0.0076841735281050205,0.020340440794825554,0.8393269777297974
5,Sigma70,5,Sigma70,0.828070878982544,Sigma24|Sigma28|Sigma32|Sigma38|Sigma70,5,True,0.06508256494998932,0.02359144389629364,0.01848110370337963,0.060818202793598175,0.00395576748996973,0.828070878982544
5,Sigma70,5,Sigma70,0.8224007487297058,Sigma24|Sigma28|Sigma32|Sigma54|Sigma70,5,True,0.05817016586661339,0.03760717436671257,0.0327455997467041,0.011856695637106895,0.03721959516406059,0.8224007487297058
5,Sigma70,5,Sigma70,0.9580590724945068,Sigma70,1,True,0.011724231764674187,0.003335698740556836,0.014637313783168793,0.009122428484261036,0.003121257061138749,0.9580590724945068
5,Sigma70,5,Sigma70,0.7435042858123779,Sigma24|Sigma32|Sigma70,3,True,0.11420629918575287,0.006438227836042643,0.12435378134250641,0.005948166828602552,0.005549207329750061,0.7435042858123779
5,Sigma70,5,Sigma70,0.6515568494796753,Sigma24|Sigma32|Sigma38|Sigma54|Sigma70,5,True,0.05215335637331009,0.012021251022815704,0.03719530627131462,0.22606059908866882,0.021012648940086365,0.6515568494796753
5,Sigma70,5,Sigma70,0.755195677280426,Sigma24|Sigma28|Sigma32|Sigma38|Sigma54|Sigma70,6,True,0.1428644210100174,0.02959706448018551,0.03795448690652847,0.018513148650527,0.015875205397605896,0.755195677280426
5,Sigma70,5,Sigma70,0.7220332026481628,Sigma24|Sigma28|Sigma70,3,True,0.1693851351737976,0.08075523376464844,0.014898916706442833,0.009466955438256264,0.0034605374094098806,0.7220332026481628
5,Sigma70,5,Sigma70,0.853034496307373,Sigma24|Sigma32|Sigma38|Sigma70,4,True,0.07098294794559479,0.005671909544616938,0.017287524417042732,0.04861842840909958,0.004404764156788588,0.853034496307373
5,Sigma70,5,Sigma70,0.7014687657356262,Sigma24|Sigma32|Sigma38|Sigma54|Sigma70,5,True,0.1241362988948822,0.014368216507136822,0.05981526896357536,0.07316503673791885,0.027046460658311844,0.7014687657356262
5,Sigma70,5,Sigma70,0.8006783723831177,Sigma24|Sigma32|Sigma38|Sigma70,4,True,0.015384199097752571,0.0014242855831980705,0.032089587301015854,0.14732138812541962,0.0031021591275930405,0.8006783723831177
5,Sigma70,5,Sigma70,0.5891942381858826,Sigma24|Sigma28|Sigma32|Sigma38|Sigma70,5,True,0.2548849582672119,0.05053131654858589,0.06944198906421661,0.023448575288057327,0.012498929165303707,0.5891942381858826
5,Sigma70,5,Sigma70,0.8775100111961365,Sigma24|Sigma38|Sigma70,3,True,0.08421862870454788,0.004428574815392494,0.007407846860587597,0.022294580936431885,0.0041403817012906075,0.8775100111961365
5,Sigma70,5,Sigma70,0.9159311652183533,Sigma24|Sigma32|Sigma38|Sigma70,4,True,0.035608481615781784,0.006283843889832497,0.020544586703181267,0.01969785988330841,0.0019340608268976212,0.9159311652183533
5,Sigma70,5,Sigma70,0.8084695339202881,Sigma24|Sigma38|Sigma70,3,True,0.11933518201112747,0.012841224670410156,0.003207550384104252,0.05483819544315338,0.0013082862133160233,0.8084695339202881
5,Sigma70,5,Sigma70,0.8239845633506775,Sigma24|Sigma70,2,True,0.14361153542995453,0.010931231081485748,0.0052790106274187565,0.010931471362709999,0.005262182094156742,0.8239845633506775
5,Sigma70,5,Sigma70,0.7611735463142395,Sigma24|Sigma32|Sigma38|Sigma70,4,True,0.025846753269433975,0.0016794292023405433,0.16074030101299286,0.04045712947845459,0.010102863423526287,0.7611735463142395
5,Sigma70,2,Sigma32,0.5259093642234802,Sigma32|Sigma38|Sigma54|Sigma70,4,True,0.005944317206740379,0.0024895560927689075,0.5259093642234802,0.023776497691869736,0.042865995317697525,0.39901429414749146
5,Sigma70,5,Sigma70,0.8785277605056763,Sigma24|Sigma32|Sigma38|Sigma70,4,True,0.0640496090054512,0.007205183617770672,0.023148026317358017,0.022429781034588814,0.004639659076929092,0.8785277605056763
5,Sigma70,5,Sigma70,0.5844524502754211,Sigma24|Sigma32|Sigma38|Sigma70,4,True,0.029980134218931198,0.005132903344929218,0.13113854825496674,0.2420669049024582,0.007229037582874298,0.5844524502754211
5,Sigma70,5,Sigma70,0.7252328395843506,Sigma24|Sigma32|Sigma38|Sigma54|Sigma70,5,True,0.09584905952215195,0.0021378786768764257,0.07677467912435532,0.07021964341402054,0.02978592738509178,0.7252328395843506
5,Sigma70,5,Sigma70,0.8240922689437866,Sigma24|Sigma32|Sigma38|Sigma70,4,True,0.11337800323963165,0.0079441387206316,0.025058159604668617,0.025767168030142784,0.0037603462114930153,0.8240922689437866
5,Sigma70,5,Sigma70,0.857040524482727,Sigma24|Sigma32|Sigma38|Sigma70,4,True,0.01868904009461403,0.0027405526489019394,0.0362076461315155,0.08318168669939041,0.0021405741572380066,0.857040524482727
5,Sigma70,5,Sigma70,0.7491728663444519,Sigma32|Sigma38|Sigma70,3,True,0.012677758000791073,0.0035384302027523518,0.13111434876918793,0.0940108671784401,0.00948573462665081,0.7491728663444519
5,Sigma70,0,Sigma24,0.9651879668235779,Sigma24|Sigma70,2,True,0.9651879668235779,0.0070844534784555435,0.001215428696013987,0.0009709288715384901,0.0017275233985856175,0.023813748732209206
5,Sigma70,5,Sigma70,0.9022248387336731,Sigma24|Sigma28|Sigma38|Sigma70,4,True,0.03968162462115288,0.020052369683980942,0.007804121356457472,0.026767170056700706,0.003469894640147686,0.9022248387336731
5,Sigma70,5,Sigma70,0.8053303956985474,Sigma24|Sigma32|Sigma38|Sigma70,4,True,0.06278304755687714,0.003668383928015828,0.062103431671857834,0.05217769369482994,0.013937000185251236,0.8053303956985474
5,Sigma70,5,Sigma70,0.8429291844367981,Sigma24|Sigma32|Sigma38|Sigma54|Sigma70,5,True,0.08752883225679398,0.00420035095885396,0.027154598385095596,0.020228080451488495,0.01795891858637333,0.8429291844367981
5,Sigma70,5,Sigma70,0.8867262601852417,Sigma24|Sigma32|Sigma38|Sigma70,4,True,0.04002051800489426,0.0031261960975825787,0.03078320436179638,0.03786769136786461,0.0014760621124878526,0.8867262601852417
5,Sigma70,5,Sigma70,0.8750311136245728,Sigma24|Sigma38|Sigma70,3,True,0.03137015551328659,0.012059483677148819,0.011504177935421467,0.06129499897360802,0.008740152232348919,0.8750311136245728
5,Sigma70,5,Sigma70,0.8906201720237732,Sigma24|Sigma28|Sigma32|Sigma38|Sigma70,5,True,0.03285006806254387,0.018210846930742264,0.015308395959436893,0.04024609550833702,0.002764445962384343,0.8906201720237732
5,Sigma70,5,Sigma70,0.4567843973636627,Sigma24|Sigma28|Sigma32|Sigma54|Sigma70,5,True,0.34657344222068787,0.09922005236148834,0.06507499516010284,0.00604954594746232,0.026297546923160553,0.4567843973636627
5,Sigma70,5,Sigma70,0.8113777041435242,Sigma24|Sigma28|Sigma32|Sigma38|Sigma70,5,True,0.06034689024090767,0.01774679310619831,0.06556575745344162,0.035812415182590485,0.009150411933660507,0.8113777041435242
5,Sigma70,5,Sigma70,0.8767533898353577,Sigma24|Sigma32|Sigma70,3,True,0.0746862143278122,0.006100008729845285,0.029185401275753975,0.008254298940300941,0.005020736251026392,0.8767533898353577
5,Sigma70,5,Sigma70,0.783576488494873,Sigma24|Sigma32|Sigma38|Sigma70,4,True,0.06819574534893036,0.00457770423963666,0.029268046841025352,0.10982516407966614,0.004556881729513407,0.783576488494873
5,Sigma70,5,Sigma70,0.4645726978778839,Sigma24|Sigma32|Sigma38|Sigma54|Sigma70,5,True,0.18872427940368652,0.008482031524181366,0.29916226863861084,0.020479422062635422,0.018579283729195595,0.4645726978778839
5,Sigma70,5,Sigma70,0.9251135587692261,Sigma24|Sigma70,2,True,0.043165624141693115,0.0030265699606388807,0.014507952146232128,0.012041976675391197,0.0021443550940603018,0.9251135587692261
5,Sigma70,5,Sigma70,0.8886569738388062,Sigma24|Sigma32|Sigma70,3,True,0.06475117802619934,0.0027626038063317537,0.02046102099120617,0.014004195109009743,0.009364075027406216,0.8886569738388062
5,Sigma70,5,Sigma70,0.8936244249343872,Sigma24|Sigma38|Sigma70,3,True,0.05928695201873779,0.007035807706415653,0.0065919384360313416,0.030922913923859596,0.00253791525028646,0.8936244249343872
5,Sigma70,5,Sigma70,0.6638852953910828,Sigma24|Sigma32|Sigma38|Sigma54|Sigma70,5,True,0.024253448471426964,0.0031496393494307995,0.25410786271095276,0.027193594723939896,0.027410149574279785,0.6638852953910828
5,Sigma70,5,Sigma70,0.8560471534729004,Sigma24|Sigma28|Sigma38|Sigma70,4,True,0.08592288196086884,0.024001000449061394,0.005072162952274084,0.023007776588201523,0.005949053447693586,0.8560471534729004
5,Sigma70,5,Sigma70,0.7360162734985352,Sigma24|Sigma28|Sigma38|Sigma70,4,True,0.20945307612419128,0.018146676942706108,0.006472441833466291,0.018766919150948524,0.011144595220685005,0.7360162734985352
5,Sigma70,5,Sigma70,0.6427003145217896,Sigma24|Sigma32|Sigma38|Sigma70,4,True,0.019653545692563057,0.0008934879442676902,0.0254682507365942,0.3106703758239746,0.0006139895413070917,0.6427003145217896
5,Sigma70,5,Sigma70,0.7466551661491394,Sigma24|Sigma28|Sigma38|Sigma70,4,True,0.11881421506404877,0.0784243494272232,0.0038042382802814245,0.049836453050374985,0.002465564990416169,0.7466551661491394
5,Sigma70,5,Sigma70,0.8506227731704712,Sigma24|Sigma32|Sigma38|Sigma70,4,True,0.0986483246088028,0.010409899055957794,0.018155712634325027,0.01566350646317005,0.006499743554741144,0.8506227731704712
5,Sigma70,5,Sigma70,0.40652161836624146,Sigma24|Sigma28|Sigma32|Sigma38|Sigma54|Sigma70,6,True,0.09777138382196426,0.25350141525268555,0.12097213417291641,0.07461880892515182,0.04661456495523453,0.40652161836624146
5,Sigma70,5,Sigma70,0.8272167444229126,Sigma24|Sigma70,2,True,0.14015576243400574,0.013833766803145409,0.004566464573144913,0.01207145769149065,0.002155807102099061,0.8272167444229126
5,Sigma70,5,Sigma70,0.6770128607749939,Sigma24|Sigma28|Sigma54|Sigma70,4,True,0.1670142263174057,0.1131323054432869,0.008766286075115204,0.006365234963595867,0.02770899049937725,0.6770128607749939
5,Sigma70,5,Sigma70,0.5652126669883728,Sigma24|Sigma32|Sigma38|Sigma54|Sigma70,5,True,0.02584957331418991,0.007540485356003046,0.23578393459320068,0.14451079070568085,0.02110251784324646,0.5652126669883728
5,Sigma70,5,Sigma70,0.8685442805290222,Sigma24|Sigma28|Sigma32|Sigma54|Sigma70,5,True,0.05260467901825905,0.015291190706193447,0.03479067236185074,0.009144014678895473,0.019625229761004448,0.8685442805290222
5,Sigma70,5,Sigma70,0.6033024191856384,Sigma24|Sigma28|Sigma32|Sigma38|Sigma54|Sigma70,6,True,0.25880739092826843,0.027172567322850227,0.06466442346572876,0.019047537818551064,0.027005627751350403,0.6033024191856384
5,Sigma70,3,Sigma38,0.977321445941925,Sigma38|Sigma70,2,True,0.0009668185375630856,5.885932478122413e-05,0.0020423473324626684,0.977321445941925,0.00014442660904023796,0.019465962424874306
5,Sigma70,5,Sigma70,0.8742947578430176,Sigma24|Sigma32|Sigma70,3,True,0.07989003509283066,0.008194399066269398,0.023317381739616394,0.01048247516155243,0.0038210118655115366,0.8742947578430176
5,Sigma70,5,Sigma70,0.8838534355163574,Sigma24|Sigma38|Sigma70,3,True,0.08490502834320068,0.007157356012612581,0.001968939322978258,0.021330129355192184,0.000785109237767756,0.8838534355163574
5,Sigma70,5,Sigma70,0.6617876887321472,Sigma24|Sigma32|Sigma38|Sigma70,4,True,0.1070885881781578,0.0038336412981152534,0.09825793653726578,0.12233199179172516,0.006700076628476381,0.6617876887321472
5,Sigma70,5,Sigma70,0.8790603876113892,Sigma24|Sigma32|Sigma70,3,True,0.07137707620859146,0.0082313884049654,0.026406224817037582,0.010003584437072277,0.004921295680105686,0.8790603876113892
5,Sigma70,5,Sigma70,0.9163168668746948,Sigma32|Sigma38|Sigma70,3,True,0.008196313865482807,0.0015151235274970531,0.0508950799703598,0.015394552610814571,0.007682063151150942,0.9163168668746948
5,Sigma70,3,Sigma38,0.9748998880386353,Sigma38|Sigma70,2,True,0.0004910524003207684,4.556591375148855e-05,0.0011663655750453472,0.9748998880386353,4.859184628003277e-05,0.023348622024059296
5,Sigma70,5,Sigma70,0.6111631393432617,Sigma24|Sigma28|Sigma32|Sigma54|Sigma70,5,True,0.24879245460033417,0.033725395798683167,0.07299148291349411,0.008826851844787598,0.024500718340277672,0.6111631393432617
5,Sigma70,5,Sigma70,0.7938205599784851,Sigma24|Sigma32|Sigma38|Sigma54|Sigma70,5,True,0.04328586161136627,0.013155004009604454,0.08626461029052734,0.03727833181619644,0.026195703074336052,0.7938205599784851
5,Sigma70,5,Sigma70,0.821190357208252,Sigma24|Sigma38|Sigma70,3,True,0.029902160167694092,0.005092799663543701,0.014475502073764801,0.12608374655246735,0.0032554788049310446,0.821190357208252
5,Sigma70,5,Sigma70,0.8313040137290955,Sigma24|Sigma32|Sigma38|Sigma70,4,True,0.06134544685482979,0.0052892547100782394,0.0398724228143692,0.0575101338326931,0.004678725730627775,0.8313040137290955
5,Sigma70,5,Sigma70,0.5777106285095215,Sigma24|Sigma32|Sigma70,3,True,0.3298902213573456,0.013121787458658218,0.057474683970212936,0.01248345896601677,0.009319247677922249,0.5777106285095215
5,Sigma70,5,Sigma70,0.9704510569572449,Sigma70,1,True,0.010413037613034248,0.0017797243781387806,0.008462462574243546,0.0072066644206643105,0.0016870697727426887,0.9704510569572449
5,Sigma70,0,Sigma24,0.5649258494377136,Sigma24|Sigma28|Sigma32|Sigma54|Sigma70,5,True,0.5649258494377136,0.026044927537441254,0.03672498092055321,0.005861260462552309,0.04752547666430473,0.31891754269599915
5,Sigma70,5,Sigma70,0.4872822165489197,Sigma24|Sigma28|Sigma32|Sigma38|Sigma70,5,True,0.3718024492263794,0.02177325263619423,0.0688362792134285,0.04035211354494095,0.009953666478395462,0.4872822165489197
5,Sigma70,5,Sigma70,0.6955429911613464,Sigma24|Sigma28|Sigma32|Sigma38|Sigma54|Sigma70,6,True,0.06837812066078186,0.019181841984391212,0.05796854570508003,0.1392357349395752,0.019692780449986458,0.6955429911613464
5,Sigma70,5,Sigma70,0.7773744463920593,Sigma24|Sigma32|Sigma38|Sigma54|Sigma70,5,True,0.08320915699005127,0.005640784278512001,0.06392598897218704,0.048979878425598145,0.02086973562836647,0.7773744463920593
5,Sigma70,5,Sigma70,0.7462420463562012,Sigma24|Sigma28|Sigma32|Sigma38|Sigma70,5,True,0.1683710366487503,0.031663328409194946,0.019723759964108467,0.02697882242500782,0.007021090481430292,0.7462420463562012
5,Sigma70,5,Sigma70,0.5097545385360718,Sigma24|Sigma28|Sigma38|Sigma70,4,True,0.3132113218307495,0.08350660651922226,0.008701642975211143,0.07216841727495193,0.012657477520406246,0.5097545385360718
5,Sigma70,3,Sigma38,0.9864636659622192,Sigma38,1,False,0.0005437307991087437,3.272421599831432e-05,0.001141741406172514,0.9864636659622192,6.777027010684833e-05,0.01175040565431118
5,Sigma70,5,Sigma70,0.6885574460029602,Sigma24|Sigma28|Sigma32|Sigma38|Sigma54|Sigma70,6,True,0.14551809430122375,0.05522819235920906,0.02341873198747635,0.05773068964481354,0.029546810314059258,0.6885574460029602
5,Sigma70,5,Sigma70,0.8848327994346619,Sigma24|Sigma32|Sigma38|Sigma70,4,True,0.025090554729104042,0.008899145759642124,0.04187329113483429,0.0264882855117321,0.012815863825380802,0.8848327994346619
5,Sigma70,5,Sigma70,0.6817695498466492,Sigma24|Sigma28|Sigma32|Sigma38|Sigma54|Sigma70,6,True,0.029778936877846718,0.023820985108613968,0.11842435598373413,0.07899961620569229,0.06720653176307678,0.6817695498466492
5,Sigma70,5,Sigma70,0.5592422485351562,Sigma24|Sigma28|Sigma32|Sigma54|Sigma70,5,True,0.21318331360816956,0.054524630308151245,0.13994024693965912,0.006376153789460659,0.02673337608575821,0.5592422485351562
5,Sigma70,5,Sigma70,0.5556398034095764,Sigma24|Sigma28|Sigma38|Sigma70,4,True,0.3751612901687622,0.02246505580842495,0.0022595073096454144,0.04135109856724739,0.0031232479959726334,0.5556398034095764
5,Sigma70,5,Sigma70,0.9464070796966553,Sigma24|Sigma38|Sigma70,3,True,0.017004145309329033,0.0028309475164860487,0.007077959831804037,0.025644417852163315,0.0010354119585826993,0.9464070796966553
5,Sigma70,5,Sigma70,0.7337127327919006,Sigma24|Sigma32|Sigma38|Sigma70,4,True,0.10402023792266846,0.002213351195678115,0.020881077274680138,0.13756190240383148,0.0016106803668662906,0.7337127327919006
5,Sigma70,5,Sigma70,0.8689886331558228,Sigma24|Sigma32|Sigma38|Sigma70,4,True,0.06485143303871155,0.003092882689088583,0.0240157600492239,0.037022314965724945,0.0020289926324039698,0.8689886331558228
5,Sigma70,3,Sigma38,0.7774832844734192,Sigma38|Sigma70,2,True,0.004168698098510504,0.0008955355151556432,0.003620309755206108,0.7774832844734192,0.00040471850661560893,0.21342739462852478
5,Sigma70,5,Sigma70,0.6332929730415344,Sigma24|Sigma28|Sigma38|Sigma70,4,True,0.3220030665397644,0.016713585704565048,0.003796309232711792,0.019334541633725166,0.004859539680182934,0.6332929730415344
5,Sigma70,5,Sigma70,0.5958398580551147,Sigma24|Sigma28|Sigma70,3,True,0.34929537773132324,0.036606334149837494,0.006966259330511093,0.008101203478872776,0.0031909511890262365,0.5958398580551147
5,Sigma70,0,Sigma24,0.45006150007247925,Sigma24|Sigma28|Sigma32|Sigma38|Sigma54|Sigma70,6,True,0.45006150007247925,0.018228737637400627,0.10123986750841141,0.03927440196275711,0.046540290117263794,0.34465527534484863
5,Sigma70,5,Sigma70,0.9305561184883118,Sigma32|Sigma38|Sigma70,3,True,0.011321529746055603,0.001419643871486187,0.02054789289832115,0.03352079167962074,0.002633994445204735,0.9305561184883118
5,Sigma70,5,Sigma70,0.8134554624557495,Sigma24|Sigma70,2,True,0.15472623705863953,0.010156040079891682,0.006500986870378256,0.011389724910259247,0.0037715393118560314,0.8134554624557495
5,Sigma70,5,Sigma70,0.6350357532501221,Sigma24|Sigma32|Sigma38|Sigma70,4,True,0.24755653738975525,0.005850967951118946,0.09077009558677673,0.017027178779244423,0.0037594600580632687,0.6350357532501221
5,Sigma70,5,Sigma70,0.6841424703598022,Sigma24|Sigma32|Sigma38|Sigma70,4,True,0.1191340982913971,0.007081444840878248,0.026107966899871826,0.16051270067691803,0.003021332435309887,0.6841424703598022
5,Sigma70,5,Sigma70,0.882573127746582,Sigma24|Sigma32|Sigma38|Sigma70,4,True,0.05189068615436554,0.003288346342742443,0.02305542305111885,0.03560390695929527,0.003588525578379631,0.882573127746582
5,Sigma70,5,Sigma70,0.7872843742370605,Sigma24|Sigma32|Sigma38|Sigma70,4,True,0.08960726112127304,0.006852194666862488,0.05078316107392311,0.05784505978226662,0.007627896498888731,0.7872843742370605
5,Sigma70,5,Sigma70,0.9089546799659729,Sigma24|Sigma32|Sigma38|Sigma70,4,True,0.02203214168548584,0.0010275791864842176,0.03228570148348808,0.03370200842618942,0.0019979102071374655,0.9089546799659729
5,Sigma70,5,Sigma70,0.829069972038269,Sigma24|Sigma32|Sigma70,3,True,0.10544271767139435,0.012518814764916897,0.03315791115164757,0.012293051928281784,0.0075175161473453045,0.829069972038269
5,Sigma70,5,Sigma70,0.9060395359992981,Sigma24|Sigma32|Sigma38|Sigma70,4,True,0.03353901207447052,0.001885331585071981,0.02837185002863407,0.02889072895050049,0.0012735064374282956,0.9060395359992981
5,Sigma70,5,Sigma70,0.49877509474754333,Sigma24|Sigma32|Sigma54|Sigma70,4,True,0.17677946388721466,0.014010938815772533,0.24581699073314667,0.00898872409015894,0.05562879890203476,0.49877509474754333
5,Sigma70,5,Sigma70,0.6582075953483582,Sigma24|Sigma28|Sigma32|Sigma54|Sigma70,5,True,0.1365135908126831,0.045924488455057144,0.06644634157419205,0.008412462659180164,0.08449549973011017,0.6582075953483582
5,Sigma70,5,Sigma70,0.6241121292114258,Sigma24|Sigma32|Sigma38|Sigma70,4,True,0.28331315517425537,0.012355060316622257,0.049288179725408554,0.025971250608563423,0.00496025150641799,0.6241121292114258
5,Sigma70,5,Sigma70,0.5580893158912659,Sigma24|Sigma28|Sigma32|Sigma38|Sigma54|Sigma70,6,True,0.293255478143692,0.02467653527855873,0.050136998295784,0.05746404826641083,0.016377568244934082,0.5580893158912659
5,Sigma70,3,Sigma38,0.9251112341880798,Sigma38|Sigma70,2,True,0.0007014779839664698,0.00012049486394971609,0.004640523344278336,0.9251112341880798,0.0002876680810004473,0.06913865357637405
5,Sigma70,5,Sigma70,0.9228368401527405,Sigma32|Sigma38|Sigma70,3,True,0.009603898972272873,0.0012255946639925241,0.03541797026991844,0.026683172211050987,0.0042325397953391075,0.9228368401527405
5,Sigma70,5,Sigma70,0.648613691329956,Sigma24|Sigma28|Sigma32|Sigma70,4,True,0.27278396487236023,0.03955096751451492,0.023759979754686356,0.006213190034031868,0.009078186936676502,0.648613691329956
5,Sigma70,5,Sigma70,0.8305896520614624,Sigma24|Sigma32|Sigma38|Sigma70,4,True,0.09074102342128754,0.004028454888612032,0.03280236944556236,0.0387493260204792,0.003089181613177061,0.8305896520614624
5,Sigma70,0,Sigma24,0.9529682397842407,Sigma24|Sigma28|Sigma70,3,True,0.9529682397842407,0.015842918306589127,0.0004094142932444811,0.000651608279440552,0.0017698340816423297,0.028357936069369316
5,Sigma70,5,Sigma70,0.8393521308898926,Sigma24|Sigma32|Sigma54|Sigma70,4,True,0.045905180275440216,0.009451148100197315,0.06692180782556534,0.004440187010914087,0.033929500728845596,0.8393521308898926
5,Sigma70,5,Sigma70,0.861431360244751,Sigma24|Sigma32|Sigma38|Sigma70,4,True,0.05900876596570015,0.0016995620680972934,0.05366062745451927,0.01808544062077999,0.006114311516284943,0.861431360244751
5,Sigma70,5,Sigma70,0.9774946570396423,Sigma70,1,True,0.011547490023076534,0.000786360411439091,0.00463007902726531,0.004941985476762056,0.0005994273233227432,0.9774946570396423
5,Sigma70,5,Sigma70,0.8468812108039856,Sigma24|Sigma32|Sigma54|Sigma70,4,True,0.060331735759973526,0.011867379769682884,0.051533523947000504,0.011181464418768883,0.0182047039270401,0.8468812108039856
5,Sigma70,5,Sigma70,0.916037380695343,Sigma38|Sigma70,2,True,0.012276406399905682,0.0028642332181334496,0.014203587546944618,0.04824071377515793,0.0063776252791285515,0.916037380695343
5,Sigma70,5,Sigma70,0.4765577018260956,Sigma24|Sigma28|Sigma32|Sigma54|Sigma70,5,True,0.22643417119979858,0.21416528522968292,0.04635266959667206,0.01389303244650364,0.02259710431098938,0.4765577018260956
5,Sigma70,5,Sigma70,0.8241353034973145,Sigma24|Sigma38|Sigma70,3,True,0.13985349237918854,0.004029539879411459,0.010486786253750324,0.01576516404747963,0.005729668773710728,0.8241353034973145
5,Sigma70,5,Sigma70,0.7899267077445984,Sigma24|Sigma28|Sigma38|Sigma70,4,True,0.1637824922800064,0.01685255579650402,0.006286535877734423,0.02160128392279148,0.0015504120383411646,0.7899267077445984
5,Sigma70,5,Sigma70,0.7488564848899841,Sigma24|Sigma32|Sigma38|Sigma70,4,True,0.015471793711185455,0.0011007481953129172,0.1675870716571808,0.06329416483640671,0.0036897724494338036,0.7488564848899841
5,Sigma70,5,Sigma70,0.9507266283035278,Sigma32|Sigma70,2,True,0.011671720072627068,0.00527564249932766,0.017591960728168488,0.009912606328725815,0.004821409936994314,0.9507266283035278
5,Sigma70,5,Sigma70,0.8660712838172913,Sigma32|Sigma38|Sigma70,3,True,0.007341168820858002,0.002394874347373843,0.09303310513496399,0.02215961553156376,0.008999946527183056,0.8660712838172913
5,Sigma70,5,Sigma70,0.46530479192733765,Sigma32|Sigma38|Sigma54|Sigma70,4,True,0.014466319233179092,0.0018619582988321781,0.3931034505367279,0.04840809851884842,0.07685539871454239,0.46530479192733765
5,Sigma70,5,Sigma70,0.7680210471153259,Sigma24|Sigma28|Sigma32|Sigma70,4,True,0.17354056239128113,0.02808893471956253,0.016788961365818977,0.00784449651837349,0.005715974606573582,0.7680210471153259
5,Sigma70,1,Sigma28,0.9714315533638,Sigma24|Sigma28,2,False,0.024018438532948494,0.9714315533638,1.6477999452035874e-05,4.7881490900181234e-05,0.0009920807788148522,0.0034935548901557922
5,Sigma70,5,Sigma70,0.8586807250976562,Sigma24|Sigma32|Sigma38|Sigma70,4,True,0.03529990464448929,0.0038389209657907486,0.035883307456970215,0.05946272611618042,0.00683441711589694,0.8586807250976562
5,Sigma70,5,Sigma70,0.8418844938278198,Sigma24|Sigma38|Sigma70,3,True,0.11101996153593063,0.005893335677683353,0.010776114650070667,0.02788892202079296,0.002537122927606106,0.8418844938278198
5,Sigma70,5,Sigma70,0.8311179280281067,Sigma24|Sigma32|Sigma70,3,True,0.03864017874002457,0.00892153475433588,0.09390253573656082,0.014607153832912445,0.012810661457479,0.8311179280281067
5,Sigma70,5,Sigma70,0.9106446504592896,Sigma24|Sigma38|Sigma70,3,True,0.05260871723294258,0.002271817298606038,0.007157519459724426,0.025680001825094223,0.0016372542595490813,0.9106446504592896
5,Sigma70,5,Sigma70,0.5178759694099426,Sigma24|Sigma28|Sigma32|Sigma38|Sigma54|Sigma70,6,True,0.3359057605266571,0.057270776480436325,0.024840330705046654,0.0430729053914547,0.02103424072265625,0.5178759694099426
5,Sigma70,5,Sigma70,0.920462965965271,Sigma32|Sigma38|Sigma70,3,True,0.006146194413304329,0.001039612921886146,0.029629036784172058,0.04138204827904701,0.0013401369797065854,0.920462965965271
5,Sigma70,5,Sigma70,0.9191385507583618,Sigma32|Sigma70,2,True,0.009254343807697296,0.0014913697959855199,0.05369894206523895,0.012819242663681507,0.0035975759383291006,0.9191385507583618
5,Sigma70,5,Sigma70,0.7031987309455872,Sigma24|Sigma32|Sigma38|Sigma70,4,True,0.0365716814994812,0.005182852037250996,0.01603405736386776,0.2379351705312729,0.0010775193804875016,0.7031987309455872
5,Sigma70,5,Sigma70,0.8160550594329834,Sigma24|Sigma38|Sigma70,3,True,0.09656180441379547,0.005099164322018623,0.009282009676098824,0.06823960691690445,0.004762365482747555,0.8160550594329834
5,Sigma70,5,Sigma70,0.7723009586334229,Sigma24|Sigma32|Sigma38|Sigma70,4,True,0.02530682645738125,0.0006177708273753524,0.1463162750005722,0.05026891455054283,0.005189237184822559,0.7723009586334229
5,Sigma70,5,Sigma70,0.673387885093689,Sigma24|Sigma32|Sigma38|Sigma70,4,True,0.06178102269768715,0.0010928042465820909,0.055465925484895706,0.20516984164714813,0.003102448768913746,0.673387885093689
5,Sigma70,5,Sigma70,0.7767682075500488,Sigma24|Sigma28|Sigma32|Sigma38|Sigma70,5,True,0.09599017351865768,0.02309633418917656,0.0319063626229763,0.0689140111207962,0.003324912628158927,0.7767682075500488
5,Sigma70,5,Sigma70,0.8437533974647522,Sigma24|Sigma28|Sigma32|Sigma38|Sigma54|Sigma70,6,True,0.037378787994384766,0.028260376304388046,0.017414359375834465,0.05228168144822121,0.02091139368712902,0.8437533974647522
5,Sigma70,5,Sigma70,0.46168118715286255,Sigma24|Sigma28|Sigma32|Sigma38|Sigma70,5,True,0.3568692207336426,0.030998896807432175,0.0321526825428009,0.10872252285480499,0.009575506672263145,0.46168118715286255
5,Sigma70,5,Sigma70,0.9238209128379822,Sigma24|Sigma38|Sigma70,3,True,0.017776843160390854,0.0032236536499112844,0.0064868684858083725,0.04722479358315468,0.0014669756637886167,0.9238209128379822
5,Sigma70,5,Sigma70,0.8827512860298157,Sigma24|Sigma32|Sigma38|Sigma70,4,True,0.0527140349149704,0.004368835128843784,0.018643971532583237,0.037470560520887375,0.004051350988447666,0.8827512860298157
5,Sigma70,5,Sigma70,0.5188613533973694,Sigma24|Sigma28|Sigma54|Sigma70,4,True,0.3341892957687378,0.0860840305685997,0.013223583810031414,0.0045500765554606915,0.04309171438217163,0.5188613533973694
5,Sigma70,5,Sigma70,0.7626423835754395,Sigma24|Sigma38|Sigma70,3,True,0.0902501717209816,0.012953190132975578,0.010220291092991829,0.12064403295516968,0.003289930522441864,0.7626423835754395
5,Sigma70,5,Sigma70,0.7464964985847473,Sigma24|Sigma28|Sigma32|Sigma38|Sigma70,5,True,0.10094361752271652,0.022202366963028908,0.020234156399965286,0.10610290616750717,0.004020444117486477,0.7464964985847473
5,Sigma70,5,Sigma70,0.9310920834541321,Sigma24|Sigma38|Sigma70,3,True,0.03161565959453583,0.004249228164553642,0.007934928871691227,0.023923998698592186,0.0011840887600556016,0.9310920834541321
5,Sigma70,5,Sigma70,0.5838985443115234,Sigma24|Sigma28|Sigma32|Sigma70,4,True,0.3545878231525421,0.017200838774442673,0.02434002421796322,0.011771049350500107,0.008201693184673786,0.5838985443115234
5,Sigma70,5,Sigma70,0.8897311687469482,Sigma24|Sigma32|Sigma70,3,True,0.0596219003200531,0.013130626641213894,0.01982211321592331,0.00962018221616745,0.00807395949959755,0.8897311687469482
5,Sigma70,5,Sigma70,0.6470896005630493,Sigma24|Sigma28|Sigma70,3,True,0.13688674569129944,0.1900813728570938,0.007932009175419807,0.004539897199720144,0.013470388948917389,0.6470896005630493
5,Sigma70,5,Sigma70,0.5133926868438721,Sigma24|Sigma70,2,True,0.4508279263973236,0.012773566879332066,0.007618818897753954,0.010361040011048317,0.005025960970669985,0.5133926868438721
5,Sigma70,5,Sigma70,0.9064449667930603,Sigma24|Sigma32|Sigma38|Sigma70,4,True,0.04041939973831177,0.00650015939027071,0.023210223764181137,0.016818713396787643,0.006606487091630697,0.9064449667930603
5,Sigma70,5,Sigma70,0.8235510587692261,Sigma24|Sigma28|Sigma38|Sigma70,4,True,0.07450811564922333,0.045435093343257904,0.013608175329864025,0.03864331543445587,0.004254197236150503,0.8235510587692261
5,Sigma70,0,Sigma24,0.4982959032058716,Sigma24|Sigma32|Sigma38|Sigma70,4,True,0.4982959032058716,0.0037434184923768044,0.044817931950092316,0.03666387125849724,0.005816836375743151,0.4106619954109192
5,Sigma70,5,Sigma70,0.7853811979293823,Sigma24|Sigma32|Sigma38|Sigma70,4,True,0.09815729409456253,0.00797201506793499,0.02063809148967266,0.08540687710046768,0.002444556448608637,0.7853811979293823
5,Sigma70,0,Sigma24,0.5757139325141907,Sigma24|Sigma28|Sigma32|Sigma70,4,True,0.5757139325141907,0.030143804848194122,0.03729882463812828,0.01403348334133625,0.012223535217344761,0.33058643341064453
5,Sigma70,5,Sigma70,0.8835480213165283,Sigma24|Sigma32|Sigma38|Sigma70,4,True,0.052125681191682816,0.009721321985125542,0.01679246313869953,0.03359758481383324,0.004214908462017775,0.8835480213165283
5,Sigma70,5,Sigma70,0.7934711575508118,Sigma24|Sigma32|Sigma38|Sigma70,4,True,0.0727100819349289,0.0055123683996498585,0.02608947455883026,0.10022631287574768,0.0019905702210962772,0.7934711575508118
5,Sigma70,5,Sigma70,0.5388862490653992,Sigma24|Sigma28|Sigma32|Sigma54|Sigma70,5,True,0.19048313796520233,0.045462846755981445,0.17496740818023682,0.013988399878144264,0.03621192276477814,0.5388862490653992
5,Sigma70,5,Sigma70,0.5207303166389465,Sigma24|Sigma32|Sigma38|Sigma54|Sigma70,5,True,0.1568647176027298,0.003292687935754657,0.21348842978477478,0.08135101944208145,0.024272872135043144,0.5207303166389465
5,Sigma70,5,Sigma70,0.5671296119689941,Sigma24|Sigma32|Sigma38|Sigma70,4,True,0.3442592918872833,0.007724183611571789,0.02244151569902897,0.04532896727323532,0.01311649288982153,0.5671296119689941
5,Sigma70,0,Sigma24,0.6428768038749695,Sigma24|Sigma28|Sigma32|Sigma38|Sigma70,5,True,0.6428768038749695,0.049244917929172516,0.020904578268527985,0.016970660537481308,0.009492177516222,0.2605109214782715
5,Sigma70,5,Sigma70,0.7306064963340759,Sigma24|Sigma28|Sigma32|Sigma38|Sigma70,5,True,0.19714558124542236,0.015621724538505077,0.01932435669004917,0.026390211656689644,0.010911666788160801,0.7306064963340759
5,Sigma70,0,Sigma24,0.3350028693675995,Sigma24|Sigma28|Sigma32|Sigma54|Sigma70,5,True,0.3350028693675995,0.08386658877134323,0.14873173832893372,0.005294161848723888,0.10845121741294861,0.318653404712677
5,Sigma70,0,Sigma24,0.7235888242721558,Sigma24|Sigma28|Sigma70,3,True,0.7235888242721558,0.09458211064338684,0.005368231795728207,0.0011774157173931599,0.010433917865157127,0.16484950482845306
5,Sigma70,0,Sigma24,0.37731024622917175,Sigma24|Sigma28|Sigma32|Sigma54|Sigma70,5,True,0.37731024622917175,0.04452057182788849,0.18883375823497772,0.008426019921898842,0.11587413400411606,0.2650352716445923
5,Sigma70,5,Sigma70,0.933292031288147,Sigma24|Sigma32|Sigma38|Sigma70,4,True,0.02107742801308632,0.0044897133484482765,0.019231854006648064,0.01925646886229515,0.00265250145457685,0.933292031288147
5,Sigma70,5,Sigma70,0.538993775844574,Sigma24|Sigma28|Sigma32|Sigma38|Sigma70,5,True,0.08771487325429916,0.017366133630275726,0.2306399941444397,0.1118602529168129,0.013424992561340332,0.538993775844574
5,Sigma70,5,Sigma70,0.729254424571991,Sigma24|Sigma32|Sigma38|Sigma70,4,True,0.16601204872131348,0.0033281217329204082,0.07052607089281082,0.024922939017415047,0.005956344772130251,0.729254424571991
5,Sigma70,5,Sigma70,0.7856480479240417,Sigma24|Sigma32|Sigma38|Sigma70,4,True,0.03270912170410156,0.009290773421525955,0.024478843435645103,0.14044032990932465,0.007432805839926004,0.7856480479240417
5,Sigma70,5,Sigma70,0.7553481459617615,Sigma24|Sigma28|Sigma32|Sigma38|Sigma54|Sigma70,6,True,0.08625944703817368,0.027005914598703384,0.07764992862939835,0.023267501965165138,0.030469095334410667,0.7553481459617615
5,Sigma70,5,Sigma70,0.7584260106086731,Sigma24|Sigma28|Sigma38|Sigma70,4,True,0.06852781772613525,0.028451690450310707,0.0056937821209430695,0.137365460395813,0.0015352722257375717,0.7584260106086731
5,Sigma70,5,Sigma70,0.7481873631477356,Sigma24|Sigma38|Sigma70,3,True,0.2064984142780304,0.007664349861443043,0.010483944788575172,0.022389739751815796,0.0047761849127709866,0.7481873631477356
5,Sigma70,5,Sigma70,0.844561755657196,Sigma24|Sigma32|Sigma38|Sigma70,4,True,0.029530800879001617,0.0018785747233778238,0.10422060638666153,0.015190769918262959,0.004617526661604643,0.844561755657196
5,Sigma70,5,Sigma70,0.48930010199546814,Sigma24|Sigma28|Sigma32|Sigma38|Sigma54|Sigma70,6,True,0.1689726710319519,0.18858741223812103,0.028010772541165352,0.07803026586771011,0.047098830342292786,0.48930010199546814
5,Sigma70,5,Sigma70,0.5690130591392517,Sigma24|Sigma32|Sigma38|Sigma54|Sigma70,5,True,0.04221920296549797,0.0032910846639424562,0.17867358028888702,0.08360720425844193,0.12319589406251907,0.5690130591392517
5,Sigma70,5,Sigma70,0.4733196496963501,Sigma24|Sigma32|Sigma38|Sigma54|Sigma70,5,True,0.33868247270584106,0.010926075279712677,0.11930987238883972,0.020064199343323708,0.03769782558083534,0.4733196496963501
5,Sigma70,5,Sigma70,0.7559673190116882,Sigma24|Sigma32|Sigma70,3,True,0.11464229226112366,0.00500189745798707,0.1101309061050415,0.006806031800806522,0.00745153333991766,0.7559673190116882
5,Sigma70,5,Sigma70,0.6637795567512512,Sigma24|Sigma28|Sigma38|Sigma54|Sigma70,5,True,0.14076568186283112,0.12983693182468414,0.004772455431520939,0.021288154646754265,0.03955722227692604,0.6637795567512512
5,Sigma70,5,Sigma70,0.5781874060630798,Sigma24|Sigma28|Sigma38|Sigma54|Sigma70,5,True,0.32317087054252625,0.05314666032791138,0.003796225180849433,0.02487206645309925,0.016826821491122246,0.5781874060630798
5,Sigma70,5,Sigma70,0.6365765333175659,Sigma24|Sigma28|Sigma32|Sigma38|Sigma54|Sigma70,6,True,0.1865871399641037,0.015375225804746151,0.1253969818353653,0.01595812290906906,0.020106075331568718,0.6365765333175659
5,Sigma70,5,Sigma70,0.8647017478942871,Sigma24|Sigma70,2,True,0.10067489743232727,0.013962659984827042,0.006862811744213104,0.011962764896452427,0.001835180213674903,0.8647017478942871
5,Sigma70,5,Sigma70,0.44867658615112305,Sigma24|Sigma28|Sigma32|Sigma38|Sigma54|Sigma70,6,True,0.3427305519580841,0.10213945060968399,0.020686423406004906,0.032020896673202515,0.05374620482325554,0.44867658615112305
5,Sigma70,5,Sigma70,0.7497014403343201,Sigma24|Sigma32|Sigma38|Sigma54|Sigma70,5,True,0.03417837992310524,0.012450208887457848,0.17020530998706818,0.017470892518758774,0.015993736684322357,0.7497014403343201
5,Sigma70,0,Sigma24,0.6205438375473022,Sigma24|Sigma32|Sigma70,3,True,0.6205438375473022,0.00586064625531435,0.03372356668114662,0.012684144079685211,0.004568748641759157,0.32261908054351807
5,Sigma70,5,Sigma70,0.493078351020813,Sigma24|Sigma32|Sigma38|Sigma54|Sigma70,5,True,0.017275217920541763,0.0009556189179420471,0.17432214319705963,0.28883078694343567,0.025537831708788872,0.493078351020813
5,Sigma70,5,Sigma70,0.7610803246498108,Sigma24|Sigma28|Sigma38|Sigma70,4,True,0.05564357340335846,0.015310874208807945,0.011871484108269215,0.14509941637516022,0.010994389653205872,0.7610803246498108
5,Sigma70,5,Sigma70,0.5617066025733948,Sigma24|Sigma28|Sigma32|Sigma54|Sigma70,5,True,0.1625390499830246,0.11453111469745636,0.11533693969249725,0.00497361458837986,0.04091275483369827,0.5617066025733948
5,Sigma70,5,Sigma70,0.5559252500534058,Sigma24|Sigma28|Sigma32|Sigma38|Sigma54|Sigma70,6,True,0.06843774020671844,0.07475556433200836,0.15293198823928833,0.06163574382662773,0.08631371706724167,0.5559252500534058
5,Sigma70,5,Sigma70,0.4936075210571289,Sigma24|Sigma28|Sigma32|Sigma38|Sigma54|Sigma70,6,True,0.39230719208717346,0.02836451679468155,0.03740645572543144,0.020160486921668053,0.028153836727142334,0.4936075210571289
5,Sigma70,5,Sigma70,0.6883914470672607,Sigma24|Sigma32|Sigma38|Sigma54|Sigma70,5,True,0.12295538187026978,0.005562334321439266,0.08577772974967957,0.03902270644903183,0.05829044431447983,0.6883914470672607
5,Sigma70,0,Sigma24,0.6434047818183899,Sigma24|Sigma32|Sigma70,3,True,0.6434047818183899,0.007792128250002861,0.02739749476313591,0.0019095148891210556,0.010142942890524864,0.3093530833721161
5,Sigma70,5,Sigma70,0.749578058719635,Sigma24|Sigma32|Sigma70,3,True,0.14685273170471191,0.01219059806317091,0.07279352843761444,0.005945896729826927,0.012639199383556843,0.749578058719635
5,Sigma70,5,Sigma70,0.5714085698127747,Sigma24|Sigma28|Sigma32|Sigma38|Sigma54|Sigma70,6,True,0.2255198210477829,0.08171553164720535,0.024852849543094635,0.06134410947561264,0.0351591557264328,0.5714085698127747
5,Sigma70,2,Sigma32,0.973805844783783,Sigma32|Sigma70,2,True,0.0009793994249776006,0.0001030814164550975,0.973805844783783,0.0028409664519131184,0.0060659730806946754,0.016204694285988808
5,Sigma70,0,Sigma24,0.5965154767036438,Sigma24|Sigma28|Sigma32|Sigma38|Sigma54|Sigma70,6,True,0.5965154767036438,0.03125808760523796,0.025003114715218544,0.055054452270269394,0.02152213081717491,0.27064669132232666
5,Sigma70,3,Sigma38,0.9786388874053955,Sigma38|Sigma70,2,True,0.0008962446008808911,7.304175233002752e-05,0.0010330675868317485,0.9786388874053955,0.00011420450027799234,0.019244499504566193
5,Sigma70,5,Sigma70,0.5976485013961792,Sigma24|Sigma32|Sigma38|Sigma54|Sigma70,5,True,0.2181748002767563,0.011640955694019794,0.12679512798786163,0.019739918410778046,0.026000699028372765,0.5976485013961792
5,Sigma70,5,Sigma70,0.7412527799606323,Sigma24|Sigma32|Sigma38|Sigma70,4,True,0.03145292028784752,0.009280825965106487,0.19087956845760345,0.018954437226057053,0.00817948579788208,0.7412527799606323
5,Sigma70,5,Sigma70,0.36324888467788696,Sigma24|Sigma32|Sigma38|Sigma70,4,True,0.026324346661567688,0.0026386824902147055,0.3286125659942627,0.2721642255783081,0.007011243142187595,0.36324888467788696
5,Sigma70,0,Sigma24,0.5628800392150879,Sigma24|Sigma28|Sigma70,3,True,0.5628800392150879,0.037957750260829926,0.008569522760808468,0.008286900818347931,0.00842346716672182,0.3738822638988495
5,Sigma70,0,Sigma24,0.42703530192375183,Sigma24|Sigma28|Sigma70,3,True,0.42703530192375183,0.1651315689086914,0.006612459197640419,0.007576704956591129,0.005455630365759134,0.3881883919239044
5,Sigma70,0,Sigma24,0.5479877591133118,Sigma24|Sigma28|Sigma32|Sigma54|Sigma70,5,True,0.5479877591133118,0.1295081377029419,0.0424978993833065,0.006940088234841824,0.023896124213933945,0.2491699904203415
5,Sigma70,5,Sigma70,0.540302038192749,Sigma24|Sigma28|Sigma32|Sigma54|Sigma70,5,True,0.313819020986557,0.10268721729516983,0.019299613311886787,0.0076469602063298225,0.016245227307081223,0.540302038192749
5,Sigma70,5,Sigma70,0.9151424169540405,Sigma24|Sigma70,2,True,0.06616708636283875,0.004131069872528315,0.00849517248570919,0.003483198117464781,0.002581060864031315,0.9151424169540405
5,Sigma70,2,Sigma32,0.9718149900436401,Sigma32|Sigma70,2,True,0.00018766785797197372,2.581254011602141e-05,0.9718149900436401,0.005597085226327181,0.0037674636114388704,0.018607039004564285
5,Sigma70,5,Sigma70,0.9351691007614136,Sigma24|Sigma70,2,True,0.05043240264058113,0.0023425021208822727,0.004169389605522156,0.006532290484756231,0.0013543677050620317,0.9351691007614136
5,Sigma70,5,Sigma70,0.8228836059570312,Sigma24|Sigma32|Sigma70,3,True,0.015952762216329575,0.0020923519041389227,0.1422145664691925,0.008822583593428135,0.008034114725887775,0.8228836059570312
5,Sigma70,5,Sigma70,0.9214395880699158,Sigma24|Sigma32|Sigma38|Sigma70,4,True,0.0168006531894207,0.0014902740949764848,0.03911696746945381,0.01765248365700245,0.00350003270432353,0.9214395880699158
5,Sigma70,5,Sigma70,0.6352819204330444,Sigma24|Sigma28|Sigma32|Sigma70,4,True,0.2894912362098694,0.03199733793735504,0.02094399929046631,0.010418408550322056,0.011867060326039791,0.6352819204330444
5,Sigma70,5,Sigma70,0.8253732323646545,Sigma32|Sigma38|Sigma70,3,True,0.00737095857039094,0.0008972367504611611,0.10186561942100525,0.06187805160880089,0.0026149244513362646,0.8253732323646545
5,Sigma70,0,Sigma24,0.531874418258667,Sigma24|Sigma28|Sigma54|Sigma70,4,True,0.531874418258667,0.034800831228494644,0.013365767896175385,0.0027298415079712868,0.07609573751688004,0.3411335051059723
5,Sigma70,5,Sigma70,0.9298785328865051,Sigma24|Sigma32|Sigma38|Sigma70,4,True,0.016891255974769592,0.001948666526004672,0.031709473580121994,0.015785953029990196,0.0037861126475036144,0.9298785328865051
5,Sigma70,5,Sigma70,0.4448986351490021,Sigma32|Sigma54|Sigma70,3,True,0.010050232522189617,0.00809670239686966,0.3829120695590973,0.00771426921710372,0.1463281661272049,0.4448986351490021
5,Sigma70,5,Sigma70,0.6002007126808167,Sigma24|Sigma32|Sigma54|Sigma70,4,True,0.30836376547813416,0.012181606143712997,0.04571706801652908,0.004321042913943529,0.029215801507234573,0.6002007126808167
5,Sigma70,5,Sigma70,0.7213054895401001,Sigma32|Sigma38|Sigma70,3,True,0.004955020733177662,0.0010995223419740796,0.2040431797504425,0.05954919010400772,0.00904762838035822,0.7213054895401001
5,Sigma70,2,Sigma32,0.4833833873271942,Sigma24|Sigma32|Sigma38|Sigma54|Sigma70,5,True,0.02712106518447399,0.002305559813976288,0.4833833873271942,0.027789335697889328,0.02665681205689907,0.4327438175678253
5,Sigma70,5,Sigma70,0.5849770903587341,Sigma24|Sigma32|Sigma38|Sigma70,4,True,0.07227712869644165,0.009293923154473305,0.22918999195098877,0.09888068586587906,0.005381208378821611,0.5849770903587341
5,Sigma70,5,Sigma70,0.8358762860298157,Sigma24|Sigma70,2,True,0.14074461162090302,0.003562567289918661,0.006549449637532234,0.011006934568285942,0.0022601052187383175,0.8358762860298157
5,Sigma70,5,Sigma70,0.7454418540000916,Sigma24|Sigma70,2,True,0.2199481874704361,0.009387334808707237,0.014562237076461315,0.008150660432875156,0.0025097087491303682,0.7454418540000916
5,Sigma70,0,Sigma24,0.44964054226875305,Sigma24|Sigma28|Sigma32|Sigma38|Sigma54|Sigma70,6,True,0.44964054226875305,0.023331403732299805,0.045462194830179214,0.06080083176493645,0.015299047343432903,0.4054659903049469
5,Sigma70,5,Sigma70,0.6641845703125,Sigma24|Sigma32|Sigma38|Sigma70,4,True,0.02779083140194416,0.00040995798190124333,0.054905157536268234,0.2512790858745575,0.0014303926145657897,0.6641845703125
5,Sigma70,5,Sigma70,0.7819288969039917,Sigma24|Sigma32|Sigma38|Sigma54|Sigma70,5,True,0.07516656816005707,0.00211370293982327,0.08833401650190353,0.027015555649995804,0.02544129267334938,0.7819288969039917
5,Sigma70,5,Sigma70,0.9187478423118591,Sigma24|Sigma38|Sigma70,3,True,0.04427191615104675,0.007297347765415907,0.004017847590148449,0.024186089634895325,0.001478979829698801,0.9187478423118591
5,Sigma70,2,Sigma32,0.5795323848724365,Sigma24|Sigma32|Sigma38|Sigma54|Sigma70,5,True,0.046022724360227585,0.002488665981218219,0.5795323848724365,0.03442944213747978,0.055596981197595596,0.2819298505783081
5,Sigma70,5,Sigma70,0.4364107847213745,Sigma24|Sigma28|Sigma32|Sigma38|Sigma54|Sigma70,6,True,0.43553927540779114,0.022850243374705315,0.05457102507352829,0.02189219556748867,0.02873643860220909,0.4364107847213745
5,Sigma70,5,Sigma70,0.5914148688316345,Sigma24|Sigma28|Sigma32|Sigma54|Sigma70,5,True,0.2779017984867096,0.06093161180615425,0.04187769442796707,0.00941314734518528,0.018460866063833237,0.5914148688316345
5,Sigma70,0,Sigma24,0.4407164752483368,Sigma24|Sigma32|Sigma70,3,True,0.4407164752483368,0.004743625875562429,0.19782081246376038,0.004639700520783663,0.008283738978207111,0.34379562735557556
5,Sigma70,5,Sigma70,0.9484750032424927,Sigma32|Sigma38|Sigma70,3,True,0.012613961473107338,0.0009721505339257419,0.015195127576589584,0.019435429945588112,0.00330831715837121,0.9484750032424927
5,Sigma70,5,Sigma70,0.9303848743438721,Sigma24|Sigma38|Sigma70,3,True,0.04084133729338646,0.0013318577548488975,0.008426591753959656,0.017906878143548965,0.0011084607103839517,0.9303848743438721
5,Sigma70,5,Sigma70,0.7997261881828308,Sigma24|Sigma28|Sigma70,3,True,0.13372421264648438,0.04073149710893631,0.009001742117106915,0.011974580585956573,0.004841770511120558,0.7997261881828308
5,Sigma70,5,Sigma70,0.6287693977355957,Sigma28|Sigma32|Sigma38|Sigma54|Sigma70,5,True,0.013193679042160511,0.025908390060067177,0.18894918262958527,0.0464605875313282,0.09671879559755325,0.6287693977355957
5,Sigma70,5,Sigma70,0.33357805013656616,Sigma24|Sigma28|Sigma32|Sigma54|Sigma70,5,True,0.06137405335903168,0.10243234783411026,0.20991459488868713,0.008451798930764198,0.2842491567134857,0.33357805013656616
5,Sigma70,5,Sigma70,0.812461256980896,Sigma24|Sigma28|Sigma32|Sigma38|Sigma54|Sigma70,6,True,0.07539240270853043,0.04225711524486542,0.0303393192589283,0.015244991518557072,0.024304891005158424,0.812461256980896
5,Sigma70,5,Sigma70,0.4022206664085388,Sigma24|Sigma28|Sigma32|Sigma38|Sigma54|Sigma70,6,True,0.37781864404678345,0.05564408004283905,0.08048877865076065,0.03572779893875122,0.04810000956058502,0.4022206664085388
5,Sigma70,5,Sigma70,0.7196764349937439,Sigma24|Sigma28|Sigma32|Sigma70,4,True,0.0931965559720993,0.15367287397384644,0.02085992693901062,0.007295290473848581,0.005298962350934744,0.7196764349937439
5,Sigma70,5,Sigma70,0.6527401208877563,Sigma24|Sigma28|Sigma70,3,True,0.3087151348590851,0.017185639590024948,0.01210331916809082,0.0026633520610630512,0.00659245066344738,0.6527401208877563
5,Sigma70,5,Sigma70,0.849327802658081,Sigma24|Sigma38|Sigma70,3,True,0.11776430904865265,0.007292273920029402,0.006274814251810312,0.017686670646071434,0.0016541159711778164,0.849327802658081
5,Sigma70,0,Sigma24,0.8067542314529419,Sigma24|Sigma28|Sigma70,3,True,0.8067542314529419,0.04980270192027092,0.005401821807026863,0.006077791564166546,0.008124498650431633,0.12383890897035599
5,Sigma70,5,Sigma70,0.7536574602127075,Sigma24|Sigma28|Sigma38|Sigma70,4,True,0.1677398383617401,0.046350326389074326,0.008026177063584328,0.016986431553959846,0.00723976269364357,0.7536574602127075
5,Sigma70,5,Sigma70,0.5101684331893921,Sigma24|Sigma32|Sigma38|Sigma70,4,True,0.35550642013549805,0.009071013890206814,0.07527220249176025,0.03588050603866577,0.014101402834057808,0.5101684331893921
5,Sigma70,5,Sigma70,0.7373447418212891,Sigma24|Sigma32|Sigma70,3,True,0.20267903804779053,0.0028306853491812944,0.04729136824607849,0.0028375410474836826,0.007016671821475029,0.7373447418212891
5,Sigma70,5,Sigma70,0.7732856869697571,Sigma24|Sigma32|Sigma38|Sigma70,4,True,0.16074064373970032,0.002891263458877802,0.037917956709861755,0.019815750420093536,0.005348603241145611,0.7732856869697571
5,Sigma70,3,Sigma38,0.9697349667549133,Sigma38|Sigma70,2,True,0.0018545975908637047,0.0001263542944798246,0.0006487605860456824,0.9697349667549133,8.690790127729997e-05,0.02754843980073929
5,Sigma70,5,Sigma70,0.7726324200630188,Sigma24|Sigma28|Sigma70,3,True,0.19179154932498932,0.016653869301080704,0.007738782558590174,0.0038869904819875956,0.007296362891793251,0.7726324200630188
5,Sigma70,5,Sigma70,0.9432744979858398,Sigma24|Sigma32|Sigma38|Sigma70,4,True,0.017627254128456116,0.0030985120683908463,0.018232932314276695,0.016606563702225685,0.0011602489976212382,0.9432744979858398
5,Sigma70,5,Sigma70,0.8185233473777771,Sigma24|Sigma28|Sigma38|Sigma70,4,True,0.11084897816181183,0.04677606001496315,0.0010693203657865524,0.02211913838982582,0.0006631356664001942,0.8185233473777771
5,Sigma70,5,Sigma70,0.9349686503410339,Sigma24|Sigma32|Sigma38|Sigma70,4,True,0.026522880420088768,0.0013776733539998531,0.019254442304372787,0.01710664853453636,0.0007697514956817031,0.9349686503410339
5,Sigma70,5,Sigma70,0.5795952081680298,Sigma24|Sigma28|Sigma32|Sigma38|Sigma54|Sigma70,6,True,0.11393919587135315,0.2392481118440628,0.020171163603663445,0.021589914336800575,0.02545643411576748,0.5795952081680298
5,Sigma70,0,Sigma24,0.514718770980835,Sigma24|Sigma28|Sigma32|Sigma38|Sigma70,5,True,0.514718770980835,0.07432486116886139,0.018664807081222534,0.015188824385404587,0.008819157257676125,0.36828354001045227
5,Sigma70,5,Sigma70,0.875674307346344,Sigma24|Sigma70,2,True,0.08657683432102203,0.01026865653693676,0.013186831027269363,0.008715854957699776,0.005577473901212215,0.875674307346344
5,Sigma70,5,Sigma70,0.8151513338088989,Sigma24|Sigma38|Sigma70,3,True,0.11306677758693695,0.0009913844987750053,0.014580701477825642,0.05517903342843056,0.0010307946940883994,0.8151513338088989
5,Sigma70,5,Sigma70,0.9121743440628052,Sigma24|Sigma32|Sigma70,3,True,0.0348217636346817,0.0012845323653891683,0.03672845661640167,0.006806779652833939,0.008184104226529598,0.9121743440628052
5,Sigma70,2,Sigma32,0.48170897364616394,Sigma24|Sigma32|Sigma70,3,True,0.1948154717683792,0.0027824100106954575,0.48170897364616394,0.005032144952565432,0.009204261004924774,0.3064567744731903
5,Sigma70,5,Sigma70,0.953982412815094,Sigma38|Sigma70,2,True,0.006067435722798109,0.002351346192881465,0.0062135569751262665,0.030669866129755974,0.0007153155165724456,0.953982412815094
5,Sigma70,5,Sigma70,0.48243430256843567,Sigma24|Sigma32|Sigma38|Sigma70,4,True,0.07912465184926987,0.005333027336746454,0.3520430028438568,0.07109800726175308,0.009967127814888954,0.48243430256843567
5,Sigma70,5,Sigma70,0.8679396510124207,Sigma24|Sigma32|Sigma38|Sigma70,4,True,0.03629440814256668,0.004035208374261856,0.03638320416212082,0.051142722368240356,0.004204833880066872,0.8679396510124207
5,Sigma70,0,Sigma24,0.4418667256832123,Sigma24|Sigma28|Sigma32|Sigma38|Sigma54|Sigma70,6,True,0.4418667256832123,0.08571765571832657,0.06246327608823776,0.03225604444742203,0.03054227866232395,0.34715408086776733
5,Sigma70,0,Sigma24,0.48951035737991333,Sigma24|Sigma32|Sigma70,3,True,0.48951035737991333,0.01197078451514244,0.07079219818115234,0.005143893416970968,0.010608130134642124,0.41197457909584045
5,Sigma70,5,Sigma70,0.8028668165206909,Sigma24|Sigma32|Sigma38|Sigma70,4,True,0.09489767998456955,0.005096009466797113,0.06116706132888794,0.033031731843948364,0.002940691076219082,0.8028668165206909
5,Sigma70,5,Sigma70,0.7637490034103394,Sigma24|Sigma70,2,True,0.20783717930316925,0.010381869971752167,0.008429640904068947,0.008497838862240314,0.0011044556740671396,0.7637490034103394
5,Sigma70,5,Sigma70,0.6910169720649719,Sigma24|Sigma32|Sigma70,3,True,0.015495620667934418,0.0019036540761590004,0.2748315930366516,0.010653823614120483,0.0060983686707913876,0.6910169720649719
5,Sigma70,5,Sigma70,0.3486027419567108,Sigma24|Sigma28|Sigma32|Sigma38|Sigma54|Sigma70,6,True,0.18239332735538483,0.016508297994732857,0.34714260697364807,0.01612282730638981,0.08923023194074631,0.3486027419567108
5,Sigma70,5,Sigma70,0.7585131525993347,Sigma24|Sigma28|Sigma32|Sigma38|Sigma54|Sigma70,6,True,0.13881708681583405,0.023752663284540176,0.018949711695313454,0.04361111298203468,0.01635625772178173,0.7585131525993347
5,Sigma70,5,Sigma70,0.7499858140945435,Sigma24|Sigma32|Sigma38|Sigma70,4,True,0.02747974544763565,0.001281912438571453,0.03798804059624672,0.1812635362148285,0.002000882290303707,0.7499858140945435
5,Sigma70,5,Sigma70,0.3659186065196991,Sigma24|Sigma32|Sigma38|Sigma54|Sigma70,5,True,0.19630564749240875,0.013293375261127949,0.10893650352954865,0.17770813405513763,0.13783766329288483,0.3659186065196991
5,Sigma70,5,Sigma70,0.9465776681900024,Sigma32|Sigma38|Sigma70,3,True,0.010267768986523151,0.000659488607198,0.016368048265576363,0.02509145252406597,0.0010355624835938215,0.9465776681900024
5,Sigma70,5,Sigma70,0.8110660314559937,Sigma24|Sigma28|Sigma38|Sigma70,4,True,0.11291388422250748,0.02440200187265873,0.003168190363794565,0.042703840881586075,0.0057459985837340355,0.8110660314559937
5,Sigma70,5,Sigma70,0.7869728207588196,Sigma24|Sigma32|Sigma38|Sigma54|Sigma70,5,True,0.034176863729953766,0.007696297951042652,0.07188764959573746,0.0802948996424675,0.018971402198076248,0.7869728207588196
5,Sigma70,3,Sigma38,0.38935717940330505,Sigma24|Sigma32|Sigma38|Sigma54|Sigma70,5,True,0.03769078105688095,0.005912772845476866,0.13753171265125275,0.38935717940330505,0.04042971134185791,0.3890778124332428
5,Sigma70,5,Sigma70,0.6371349096298218,Sigma24|Sigma32|Sigma38|Sigma70,4,True,0.30207499861717224,0.0019670771434903145,0.03970116376876831,0.017297914251685143,0.0018239323981106281,0.6371349096298218
5,Sigma70,5,Sigma70,0.6832327842712402,Sigma24|Sigma28|Sigma32|Sigma54|Sigma70,5,True,0.20198971033096313,0.028232676908373833,0.04089623689651489,0.010151837952435017,0.03549676388502121,0.6832327842712402
5,Sigma70,0,Sigma24,0.5636262893676758,Sigma24|Sigma70,2,True,0.5636262893676758,0.012797596864402294,0.008933644741773605,0.014111587777733803,0.009586791507899761,0.39094406366348267
5,Sigma70,0,Sigma24,0.6022408604621887,Sigma24|Sigma28|Sigma32|Sigma54|Sigma70,5,True,0.6022408604621887,0.17340925335884094,0.031018221750855446,0.0077202655375003815,0.030752647668123245,0.1548587679862976
5,Sigma70,5,Sigma70,0.6346651315689087,Sigma24|Sigma28|Sigma38|Sigma70,4,True,0.32304781675338745,0.018085332587361336,0.003408975899219513,0.016391893848776817,0.004400836303830147,0.6346651315689087
5,Sigma70,5,Sigma70,0.8780304193496704,Sigma24|Sigma32|Sigma38|Sigma70,4,True,0.06416304409503937,0.006046452559530735,0.02713666670024395,0.019699133932590485,0.004924270790070295,0.8780304193496704
5,Sigma70,3,Sigma38,0.9636529088020325,Sigma38|Sigma70,2,True,0.0017133908113464713,0.00010967122943839058,0.005189054179936647,0.9636529088020325,0.00021203122742008418,0.029122937470674515
5,Sigma70,5,Sigma70,0.7732213735580444,Sigma32|Sigma38|Sigma70,3,True,0.011465972289443016,0.0007856992888264358,0.13977256417274475,0.06818210333585739,0.006572312209755182,0.7732213735580444
5,Sigma70,5,Sigma70,0.6768344640731812,Sigma24|Sigma28|Sigma32|Sigma38|Sigma70,5,True,0.16019809246063232,0.09150179475545883,0.04775648191571236,0.01564110442996025,0.008068034425377846,0.6768344640731812
5,Sigma70,5,Sigma70,0.672616183757782,Sigma24|Sigma28|Sigma32|Sigma38|Sigma70,5,True,0.15027396380901337,0.019046055153012276,0.047550950199365616,0.10728247463703156,0.003230363829061389,0.672616183757782
5,Sigma70,5,Sigma70,0.6427600979804993,Sigma24|Sigma28|Sigma32|Sigma54|Sigma70,5,True,0.1570100486278534,0.06423812359571457,0.08893217891454697,0.013638808391988277,0.033420808613300323,0.6427600979804993
5,Sigma70,5,Sigma70,0.7471608519554138,Sigma24|Sigma28|Sigma32|Sigma54|Sigma70,5,True,0.16415590047836304,0.05297936126589775,0.016075294464826584,0.003163450164720416,0.016465183347463608,0.7471608519554138
5,Sigma70,5,Sigma70,0.8853170871734619,Sigma24|Sigma32|Sigma70,3,True,0.06846220791339874,0.0030717081390321255,0.03171386569738388,0.006207746919244528,0.005227342247962952,0.8853170871734619
5,Sigma70,5,Sigma70,0.5726764798164368,Sigma24|Sigma28|Sigma70,3,True,0.39197736978530884,0.021053440868854523,0.00654381699860096,0.001922331633977592,0.005826517008244991,0.5726764798164368
5,Sigma70,5,Sigma70,0.8806629776954651,Sigma24|Sigma28|Sigma70,3,True,0.06331396847963333,0.030791709199547768,0.010824990458786488,0.011643396690487862,0.0027630063705146313,0.8806629776954651
5,Sigma70,5,Sigma70,0.7927116751670837,Sigma24|Sigma32|Sigma38|Sigma70,4,True,0.01992788538336754,0.011857653968036175,0.08676378428936005,0.0857485830783844,0.002990431385114789,0.7927116751670837
5,Sigma70,5,Sigma70,0.6940615773200989,Sigma24|Sigma32|Sigma38|Sigma54|Sigma70,5,True,0.16905979812145233,0.008638720028102398,0.07592803239822388,0.015461253933608532,0.03685060143470764,0.6940615773200989
5,Sigma70,5,Sigma70,0.850357711315155,Sigma24|Sigma32|Sigma38|Sigma70,4,True,0.03686630725860596,0.0066294800490140915,0.07311739027500153,0.022701850160956383,0.010327225551009178,0.850357711315155
5,Sigma70,5,Sigma70,0.5503979921340942,Sigma24|Sigma28|Sigma32|Sigma38|Sigma54|Sigma70,6,True,0.27449265122413635,0.021221386268734932,0.0831962525844574,0.03518777713179588,0.035503894090652466,0.5503979921340942
5,Sigma70,5,Sigma70,0.6009128093719482,Sigma24|Sigma32|Sigma38|Sigma54|Sigma70,5,True,0.09197849035263062,0.006371513940393925,0.12019055336713791,0.15054559707641602,0.030001096427440643,0.6009128093719482
5,Sigma70,5,Sigma70,0.7118196487426758,Sigma24|Sigma32|Sigma38|Sigma54|Sigma70,5,True,0.12714089453220367,0.012946364469826221,0.07796897739171982,0.026103869080543518,0.04402027651667595,0.7118196487426758
5,Sigma70,5,Sigma70,0.908509373664856,Sigma24|Sigma32|Sigma38|Sigma70,4,True,0.02970588579773903,0.0018488704226911068,0.03013983555138111,0.026866236701607704,0.0029297673609107733,0.908509373664856
5,Sigma70,5,Sigma70,0.8704257607460022,Sigma32|Sigma38|Sigma70,3,True,0.010588640347123146,0.003562384517863393,0.05357369780540466,0.06032056733965874,0.0015289236325770617,0.8704257607460022
5,Sigma70,5,Sigma70,0.8451939821243286,Sigma24|Sigma32|Sigma38|Sigma70,4,True,0.04267406463623047,0.004448696970939636,0.05149548128247261,0.05105290189385414,0.005134844686836004,0.8451939821243286
5,Sigma70,5,Sigma70,0.7133219242095947,Sigma24|Sigma28|Sigma38|Sigma54|Sigma70,5,True,0.142347052693367,0.04520192742347717,0.014722617343068123,0.03895242512226105,0.04545406624674797,0.7133219242095947
5,Sigma70,5,Sigma70,0.6510232090950012,Sigma24|Sigma28|Sigma32|Sigma38|Sigma54|Sigma70,6,True,0.1019071415066719,0.015881886705756187,0.04011829197406769,0.15673334896564484,0.03433609753847122,0.6510232090950012
5,Sigma70,5,Sigma70,0.5155925750732422,Sigma24|Sigma32|Sigma38|Sigma54|Sigma70,5,True,0.0676475465297699,0.007429894059896469,0.20871903002262115,0.015224278904497623,0.18538665771484375,0.5155925750732422
5,Sigma70,5,Sigma70,0.9268749952316284,Sigma24|Sigma32|Sigma38|Sigma70,4,True,0.018475186079740524,0.004969367757439613,0.020077884197235107,0.021174218505620956,0.008428385481238365,0.9268749952316284
