true_label,before_pred,before_confidence,after_pred,after_confidence,before_proba_class_0,before_proba_class_1,after_proba_class_0,after_proba_class_1
0,1,0.9998356103897095,1,0.9963700771331787,0.0001643199793761596,0.9998356103897095,0.003629924962297082,0.9963700771331787
0,0,0.9987058639526367,0,0.986404299736023,0.9987058639526367,0.0012941022869199514,0.986404299736023,0.01359566766768694
0,1,0.9464623928070068,1,0.8642339110374451,0.053537555038928986,0.9464623928070068,0.13576602935791016,0.8642339110374451
0,0,0.9685778617858887,0,0.9010699391365051,0.9685778617858887,0.03142215684056282,0.9010699391365051,0.0989300012588501
0,0,0.9959613680839539,0,0.9720547795295715,0.9959613680839539,0.004038652870804071,0.9720547795295715,0.02794520929455757
0,0,0.9999958276748657,0,0.9996567964553833,0.9999958276748657,4.2070523704751395e-06,0.9996567964553833,0.00034324207808822393
0,1,0.8839643001556396,1,0.7872527837753296,0.11603575944900513,0.8839643001556396,0.21274727582931519,0.7872527837753296
0,0,0.9751735925674438,0,0.9141477346420288,0.9751735925674438,0.024826427921652794,0.9141477346420288,0.0858522430062294
0,1,0.9999915361404419,1,0.9994623064994812,8.444990271527786e-06,0.9999915361404419,0.0005376788321882486,0.9994623064994812
0,1,0.9768723249435425,1,0.9177499413490295,0.02312762662768364,0.9768723249435425,0.08225005865097046,0.9177499413490295
0,0,0.9854575395584106,0,0.9380089044570923,0.9854575395584106,0.014542452059686184,0.9380089044570923,0.06199115142226219
0,0,0.9992263317108154,0,0.9902058243751526,0.9992263317108154,0.0007736894185654819,0.9902058243751526,0.009794164448976517
0,1,0.9773114323616028,1,0.9186989665031433,0.022688627243041992,0.9773114323616028,0.0813010185956955,0.9186989665031433
0,0,0.9979363679885864,0,0.9817129969596863,0.9979363679885864,0.002063657622784376,0.9817129969596863,0.018287044018507004
0,0,0.998412013053894,0,0.9845149517059326,0.998412013053894,0.0015879248967394233,0.9845149517059326,0.015485003590583801
0,0,0.9999871253967285,0,0.9992942810058594,0.9999871253967285,1.2881930160801858e-05,0.9992942810058594,0.0007057007169350982
0,0,0.999876856803894,0,0.996985137462616,0.999876856803894,0.00012307164433877915,0.996985137462616,0.003014827612787485
0,0,0.9930915832519531,0,0.9608863592147827,0.9930915832519531,0.0069083767011761665,0.9608863592147827,0.03911370038986206
0,0,0.9999074935913086,0,0.9974898099899292,0.9999074935913086,9.254980977857485e-05,0.9974898099899292,0.002510207239538431
0,0,0.9055905938148499,0,0.811062753200531,0.9055905938148499,0.09440936893224716,0.811062753200531,0.1889372617006302
0,0,0.9999552965164185,0,0.9984273910522461,0.9999552965164185,4.473364242585376e-05,0.9984273910522461,0.0015726923011243343
0,0,0.9999440908432007,0,0.9981856942176819,0.9999440908432007,5.585902545135468e-05,0.9981856942176819,0.0018142564222216606
0,1,0.9999219179153442,1,0.9977506995201111,7.80261616455391e-05,0.9999219179153442,0.002249297685921192,0.9977506995201111
0,1,0.9767444133758545,1,0.9174748063087463,0.023255590349435806,0.9767444133758545,0.08252522349357605,0.9174748063087463
0,0,0.9528493881225586,0,0.8740338683128357,0.9528493881225586,0.04715057089924812,0.8740338683128357,0.1259661614894867
0,0,0.9990866184234619,0,0.989111602306366,0.9990866184234619,0.0009133457206189632,0.989111602306366,0.010888459160923958
0,0,0.997093677520752,0,0.977288544178009,0.997093677520752,0.0029063383117318153,0.977288544178009,0.02271142601966858
0,0,0.7071205973625183,0,0.6382994651794434,0.7071205973625183,0.2928793728351593,0.6382994651794434,0.36170056462287903
0,1,0.9300529360771179,1,0.8412234783172607,0.0699470192193985,0.9300529360771179,0.15877649188041687,0.8412234783172607
0,0,0.9999179840087891,0,0.9976776242256165,0.9999179840087891,8.200232696253806e-05,0.9976776242256165,0.0023223403841257095
0,0,0.9994669556617737,0,0.9922813773155212,0.9994669556617737,0.0005330319399945438,0.9922813773155212,0.007718599401414394
0,0,0.9777741432189941,0,0.9197078347206116,0.9777741432189941,0.022225884720683098,0.9197078347206116,0.0802922397851944
0,1,0.9840286374092102,1,0.9343453645706177,0.015971332788467407,0.9840286374092102,0.06565460562705994,0.9343453645706177
0,0,0.9999959468841553,0,0.9996674060821533,0.9999959468841553,4.0069585338642355e-06,0.9996674060821533,0.00033263472141698003
0,0,0.5489847660064697,0,0.5316245555877686,0.5489847660064697,0.4510152339935303,0.5316245555877686,0.46837541460990906
0,0,0.9994577765464783,0,0.9921969175338745,0.9994577765464783,0.0005421769456006587,0.9921969175338745,0.007803052663803101
0,0,0.9999219179153442,0,0.9977501034736633,0.9999219179153442,7.80595000833273e-05,0.9977501034736633,0.0022499156184494495
0,0,0.9962376356124878,0,0.9732734560966492,0.9962376356124878,0.0037623776588588953,0.9732734560966492,0.026726581156253815
0,0,0.9999990463256836,0,0.9998670816421509,0.9999990463256836,9.65176354839059e-07,0.9998670816421509,0.00013294948439579457
0,0,0.9997847676277161,0,0.9956828355789185,0.9997847676277161,0.00021527470380533487,0.9956828355789185,0.004317185841500759
0,0,0.9918687343597412,0,0.9567095041275024,0.9918687343597412,0.008131235837936401,0.9567095041275024,0.043290432542562485
0,0,0.9994118213653564,0,0.9917792677879333,0.9994118213653564,0.000588232243899256,0.9917792677879333,0.008220742456614971
0,0,0.9998964071273804,0,0.9973011612892151,0.9998964071273804,0.00010359744192101061,0.9973011612892151,0.002698910189792514
0,0,0.9993252754211426,0,0.9910258650779724,0.9993252754211426,0.0006747057195752859,0.9910258650779724,0.008974055759608746
0,0,0.9998018145561218,0,0.9959062337875366,0.9998018145561218,0.00019816549320239574,0.9959062337875366,0.004093716852366924
0,0,0.999473512172699,0,0.9923418760299683,0.999473512172699,0.0005265189683996141,0.9923418760299683,0.007658130489289761
0,0,0.999887228012085,0,0.9971497654914856,0.999887228012085,0.00011277823796262965,0.9971497654914856,0.002850281074643135
0,1,0.7527658939361572,1,0.6720507740974426,0.24723410606384277,0.7527658939361572,0.327949196100235,0.6720507740974426
0,0,0.9997027516365051,0,0.9946905970573425,0.9997027516365051,0.0002972023794427514,0.9946905970573425,0.00530937360599637
0,0,0.9978391528129578,0,0.9811712503433228,0.9978391528129578,0.002160925418138504,0.9811712503433228,0.018828697502613068
0,0,0.9999878406524658,0,0.9993184804916382,0.9999878406524658,1.220290141645819e-05,0.9993184804916382,0.0006815158994868398
0,1,0.9823144674301147,1,0.9301255345344543,0.017685504630208015,0.9823144674301147,0.06987447291612625,0.9301255345344543
0,0,0.9872730374336243,0,0.9428850412368774,0.9872730374336243,0.012727046385407448,0.9428850412368774,0.05711495876312256
0,0,0.9999634027481079,0,0.9986169338226318,0.9999634027481079,3.663583629531786e-05,0.9986169338226318,0.0013830482494086027
0,0,0.9999939203262329,0,0.9995643496513367,0.9999939203262329,6.091908744565444e-06,0.9995643496513367,0.0004356750287115574
0,0,0.9999973773956299,0,0.9997498393058777,0.9999973773956299,2.5753067802725127e-06,0.9997498393058777,0.00025020132306963205
0,0,0.890435516834259,0,0.7941498756408691,0.890435516834259,0.10956443101167679,0.7941498756408691,0.20585021376609802
0,0,0.9995757937431335,0,0.9933307766914368,0.9995757937431335,0.0004242303839419037,0.9933307766914368,0.006669218651950359
0,0,0.9967772364616394,0,0.9757577776908875,0.9967772364616394,0.003222749335691333,0.9757577776908875,0.024242248386144638
0,0,0.9821591973304749,0,0.9297517538070679,0.9821591973304749,0.017840834334492683,0.9297517538070679,0.07024820148944855
0,1,0.9097461104393005,1,0.8159111738204956,0.09025388211011887,0.9097461104393005,0.18408887088298798,0.8159111738204956
0,0,0.9850305914878845,0,0.9368990659713745,0.9850305914878845,0.014969478361308575,0.9368990659713745,0.06310099363327026
0,1,0.9996656179428101,1,0.9942743182182312,0.0003343432617839426,0.9996656179428101,0.005725668277591467,0.9942743182182312
0,0,0.9835982918739319,0,0.9332689046859741,0.9835982918739319,0.016401702538132668,0.9332689046859741,0.06673108786344528
0,0,0.9999867677688599,0,0.9992819428443909,0.9999867677688599,1.3234605830803048e-05,0.9992819428443909,0.0007180817774496973
0,0,0.8523703813552856,0,0.7558051943778992,0.8523703813552856,0.14762964844703674,0.7558051943778992,0.24419482052326202
0,0,0.9781458377838135,0,0.9205245971679688,0.9781458377838135,0.02185416780412197,0.9205245971679688,0.07947539538145065
0,0,0.9958838820457458,0,0.9717192053794861,0.9958838820457458,0.004116040654480457,0.9717192053794861,0.02828075736761093
0,0,0.8522552847862244,0,0.7556964159011841,0.8522552847862244,0.14774473011493683,0.7556964159011841,0.24430356919765472
0,0,0.9998297691345215,0,0.9962871074676514,0.9998297691345215,0.00017020656378008425,0.9962871074676514,0.0037129002157598734
0,0,0.9998319149017334,0,0.996317982673645,0.9998319149017334,0.0001680075074546039,0.996317982673645,0.0036820268724113703
0,0,0.999988317489624,0,0.9993395209312439,0.999988317489624,1.1623226782830898e-05,0.9993395209312439,0.0006604880909435451
0,0,0.9893935918807983,0,0.9489579796791077,0.9893935918807983,0.010606391355395317,0.9489579796791077,0.05104201287031174
0,0,0.9995080232620239,0,0.9926677346229553,0.9995080232620239,0.0004919309285469353,0.9926677346229553,0.007332292851060629
0,1,0.8304781317710876,1,0.7357407808303833,0.16952189803123474,0.8304781317710876,0.2642592191696167,0.7357407808303833
0,1,0.9991913437843323,1,0.9899255037307739,0.0008086540619842708,0.9991913437843323,0.01007450558245182,0.9899255037307739
0,0,0.9982983469963074,0,0.9838190674781799,0.9982983469963074,0.0017017088830471039,0.9838190674781799,0.016180934384465218
0,1,0.7911758422851562,1,0.7023146748542786,0.20882418751716614,0.7911758422851562,0.2976853549480438,0.7023146748542786
0,0,0.9999814033508301,0,0.9991044402122498,0.9999814033508301,1.8648455807124265e-05,0.9991044402122498,0.0008955059456638992
0,0,0.9995453953742981,0,0.9930292963981628,0.9995453953742981,0.0004545623669400811,0.9930292963981628,0.006970726884901524
0,0,0.9999399185180664,0,0.9980984330177307,0.9999399185180664,6.0093247157055885e-05,0.9980984330177307,0.0019015606958419085
0,0,0.6393302083015442,0,0.5911897420883179,0.6393302083015442,0.3606698215007782,0.5911897420883179,0.40881022810935974
0,0,0.9999223947525024,0,0.997759222984314,0.9999223947525024,7.756827835692093e-05,0.997759222984314,0.0022408009972423315
0,0,0.9965192079544067,0,0.974551260471344,0.9965192079544067,0.0034808164928108454,0.974551260471344,0.025448709726333618
0,0,0.9999247789382935,0,0.9978025555610657,0.9999247789382935,7.52464184188284e-05,0.9978025555610657,0.0021974381525069475
0,0,0.9999563694000244,0,0.9984520673751831,0.9999563694000244,4.3644711695378646e-05,0.9984520673751831,0.0015479517169296741
0,0,0.9915123581886292,0,0.9555404186248779,0.9915123581886292,0.008487614803016186,0.9555404186248779,0.04445963352918625
0,0,0.9997060894966125,0,0.994728147983551,0.9997060894966125,0.00029393614386208355,0.994728147983551,0.005271888338029385
0,0,0.9996199607849121,0,0.9937849044799805,0.9996199607849121,0.0003799964324571192,0.9937849044799805,0.006215054076164961
0,0,0.9997269511222839,0,0.9949711561203003,0.9997269511222839,0.0002730718406382948,0.9949711561203003,0.005028766579926014
0,0,0.9803321361541748,0,0.9254533648490906,0.9803321361541748,0.019667809829115868,0.9254533648490906,0.07454663515090942
0,1,0.669107973575592,1,0.6115301847457886,0.33089205622673035,0.669107973575592,0.38846978545188904,0.6115301847457886
0,0,0.999839186668396,0,0.99642014503479,0.999839186668396,0.00016080550267361104,0.99642014503479,0.003579875687137246
0,0,0.9861016273498535,0,0.9397085309028625,0.9861016273498535,0.013898372650146484,0.9397085309028625,0.06029142439365387
0,0,0.9635458588600159,0,0.8918805122375488,0.9635458588600159,0.03645412623882294,0.8918805122375488,0.10811948031187057
0,0,0.9845369458198547,0,0.9356322884559631,0.9845369458198547,0.015463066287338734,0.9356322884559631,0.06436765938997269
0,0,0.9998034834861755,0,0.9959285855293274,0.9998034834861755,0.0001964887196663767,0.9959285855293274,0.004071452654898167
0,1,0.987036943435669,1,0.9422356486320496,0.012963087297976017,0.987036943435669,0.05776439979672432,0.9422356486320496
0,0,0.9980302453041077,0,0.9822452068328857,0.9980302453041077,0.0019697186071425676,0.9822452068328857,0.01775474101305008
0,0,0.8005138635635376,0,0.7100001573562622,0.8005138635635376,0.1994861662387848,0.7100001573562622,0.2899998128414154
0,0,0.9952021837234497,0,0.9688618183135986,0.9952021837234497,0.004797754809260368,0.9688618183135986,0.03113817796111107
0,1,0.990919828414917,1,0.9536388516426086,0.00908016599714756,0.990919828414917,0.04636112600564957,0.9536388516426086
0,0,0.9978867173194885,0,0.9814354777336121,0.9978867173194885,0.0021132766269147396,0.9814354777336121,0.018564531579613686
0,1,0.9108820557594299,1,0.8172540068626404,0.08911796659231186,0.9108820557594299,0.1827460378408432,0.8172540068626404
0,1,0.9982050657272339,1,0.9832619428634644,0.0017948910826817155,0.9982050657272339,0.01673799194395542,0.9832619428634644
0,1,0.9054918885231018,1,0.8109486699104309,0.09450814127922058,0.9054918885231018,0.1890513151884079,0.8109486699104309
0,0,0.9999078512191772,0,0.9974976181983948,0.9999078512191772,9.21015816857107e-05,0.9974976181983948,0.0025023845955729485
0,0,0.9999264478683472,0,0.9978352189064026,0.9999264478683472,7.351824751822278e-05,0.9978352189064026,0.00216485233977437
0,0,0.9923382997512817,0,0.9582818746566772,0.9923382997512817,0.007661616429686546,0.9582818746566772,0.04171806573867798
0,0,0.999940037727356,0,0.998101532459259,0.999940037727356,5.99409468122758e-05,0.998101532459259,0.0018984591588377953
0,0,0.9944003224372864,0,0.965695321559906,0.9944003224372864,0.005599698517471552,0.965695321559906,0.03430463746190071
0,1,0.8103904128074646,1,0.7182924151420593,0.18960963189601898,0.8103904128074646,0.28170761466026306,0.7182924151420593
0,0,0.9996267557144165,0,0.9938566088676453,0.9996267557144165,0.0003731776378117502,0.9938566088676453,0.006143374368548393
0,0,0.9952115416526794,0,0.9688994884490967,0.9952115416526794,0.004788506776094437,0.9688994884490967,0.031100507825613022
0,0,0.9619395136833191,0,0.8890657424926758,0.9619395136833191,0.03806047514081001,0.8890657424926758,0.1109343022108078
0,0,0.996291995048523,0,0.9735172390937805,0.996291995048523,0.0037080065812915564,0.9735172390937805,0.026482751592993736
0,0,0.9998568296432495,0,0.9966772794723511,0.9998568296432495,0.00014318393368739635,0.9966772794723511,0.0033227181993424892
0,0,0.9993869066238403,0,0.9915586709976196,0.9993869066238403,0.000613104784861207,0.9915586709976196,0.008441339246928692
0,1,0.9981977343559265,1,0.9832181930541992,0.0018023066222667694,0.9981977343559265,0.016781846061348915,0.9832181930541992
0,0,0.9986830353736877,0,0.9862517714500427,0.9986830353736877,0.00131699675694108,0.9862517714500427,0.013748249039053917
0,0,0.9998038411140442,0,0.9959331154823303,0.9998038411140442,0.0001961431698873639,0.9959331154823303,0.004066852852702141
0,0,0.9999668598175049,0,0.9987049102783203,0.9999668598175049,3.3081141737056896e-05,0.9987049102783203,0.0012951245298609138
0,0,0.9951010346412659,0,0.9684514403343201,0.9951010346412659,0.00489896722137928,0.9684514403343201,0.031548600643873215
0,0,0.9747744798660278,0,0.9133168458938599,0.9747744798660278,0.025225548073649406,0.9133168458938599,0.08668310940265656
0,0,0.998358428478241,0,0.9841845035552979,0.998358428478241,0.0016415867721661925,0.9841845035552979,0.01581546664237976
0,1,0.931363046169281,1,0.8429641127586365,0.06863702088594437,0.931363046169281,0.1570359319448471,0.8429641127586365
0,1,0.8648279309272766,1,0.7678080201148987,0.1351720541715622,0.8648279309272766,0.23219196498394012,0.7678080201148987
0,0,0.9998809099197388,0,0.9970493316650391,0.9998809099197388,0.00011901960533577949,0.9970493316650391,0.0029506662394851446
0,0,0.9985198378562927,0,0.9851917028427124,0.9985198378562927,0.0014801273355260491,0.9851917028427124,0.014808319509029388
0,1,0.8675630688667297,1,0.7705081701278687,0.1324368566274643,0.8675630688667297,0.22949182987213135,0.7705081701278687
0,0,0.8400773406028748,0,0.744390606880188,0.8400773406028748,0.15992268919944763,0.744390606880188,0.255609393119812
0,1,0.9997429251670837,1,0.9951621890068054,0.00025707532768137753,0.9997429251670837,0.004837786313146353,0.9951621890068054
0,0,0.9971656203269958,0,0.9776453971862793,0.9971656203269958,0.002834378043189645,0.9776453971862793,0.022354576736688614
0,0,0.9991905093193054,0,0.9899189472198486,0.9991905093193054,0.0008094704826362431,0.9899189472198486,0.010081002488732338
0,0,0.9992803931236267,0,0.9906482100486755,0.9992803931236267,0.0007196759688667953,0.9906482100486755,0.0093517592176795
0,0,0.9975408315658569,0,0.9795652627944946,0.9975408315658569,0.0024591321125626564,0.9795652627944946,0.020434772595763206
0,0,0.925305962562561,0,0.8350363969802856,0.925305962562561,0.07469402998685837,0.8350363969802856,0.16496357321739197
0,0,0.9998745918273926,0,0.9969485402107239,0.9998745918273926,0.00012541127216536552,0.9969485402107239,0.0030515280086547136
0,0,0.9996492862701416,0,0.9940959215164185,0.9996492862701416,0.0003507393994368613,0.9940959215164185,0.005904062185436487
0,0,0.9991604089736938,0,0.9896811842918396,0.9991604089736938,0.0008395767072215676,0.9896811842918396,0.010318759828805923
0,0,0.5974987745285034,0,0.5633006691932678,0.5974987745285034,0.40250125527381897,0.5633006691932678,0.4366993308067322
0,0,0.9996510744094849,0,0.9941151142120361,0.9996510744094849,0.0003489603695925325,0.9941151142120361,0.005884855519980192
0,0,0.9996095299720764,0,0.9936749339103699,0.9996095299720764,0.00039054822991602123,0.9936749339103699,0.00632506376132369
0,1,0.8877047300338745,1,0.7912175059318542,0.11229532212018967,0.8877047300338745,0.20878255367279053,0.7912175059318542
0,0,0.8465629816055298,0,0.7503629922866821,0.8465629816055298,0.15343697369098663,0.7503629922866821,0.24963700771331787
0,0,0.7053765058517456,0,0.6370477676391602,0.7053765058517456,0.2946235239505768,0.6370477676391602,0.36295223236083984
0,0,0.9997033476829529,0,0.9946978092193604,0.9997033476829529,0.0002965722815133631,0.9946978092193604,0.005302156321704388
0,0,0.9944645762443542,0,0.9659425020217896,0.9944645762443542,0.005535376723855734,0.9659425020217896,0.03405747935175896
0,1,0.9995648264884949,1,0.9932208061218262,0.00043519848259165883,0.9995648264884949,0.006779119372367859,0.9932208061218262
0,0,0.9272630214691162,0,0.8375649452209473,0.9272630214691162,0.07273697853088379,0.8375649452209473,0.16243503987789154
0,1,0.9854394197463989,1,0.9379615187644958,0.014560557901859283,0.9854394197463989,0.06203848496079445,0.9379615187644958
0,1,0.6961844563484192,1,0.6304909586906433,0.3038155436515808,0.6961844563484192,0.3695090115070343,0.6304909586906433
0,1,0.7430918216705322,1,0.6647214889526367,0.25690823793411255,0.7430918216705322,0.33527854084968567,0.6647214889526367
0,0,0.9997304081916809,0,0.995012104511261,0.9997304081916809,0.0002696145966183394,0.995012104511261,0.004987841937690973
0,0,0.9996373653411865,0,0.9939688444137573,0.9996373653411865,0.00036259001353755593,0.9939688444137573,0.006031126249581575
0,0,0.9998966455459595,0,0.9973044395446777,0.9998966455459595,0.00010339995787944645,0.9973044395446777,0.0026956021320074797
0,0,0.9997430443763733,0,0.9951636791229248,0.9997430443763733,0.0002569520438555628,0.9951636791229248,0.004836298990994692
0,0,0.9991384744644165,0,0.9895098209381104,0.9991384744644165,0.0008615292608737946,0.9895098209381104,0.010490150190889835
0,1,0.9999469518661499,1,0.998245358467102,5.303419675328769e-05,0.9999469518661499,0.0017546929884701967,0.998245358467102
0,0,0.9944326281547546,0,0.9658192992210388,0.9944326281547546,0.005567405838519335,0.9658192992210388,0.034180693328380585
0,0,0.9909840822219849,0,0.9538426399230957,0.9909840822219849,0.009015902876853943,0.9538426399230957,0.046157356351614
0,0,0.9875966906547546,0,0.9437838792800903,0.9875966906547546,0.012403301894664764,0.9437838792800903,0.05621614307165146
0,0,0.995997428894043,0,0.9722118973731995,0.995997428894043,0.0040026213973760605,0.9722118973731995,0.027788138017058372
0,0,0.9918588995933533,0,0.9566767811775208,0.9918588995933533,0.008141149766743183,0.9566767811775208,0.04332322999835014
0,1,0.5178268551826477,1,0.5114902853965759,0.4821731150150299,0.5178268551826477,0.4885097146034241,0.5114902853965759
0,1,0.8888457417488098,1,0.7924386858940125,0.11115425825119019,0.8888457417488098,0.20756125450134277,0.7924386858940125
0,1,0.8632035851478577,1,0.7662159204483032,0.13679645955562592,0.8632035851478577,0.2337840497493744,0.7662159204483032
0,0,0.9999746084213257,0,0.9989086389541626,0.9999746084213257,2.5355126126669347e-05,0.9989086389541626,0.0010913433507084846
0,0,0.9745153784751892,0,0.9127807021141052,0.9745153784751892,0.02548455446958542,0.9127807021141052,0.08721933513879776
0,1,0.9346160292625427,1,0.8473524451255798,0.06538396328687668,0.9346160292625427,0.15264758467674255,0.8473524451255798
0,1,0.566234290599823,1,0.5428277850151062,0.4337657392024994,0.566234290599823,0.4571722447872162,0.5428277850151062
0,1,0.9956757426261902,1,0.9708281755447388,0.004324296023696661,0.9956757426261902,0.029171856120228767,0.9708281755447388
0,0,0.9999711513519287,0,0.9988129138946533,0.9999711513519287,2.8895343348267488e-05,0.9988129138946533,0.0011871283641085029
0,0,0.9996517896652222,0,0.9941229224205017,0.9996517896652222,0.0003482382162474096,0.9941229224205017,0.00587705010548234
0,0,0.9947898387908936,0,0.9672096967697144,0.9947898387908936,0.005210156552493572,0.9672096967697144,0.032790280878543854
0,0,0.9902288913726807,0,0.9514835476875305,0.9902288913726807,0.009771088138222694,0.9514835476875305,0.048516515642404556
0,0,0.9997428059577942,0,0.9951605200767517,0.9997428059577942,0.00025721898418851197,0.9951605200767517,0.004839520435780287
0,0,0.9860304594039917,0,0.9395192861557007,0.9860304594039917,0.013969482854008675,0.9395192861557007,0.06048065051436424
0,0,0.9870597124099731,0,0.9422981142997742,0.9870597124099731,0.012940289452672005,0.9422981142997742,0.05770189315080643
0,0,0.9999876022338867,0,0.9993131160736084,0.9999876022338867,1.2351877558103297e-05,0.9993131160736084,0.0006868623313494027
0,1,0.6763260364532471,1,0.6165370345115662,0.32367393374443054,0.6763260364532471,0.38346293568611145,0.6165370345115662
0,0,0.9983367919921875,0,0.9840528964996338,0.9983367919921875,0.0016631424659863114,0.9840528964996338,0.015947062522172928
0,0,0.9996761083602905,0,0.9943893551826477,0.9996761083602905,0.00032391789136454463,0.9943893551826477,0.005610589403659105
0,0,0.9990496039390564,0,0.9888317584991455,0.9990496039390564,0.0009504039189778268,0.9888317584991455,0.011168232187628746
0,0,0.9997808337211609,0,0.9956329464912415,0.9997808337211609,0.0002191622625105083,0.9956329464912415,0.004367054905742407
0,1,0.9986357092857361,1,0.985939621925354,0.0013642911799252033,0.9986357092857361,0.014060374349355698,0.985939621925354
0,0,0.963043749332428,0,0.8909948468208313,0.963043749332428,0.03695627674460411,0.8909948468208313,0.1090051457285881
0,0,0.9794111847877502,0,0.9233503341674805,0.9794111847877502,0.020588839426636696,0.9233503341674805,0.0766497477889061
0,0,0.9982320666313171,0,0.9834218621253967,0.9982320666313171,0.0017679628217592835,0.9834218621253967,0.016578136011958122
0,1,0.9963623881340027,1,0.9738346934318542,0.003637680085375905,0.9963623881340027,0.02616533264517784,0.9738346934318542
0,0,0.9995536208152771,0,0.9931105375289917,0.9995536208152771,0.00044631556374952197,0.9931105375289917,0.006889494601637125
0,0,0.9999415874481201,0,0.9981330037117004,0.9999415874481201,5.840354788233526e-05,0.9981330037117004,0.0018669944256544113
0,0,0.9998620748519897,0,0.996756374835968,0.9998620748519897,0.00013791333185508847,0.996756374835968,0.003243625396862626
0,0,0.8522040247917175,0,0.7556479573249817,0.8522040247917175,0.14779601991176605,0.7556479573249817,0.2443520426750183
0,0,0.9999285936355591,0,0.9978749752044678,0.9999285936355591,7.142575486795977e-05,0.9978749752044678,0.0021250247955322266
0,1,0.9580258131027222,1,0.8824182748794556,0.0419742614030838,0.9580258131027222,0.11758171021938324,0.8824182748794556
0,0,0.9671429395675659,0,0.8983879685401917,0.9671429395675659,0.032857105135917664,0.8983879685401917,0.10161203891038895
0,0,0.9995051622390747,0,0.9926400184631348,0.9995051622390747,0.0004948406713083386,0.9926400184631348,0.007360015995800495
0,0,0.6871088147163391,0,0.6240796446800232,0.6871088147163391,0.3128912150859833,0.6240796446800232,0.3759203553199768
0,1,0.7806981801986694,1,0.6938555240631104,0.21930181980133057,0.7806981801986694,0.30614444613456726,0.6938555240631104
0,0,0.9867510199546814,0,0.9414554238319397,0.9867510199546814,0.013248972594738007,0.9414554238319397,0.05854452773928642
0,0,0.8982607126235962,0,0.8027403950691223,0.8982607126235962,0.10173927247524261,0.8027403950691223,0.19725967943668365
0,0,0.9998563528060913,0,0.9966712594032288,0.9998563528060913,0.00014358862244989723,0.9966712594032288,0.0033287466503679752
0,1,0.9573388695716858,1,0.8812804222106934,0.04266111180186272,0.9573388695716858,0.11871959269046783,0.8812804222106934
0,0,0.6245989799499512,0,0.5812892913818359,0.6245989799499512,0.37540096044540405,0.5812892913818359,0.4187106788158417
0,0,0.9996274709701538,0,0.993863582611084,0.9996274709701538,0.0003725247224792838,0.993863582611084,0.006136483978480101
0,0,0.9193951487541199,0,0.8275760412216187,0.9193951487541199,0.08060488104820251,0.8275760412216187,0.17242392897605896
0,1,0.9997866749763489,1,0.9957083463668823,0.00021328880393411964,0.9997866749763489,0.004291584715247154,0.9957083463668823
0,0,0.9194895625114441,0,0.8276932239532471,0.9194895625114441,0.0805104523897171,0.8276932239532471,0.17230671644210815
0,0,0.999749481678009,0,0.9952422380447388,0.999749481678009,0.0002504807780496776,0.9952422380447388,0.004757809452712536
0,0,0.9998730421066284,0,0.9969248175621033,0.9998730421066284,0.00012692980817519128,0.9969248175621033,0.00307521503418684
0,0,0.926415205001831,0,0.8364657759666443,0.926415205001831,0.07358482480049133,0.8364657759666443,0.1635342389345169
0,0,0.9996269941329956,0,0.9938583970069885,0.9996269941329956,0.0003730091266334057,0.9938583970069885,0.006141595542430878
0,0,0.9996672868728638,0,0.9942922592163086,0.9996672868728638,0.0003327162121422589,0.9942922592163086,0.0057077957317233086
0,0,0.9999808073043823,0,0.9990886449813843,0.9999808073043823,1.9162365788361058e-05,0.9990886449813843,0.0009113168343901634
0,0,0.9213277697563171,0,0.8299870491027832,0.9213277697563171,0.07867231965065002,0.8299870491027832,0.17001286149024963
0,0,0.9420391321182251,0,0.8577513098716736,0.9420391321182251,0.0579608753323555,0.8577513098716736,0.14224869012832642
0,0,0.9996882677078247,0,0.9945255517959595,0.9996882677078247,0.00031173843308351934,0.9945255517959595,0.005474428180605173
0,0,0.9996596574783325,0,0.9942083358764648,0.9996596574783325,0.00034037354635074735,0.9942083358764648,0.005791643634438515
0,0,0.9865357279777527,0,0.9408724308013916,0.9865357279777527,0.013464264571666718,0.9408724308013916,0.05912749469280243
0,0,0.9891557097434998,0,0.9482535123825073,0.9891557097434998,0.010844315402209759,0.9482535123825073,0.05174649879336357
0,0,0.9955220222473145,0,0.9701813459396362,0.9955220222473145,0.004477939568459988,0.9701813459396362,0.029818695038557053
0,0,0.9927979111671448,0,0.9598577618598938,0.9927979111671448,0.007202161010354757,0.9598577618598938,0.04014222323894501
0,0,0.9963648915290833,0,0.9738459587097168,0.9963648915290833,0.003635183908045292,0.9738459587097168,0.026154015213251114
0,0,0.9935838580131531,0,0.9626489877700806,0.9935838580131531,0.006416190881282091,0.9626489877700806,0.037350982427597046
0,0,0.9995786547660828,0,0.9933596253395081,0.9995786547660828,0.0004213667707517743,0.9933596253395081,0.006640354637056589
0,1,0.7339785099029541,1,0.657909631729126,0.2660214900970459,0.7339785099029541,0.3420903980731964,0.657909631729126
0,0,0.9921338558197021,0,0.9575927257537842,0.9921338558197021,0.007866093888878822,0.9575927257537842,0.04240727424621582
0,0,0.995105504989624,0,0.9684696197509766,0.995105504989624,0.004894449841231108,0.9684696197509766,0.03153034299612045
0,1,0.999922513961792,1,0.9977607727050781,7.748067582724616e-05,0.999922513961792,0.0022391746751964092,0.9977607727050781
0,0,0.9999828338623047,0,0.9991520643234253,0.9999828338623047,1.7133483197540045e-05,0.9991520643234253,0.0008479628013446927
0,1,0.7377803921699524,1,0.6607409119606018,0.2622196078300476,0.7377803921699524,0.3392591178417206,0.6607409119606018
0,0,0.999958872795105,0,0.9985105395317078,0.999958872795105,4.11069268011488e-05,0.9985105395317078,0.0014894200721755624
0,1,0.999873161315918,1,0.9969270825386047,0.00012678102939389646,0.999873161315918,0.0030729002319276333,0.9969270825386047
0,0,0.8127763867378235,0,0.7203224897384644,0.8127763867378235,0.1872236430644989,0.7203224897384644,0.27967751026153564
0,0,0.9997038245201111,0,0.9947022795677185,0.9997038245201111,0.0002961871796287596,0.9947022795677185,0.005297742318361998
0,0,0.9997497200965881,0,0.9952442049980164,0.9997497200965881,0.000250315380981192,0.9952442049980164,0.00475579546764493
0,1,0.999889612197876,1,0.9971880316734314,0.0001104255934478715,0.999889612197876,0.002811926882714033,0.9971880316734314
0,0,0.9998542070388794,0,0.9966391324996948,0.9998542070388794,0.00014575273962691426,0.9966391324996948,0.003360888222232461
0,0,0.5947372317314148,0,0.5614816546440125,0.5947372317314148,0.4052627682685852,0.5614816546440125,0.43851834535598755
0,0,0.9999959468841553,0,0.9996660947799683,0.9999959468841553,4.0318473111256026e-06,0.9996660947799683,0.0003339642134960741
0,0,0.9994809031486511,0,0.99241042137146,0.9994809031486511,0.000519178225658834,0.99241042137146,0.007589640561491251
0,0,0.9999629259109497,0,0.9986065030097961,0.9999629259109497,3.706883580889553e-05,0.9986065030097961,0.0013935454189777374
0,0,0.9999659061431885,0,0.9986791014671326,0.9999659061431885,3.411039142520167e-05,0.9986791014671326,0.0013209154130890965
0,0,0.9925017356872559,0,0.9588377475738525,0.9925017356872559,0.007498257327824831,0.9588377475738525,0.04116218164563179
0,1,0.6526926159858704,1,0.6002585887908936,0.347307413816452,0.6526926159858704,0.39974138140678406,0.6002585887908936
0,1,0.983775794506073,1,0.9337114095687866,0.016224222257733345,0.983775794506073,0.06628859788179398,0.9337114095687866
0,1,0.9985785484313965,1,0.9855678081512451,0.0014214353868737817,0.9985785484313965,0.014432182535529137,0.9855678081512451
0,1,0.9971007704734802,1,0.9773239493370056,0.0028991643339395523,0.9971007704734802,0.0226760096848011,0.9773239493370056
0,0,0.9999927282333374,0,0.9995129108428955,0.9999927282333374,7.243259005917935e-06,0.9995129108428955,0.0004870643897447735
0,0,0.9997525811195374,0,0.9952794313430786,0.9997525811195374,0.0002474335487931967,0.9952794313430786,0.004720600321888924
0,0,0.7529106140136719,0,0.6721612215042114,0.7529106140136719,0.24708934128284454,0.6721612215042114,0.3278387188911438
0,0,0.9999916553497314,0,0.9994656443595886,0.9999916553497314,8.363816050405148e-06,0.9994656443595886,0.000534344871994108
0,0,0.9952927827835083,0,0.969231903553009,0.9952927827835083,0.004707188345491886,0.969231903553009,0.030768074095249176
0,0,0.6640021204948425,0,0.6080077290534973,0.6640021204948425,0.33599787950515747,0.6080077290534973,0.3919922411441803
0,0,0.9999206066131592,0,0.9977261424064636,0.9999206066131592,7.935401663416997e-05,0.9977261424064636,0.002273835940286517
0,0,0.9999767541885376,0,0.9989678859710693,0.9999767541885376,2.3252005121321417e-05,0.9989678859710693,0.0010321770096197724
0,0,0.8254479169845581,0,0.7312924265861511,0.8254479169845581,0.1745520681142807,0.7312924265861511,0.2687075734138489
0,0,0.9995707869529724,0,0.9932809472084045,0.9995707869529724,0.0004291892400942743,0.9932809472084045,0.006719035562127829
0,1,0.999925971031189,1,0.9978255033493042,7.403090421576053e-05,0.999925971031189,0.002174546243622899,0.9978255033493042
0,0,0.9997979998588562,0,0.9958550333976746,0.9997979998588562,0.00020204043539706618,0.9958550333976746,0.004144920501857996
0,0,0.9995661377906799,0,0.9932343363761902,0.9995661377906799,0.00043385475873947144,0.9932343363761902,0.006765709258615971
0,0,0.9996596574783325,0,0.994208812713623,0.9996596574783325,0.0003403336158953607,0.994208812713623,0.005791204050183296
0,0,0.9986470341682434,0,0.9860137701034546,0.9986470341682434,0.0013529930729418993,0.9860137701034546,0.013986175879836082
0,0,0.9959034323692322,0,0.971803605556488,0.9959034323692322,0.004096530843526125,0.971803605556488,0.02819640003144741
0,0,0.8351919651031494,0,0.7399611473083496,0.8351919651031494,0.16480807960033417,0.7399611473083496,0.260038822889328
0,0,0.9998757839202881,0,0.9969667792320251,0.9998757839202881,0.00012424135638866574,0.9969667792320251,0.0030332058668136597
0,0,0.9986646175384521,0,0.9861298203468323,0.9986646175384521,0.0013354071415960789,0.9861298203468323,0.013870234601199627
0,0,0.998197615146637,0,0.9832179546356201,0.998197615146637,0.0018023512093350291,0.9832179546356201,0.016782106831669807
0,0,0.997349739074707,0,0.9785743951797485,0.997349739074707,0.0026502725668251514,0.9785743951797485,0.021425563842058182
0,1,0.504920244216919,1,0.5031706094741821,0.49507972598075867,0.504920244216919,0.4968293607234955,0.5031706094741821
0,0,0.9965903759002686,0,0.9748806357383728,0.9965903759002686,0.0034096096642315388,0.9748806357383728,0.025119347497820854
0,0,0.9998513460159302,0,0.9965969920158386,0.9998513460159302,0.00014860733062960207,0.9965969920158386,0.0034030198585242033
0,0,0.9999954700469971,0,0.9996416568756104,0.9999954700469971,4.497239388001617e-06,0.9996416568756104,0.0003583112556952983
0,1,0.8852411508560181,1,0.7885996103286743,0.11475884914398193,0.8852411508560181,0.2114003300666809,0.7885996103286743
0,1,0.9681665301322937,1,0.9002957344055176,0.03183354064822197,0.9681665301322937,0.09970426559448242,0.9002957344055176
0,0,0.971950113773346,0,0.9075908660888672,0.971950113773346,0.028049856424331665,0.9075908660888672,0.0924091786146164
0,0,0.9574339985847473,0,0.8814375996589661,0.9574339985847473,0.0425659716129303,0.8814375996589661,0.11856246739625931
0,0,0.9435405731201172,0,0.859926164150238,0.9435405731201172,0.05645936354994774,0.859926164150238,0.14007385075092316
0,0,0.9999381303787231,0,0.9980618357658386,0.9999381303787231,6.19029815425165e-05,0.9980618357658386,0.0019381977617740631
0,0,0.977165162563324,0,0.9183820486068726,0.977165162563324,0.02283485420048237,0.9183820486068726,0.08161799609661102
0,1,0.9949057102203369,1,0.9676682949066162,0.005094365682452917,0.9949057102203369,0.03233173117041588,0.9676682949066162
0,0,0.9999898672103882,0,0.9993973970413208,0.9999898672103882,1.0080485481012147e-05,0.9993973970413208,0.0006026113987900317
0,1,0.9873185753822327,1,0.9430109858512878,0.012681471183896065,0.9873185753822327,0.056988976895809174,0.9430109858512878
0,0,0.7845500111579895,0,0.6969460248947144,0.7845500111579895,0.21544994413852692,0.6969460248947144,0.30305397510528564
0,0,0.9934988021850586,0,0.9623408913612366,0.9934988021850586,0.0065012043341994286,0.9623408913612366,0.0376591682434082
0,0,0.8853458762168884,0,0.7887104153633118,0.8853458762168884,0.11465416848659515,0.7887104153633118,0.21128961443901062
0,0,0.9999933242797852,0,0.9995380640029907,0.9999933242797852,6.6729467107506935e-06,0.9995380640029907,0.0004620043036993593
0,1,0.9969044327735901,1,0.9763656854629517,0.0030956019181758165,0.9969044327735901,0.023634303361177444,0.9763656854629517
0,1,0.865204393863678,1,0.7681781649589539,0.1347956359386444,0.865204393863678,0.23182182013988495,0.7681781649589539
0,0,0.8577020168304443,0,0.7608851194381714,0.8577020168304443,0.14229793846607208,0.7608851194381714,0.23911485075950623
0,0,0.999961256980896,0,0.9985673427581787,0.999961256980896,3.869832289637998e-05,0.9985673427581787,0.0014326621312648058
0,1,0.9998817443847656,1,0.9970622658729553,0.00011821056250482798,0.9998817443847656,0.002937762066721916,0.9970622658729553
0,0,0.9999649524688721,0,0.9986546039581299,0.9999649524688721,3.5098219086648896e-05,0.9986546039581299,0.0013454079162329435
0,1,0.5533940196037292,1,0.5344834327697754,0.446605920791626,0.5533940196037292,0.465516597032547,0.5344834327697754
0,0,0.777031421661377,0,0.6909336447715759,0.777031421661377,0.22296862304210663,0.6909336447715759,0.3090663552284241
0,0,0.9999339580535889,0,0.9979791045188904,0.9999339580535889,6.606134411413223e-05,0.9979791045188904,0.002020961605012417
0,0,0.9762722849845886,0,0.9164649248123169,0.9762722849845886,0.02372775413095951,0.9164649248123169,0.08353505283594131
0,0,0.781640350818634,0,0.6946094632148743,0.781640350818634,0.21835967898368835,0.6946094632148743,0.30539053678512573
0,1,0.5592092275619507,1,0.5382587313652039,0.44079071283340454,0.5592092275619507,0.46174123883247375,0.5382587313652039
0,0,0.9813747406005859,0,0.9278846383094788,0.9813747406005859,0.018625270575284958,0.9278846383094788,0.07211536169052124
0,1,0.8408390283584595,1,0.7450864911079407,0.15916098654270172,0.8408390283584595,0.25491347908973694,0.7450864911079407
0,0,0.9999624490737915,0,0.9985949397087097,0.9999624490737915,3.754589124582708e-05,0.9985949397087097,0.001405059825628996
0,0,0.9967107772827148,0,0.9754437208175659,0.9967107772827148,0.0032892050221562386,0.9754437208175659,0.024556349962949753
0,0,0.970960795879364,0,0.9056442975997925,0.970960795879364,0.02903919108211994,0.9056442975997925,0.09435571730136871
0,1,0.6133647561073303,1,0.5737999081611633,0.3866352140903473,0.6133647561073303,0.42620012164115906,0.5737999081611633
0,0,0.9957658052444458,0,0.9712117314338684,0.9957658052444458,0.004234182182699442,0.9712117314338684,0.02878834865987301
0,0,0.9988417029380798,0,0.9873307347297668,0.9988417029380798,0.0011583213927224278,0.9873307347297668,0.012669207528233528
0,0,0.9999309778213501,0,0.9979221224784851,0.9999309778213501,6.89755252096802e-05,0.9979221224784851,0.0020778547041118145
0,1,0.5056391358375549,1,0.5036338567733765,0.49436089396476746,0.5056391358375549,0.49636608362197876,0.5036338567733765
0,0,0.9943510293960571,0,0.9655066728591919,0.9943510293960571,0.005649002268910408,0.9655066728591919,0.03449332341551781
0,0,0.9790403842926025,0,0.9225149154663086,0.9790403842926025,0.02095956727862358,0.9225149154663086,0.07748506963253021
0,0,0.9999074935913086,0,0.9974908828735352,0.9999074935913086,9.248980495613068e-05,0.9974908828735352,0.002509159268811345
0,0,0.9508858919143677,0,0.8709613084793091,0.9508858919143677,0.049114104360342026,0.8709613084793091,0.12903864681720734
0,0,0.9999114274978638,0,0.9975588321685791,0.9999114274978638,8.861951209837571e-05,0.9975588321685791,0.0024411494378000498
0,0,0.9994410872459412,0,0.9920433163642883,0.9994410872459412,0.0005589547217823565,0.9920433163642883,0.007956664077937603
0,0,0.8009516000747681,0,0.710364043712616,0.8009516000747681,0.19904838502407074,0.710364043712616,0.28963595628738403
0,0,0.9998724460601807,0,0.996915340423584,0.9998724460601807,0.00012753898045048118,0.996915340423584,0.0030846907757222652
0,1,0.9998825788497925,1,0.9970753192901611,0.00011739569890778512,0.9998825788497925,0.0029247330967336893,0.9970753192901611
0,0,0.995836615562439,0,0.9715151786804199,0.995836615562439,0.004163392353802919,0.9715151786804199,0.028484869748353958
0,0,0.99664306640625,0,0.9751262068748474,0.99664306640625,0.00335689727216959,0.9751262068748474,0.024873828515410423
0,0,0.9985793828964233,0,0.9855729937553406,0.9985793828964233,0.0014206254854798317,0.9855729937553406,0.014426954090595245
0,0,0.9966417551040649,0,0.9751200675964355,0.9966417551040649,0.0033582057803869247,0.9751200675964355,0.024879934266209602
0,0,0.9999376535415649,0,0.9980536699295044,0.9999376535415649,6.230611325008795e-05,0.9980536699295044,0.0019463078351691365
0,1,0.9778302311897278,1,0.9198307394981384,0.022169755771756172,0.9778302311897278,0.08016925305128098,0.9198307394981384
0,1,0.9998847246170044,1,0.9971094727516174,0.00011526988964760676,0.9998847246170044,0.0028905896469950676,0.9971094727516174
0,0,0.9997896552085876,0,0.995745837688446,0.9997896552085876,0.00021040084538981318,0.995745837688446,0.00425419956445694
0,1,0.7376954555511475,1,0.660677433013916,0.2623045742511749,0.7376954555511475,0.3393225371837616,0.660677433013916
0,0,0.9997437596321106,0,0.9951726794242859,0.9997437596321106,0.00025620911037549376,0.9951726794242859,0.004827324766665697
0,0,0.9819921255111694,0,0.9293514490127563,0.9819921255111694,0.018007827922701836,0.9293514490127563,0.07064855098724365
0,0,0.9998254179954529,0,0.9962259531021118,0.9998254179954529,0.0001745912741171196,0.9962259531021118,0.0037740326952189207
0,1,0.9623300433158875,1,0.8897450566291809,0.037669986486434937,0.9623300433158875,0.1102549284696579,0.8897450566291809
0,0,0.9439266324043274,0,0.8604894876480103,0.9439266324043274,0.05607336014509201,0.8604894876480103,0.13951057195663452
0,0,0.9822590351104736,0,0.9299918413162231,0.9822590351104736,0.017741018906235695,0.9299918413162231,0.07000818848609924
0,0,0.9997720122337341,0,0.995520830154419,0.9997720122337341,0.00022799176804255694,0.995520830154419,0.004479151219129562
0,0,0.9942858815193176,0,0.9652584791183472,0.9942858815193176,0.005714118015021086,0.9652584791183472,0.03474155068397522
0,0,0.9999991655349731,0,0.9998821020126343,0.9999991655349731,8.006784355529817e-07,0.9998821020126343,0.00011786973482230678
0,0,0.9998237490653992,0,0.9962033629417419,0.9998237490653992,0.00017622733139432967,0.9962033629417419,0.0037967024836689234
0,0,0.999745786190033,0,0.9951967597007751,0.999745786190033,0.0002542162546887994,0.9951967597007751,0.00480320630595088
0,0,0.9998869895935059,0,0.9971467852592468,0.9998869895935059,0.00011296001321170479,0.9971467852592468,0.002853232668712735
0,1,0.8142287731170654,1,0.7215635776519775,0.18577119708061218,0.8142287731170654,0.27843642234802246,0.7215635776519775
0,0,0.9973589777946472,0,0.9786219000816345,0.9973589777946472,0.0026409996207803488,0.9786219000816345,0.021378127858042717
0,0,0.9971254467964172,0,0.9774459004402161,0.9971254467964172,0.002874532248824835,0.9774459004402161,0.022554118186235428
0,0,0.9994786381721497,0,0.9923896193504333,0.9994786381721497,0.0005213900003582239,0.9923896193504333,0.007610315456986427
0,0,0.9719225168228149,0,0.9075360298156738,0.9719225168228149,0.02807748317718506,0.9075360298156738,0.092463918030262
0,0,0.9954580068588257,0,0.9699142575263977,0.9954580068588257,0.004541970323771238,0.9699142575263977,0.03008570894598961
0,0,0.9999706745147705,0,0.998802900314331,0.9999706745147705,2.927128480223473e-05,0.998802900314331,0.0011970469495281577
0,0,0.9632743000984192,0,0.8914008736610413,0.9632743000984192,0.036725714802742004,0.8914008736610413,0.10859914869070053
0,0,0.9944983124732971,0,0.9660723209381104,0.9944983124732971,0.005501692648977041,0.9660723209381104,0.033927612006664276
0,0,0.9949216246604919,0,0.9677318930625916,0.9949216246604919,0.0050783841870725155,0.9677318930625916,0.03226812928915024
0,0,0.849743664264679,0,0.753332257270813,0.849743664264679,0.15025632083415985,0.753332257270813,0.246667742729187
0,0,0.9996331930160522,0,0.9939242005348206,0.9996331930160522,0.000366787426173687,0.9939242005348206,0.006075762677937746
0,1,0.994091808795929,1,0.9645251035690308,0.005908200517296791,0.994091808795929,0.03547489270567894,0.9645251035690308
0,0,0.9980858564376831,0,0.982564389705658,0.9980858564376831,0.0019141949014738202,0.982564389705658,0.01743563823401928
0,0,0.9999961853027344,0,0.9996771812438965,0.9999961853027344,3.825765361398226e-06,0.9996771812438965,0.0003228656423743814
0,1,0.9999874830245972,1,0.9993071556091309,1.2518315088527743e-05,0.9999874830245972,0.0006928077200427651,0.9993071556091309
0,1,0.9933724403381348,1,0.9618858098983765,0.006627530790865421,0.9933724403381348,0.03811418637633324,0.9618858098983765
0,0,0.999897837638855,0,0.9973255395889282,0.999897837638855,0.0001021394127747044,0.9973255395889282,0.002674435032531619
0,0,0.7535261511802673,0,0.6726312637329102,0.7535261511802673,0.24647383391857147,0.6726312637329102,0.32736867666244507
0,0,0.9979130625724792,0,0.981582522392273,0.9979130625724792,0.002086927182972431,0.981582522392273,0.018417488783597946
0,0,0.5967549085617065,0,0.562810480594635,0.5967549085617065,0.40324509143829346,0.562810480594635,0.437189519405365
0,1,0.6385586261749268,1,0.5906687378883362,0.36144140362739563,0.6385586261749268,0.40933120250701904,0.5906687378883362
0,1,0.6666198968887329,1,0.6098117232322693,0.3333801329135895,0.6666198968887329,0.39018821716308594,0.6098117232322693
0,1,0.9771982431411743,1,0.9184537529945374,0.022801710292696953,0.9771982431411743,0.08154625445604324,0.9184537529945374
0,0,0.9991238713264465,0,0.9893969297409058,0.9991238713264465,0.0008760998025536537,0.9893969297409058,0.010603023692965508
0,0,0.5556707978248596,0,0.535960853099823,0.5556707978248596,0.4443292021751404,0.535960853099823,0.4640392065048218
0,0,0.9931632280349731,0,0.9611396789550781,0.9931632280349731,0.006836751010268927,0.9611396789550781,0.03886031731963158
0,0,0.7634260058403015,0,0.6802536249160767,0.7634260058403015,0.23657400906085968,0.6802536249160767,0.31974637508392334
0,0,0.9999899864196777,0,0.9993991851806641,0.9999899864196777,1.0032772479462437e-05,0.9993991851806641,0.000600772793404758
0,0,0.9953688383102417,0,0.9695446491241455,0.9953688383102417,0.004631181713193655,0.9695446491241455,0.03045533411204815
0,0,0.9865074157714844,0,0.9407961368560791,0.9865074157714844,0.013492555357515812,0.9407961368560791,0.05920381844043732
0,1,0.9708986282348633,1,0.9055230617523193,0.029101300984621048,0.9708986282348633,0.09447697550058365,0.9055230617523193
0,0,0.999911904335022,0,0.9975681900978088,0.999911904335022,8.809190330794081e-05,0.9975681900978088,0.0024317940697073936
0,0,0.9999775886535645,0,0.9989919066429138,0.9999775886535645,2.2415506464312784e-05,0.9989919066429138,0.0010081168729811907
0,1,0.7919473648071289,1,0.702944278717041,0.2080526351928711,0.7919473648071289,0.29705575108528137,0.702944278717041
0,0,0.9654588103294373,0,0.8953044414520264,0.9654588103294373,0.03454117849469185,0.8953044414520264,0.10469549894332886
0,0,0.9997504353523254,0,0.9952532052993774,0.9997504353523254,0.00024958254653029144,0.9952532052993774,0.004746862221509218
0,0,0.9964984655380249,0,0.9744558334350586,0.9964984655380249,0.0035015479661524296,0.9744558334350586,0.025544123724102974
0,0,0.8877266645431519,0,0.791240930557251,0.8877266645431519,0.11227332800626755,0.791240930557251,0.20875903964042664
0,1,0.977790117263794,1,0.9197427034378052,0.022209925577044487,0.977790117263794,0.08025726675987244,0.9197427034378052
0,0,0.8514137864112854,0,0.7549023628234863,0.8514137864112854,0.1485861986875534,0.7549023628234863,0.24509762227535248
0,0,0.9615138173103333,0,0.8883285522460938,0.9615138173103333,0.038486141711473465,0.8883285522460938,0.11167143285274506
0,0,0.9998648166656494,0,0.9967987537384033,0.9998648166656494,0.0001351147220702842,0.9967987537384033,0.0032011866569519043
0,1,0.570198655128479,1,0.5454105734825134,0.429801344871521,0.570198655128479,0.45458945631980896,0.5454105734825134
0,0,0.9999924898147583,0,0.9995014667510986,0.9999924898147583,7.5090606515004765e-06,0.9995014667510986,0.0004985021078027785
0,0,0.9973469972610474,0,0.9785606265068054,0.9973469972610474,0.0026529785245656967,0.9785606265068054,0.021439392119646072
0,0,0.9999862909317017,0,0.9992656111717224,0.9999862909317017,1.3702926480618771e-05,0.9992656111717224,0.0007343425531871617
0,0,0.9998446702957153,0,0.9964995384216309,0.9998446702957153,0.00015528086805716157,0.9964995384216309,0.003500396618619561
0,0,0.9999274015426636,0,0.9978523254394531,0.9999274015426636,7.261615246534348e-05,0.9978523254394531,0.002147731836885214
0,1,0.9999268054962158,1,0.9978405237197876,7.323270256165415e-05,0.9999268054962158,0.002159440889954567,0.9978405237197876
0,1,0.9752907156944275,1,0.9143926501274109,0.024709315970540047,0.9752907156944275,0.0856073647737503,0.9143926501274109
0,0,0.9970958232879639,0,0.9772993326187134,0.9970958232879639,0.0029041417874395847,0.9772993326187134,0.022700589150190353
0,0,0.9966713786125183,0,0.9752585291862488,0.9966713786125183,0.0033286199904978275,0.9752585291862488,0.02474150061607361
0,0,0.9997076392173767,0,0.9947466254234314,0.9997076392173767,0.00029232806991785765,0.9947466254234314,0.005253378767520189
0,0,0.9994730353355408,0,0.992337167263031,0.9994730353355408,0.0005270306719467044,0.992337167263031,0.007662886753678322
0,0,0.9986748695373535,0,0.9861975312232971,0.9986748695373535,0.0013251625932753086,0.9861975312232971,0.013802437111735344
0,0,0.9999209642410278,0,0.9977328777313232,0.9999209642410278,7.898989133536816e-05,0.9977328777313232,0.0022671225015074015
0,0,0.8591330647468567,0,0.7622628211975098,0.8591330647468567,0.1408669799566269,0.7622628211975098,0.23773717880249023
0,0,0.9998844861984253,0,0.997104823589325,0.9998844861984253,0.00011555349919945002,0.997104823589325,0.002895158715546131
0,1,0.8762795925140381,1,0.7792835831642151,0.12372037768363953,0.8762795925140381,0.2207164466381073,0.7792835831642151
0,0,0.9999672174453735,0,0.9987137317657471,0.9999672174453735,3.273109541623853e-05,0.9987137317657471,0.0012862876756116748
0,1,0.9825519323348999,1,0.9306997656822205,0.01744799315929413,0.9825519323348999,0.06930027157068253,0.9306997656822205
0,1,0.6929592490196228,1,0.6282057166099548,0.3070407211780548,0.6929592490196228,0.3717942535877228,0.6282057166099548
0,0,0.9976069927215576,0,0.9799148440361023,0.9976069927215576,0.0023929919116199017,0.9799148440361023,0.020085200667381287
0,1,0.555031418800354,1,0.535545825958252,0.4449686110019684,0.555031418800354,0.46445417404174805,0.535545825958252
0,0,0.9993830919265747,0,0.9915258288383484,0.9993830919265747,0.0006168348481878638,0.9915258288383484,0.008474137634038925
0,1,0.9766162037849426,1,0.9171997308731079,0.023383762687444687,0.9766162037849426,0.08280019462108612,0.9171997308731079
0,0,0.9993267059326172,0,0.9910380840301514,0.9993267059326172,0.0006732796900905669,0.9910380840301514,0.008961927145719528
0,0,0.5178115963935852,0,0.511480450630188,0.5178115963935852,0.4821884036064148,0.511480450630188,0.488519549369812
0,0,0.7599965929985046,0,0.6775996088981628,0.7599965929985046,0.24000339210033417,0.6775996088981628,0.32240036129951477
0,0,0.9972658157348633,0,0.9781478643417358,0.9972658157348633,0.0027342154644429684,0.9781478643417358,0.021852081641554832
0,1,0.7640825510025024,1,0.6807634234428406,0.23591741919517517,0.7640825510025024,0.31923651695251465,0.6807634234428406
0,0,0.9999778270721436,0,0.9989979863166809,0.9999778270721436,2.2205698769539595e-05,0.9989979863166809,0.0010020326590165496
0,0,0.9998005032539368,0,0.9958891272544861,0.9998005032539368,0.0001994661142816767,0.9958891272544861,0.004110946785658598
0,0,0.608609139919281,0,0.5706437230110168,0.608609139919281,0.39139091968536377,0.5706437230110168,0.4293562173843384
0,1,0.9112834334373474,1,0.8177303075790405,0.08871661871671677,0.9112834334373474,0.18226972222328186,0.8177303075790405
0,0,0.9995334148406982,0,0.9929116368293762,0.9995334148406982,0.0004666064924094826,0.9929116368293762,0.007088399957865477
0,0,0.9866082668304443,0,0.9410685896873474,0.9866082668304443,0.01339170802384615,0.9410685896873474,0.058931466192007065
0,0,0.9999837875366211,0,0.9991814494132996,0.9999837875366211,1.62176183948759e-05,0.9991814494132996,0.0008184937760233879
0,0,0.9947901964187622,0,0.9672109484672546,0.9947901964187622,0.0052098496817052364,0.9672109484672546,0.03278907388448715
0,0,0.9999101161956787,0,0.9975360631942749,0.9999101161956787,8.991010690806434e-05,0.9975360631942749,0.0024639421608299017
0,0,0.7311288118362427,0,0.655797004699707,0.7311288118362427,0.26887112855911255,0.655797004699707,0.3442029654979706
0,1,0.5905141830444336,1,0.5587043762207031,0.4094858169555664,0.5905141830444336,0.44129565358161926,0.5587043762207031
0,0,0.998971700668335,0,0.9882562756538391,0.998971700668335,0.001028316793963313,0.9882562756538391,0.011743664741516113
0,1,0.6775075197219849,1,0.6173596978187561,0.3224925398826599,0.6775075197219849,0.3826403021812439,0.6173596978187561
0,0,0.9991713762283325,0,0.9897676110267639,0.9991713762283325,0.0008285969379357994,0.9897676110267639,0.010232416912913322
0,0,0.9694163799285889,0,0.9026620388031006,0.9694163799285889,0.03058357536792755,0.9026620388031006,0.0973379984498024
0,0,0.9981641173362732,0,0.9830202460289001,0.9981641173362732,0.0018359142122790217,0.9830202460289001,0.016979778185486794
0,1,0.9999078512191772,1,0.9974976181983948,9.210369171341881e-05,0.9999078512191772,0.0025024216156452894,0.9974976181983948
0,0,0.9950743317604065,0,0.9683436155319214,0.9950743317604065,0.004925674293190241,0.9683436155319214,0.03165633976459503
0,1,0.7850826382637024,1,0.6973751187324524,0.2149174064397812,0.7850826382637024,0.3026249408721924,0.6973751187324524
0,0,0.9995589852333069,0,0.9931636452674866,0.9995589852333069,0.00044095265911892056,0.9931636452674866,0.006836376152932644
0,0,0.9987207055091858,0,0.9865037202835083,0.9987207055091858,0.0012792733032256365,0.9865037202835083,0.013496301136910915
0,0,0.9996851682662964,0,0.9944905042648315,0.9996851682662964,0.00031485373619943857,0.9944905042648315,0.005509436130523682
0,0,0.7047423124313354,0,0.636593222618103,0.7047423124313354,0.29525771737098694,0.636593222618103,0.3634067177772522
0,0,0.9999076128005981,0,0.9974920749664307,0.9999076128005981,9.241848601959646e-05,0.9974920749664307,0.0025079157203435898
0,0,0.9731842875480652,0,0.9100608825683594,0.9731842875480652,0.026815785095095634,0.9100608825683594,0.089939184486866
0,0,0.9999130964279175,0,0.9975898265838623,0.9999130964279175,8.687908120919019e-05,0.9975898265838623,0.002410217421129346
0,0,0.6024817228317261,0,0.5665889978408813,0.6024817228317261,0.3975182771682739,0.5665889978408813,0.43341100215911865
0,0,0.9997146725654602,0,0.9948278069496155,0.9997146725654602,0.0002853160258382559,0.9948278069496155,0.005172223784029484
0,0,0.9996792078018188,0,0.9944243431091309,0.9996792078018188,0.00032077680225484073,0.9944243431091309,0.0055756536312401295
0,1,0.5195943713188171,1,0.5126302242279053,0.4804055988788605,0.5195943713188171,0.4873698353767395,0.5126302242279053
0,0,0.9958403706550598,0,0.9715313911437988,0.9958403706550598,0.004159626085311174,0.9715313911437988,0.028468672186136246
0,0,0.9999454021453857,0,0.9982118606567383,0.9999454021453857,5.461458204081282e-05,0.9982118606567383,0.001788154593668878
0,0,0.9997027516365051,0,0.9946904182434082,0.9997027516365051,0.0002972190559376031,0.9946904182434082,0.005309564992785454
0,0,0.9792344570159912,0,0.922951340675354,0.9792344570159912,0.020765554159879684,0.922951340675354,0.07704868167638779
0,0,0.9998273253440857,0,0.99625164270401,0.9998273253440857,0.0001727477356325835,0.99625164270401,0.003748398507013917
0,0,0.9998263716697693,0,0.9962383508682251,0.9998263716697693,0.00017369994020555168,0.9962383508682251,0.0037616505287587643
0,1,0.9992782473564148,1,0.9906312823295593,0.0007217274396680295,0.9992782473564148,0.009368778206408024,0.9906312823295593
0,0,0.6274252533912659,0,0.5831814408302307,0.6274252533912659,0.37257474660873413,0.5831814408302307,0.4168185293674469
0,0,0.999985933303833,0,0.9992520213127136,0.999985933303833,1.4099269719736185e-05,0.9992520213127136,0.0007479502819478512
0,0,0.9706975221633911,0,0.9051311612129211,0.9706975221633911,0.029302434995770454,0.9051311612129211,0.09486882388591766
0,0,0.9773170948028564,0,0.9187115430831909,0.9773170948028564,0.02268282324075699,0.9187115430831909,0.08128845691680908
0,1,0.9584052562713623,1,0.8830506205558777,0.0415947362780571,0.9584052562713623,0.11694937944412231,0.8830506205558777
0,0,0.9999358654022217,0,0.998016357421875,0.9999358654022217,6.41709120827727e-05,0.998016357421875,0.0019835755228996277
0,0,0.7748138904571533,0,0.6891758441925049,0.7748138904571533,0.22518610954284668,0.6891758441925049,0.3108241558074951
0,1,0.9999275207519531,1,0.9978554844856262,7.244393054861575e-05,0.9999275207519531,0.0021444549784064293,0.9978554844856262
0,1,0.997846245765686,1,0.9812110662460327,0.0021537316497415304,0.997846245765686,0.018788957968354225,0.9812110662460327
0,1,0.8789238929748535,1,0.7820000052452087,0.1210760623216629,0.8789238929748535,0.21799996495246887,0.7820000052452087
0,0,0.840676486492157,0,0.7449378967285156,0.840676486492157,0.15932345390319824,0.7449378967285156,0.2550621032714844
0,0,0.9471421837806702,0,0.8652512431144714,0.9471421837806702,0.05285778269171715,0.8652512431144714,0.13474881649017334
0,0,0.999841570854187,0,0.9964538812637329,0.999841570854187,0.00015844861627556384,0.9964538812637329,0.003546090330928564
0,0,0.999144434928894,0,0.989556610584259,0.999144434928894,0.0008555234526284039,0.989556610584259,0.010443425737321377
0,0,0.9968894124031067,0,0.976293683052063,0.9968894124031067,0.003110573859885335,0.976293683052063,0.023706385865807533
0,0,0.9952657222747803,0,0.9691211581230164,0.9952657222747803,0.004734236281365156,0.9691211581230164,0.03087889403104782
0,0,0.9927583932876587,0,0.9597210884094238,0.9927583932876587,0.007241582032293081,0.9597210884094238,0.04027895629405975
0,0,0.9915784597396851,0,0.9557557702064514,0.9915784597396851,0.00842149369418621,0.9557557702064514,0.04424421489238739
0,1,0.9742302894592285,1,0.9121931195259094,0.025769691914319992,0.9742302894592285,0.08780692517757416,0.9121931195259094
0,0,0.9983587861061096,0,0.9841867089271545,0.9983587861061096,0.0016412383411079645,0.9841867089271545,0.015813330188393593
0,0,0.7130908966064453,0,0.6426030397415161,0.7130908966064453,0.2869091033935547,0.6426030397415161,0.3573969602584839
0,0,0.9996316432952881,0,0.9939078092575073,0.9996316432952881,0.00036833371268585324,0.9939078092575073,0.0060921600088477135
0,0,0.9999619722366333,0,0.9985826015472412,0.9999619722366333,3.806141467066482e-05,0.9985826015472412,0.0014174438547343016
0,0,0.9999010562896729,0,0.9973793029785156,0.9999010562896729,9.896871779346839e-05,0.9973793029785156,0.002620772924274206
0,0,0.9899519085884094,0,0.9506367444992065,0.9899519085884094,0.010048060677945614,0.9506367444992065,0.04936325177550316
0,0,0.9634812474250793,0,0.8917662501335144,0.9634812474250793,0.03651874139904976,0.8917662501335144,0.1082337275147438
0,0,0.8485025763511658,0,0.7521704435348511,0.8485025763511658,0.15149739384651184,0.7521704435348511,0.2478296011686325
0,0,0.9975443482398987,0,0.9795835614204407,0.9975443482398987,0.0024556396529078484,0.9795835614204407,0.02041640505194664
0,0,0.9975038170814514,0,0.979371190071106,0.9975038170814514,0.0024961507879197598,0.979371190071106,0.020628875121474266
0,0,0.9999880790710449,0,0.9993308782577515,0.9999880790710449,1.1861518032674212e-05,0.9993308782577515,0.0006691766902804375
0,0,0.9996470212936401,0,0.9940720200538635,0.9996470212936401,0.00035296331043355167,0.9940720200538635,0.005928028374910355
0,1,0.8804025053977966,1,0.783530592918396,0.11959747225046158,0.8804025053977966,0.216469407081604,0.783530592918396
0,1,0.68422532081604,1,0.6220548748970032,0.31577467918395996,0.68422532081604,0.37794506549835205,0.6220548748970032
0,0,0.9818199872970581,0,0.9289404153823853,0.9818199872970581,0.01817997731268406,0.9289404153823853,0.07105959951877594
0,0,0.9995192289352417,0,0.9927748441696167,0.9995192289352417,0.0004807396908290684,0.9927748441696167,0.007225090637803078
0,0,0.9998772144317627,0,0.9969890713691711,0.9998772144317627,0.00012282370880711824,0.9969890713691711,0.0030109230428934097
0,1,0.5742130875587463,1,0.5480294823646545,0.42578694224357605,0.5742130875587463,0.45197054743766785,0.5480294823646545
0,0,0.9962435960769653,0,0.9732999801635742,0.9962435960769653,0.003756436286494136,0.9732999801635742,0.02669999934732914
0,0,0.9999822378158569,0,0.9991307854652405,0.9999822378158569,1.780502134351991e-05,0.9991307854652405,0.0008692145929671824
0,0,0.9999891519546509,0,0.9993664622306824,0.9999891519546509,1.0894420483964495e-05,0.9993664622306824,0.0006335113430395722
0,0,0.99997878074646,0,0.9990285634994507,0.99997878074646,2.1160454707569443e-05,0.9990285634994507,0.0009714080952107906
0,0,0.6722993850708008,0,0.6137399077415466,0.6722993850708008,0.3277006447315216,0.6137399077415466,0.386260062456131
0,1,0.8382522463798523,1,0.7427290678024292,0.1617477834224701,0.8382522463798523,0.2572709321975708,0.7427290678024292
0,0,0.9890991449356079,0,0.9480869770050049,0.9890991449356079,0.010900893248617649,0.9480869770050049,0.05191309005022049
0,0,0.9991299510002136,0,0.989443838596344,0.9991299510002136,0.0008700332255102694,0.989443838596344,0.010556114837527275
0,0,0.9999923706054688,0,0.9994961023330688,0.9999923706054688,7.635905603819992e-06,0.9994961023330688,0.0005039097741246223
0,1,0.8131914138793945,1,0.7206767201423645,0.18680860102176666,0.8131914138793945,0.2793233096599579,0.7206767201423645
0,0,0.9999569654464722,0,0.9984660148620605,0.9999569654464722,4.303772220737301e-05,0.9984660148620605,0.0015340662794187665
0,0,0.9998998641967773,0,0.9973602890968323,0.9998998641967773,0.00010008623212343082,0.9973602890968323,0.0026397553738206625
0,0,0.999988317489624,0,0.9993359446525574,0.999988317489624,1.1720556358341128e-05,0.9993359446525574,0.0006640439969487488
0,0,0.8058571815490723,0,0.714464545249939,0.8058571815490723,0.19414286315441132,0.714464545249939,0.28553545475006104
0,1,0.7703621983528137,1,0.6856674551963806,0.22963784635066986,0.7703621983528137,0.3143324851989746,0.6856674551963806
0,0,0.9998657703399658,0,0.9968127608299255,0.9998657703399658,0.00013420036702882499,0.9968127608299255,0.003187253838405013
0,0,0.9992513060569763,0,0.9904088973999023,0.9992513060569763,0.0007487254333682358,0.9904088973999023,0.009591144509613514
0,0,0.9999717473983765,0,0.9988299012184143,0.9999717473983765,2.8255462893866934e-05,0.9988299012184143,0.0011701404582709074
0,1,0.8774630427360535,1,0.7804960012435913,0.12253698706626892,0.8774630427360535,0.2195039838552475,0.7804960012435913
0,0,0.999870777130127,0,0.9968891739845276,0.999870777130127,0.0001292281085625291,0.9968891739845276,0.0031108742114156485
0,1,0.6346361041069031,1,0.5880244970321655,0.3653638958930969,0.6346361041069031,0.4119755029678345,0.5880244970321655
0,0,0.9997559189796448,0,0.9953200221061707,0.9997559189796448,0.00024412060156464577,0.9953200221061707,0.004679952282458544
0,0,0.9887286424636841,0,0.9470045566558838,0.9887286424636841,0.011271360330283642,0.9470045566558838,0.052995435893535614
0,1,0.6660038828849792,1,0.6093869209289551,0.333996057510376,0.6660038828849792,0.3906131088733673,0.6093869209289551
0,0,0.9947368502616882,0,0.9670014381408691,0.9947368502616882,0.005263080354779959,0.9670014381408691,0.032998569309711456
0,0,0.9993010759353638,0,0.9908217191696167,0.9993010759353638,0.0006988897221162915,0.9908217191696167,0.009178287349641323
0,0,0.9999644756317139,0,0.9986432194709778,0.9999644756317139,3.555899820639752e-05,0.9986432194709778,0.0013567479327321053
0,0,0.9999266862869263,0,0.99783855676651,0.9999266862869263,7.334046676987782e-05,0.99783855676651,0.002161483746021986
0,1,0.7049744725227356,1,0.6367595791816711,0.2950255274772644,0.7049744725227356,0.36324039101600647,0.6367595791816711
0,1,0.7888565063476562,1,0.7004276514053345,0.21114349365234375,0.7888565063476562,0.29957231879234314,0.7004276514053345
0,0,0.7336346507072449,0,0.6576542258262634,0.7336346507072449,0.2663653790950775,0.6576542258262634,0.3423457443714142
0,1,0.999178946018219,1,0.9898277521133423,0.0008209851803258061,0.999178946018219,0.010172313079237938,0.9898277521133423
0,0,0.9976188540458679,0,0.9799781441688538,0.9976188540458679,0.0023810849525034428,0.9799781441688538,0.020021889358758926
0,0,0.999893307685852,0,0.9972499012947083,0.999893307685852,0.0001066732220351696,0.9972499012947083,0.0027501399163156748
0,0,0.998954176902771,0,0.9881296157836914,0.998954176902771,0.0010457747848704457,0.9881296157836914,0.011870373971760273
0,0,0.9988889098167419,0,0.9876619577407837,0.9988889098167419,0.0011111515341326594,0.9876619577407837,0.0123380646109581
0,0,0.9815289974212646,0,0.9282490611076355,0.9815289974212646,0.01847103424370289,0.9282490611076355,0.07175090163946152
0,0,0.9978952407836914,0,0.9814829230308533,0.9978952407836914,0.0021047606132924557,0.9814829230308533,0.018517084419727325
0,0,0.9187487363815308,0,0.8267755508422852,0.9187487363815308,0.08125121146440506,0.8267755508422852,0.17322444915771484
0,0,0.9764391183853149,0,0.9168207049369812,0.9764391183853149,0.023560935631394386,0.9168207049369812,0.08317927271127701
0,0,0.999985933303833,0,0.9992538094520569,0.999985933303833,1.4047785043658223e-05,0.9992538094520569,0.0007461903733201325
0,0,0.999243974685669,0,0.9903486967086792,0.999243974685669,0.0007560913218185306,0.9903486967086792,0.0096513070166111
0,0,0.9999425411224365,0,0.9981527924537659,0.9999425411224365,5.74420191696845e-05,0.9981527924537659,0.0018471648218110204
0,1,0.9989995360374451,1,0.9884600639343262,0.0010004747891798615,0.9989995360374451,0.011539947241544724,0.9884600639343262
0,0,0.890953540802002,0,0.7947096228599548,0.890953540802002,0.10904651135206223,0.7947096228599548,0.20529036223888397
0,0,0.997814416885376,0,0.9810356497764587,0.997814416885376,0.0021855595987290144,0.9810356497764587,0.018964411690831184
0,0,0.9994274377822876,0,0.9919198751449585,0.9994274377822876,0.000572571181692183,0.9919198751449585,0.008080093190073967
0,0,0.9997842907905579,0,0.9956769347190857,0.9997842907905579,0.00021573311823885888,0.9956769347190857,0.0043230848386883736
0,0,0.9960135221481323,0,0.9722822308540344,0.9960135221481323,0.003986512776464224,0.9722822308540344,0.027717744931578636
0,1,0.8682863116264343,1,0.7712262868881226,0.13171370327472687,0.8682863116264343,0.2287737876176834,0.7712262868881226
0,0,0.9999912977218628,0,0.999452531337738,0.9999912977218628,8.685766260896344e-06,0.999452531337738,0.0005475025391206145
0,0,0.9999175071716309,0,0.9976683259010315,0.9999175071716309,8.25151801109314e-05,0.9976683259010315,0.002331668045371771
0,0,0.9843944907188416,0,0.9352698922157288,0.9843944907188416,0.01560552790760994,0.9352698922157288,0.06473012268543243
0,1,0.9994737505912781,1,0.9923446774482727,0.0005262199556455016,0.9994737505912781,0.007655348628759384,0.9923446774482727
0,0,0.9987847208976746,0,0.9869374632835388,0.9987847208976746,0.0012152878334745765,0.9869374632835388,0.013062550686299801
0,0,0.9938819408416748,0,0.9637424349784851,0.9938819408416748,0.006118123419582844,0.9637424349784851,0.036257561296224594
0,0,0.9999600648880005,0,0.9985370635986328,0.9999600648880005,3.997591556981206e-05,0.9985370635986328,0.0014629211509600282
0,0,0.9981887936592102,0,0.9831657409667969,0.9981887936592102,0.0018111804965883493,0.9831657409667969,0.016834240406751633
0,1,0.999479353427887,1,0.9923965334892273,0.000520652043633163,0.999479353427887,0.007603418547660112,0.9923965334892273
0,1,0.834446907043457,1,0.7392907738685608,0.1655530333518982,0.834446907043457,0.260709285736084,0.7392907738685608
0,0,0.9997197985649109,0,0.9948870539665222,0.9997197985649109,0.00028023688355460763,0.9948870539665222,0.005112992133945227
0,0,0.9993345141410828,0,0.9911045432090759,0.9993345141410828,0.0006654821918345988,0.9911045432090759,0.008895461447536945
0,0,0.9978407621383667,0,0.9811805486679077,0.9978407621383667,0.002159243682399392,0.9811805486679077,0.018819410353899002
0,0,0.9999630451202393,0,0.9986081719398499,0.9999630451202393,3.7001453165430576e-05,0.9986081719398499,0.0013919140910729766
0,0,0.8134945034980774,0,0.720935583114624,0.8134945034980774,0.1865055412054062,0.720935583114624,0.27906444668769836
0,0,0.9857336282730103,0,0.938733696937561,0.9857336282730103,0.01426631398499012,0.938733696937561,0.061266329139471054
0,0,0.9991449117660522,0,0.9895601272583008,0.9991449117660522,0.0008550609927624464,0.9895601272583008,0.010439823381602764
0,0,0.9998842477798462,0,0.9971024394035339,0.9998842477798462,0.00011570509377634153,0.9971024394035339,0.0028975990135222673
0,0,0.9997182488441467,0,0.9948697090148926,0.9997182488441467,0.00028171692974865437,0.9948697090148926,0.005130290985107422
0,0,0.9999624490737915,0,0.9985957741737366,0.9999624490737915,3.751304029719904e-05,0.9985957741737366,0.00140426866710186
0,0,0.8531624674797058,0,0.7565546631813049,0.8531624674797058,0.14683756232261658,0.7565546631813049,0.24344530701637268
0,0,0.9992789626121521,0,0.9906365275382996,0.9992789626121521,0.0007210901821963489,0.9906365275382996,0.009363490156829357
0,0,0.9999951124191284,0,0.9996240139007568,0.9999951124191284,4.846252522838768e-06,0.9996240139007568,0.00037598444032482803
0,1,0.6991912722587585,1,0.6326285600662231,0.30080872774124146,0.6991912722587585,0.36737143993377686,0.6326285600662231
0,0,0.9997550845146179,0,0.9953100085258484,0.9997550845146179,0.00024494220269843936,0.9953100085258484,0.004690051544457674
0,0,0.9999336004257202,0,0.9979719519615173,0.9999336004257202,6.642266816925257e-05,0.9979719519615173,0.0020280657336115837
0,1,0.9992114305496216,1,0.9900861382484436,0.0007885472732596099,0.9992114305496216,0.009913847781717777,0.9900861382484436
0,0,0.9903609752655029,0,0.9518907070159912,0.9903609752655029,0.009639017283916473,0.9518907070159912,0.04810937121510506
0,0,0.9994431138038635,0,0.9920622110366821,0.9994431138038635,0.0005568828782998025,0.9920622110366821,0.007937784306704998
0,0,0.9999107122421265,0,0.9975461363792419,0.9999107122421265,8.933673234423622e-05,0.9975461363792419,0.0024538307916373014
0,0,0.8030068874359131,0,0.7120768427848816,0.8030068874359131,0.1969931721687317,0.7120768427848816,0.287923127412796
0,0,0.9996964931488037,0,0.994617760181427,0.9996964931488037,0.00030358554795384407,0.994617760181427,0.005382205359637737
0,1,0.9414915442466736,1,0.8569645285606384,0.05850837379693985,0.9414915442466736,0.143035426735878,0.8569645285606384
0,0,0.9993489384651184,0,0.9912281036376953,0.9993489384651184,0.0006510746316052973,0.9912281036376953,0.008771891705691814
0,0,0.996315062046051,0,0.9736211895942688,0.996315062046051,0.0036849370226264,0.9736211895942688,0.026378881186246872
0,1,0.9999891519546509,1,0.9993687272071838,1.0835948160092812e-05,0.9999891519546509,0.0006313198828138411,0.9993687272071838
0,0,0.9999923706054688,0,0.999496340751648,0.9999923706054688,7.629587344126776e-06,0.999496340751648,0.0005036410293541849
0,0,0.5736725330352783,0,0.5476766228675842,0.5736725330352783,0.42632749676704407,0.5476766228675842,0.45232343673706055
0,0,0.8485561609268188,0,0.7522205114364624,0.8485561609268188,0.15144388377666473,0.7522205114364624,0.24777954816818237
0,0,0.9998075366020203,0,0.9959819316864014,0.9998075366020203,0.00019248685566708446,0.9959819316864014,0.004018027801066637
0,0,0.9997530579566956,0,0.9952852129936218,0.9997530579566956,0.0002469624159857631,0.9952852129936218,0.004714833106845617
0,0,0.8132445216178894,0,0.7207220792770386,0.8132445216178894,0.1867554932832718,0.7207220792770386,0.2792779505252838
0,0,0.9999160766601562,0,0.9976426959037781,0.9999160766601562,8.393214375246316e-05,0.9976426959037781,0.0023573338985443115
0,1,0.587112545967102,1,0.5564709901809692,0.41288745403289795,0.587112545967102,0.44352903962135315,0.5564709901809692
0,0,0.9786312580108643,0,0.921600341796875,0.9786312580108643,0.02136867679655552,0.921600341796875,0.07839962840080261
0,0,0.977224588394165,0,0.9185105562210083,0.977224588394165,0.02277548424899578,0.9185105562210083,0.08148941397666931
0,0,0.9984727501869202,0,0.9848935008049011,0.9984727501869202,0.0015272843884304166,0.9848935008049011,0.015106530860066414
0,0,0.9996539354324341,0,0.9941458702087402,0.9996539354324341,0.0003461179730948061,0.9941458702087402,0.005854093935340643
0,1,0.988517165184021,1,0.9463931322097778,0.011482849717140198,0.988517165184021,0.053606849163770676,0.9463931322097778
0,0,0.9996609687805176,0,0.9942235350608826,0.9996609687805176,0.0003389816847629845,0.9942235350608826,0.005776452366262674
0,0,0.821655809879303,0,0.7279751300811768,0.821655809879303,0.17834419012069702,0.7279751300811768,0.27202489972114563
0,0,0.9997482895851135,0,0.9952267408370972,0.9997482895851135,0.0002517502289265394,0.9952267408370972,0.00477326475083828
0,1,0.9874390959739685,1,0.9433449506759644,0.012560968287289143,0.9874390959739685,0.056655049324035645,0.9433449506759644
0,1,0.9415791630744934,1,0.857090175151825,0.05842079967260361,0.9415791630744934,0.14290980994701385,0.857090175151825
0,0,0.582272469997406,0,0.5532986521720886,0.582272469997406,0.417727530002594,0.5532986521720886,0.44670137763023376
0,1,0.6544210910797119,1,0.6014384031295776,0.3455789089202881,0.6544210910797119,0.39856162667274475,0.6014384031295776
0,1,0.9987989664077759,1,0.98703533411026,0.0012010243954136968,0.9987989664077759,0.012964717112481594,0.98703533411026
0,0,0.9984046816825867,0,0.9844689965248108,0.9984046816825867,0.001595360110513866,0.9844689965248108,0.015531044453382492
0,1,0.9965173006057739,1,0.9745425581932068,0.003482722444459796,0.9965173006057739,0.02545749396085739,0.9745425581932068
0,0,0.961880087852478,0,0.88896244764328,0.961880087852478,0.03811998292803764,0.88896244764328,0.11103757470846176
0,0,0.9980631470680237,0,0.9824338555335999,0.9980631470680237,0.0019368237117305398,0.9824338555335999,0.017566097900271416
0,0,0.9998412132263184,0,0.9964495897293091,0.9998412132263184,0.00015874773089308292,0.9964495897293091,0.003550387918949127
0,0,0.9707918167114258,0,0.9053145051002502,0.9707918167114258,0.02920825406908989,0.9053145051002502,0.09468546509742737
0,0,0.999703586101532,0,0.9946994781494141,0.999703586101532,0.00029643153538927436,0.9946994781494141,0.005300542339682579
0,1,0.9481035470962524,1,0.8666998147964478,0.051896438002586365,0.9481035470962524,0.13330021500587463,0.8666998147964478
0,0,0.9967897534370422,0,0.9758174419403076,0.9967897534370422,0.00321016414090991,0.9758174419403076,0.024182479828596115
0,0,0.9649044275283813,0,0.8943038582801819,0.9649044275283813,0.035095538944005966,0.8943038582801819,0.10569610446691513
0,0,0.9999618530273438,0,0.9985798597335815,0.9999618530273438,3.8171921914909035e-05,0.9985798597335815,0.001420091139152646
0,0,0.9980079531669617,0,0.9821175932884216,0.9980079531669617,0.001992111559957266,0.9821175932884216,0.01788248121738434
0,0,0.9999750852584839,0,0.9989207983016968,0.9999750852584839,2.491903978807386e-05,0.9989207983016968,0.0010792232351377606
0,0,0.9928846955299377,0,0.9601603746414185,0.9928846955299377,0.007115247659385204,0.9601603746414185,0.03983969986438751
0,0,0.9998167157173157,0,0.9961057305335999,0.9998167157173157,0.0001833319547586143,0.9961057305335999,0.0038942790124565363
0,0,0.9943163990974426,0,0.9653744697570801,0.9943163990974426,0.00568363256752491,0.9653744697570801,0.03462546691298485
0,1,0.9927692413330078,1,0.9597582817077637,0.007230833172798157,0.9927692413330078,0.04024170711636543,0.9597582817077637
0,0,0.9402924180030823,0,0.8552528619766235,0.9402924180030823,0.059707630425691605,0.8552528619766235,0.14474721252918243
0,1,0.9984715580940247,1,0.9848865866661072,0.0015283870743587613,0.9984715580940247,0.015113465487957,0.9848865866661072
0,0,0.9999186992645264,0,0.9976900815963745,0.9999186992645264,8.132094808388501e-05,0.9976900815963745,0.002309915842488408
0,0,0.9999706745147705,0,0.998802661895752,0.9999706745147705,2.9282480682013556e-05,0.998802661895752,0.0011973412474617362
0,0,0.5465570688247681,0,0.5300517678260803,0.5465570688247681,0.4534429609775543,0.5300517678260803,0.4699482321739197
0,0,0.5345152020454407,0,0.5222619771957397,0.5345152020454407,0.4654847979545593,0.5222619771957397,0.4777381122112274
0,1,0.9634013175964355,1,0.891624927520752,0.03659871965646744,0.9634013175964355,0.10837502777576447,0.891624927520752
0,0,0.9983643889427185,0,0.984221339225769,0.9983643889427185,0.0016355708939954638,0.984221339225769,0.015778621658682823
0,0,0.8112365007400513,0,0.7190110683441162,0.8112365007400513,0.18876348435878754,0.7190110683441162,0.2809889316558838
0,0,0.9999613761901855,0,0.9985685348510742,0.9999613761901855,3.864588143187575e-05,0.9985685348510742,0.0014314127620309591
0,0,0.8863205909729004,0,0.7897435426712036,0.8863205909729004,0.11367936432361603,0.7897435426712036,0.2102563977241516
0,0,0.9999889135360718,0,0.999357283115387,0.9999889135360718,1.1142830771859735e-05,0.999357283115387,0.000642776838503778
0,1,0.8649305701255798,1,0.7679088711738586,0.13506944477558136,0.8649305701255798,0.23209111392498016,0.7679088711738586
0,0,0.9999990463256836,0,0.9998688697814941,0.9999990463256836,9.444090665056137e-07,0.9998688697814941,0.00013109928113408387
0,0,0.9998036026954651,0,0.9959288239479065,0.9998036026954651,0.00019646569853648543,0.9959288239479065,0.004071144387125969
0,0,0.6911175847053528,0,0.6269042491912842,0.6911175847053528,0.3088824450969696,0.6269042491912842,0.3730958104133606
0,0,0.9999150037765503,0,0.9976244568824768,0.9999150037765503,8.494442590745166e-05,0.9976244568824768,0.0023755731526762247
0,0,0.9998555183410645,0,0.996658205986023,0.9998555183410645,0.000144465928315185,0.996658205986023,0.0033417982049286366
0,0,0.9995275735855103,0,0.99285489320755,0.9995275735855103,0.0004724539176095277,0.99285489320755,0.007145136594772339
0,0,0.999665379524231,0,0.9942706823348999,0.999665379524231,0.00033468136098235846,0.9942706823348999,0.005729380529373884
0,0,0.7008638978004456,0,0.6338207125663757,0.7008638978004456,0.29913607239723206,0.6338207125663757,0.36617931723594666
0,0,0.999803364276886,0,0.9959255456924438,0.999803364276886,0.00019671388145070523,0.9959255456924438,0.004074442200362682
0,0,0.9999686479568481,0,0.9987479448318481,0.9999686479568481,3.1386796763399616e-05,0.9987479448318481,0.0012520338641479611
0,0,0.9999699592590332,0,0.9987812638282776,0.9999699592590332,3.0097386115812697e-05,0.9987812638282776,0.0012186829699203372
0,1,0.9695888161659241,1,0.902991533279419,0.030411213636398315,0.9695888161659241,0.09700842946767807,0.902991533279419
0,0,0.9984506368637085,0,0.9847553372383118,0.9984506368637085,0.0015493022510781884,0.9847553372383118,0.015244582667946815
0,1,0.8831371665000916,1,0.7863838076591492,0.11686284095048904,0.8831371665000916,0.21361613273620605,0.7863838076591492
0,0,0.9971948862075806,0,0.9777914881706238,0.9971948862075806,0.002805133583024144,0.9777914881706238,0.022208577021956444
0,0,0.9999295473098755,0,0.9978926777839661,0.9999295473098755,7.050434214761481e-05,0.9978926777839661,0.002107356209307909
0,0,0.903875470161438,0,0.8090898394584656,0.903875470161438,0.09612450003623962,0.8090898394584656,0.19091013073921204
0,1,0.5835945010185242,1,0.5541645288467407,0.41640546917915344,0.5835945010185242,0.4458354711532593,0.5541645288467407
0,0,0.9881961345672607,0,0.9454736113548279,0.9881961345672607,0.011803923174738884,0.9454736113548279,0.05452636629343033
0,0,0.9940614104270935,0,0.9644112586975098,0.9940614104270935,0.005938563495874405,0.9644112586975098,0.03558877110481262
0,0,0.9609172940254211,0,0.8873016238212585,0.9609172940254211,0.03908269852399826,0.8873016238212585,0.11269844323396683
0,0,0.9992044568061829,0,0.990029513835907,0.9992044568061829,0.0007956150802783668,0.990029513835907,0.009970495477318764
0,0,0.841895580291748,0,0.7460540533065796,0.841895580291748,0.15810444951057434,0.7460540533065796,0.25394588708877563
0,0,0.9973779916763306,0,0.9787192940711975,0.9973779916763306,0.0026219969149678946,0.9787192940711975,0.021280737593770027
0,0,0.9999370574951172,0,0.9980400204658508,0.9999370574951172,6.298799416981637e-05,0.9980400204658508,0.001959980698302388
0,0,0.9999449253082275,0,0.9982010126113892,0.9999449253082275,5.512732241186313e-05,0.9982010126113892,0.001798934885300696
0,1,0.993604838848114,1,0.9627255797386169,0.006395152769982815,0.993604838848114,0.037274476140737534,0.9627255797386169
0,1,0.9989258646965027,1,0.9879258871078491,0.001074074418283999,0.9989258646965027,0.012074113823473454,0.9879258871078491
0,1,0.9996504783630371,1,0.9941091537475586,0.00034951805719174445,0.9996504783630371,0.005890881642699242,0.9941091537475586
0,0,0.9535808563232422,0,0.8751929402351379,0.9535808563232422,0.046419113874435425,0.8751929402351379,0.12480705231428146
0,0,0.9998633861541748,0,0.9967755675315857,0.9998633861541748,0.0001366452925140038,0.9967755675315857,0.003224436193704605
0,0,0.9011668562889099,0,0.8060063719749451,0.9011668562889099,0.09883318096399307,0.8060063719749451,0.19399362802505493
0,0,0.999982476234436,0,0.999139666557312,0.999982476234436,1.7522699636174366e-05,0.999139666557312,0.0008603159221820533
0,1,0.5350931286811829,1,0.5226354002952576,0.46490687131881714,0.5350931286811829,0.47736456990242004,0.5226354002952576
0,0,0.9868922829627991,0,0.9418399930000305,0.9868922829627991,0.0131077254191041,0.9418399930000305,0.0581599660217762
0,0,0.5641728043556213,0,0.5414860248565674,0.5641728043556213,0.4358271658420563,0.5414860248565674,0.4585139751434326
0,0,0.9999830722808838,0,0.9991581439971924,0.9999830722808838,1.6944150047493167e-05,0.9991581439971924,0.0008419184596277773
0,0,0.9999215602874756,0,0.9977425336837769,0.9999215602874756,7.846931111998856e-05,0.9977425336837769,0.002257503569126129
0,0,0.9806215167045593,0,0.9261224865913391,0.9806215167045593,0.019378522410988808,0.9261224865913391,0.07387752830982208
0,0,0.9999328851699829,0,0.9979580640792847,0.9999328851699829,6.713307811878622e-05,0.9979580640792847,0.0020419873762875795
0,1,0.9999828338623047,1,0.999152421951294,1.7119682524935342e-05,0.9999828338623047,0.0008475229260511696,0.999152421951294
0,0,0.9592939019203186,0,0.8845410943031311,0.9592939019203186,0.040706098079681396,0.8845410943031311,0.1154589131474495
0,1,0.9336121678352356,1,0.8459879159927368,0.0663878321647644,0.9336121678352356,0.15401208400726318,0.8459879159927368
0,0,0.99834144115448,0,0.9840810298919678,0.99834144115448,0.0016585355624556541,0.9840810298919678,0.01591898873448372
0,0,0.9999862909317017,0,0.9992634654045105,0.9999862909317017,1.3765758012596052e-05,0.9992634654045105,0.0007365088677033782
0,0,0.9850202798843384,0,0.936872661113739,0.9850202798843384,0.014979668892920017,0.936872661113739,0.06312733143568039
0,0,0.9997345805168152,0,0.995062530040741,0.9997345805168152,0.0002653810370247811,0.995062530040741,0.004937467630952597
0,0,0.9996091723442078,0,0.9936712980270386,0.9996091723442078,0.0003908957587555051,0.9936712980270386,0.0063286698423326015
0,0,0.9911489486694336,0,0.9543680548667908,0.9911489486694336,0.008851030841469765,0.9543680548667908,0.04563189670443535
0,0,0.5550371408462524,0,0.5355495810508728,0.5550371408462524,0.44496282935142517,0.5355495810508728,0.4644504487514496
0,1,0.9994701743125916,1,0.9923107624053955,0.0005298654432408512,0.9994701743125916,0.007689233869314194,0.9923107624053955
1,0,0.9996256828308105,0,0.9938451051712036,0.9996256828308105,0.0003742737462744117,0.9938451051712036,0.006154925562441349
1,0,0.9858412742614746,0,0.939017653465271,0.9858412742614746,0.014158722013235092,0.939017653465271,0.060982316732406616
1,1,0.9154048562049866,1,0.822679340839386,0.08459512889385223,0.9154048562049866,0.17732062935829163,0.822679340839386
1,0,0.9908893704414368,0,0.9535425901412964,0.9908893704414368,0.00911058858036995,0.9535425901412964,0.04645737633109093
1,0,0.9999164342880249,0,0.9976486563682556,0.9999164342880249,8.359969797311351e-05,0.9976486563682556,0.002351325936615467
1,1,0.999975323677063,1,0.9989262223243713,2.47216103161918e-05,0.999975323677063,0.001073711784556508,0.9989262223243713
1,1,0.9975137710571289,1,0.9794228672981262,0.0024862613063305616,0.9975137710571289,0.02057713456451893,0.9794228672981262
1,1,0.9991593360900879,1,0.9896726608276367,0.000840666180010885,0.9991593360900879,0.01032730471342802,0.9896726608276367
1,0,0.8810962438583374,0,0.7842516303062439,0.8810962438583374,0.11890372633934021,0.7842516303062439,0.2157483845949173
1,1,0.9999996423721313,1,0.999934196472168,3.244006734348659e-07,0.9999996423721313,6.585384107893333e-05,0.999934196472168
1,1,0.9999842643737793,1,0.9991970658302307,1.574079033161979e-05,0.9999842643737793,0.0008029159507714212,0.9991970658302307
1,1,0.9999881982803345,1,0.9993351101875305,1.1742551578208804e-05,0.9999881982803345,0.0006648466805927455,0.9993351101875305
1,0,0.8891901969909668,0,0.792808473110199,0.8891901969909668,0.110809825360775,0.792808473110199,0.20719152688980103
1,1,0.996712327003479,1,0.9754510521888733,0.0032876357436180115,0.996712327003479,0.024548964574933052,0.9754510521888733
1,0,0.9998602867126465,0,0.9967286586761475,0.9998602867126465,0.00013975116598885506,0.9967286586761475,0.0032713261898607016
1,1,0.9793363213539124,1,0.9231809973716736,0.020663736388087273,0.9793363213539124,0.0768190249800682,0.9231809973716736
1,1,0.9993013143539429,1,0.9908233880996704,0.0006986876833252609,0.9993013143539429,0.009176586754620075,0.9908233880996704
1,1,0.9999376535415649,1,0.9980534315109253,6.231888983165845e-05,0.9999376535415649,0.0019465634832158685,0.9980534315109253
1,1,0.5836583971977234,1,0.554206371307373,0.416341632604599,0.5836583971977234,0.44579359889030457,0.554206371307373
1,1,0.9998455047607422,1,0.9965117573738098,0.00015443874872289598,0.9998455047607422,0.0034881941974163055,0.9965117573738098
1,1,0.9999220371246338,1,0.9977521300315857,7.794748671585694e-05,0.9999220371246338,0.002247839467599988,0.9977521300315857
1,0,0.8470738530158997,0,0.750838041305542,0.8470738530158997,0.15292619168758392,0.750838041305542,0.2491619884967804
1,1,0.9999412298202515,1,0.9981247782707214,5.8805821026908234e-05,0.9999412298202515,0.001875256304629147,0.9981247782707214
1,1,0.9999891519546509,1,0.9993690848350525,1.0826301149791107e-05,0.9999891519546509,0.000630958063993603,0.9993690848350525
1,1,0.9999985694885254,1,0.9998276233673096,1.4438837752095424e-06,0.9999985694885254,0.0001723415043670684,0.9998276233673096
1,1,0.9998519420623779,1,0.9966057538986206,0.0001480118080507964,0.9998519420623779,0.0033942547161132097,0.9966057538986206
1,0,0.5812786817550659,0,0.5526480078697205,0.5812786817550659,0.4187212586402893,0.5526480078697205,0.4473519027233124
1,1,0.9978423118591309,1,0.9811890125274658,0.002157714683562517,0.9978423118591309,0.01881096512079239,0.9811890125274658
1,0,0.9965875148773193,0,0.9748671650886536,0.9965875148773193,0.0034125277306884527,0.9748671650886536,0.02513289265334606
1,0,0.9999206066131592,0,0.9977244734764099,0.9999206066131592,7.944389653857797e-05,0.9977244734764099,0.00227549159899354
1,1,0.982970118522644,1,0.9317183494567871,0.01702992059290409,0.982970118522644,0.06828159093856812,0.9317183494567871
1,1,0.9996544122695923,1,0.9941515326499939,0.0003456029517110437,0.9996544122695923,0.005848508328199387,0.9941515326499939
1,1,0.999991774559021,1,0.999471127986908,8.232656909967773e-06,0.999991774559021,0.0005289327236823738,0.999471127986908
1,1,0.9950575828552246,1,0.9682763814926147,0.004942396655678749,0.9950575828552246,0.03172369301319122,0.9682763814926147
1,1,0.9999185800552368,1,0.9976881742477417,8.142492879414931e-05,0.9999185800552368,0.0023118143435567617,0.9976881742477417
1,1,0.6204215884208679,1,0.5784986019134521,0.3795784115791321,0.6204215884208679,0.42150139808654785,0.5784986019134521
1,0,0.8351391553878784,0,0.7399136424064636,0.8351391553878784,0.16486085951328278,0.7399136424064636,0.26008638739585876
1,0,0.999680757522583,0,0.9944408535957336,0.999680757522583,0.00031929128454066813,0.9944408535957336,0.00555908540263772
1,1,0.9676098823547363,1,0.8992551565170288,0.03239012137055397,0.9676098823547363,0.10074491798877716,0.8992551565170288
1,0,0.9994720816612244,0,0.9923288226127625,0.9994720816612244,0.0005279225297272205,0.9923288226127625,0.007671183440834284
1,1,0.9999949932098389,1,0.9996153116226196,5.019945547246607e-06,0.9999949932098389,0.0003846100007649511,0.9996153116226196
1,1,0.9997186064720154,1,0.9948737025260925,0.00028137711342424154,0.9997186064720154,0.005126320756971836,0.9948737025260925
1,1,0.9997679591178894,1,0.9954706430435181,0.00023198791313916445,0.9997679591178894,0.004529367201030254,0.9954706430435181
1,1,0.9987021684646606,1,0.9863799214363098,0.0012977563310414553,0.9987021684646606,0.013620086014270782,0.9863799214363098
1,1,0.9986506104469299,1,0.9860370755195618,0.0013494542799890041,0.9986506104469299,0.013962896540760994,0.9860370755195618
1,1,0.9993185997009277,1,0.9909694790840149,0.000681369099766016,0.9993185997009277,0.009030592627823353,0.9909694790840149
1,1,0.9764561653137207,1,0.9168573021888733,0.02354382909834385,0.9764561653137207,0.08314274251461029,0.9168573021888733
1,0,0.9989656209945679,0,0.9882124066352844,0.9989656209945679,0.0010343613103032112,0.9882124066352844,0.011787625961005688
1,0,0.999496340751648,0,0.9925559163093567,0.999496340751648,0.0005036984221078455,0.9925559163093567,0.007444058544933796
1,0,0.9997631907463074,0,0.9954105019569397,0.9997631907463074,0.0002368013811064884,0.9954105019569397,0.0045894430950284
1,0,0.999017596244812,0,0.9885936975479126,0.999017596244812,0.0009823653381317854,0.9885936975479126,0.011406321078538895
1,1,0.9999432563781738,1,0.9981683492660522,5.669276288244873e-05,0.9999432563781738,0.001831630477681756,0.9981683492660522
1,1,0.9999911785125732,1,0.9994468092918396,8.827309102343861e-06,0.9999911785125732,0.000553231977391988,0.9994468092918396
1,1,0.9939954876899719,1,0.9641644954681396,0.006004557944834232,0.9939954876899719,0.035835474729537964,0.9641644954681396
1,1,0.9981359243392944,1,0.9828556180000305,0.0018640280468389392,0.9981359243392944,0.01714431308209896,0.9828556180000305
1,1,0.9997227787971497,1,0.9949219822883606,0.00027725088875740767,0.9997227787971497,0.005077986046671867,0.9949219822883606
1,1,0.9984678626060486,1,0.9848632216453552,0.0015320967650040984,0.9984678626060486,0.01513676904141903,0.9848632216453552
1,1,0.9999380111694336,1,0.9980608820915222,6.194986053742468e-05,0.9999380111694336,0.0019391424721106887,0.9980608820915222
1,0,0.9972634315490723,0,0.9781360030174255,0.9972634315490723,0.002736559370532632,0.9781360030174255,0.021863920614123344
1,1,0.9999809265136719,1,0.9990901947021484,1.9111997971776873e-05,0.9999809265136719,0.0009097742731682956,0.9990901947021484
1,1,0.9814396500587463,1,0.9280378222465515,0.018560392782092094,0.9814396500587463,0.07196222990751266,0.9280378222465515
1,1,0.9999344348907471,1,0.9979883432388306,6.558892346220091e-05,0.9999344348907471,0.0020116560626775026,0.9979883432388306
1,1,0.9958761930465698,1,0.9716858863830566,0.0041237762197852135,0.9958761930465698,0.028314167633652687,0.9716858863830566
1,1,0.9999178647994995,1,0.9976744055747986,8.21783032733947e-05,0.9999178647994995,0.0023255441337823868,0.9976744055747986
1,1,0.9999830722808838,1,0.9991596937179565,1.689451892161742e-05,0.9999830722808838,0.000840329856146127,0.9991596937179565
1,1,0.9999237060546875,1,0.9977832436561584,7.628099410794675e-05,0.9999237060546875,0.0022168189752846956,0.9977832436561584
1,0,0.9491966366767883,0,0.8683616518974304,0.9491966366767883,0.05080330744385719,0.8683616518974304,0.13163837790489197
1,1,0.9952499866485596,1,0.9690566658973694,0.004749998915940523,0.9952499866485596,0.03094337321817875,0.9690566658973694
1,1,0.9999958276748657,1,0.9996602535247803,4.140528744756011e-06,0.9999958276748657,0.00033973585232160985,0.9996602535247803
1,1,0.9987307190895081,1,0.9865711331367493,0.001269243541173637,0.9987307190895081,0.01342884823679924,0.9865711331367493
1,1,0.9984214305877686,1,0.9845728278160095,0.001578596537001431,0.9984214305877686,0.01542714424431324,0.9845728278160095
1,1,0.9999433755874634,1,0.9981689453125,5.666390643455088e-05,0.9999433755874634,0.0018310307059437037,0.9981689453125
1,0,0.9999325275421143,0,0.9979521632194519,0.9999325275421143,6.743605626979843e-05,0.9979521632194519,0.002047909889370203
1,1,0.9999790191650391,1,0.9990335702896118,2.0994766600779258e-05,0.9999790191650391,0.0009665042744018137,0.9990335702896118
1,1,0.9965527057647705,1,0.9747060537338257,0.003447293071076274,0.9965527057647705,0.025293972343206406,0.9747060537338257
1,1,0.9999748468399048,1,0.9989140033721924,2.5162615202134475e-05,0.9999748468399048,0.0010860023321583867,0.9989140033721924
1,1,0.999883770942688,1,0.9970935583114624,0.00011625143088167533,0.999883770942688,0.0029063825495541096,0.9970935583114624
1,0,0.8048566579818726,0,0.7136247754096985,0.8048566579818726,0.19514335691928864,0.7136247754096985,0.28637516498565674
1,1,0.9999833106994629,1,0.9991675615310669,1.6648355085635558e-05,0.9999833106994629,0.0008324251393787563,0.9991675615310669
1,1,0.9951131939888,1,0.9685006141662598,0.004886792507022619,0.9951131939888,0.03149940446019173,0.9685006141662598
1,1,0.9999580383300781,1,0.9984904527664185,4.1974220948759466e-05,0.9999580383300781,0.0015095651615411043,0.9984904527664185
1,0,0.999584972858429,0,0.9934232234954834,0.999584972858429,0.0004150796739850193,0.9934232234954834,0.006576729938387871
1,0,0.999195396900177,0,0.9899572730064392,0.999195396900177,0.0008046539151109755,0.9899572730064392,0.010042669251561165
1,1,0.5878008604049683,1,0.5569226741790771,0.41219910979270935,0.5878008604049683,0.44307735562324524,0.5569226741790771
1,1,0.9994877576828003,1,0.9924760460853577,0.0005121694412082434,0.9994877576828003,0.00752392178401351,0.9924760460853577
1,0,0.9993671774864197,0,0.9913862943649292,0.9993671774864197,0.0006327957380563021,0.9913862943649292,0.008613670244812965
1,1,0.930703341960907,1,0.8420857191085815,0.06929666548967361,0.930703341960907,0.15791426599025726,0.8420857191085815
1,1,0.9999995231628418,1,0.999911904335022,5.09668552695075e-07,0.9999995231628418,8.810584404272959e-05,0.999911904335022
1,1,0.9675861597061157,1,0.8992108702659607,0.032413844019174576,0.9675861597061157,0.10078908503055573,0.8992108702659607
1,0,0.989486575126648,0,0.9492350220680237,0.989486575126648,0.01051340438425541,0.9492350220680237,0.05076494812965393
1,1,0.9973611235618591,1,0.9786326289176941,0.002638896694406867,0.9973611235618591,0.021367372944951057,0.9786326289176941
1,1,0.9995384216308594,1,0.9929603934288025,0.00046159906196407974,0.9995384216308594,0.007039612624794245,0.9929603934288025
1,1,0.9999668598175049,1,0.9987024068832397,3.317965820315294e-05,0.9999668598175049,0.0012976056896150112,0.9987024068832397
1,1,0.9911494255065918,1,0.9543694853782654,0.00885059218853712,0.9911494255065918,0.04563050717115402,0.9543694853782654
1,0,0.8097615242004395,0,0.7177591323852539,0.8097615242004395,0.19023844599723816,0.7177591323852539,0.2822408676147461
1,1,0.9994924068450928,1,0.9925191402435303,0.0005075917579233646,0.9994924068450928,0.007480825297534466,0.9925191402435303
1,1,0.9991313815116882,1,0.9894549250602722,0.0008686031214892864,0.9991313815116882,0.010545039549469948,0.9894549250602722
1,1,0.5913596153259277,1,0.5592599511146545,0.4086402952671051,0.5913596153259277,0.44074004888534546,0.5592599511146545
1,1,0.5192534327507019,1,0.5124103426933289,0.4807465374469757,0.5192534327507019,0.4875897169113159,0.5124103426933289
1,1,0.9284294247627258,1,0.8390867114067078,0.0715705156326294,0.9284294247627258,0.16091327369213104,0.8390867114067078
1,1,0.9997193217277527,1,0.9948824644088745,0.00028062748606316745,0.9997193217277527,0.0051175616681575775,0.9948824644088745
1,1,0.9999803304672241,1,0.9990725517272949,1.9689819964696653e-05,0.9999803304672241,0.0009273884352296591,0.9990725517272949
1,1,0.99992835521698,1,0.9978704452514648,7.166420255089179e-05,0.99992835521698,0.002129583852365613,0.9978704452514648
1,1,0.999995231628418,1,0.9996289014816284,4.7478520173172e-06,0.999995231628418,0.00037104886723682284,0.9996289014816284
1,0,0.9909494519233704,0,0.9537326693534851,0.9909494519233704,0.009050576016306877,0.9537326693534851,0.04626736417412758
1,1,0.9758357405662537,1,0.9155389070510864,0.024164294824004173,0.9758357405662537,0.08446111530065536,0.9155389070510864
1,1,0.9749310612678528,1,0.9136422276496887,0.025068918243050575,0.9749310612678528,0.0863577276468277,0.9136422276496887
1,0,0.9482893943786621,0,0.8669812679290771,0.9482893943786621,0.051710594445466995,0.8669812679290771,0.13301879167556763
1,1,0.9999666213989258,1,0.9986962676048279,3.342263153172098e-05,0.9999666213989258,0.001303712953813374,0.9986962676048279
1,1,0.9999819993972778,1,0.9991248250007629,1.7994532754528336e-05,0.9999819993972778,0.0008751603309065104,0.9991248250007629
1,0,0.8587139248847961,0,0.7618587017059326,0.8587139248847961,0.14128604531288147,0.7618587017059326,0.2381412833929062
1,1,0.9999949932098389,1,0.9996170997619629,4.984111455996754e-06,0.9999949932098389,0.00038283949834294617,0.9996170997619629
1,0,0.9999722242355347,0,0.9988440275192261,0.9999722242355347,2.7724958272301592e-05,0.9988440275192261,0.001155951409600675
1,0,0.9085701107978821,0,0.8145290017127991,0.9085701107978821,0.09142983704805374,0.8145290017127991,0.18547099828720093
1,1,0.9999502897262573,1,0.998318076133728,4.96573411510326e-05,0.9999502897262573,0.001681976835243404,0.998318076133728
1,1,0.9407228231430054,1,0.8558652997016907,0.05927722156047821,0.9407228231430054,0.14413464069366455,0.8558652997016907
1,1,0.9999293088912964,1,0.9978893399238586,7.067767000989988e-05,0.9999293088912964,0.002110685920342803,0.9978893399238586
1,0,0.7022655010223389,0,0.6348212957382202,0.7022655010223389,0.29773446917533875,0.6348212957382202,0.3651787042617798
1,0,0.9998972415924072,0,0.997316300868988,0.9998972415924072,0.00010268922778777778,0.997316300868988,0.0026836772449314594
1,1,0.9987581968307495,1,0.9867569208145142,0.0012417760444805026,0.9987581968307495,0.0132431136444211,0.9867569208145142
1,1,0.987572431564331,1,0.9437161684036255,0.012427587993443012,0.987572431564331,0.056283894926309586,0.9437161684036255
1,1,0.9951956868171692,1,0.9688349366188049,0.004804343916475773,0.9951956868171692,0.031165000051259995,0.9688349366188049
1,1,0.9989194869995117,1,0.9878795742988586,0.0010805504862219095,0.9989194869995117,0.012120449915528297,0.9878795742988586
1,1,0.9999048709869385,1,0.9974460601806641,9.507359936833382e-05,0.9999048709869385,0.00255399732850492,0.9974460601806641
1,1,0.5501254796981812,1,0.5323638916015625,0.44987455010414124,0.5501254796981812,0.4676361382007599,0.5323638916015625
1,1,0.9999741315841675,1,0.9988946318626404,2.5864816052489914e-05,0.9999741315841675,0.0011054155183956027,0.9988946318626404
1,1,0.726641058921814,1,0.6524860858917236,0.27335894107818604,0.726641058921814,0.3475138545036316,0.6524860858917236
1,1,0.9997909665107727,1,0.9957637786865234,0.00020901377138216048,0.9997909665107727,0.004236181266605854,0.9957637786865234
1,1,0.9966006875038147,1,0.9749282002449036,0.0033993623219430447,0.9966006875038147,0.025071725249290466,0.9749282002449036
1,0,0.9999070167541504,0,0.9974828362464905,0.9999070167541504,9.295107884099707e-05,0.9974828362464905,0.0025171968154609203
1,1,0.9011943340301514,1,0.8060374855995178,0.09880568832159042,0.9011943340301514,0.19396254420280457,0.8060374855995178
1,1,0.9959635734558105,1,0.9720645546913147,0.004036405589431524,0.9959635734558105,0.027935422956943512,0.9720645546913147
1,0,0.9800359606742859,0,0.9247724413871765,0.9800359606742859,0.019964085891842842,0.9247724413871765,0.07522758841514587
1,1,0.9999749660491943,1,0.998917818069458,2.5024035494425334e-05,0.9999749660491943,0.0010821486357599497,0.998917818069458
1,1,0.998126208782196,1,0.9827985167503357,0.0018738234648481011,0.998126208782196,0.017201431095600128,0.9827985167503357
1,1,0.9995427131652832,1,0.9930024743080139,0.0004572956822812557,0.9995427131652832,0.006997527088969946,0.9930024743080139
1,1,0.9986972212791443,1,0.986346423625946,0.0013027745299041271,0.9986972212791443,0.013653585687279701,0.986346423625946
1,0,0.7896999716758728,0,0.7011129260063171,0.7896999716758728,0.210300013422966,0.7011129260063171,0.29888707399368286
1,1,0.9999914169311523,1,0.9994565844535828,8.584427632740699e-06,0.9999914169311523,0.0005433797487057745,0.9994565844535828
1,1,0.9997966885566711,1,0.9958376884460449,0.00020336687157396227,0.9997966885566711,0.0041623665019869804,0.9958376884460449
1,1,0.9618450999259949,1,0.8889020085334778,0.03815484046936035,0.9618450999259949,0.1110980212688446,0.8889020085334778
1,0,0.9998688697814941,0,0.9968605041503906,0.9998688697814941,0.00013108528219163418,0.9968605041503906,0.0031395242549479008
1,1,0.9997889399528503,1,0.9957375526428223,0.0002110401401296258,0.9997889399528503,0.0042624929919838905,0.9957375526428223
1,1,0.8075737953186035,1,0.7159096002578735,0.19242626428604126,0.8075737953186035,0.2840903401374817,0.7159096002578735
1,0,0.9999755620956421,0,0.9989339709281921,0.9999755620956421,2.4445860617561266e-05,0.9989339709281921,0.0010659868130460382
1,1,0.9999583959579468,1,0.9985002279281616,4.1551105823600665e-05,0.9999583959579468,0.0014997562393546104,0.9985002279281616
1,0,0.9999003410339355,0,0.9973672032356262,0.9999003410339355,9.968077938538045e-05,0.9973672032356262,0.002632875693961978
1,1,0.9985852241516113,1,0.985610842704773,0.0014147681649774313,0.9985852241516113,0.01438908837735653,0.985610842704773
1,1,0.9999924898147583,1,0.9995001554489136,7.540074875578284e-06,0.9999924898147583,0.0004998272634111345,0.9995001554489136
1,1,0.9995827078819275,1,0.9934002161026001,0.00041735198465175927,0.9995827078819275,0.006599768064916134,0.9934002161026001
1,1,0.9994221925735474,1,0.991872251033783,0.0005778552149422467,0.9994221925735474,0.008127706125378609,0.991872251033783
1,1,0.9998568296432495,1,0.9966769218444824,0.00014320675109047443,0.9998568296432495,0.0033230576664209366,0.9966769218444824
1,1,0.9998249411582947,1,0.9962188601493835,0.00017510811449028552,0.9998249411582947,0.0037812020163983107,0.9962188601493835
1,1,0.9999607801437378,1,0.9985539317131042,3.926429053535685e-05,0.9999607801437378,0.0014461096143350005,0.9985539317131042
1,1,0.8564664125442505,1,0.7597004771232605,0.14353355765342712,0.8564664125442505,0.24029949307441711,0.7597004771232605
1,1,0.999923586845398,1,0.997779905796051,7.645818550372496e-05,0.999923586845398,0.002220128895714879,0.997779905796051
1,1,0.9997534155845642,1,0.9952890872955322,0.0002466381702106446,0.9997534155845642,0.004710860084742308,0.9952890872955322
1,1,0.9999754428863525,1,0.9989315867424011,2.4531755116186105e-05,0.9999754428863525,0.0010683962609618902,0.9989315867424011
1,1,0.9998146891593933,1,0.9960789084434509,0.00018530046509113163,0.9998146891593933,0.003921072464436293,0.9960789084434509
1,1,0.9999886751174927,1,0.9993492960929871,1.135798629547935e-05,0.9999886751174927,0.0006507421494461596,0.9993492960929871
1,0,0.9999178647994995,0,0.997675359249115,0.9999178647994995,8.212824468500912e-05,0.997675359249115,0.0023246328346431255
1,0,0.9815887212753296,0,0.9283905029296875,0.9815887212753296,0.01841132342815399,0.9283905029296875,0.07160945236682892
1,0,0.994034469127655,0,0.9643104672431946,0.994034469127655,0.005965495016425848,0.9643104672431946,0.035689577460289
1,1,0.9846271872520447,1,0.9358626008033752,0.015372876077890396,0.9846271872520447,0.06413746625185013,0.9358626008033752
1,1,0.999998927116394,1,0.9998579025268555,1.0697903007894638e-06,0.999998927116394,0.00014206318883225322,0.9998579025268555
1,1,0.9632079601287842,1,0.8912838697433472,0.0367920882999897,0.9632079601287842,0.10871615260839462,0.8912838697433472
1,1,0.6003867387771606,1,0.5652055144309998,0.39961332082748413,0.6003867387771606,0.434794545173645,0.5652055144309998
1,1,0.9999268054962158,1,0.9978424310684204,7.313178502954543e-05,0.9999268054962158,0.002157526556402445,0.9978424310684204
1,1,0.9999936819076538,1,0.9995552897453308,6.289110842772061e-06,0.9999936819076538,0.0004447075189091265,0.9995552897453308
1,1,0.5561834573745728,1,0.536293625831604,0.44381657242774963,0.5561834573745728,0.4637064039707184,0.536293625831604
1,1,0.999777615070343,1,0.9955911636352539,0.00022244139108806849,0.999777615070343,0.004408874083310366,0.9955911636352539
1,1,0.9997853636741638,1,0.9956908822059631,0.00021464978635776788,0.9997853636741638,0.004309140145778656,0.9956908822059631
1,1,0.9998383522033691,1,0.9964084029197693,0.0001616231311345473,0.9998383522033691,0.0035915542393922806,0.9964084029197693
1,0,0.9981868863105774,0,0.9831547737121582,0.9981868863105774,0.001813046052120626,0.9831547737121582,0.016845254227519035
1,0,0.5012449622154236,0,0.5008022785186768,0.5012449622154236,0.49875497817993164,0.5008022785186768,0.499197781085968
1,1,0.9999262094497681,1,0.9978309273719788,7.374117558356375e-05,0.9999262094497681,0.002169071463868022,0.9978309273719788
1,0,0.9938295483589172,0,0.9635490775108337,0.9938295483589172,0.006170445121824741,0.9635490775108337,0.03645098954439163
1,1,0.9999681711196899,1,0.9987366795539856,3.182973887305707e-05,0.9999681711196899,0.0012633777223527431,0.9987366795539856
1,1,0.999491810798645,1,0.9925132393836975,0.0005082124844193459,0.999491810798645,0.0074866758659482,0.9925132393836975
1,1,0.999896764755249,1,0.997307300567627,0.00010323000606149435,0.999896764755249,0.0026927525177598,0.997307300567627
1,1,0.9999514818191528,1,0.9983434677124023,4.849524702876806e-05,0.9999514818191528,0.0016565463738515973,0.9983434677124023
1,1,0.9992364645004272,1,0.9902881383895874,0.0007635349757038057,0.9992364645004272,0.009711879305541515,0.9902881383895874
1,1,0.9999662637710571,1,0.9986880421638489,3.375035521457903e-05,0.9999662637710571,0.0013119258219376206,0.9986880421638489
1,0,0.9393318295478821,0,0.8538929224014282,0.9393318295478821,0.060668181627988815,0.8538929224014282,0.14610713720321655
1,1,0.9801958203315735,1,0.9251394867897034,0.019804133102297783,0.9801958203315735,0.07486047595739365,0.9251394867897034
1,1,0.9998131394386292,1,0.996057391166687,0.00018689301214180887,0.9998131394386292,0.003942671697586775,0.996057391166687
1,1,0.8729881644248962,1,0.7759383916854858,0.12701182067394257,0.8729881644248962,0.22406163811683655,0.7759383916854858
1,0,0.9997090697288513,0,0.9947629570960999,0.9997090697288513,0.00029091787291690707,0.9947629570960999,0.005237115081399679
1,1,0.9999233484268188,1,0.9977768063545227,7.6624310167972e-05,0.9999233484268188,0.0022232283372431993,0.9977768063545227
1,1,0.9790269136428833,1,0.9224844574928284,0.020973151549696922,0.9790269136428833,0.07751552760601044,0.9224844574928284
1,1,0.9999568462371826,1,0.9984623193740845,4.319734580349177e-05,0.9999568462371826,0.001537723932415247,0.9984623193740845
1,0,0.9877052307128906,0,0.9440871477127075,0.9877052307128906,0.012294821441173553,0.9440871477127075,0.05591282993555069
1,0,0.9995573163032532,0,0.9931460618972778,0.9995573163032532,0.00044272144441492856,0.9931460618972778,0.006853919476270676
1,1,0.7598169445991516,1,0.6774610280990601,0.240183025598526,0.7598169445991516,0.32253900170326233,0.6774610280990601
1,1,0.9965894222259521,1,0.9748759865760803,0.0034106113016605377,0.9965894222259521,0.025123989209532738,0.9748759865760803
1,1,0.6784788966178894,1,0.6180368065834045,0.3215210735797882,0.6784788966178894,0.38196319341659546,0.6180368065834045
1,1,0.9998483657836914,1,0.9965530633926392,0.00015160292969085276,0.9998483657836914,0.0034469228703528643,0.9965530633926392
1,1,0.9999449253082275,1,0.9982024431228638,5.506322122528218e-05,0.9999449253082275,0.0017975886585190892,0.9982024431228638
1,0,0.9972781538963318,0,0.9782101511955261,0.9972781538963318,0.0027218966279178858,0.9782101511955261,0.021789804100990295
1,1,0.8956047296524048,1,0.7997920513153076,0.1043953076004982,0.8956047296524048,0.20020791888237,0.7997920513153076
1,1,0.9997567534446716,1,0.9953306913375854,0.0002432597684673965,0.9997567534446716,0.004669360350817442,0.9953306913375854
1,1,0.9991366267204285,1,0.9894949793815613,0.0008634424884803593,0.9991366267204285,0.010505015030503273,0.9894949793815613
1,1,0.9999991655349731,1,0.9998756647109985,8.696878808223119e-07,0.9999991655349731,0.00012431862705852836,0.9998756647109985
1,1,0.9999567270278931,1,0.9984593391418457,4.332767639425583e-05,0.9999567270278931,0.0015407080063596368,0.9984593391418457
1,1,0.9542630910873413,1,0.8762813210487366,0.045736901462078094,0.9542630910873413,0.12371867895126343,0.8762813210487366
1,1,0.9305025339126587,1,0.8418191075325012,0.0694974884390831,0.9305025339126587,0.1581808477640152,0.8418191075325012
1,1,0.999984860420227,1,0.9992164373397827,1.5154765605984721e-05,0.999984860420227,0.000783539202529937,0.9992164373397827
1,1,0.8942434191703796,1,0.798294186592102,0.10575656592845917,0.8942434191703796,0.20170576870441437,0.798294186592102
1,0,0.9279705882072449,0,0.8384867310523987,0.9279705882072449,0.07202940434217453,0.8384867310523987,0.1615132838487625
1,1,0.9999921321868896,1,0.999488115310669,7.824814929335844e-06,0.9999921321868896,0.000511904014274478,0.999488115310669
1,0,0.9997844099998474,0,0.9956791996955872,0.9997844099998474,0.0002155604015570134,0.9956791996955872,0.004320862703025341
1,1,0.6267260909080505,1,0.5827130079269409,0.3732739984989166,0.6267260909080505,0.4172869920730591,0.5827130079269409
1,1,0.9994828701019287,1,0.9924295544624329,0.0005171275115571916,0.9994828701019287,0.007570445537567139,0.9924295544624329
1,1,0.9910287857055664,1,0.9539847373962402,0.00897121150046587,0.9910287857055664,0.04601530358195305,0.9539847373962402
1,1,0.9998277425765991,1,0.9962592124938965,0.00017220235895365477,0.9998277425765991,0.0037407956551760435,0.9962592124938965
1,1,0.9999948740005493,1,0.9996127486228943,5.07307231600862e-06,0.9999948740005493,0.00038722725003026426,0.9996127486228943
1,0,0.9663462042808533,0,0.896920919418335,0.9663462042808533,0.03365378454327583,0.896920919418335,0.10307912528514862
1,1,0.998650848865509,1,0.9860390424728394,0.0013491649879142642,0.998650848865509,0.013960987329483032,0.9860390424728394
1,1,0.9995852112770081,1,0.9934258460998535,0.00041482533561065793,0.9995852112770081,0.006574151571840048,0.9934258460998535
1,1,0.9997196793556213,1,0.9948868155479431,0.0002802521048579365,0.9997196793556213,0.005113168619573116,0.9948868155479431
1,1,0.9999957084655762,1,0.999651312828064,4.312096280045807e-06,0.9999957084655762,0.000348738394677639,0.999651312828064
1,0,0.7437455654144287,0,0.6652135252952576,0.7437455654144287,0.2562544047832489,0.6652135252952576,0.33478647470474243
1,1,0.9998764991760254,1,0.9969780445098877,0.00012352620251476765,0.9998764991760254,0.0030219750478863716,0.9969780445098877
1,1,0.9996250867843628,1,0.9938390851020813,0.0003748420567717403,0.9996250867843628,0.006160910706967115,0.9938390851020813
1,1,0.9998689889907837,1,0.9968612194061279,0.0001310403022216633,0.9998689889907837,0.003138832049444318,0.9968612194061279
1,1,0.9901678562164307,1,0.9512959122657776,0.009832181967794895,0.9901678562164307,0.0487041138112545,0.9512959122657776
1,1,0.9999929666519165,1,0.9995207786560059,7.0627561399305705e-06,0.9999929666519165,0.0004792115942109376,0.9995207786560059
1,1,0.9999041557312012,1,0.9974338412284851,9.578274330124259e-05,0.9999041557312012,0.002566226990893483,0.9974338412284851
1,1,0.9999551773071289,1,0.9984246492385864,4.485277531784959e-05,0.9999551773071289,0.0015753861516714096,0.9984246492385864
1,1,0.9966965913772583,1,0.975376546382904,0.0033034600783139467,0.9966965913772583,0.024623408913612366,0.975376546382904
1,1,0.9999945163726807,1,0.9995947480201721,5.445876013254747e-06,0.9999945163726807,0.0004053247394040227,0.9995947480201721
1,0,0.9975606203079224,0,0.9796690344810486,0.9975606203079224,0.002439421135932207,0.9796690344810486,0.020330972969532013
1,1,0.8798111081123352,1,0.7829173803329468,0.12018889933824539,0.8798111081123352,0.2170826643705368,0.7829173803329468
1,0,0.9916961789131165,0,0.9561407566070557,0.9916961789131165,0.008303857408463955,0.9561407566070557,0.04385926574468613
1,1,0.9999631643295288,1,0.9986110925674438,3.687823118525557e-05,0.9999631643295288,0.0013889293186366558,0.9986110925674438
1,1,0.999984622001648,1,0.999210000038147,1.534968578198459e-05,0.999984622001648,0.0007900131749920547,0.999210000038147
1,1,0.9995025396347046,1,0.9926154613494873,0.0004974242183379829,0.9995025396347046,0.007384585682302713,0.9926154613494873
1,1,0.9696972966194153,1,0.9031994938850403,0.030302664265036583,0.9696972966194153,0.09680046886205673,0.9031994938850403
1,1,0.9999316930770874,1,0.9979362487792969,6.825310265412554e-05,0.9999316930770874,0.00206383247859776,0.9979362487792969
1,1,0.9999406337738037,1,0.9981124401092529,5.9406778746051714e-05,0.9999406337738037,0.001887559425085783,0.9981124401092529
1,1,0.9862169027328491,1,0.9400162100791931,0.013783056288957596,0.9862169027328491,0.05998372286558151,0.9400162100791931
1,1,0.999995231628418,1,0.9996250867843628,4.825099495064933e-06,0.999995231628418,0.00037492657429538667,0.9996250867843628
1,1,0.9537124037742615,1,0.8754020929336548,0.046287652105093,0.9537124037742615,0.12459787726402283,0.8754020929336548
1,1,0.998838484287262,1,0.9873085618019104,0.0011615200201049447,0.998838484287262,0.012691481970250607,0.9873085618019104
1,1,0.9998632669448853,1,0.9967743754386902,0.00013672400382347405,0.9998632669448853,0.0032256287522614002,0.9967743754386902
1,1,0.9786931276321411,1,0.9217381477355957,0.021306857466697693,0.9786931276321411,0.07826188951730728,0.9217381477355957
1,1,0.9999725818634033,1,0.9988521337509155,2.7425467123975977e-05,0.9999725818634033,0.0011478984961286187,0.9988521337509155
1,1,0.9999790191650391,1,0.9990353584289551,2.0930714526912197e-05,0.9999790191650391,0.0009646050166338682,0.9990353584289551
1,1,0.9999691247940063,1,0.9987611770629883,3.0876017262926325e-05,0.9999691247940063,0.0012388823088258505,0.9987611770629883
1,1,0.8734192848205566,1,0.776374340057373,0.12658067047595978,0.8734192848205566,0.22362564504146576,0.776374340057373
1,1,0.8659197688102722,1,0.7688829302787781,0.13408027589321136,0.8659197688102722,0.2311171293258667,0.7688829302787781
1,1,0.9951872825622559,1,0.9688010215759277,0.004812686238437891,0.9951872825622559,0.031198929995298386,0.9688010215759277
1,0,0.8555728793144226,0,0.7588465809822083,0.8555728793144226,0.1444271206855774,0.7588465809822083,0.24115340411663055
1,1,0.9998243451118469,1,0.9962102174758911,0.00017572613433003426,0.9998243451118469,0.0037897666916251183,0.9962102174758911
1,0,0.7024513483047485,0,0.634954035282135,0.7024513483047485,0.29754868149757385,0.634954035282135,0.3650459051132202
1,0,0.8837450742721558,0,0.7870221734046936,0.8837450742721558,0.11625494807958603,0.7870221734046936,0.21297778189182281
1,0,0.9892776012420654,0,0.948613703250885,0.9892776012420654,0.010722409002482891,0.948613703250885,0.051386334002017975
1,1,0.9999947547912598,1,0.9996065497398376,5.200012310524471e-06,0.9999947547912598,0.0003934409178327769,0.9996065497398376
1,1,0.9997128844261169,1,0.9948070645332336,0.0002871000615414232,0.9997128844261169,0.005192938726395369,0.9948070645332336
1,1,0.9998776912689209,1,0.9969969987869263,0.00012232217704877257,0.9998776912689209,0.00300301774404943,0.9969969987869263
1,0,0.9980785846710205,0,0.9825226068496704,0.9980785846710205,0.001921426272019744,0.9825226068496704,0.017477398738265038
1,1,0.9999966621398926,1,0.9997021555900574,3.3743026506272145e-06,0.9999966621398926,0.0002977769763674587,0.9997021555900574
1,1,0.9994370341300964,1,0.9920069575309753,0.0005629636580124497,0.9994370341300964,0.007993116974830627,0.9920069575309753
1,1,0.9990311861038208,1,0.9886941313743591,0.0009688266436569393,0.9990311861038208,0.011305819265544415,0.9886941313743591
1,1,0.7266632318496704,1,0.6525024175643921,0.27333682775497437,0.7266632318496704,0.3474976122379303,0.6525024175643921
1,1,0.9999954700469971,1,0.9996402263641357,4.5261322156875394e-06,0.9999954700469971,0.000359792698873207,0.9996402263641357
1,1,0.9999788999557495,1,0.9990304708480835,2.109563683916349e-05,0.9999788999557495,0.000969491433352232,0.9990304708480835
1,1,0.9998898506164551,1,0.9971931576728821,0.000110115077404771,0.9998898506164551,0.0028068425599485636,0.9971931576728821
1,1,0.9979181885719299,1,0.981611430644989,0.0020817655604332685,0.9979181885719299,0.018388599157333374,0.981611430644989
1,1,0.9999427795410156,1,0.9981583952903748,5.717205203836784e-05,0.9999427795410156,0.001841576537117362,0.9981583952903748
1,0,0.9998565912246704,0,0.9966733455657959,0.9998565912246704,0.00014344672672450542,0.9966733455657959,0.0033266369719058275
1,1,0.9997596144676208,1,0.9953658580780029,0.000240402776398696,0.9997596144676208,0.004634101875126362,0.9953658580780029
1,1,0.9897724986076355,1,0.9500932693481445,0.010227486491203308,0.9897724986076355,0.04990675672888756,0.9500932693481445
1,1,0.9999994039535522,1,0.9998986721038818,6.327332471300906e-07,0.9999994039535522,0.00010128106077900156,0.9998986721038818
1,1,0.9999994039535522,1,0.9999067783355713,5.56124405193259e-07,0.9999994039535522,9.319977107224986e-05,0.9999067783355713
1,1,0.9999698400497437,1,0.9987786412239075,3.0200515539036132e-05,0.9999698400497437,0.0012213685549795628,0.9987786412239075
1,1,0.9557099938392639,1,0.8786138892173767,0.04428998380899429,0.9557099938392639,0.12138618528842926,0.8786138892173767
1,1,0.9999773502349854,1,0.9989854693412781,2.2635840650764294e-05,0.9999773502349854,0.0010144844418391585,0.9989854693412781
1,1,0.9998949766159058,1,0.9972769618034363,0.00010504522651899606,0.9998949766159058,0.0027230915147811174,0.9972769618034363
1,1,0.99004727602005,1,0.9509270787239075,0.009952747263014317,0.99004727602005,0.04907294735312462,0.9509270787239075
1,1,0.9998243451118469,1,0.9962104558944702,0.00017571140779182315,0.9998243451118469,0.0037895634304732084,0.9962104558944702
1,0,0.9999384880065918,0,0.9980699419975281,0.9999384880065918,6.149992987047881e-05,0.9980699419975281,0.0019300716230645776
1,1,0.9999723434448242,1,0.9988462924957275,2.764050805126317e-05,0.9999723434448242,0.0011536842212080956,0.9988462924957275
1,1,0.9999371767044067,1,0.9980443716049194,6.277253851294518e-05,0.9999371767044067,0.0019556668121367693,0.9980443716049194
1,1,0.8988083600997925,1,0.8033525943756104,0.10119161754846573,0.8988083600997925,0.19664743542671204,0.8033525943756104
1,1,0.9998903274536133,1,0.9972004890441895,0.00010966804984491318,0.9998903274536133,0.00279951561242342,0.9972004890441895
1,1,0.9995844960212708,1,0.9934187531471252,0.0004155250790063292,0.9995844960212708,0.0065812524408102036,0.9934187531471252
1,1,0.6057666540145874,1,0.5687612295150757,0.394233375787735,0.6057666540145874,0.4312388300895691,0.5687612295150757
1,1,0.9732426404953003,1,0.9101789593696594,0.026757365092635155,0.9732426404953003,0.08982102572917938,0.9101789593696594
1,1,0.999761164188385,1,0.9953858256340027,0.00023879816581029445,0.999761164188385,0.004614237230271101,0.9953858256340027
1,1,0.9990878105163574,1,0.9891204833984375,0.0009121707989834249,0.9990878105163574,0.010879525914788246,0.9891204833984375
1,1,0.9996126294136047,1,0.9937080144882202,0.00038735868292860687,0.9996126294136047,0.006291923113167286,0.9937080144882202
1,0,0.9999402761459351,0,0.9981048107147217,0.9999402761459351,5.977752516628243e-05,0.9981048107147217,0.0018951279344037175
1,0,0.9993727803230286,0,0.9914342164993286,0.9993727803230286,0.0006273019826039672,0.9914342164993286,0.008565790951251984
1,1,0.9266582131385803,1,0.836780309677124,0.07334177196025848,0.9266582131385803,0.16321969032287598,0.836780309677124
1,1,0.9756941199302673,1,0.9152400493621826,0.024305887520313263,0.9756941199302673,0.08475996553897858,0.9152400493621826
1,1,0.9976332187652588,1,0.980054497718811,0.0023667518980801105,0.9976332187652588,0.019945509731769562,0.980054497718811
1,1,0.9998328685760498,1,0.9963299632072449,0.00016715520177967846,0.9998328685760498,0.0036700183991342783,0.9963299632072449
1,1,0.9997324347496033,1,0.9950363039970398,0.00026758151943795383,0.9997324347496033,0.004963686224073172,0.9950363039970398
1,1,0.9999822378158569,1,0.9991316199302673,1.777860234142281e-05,0.9999822378158569,0.0008683842606842518,0.9991316199302673
1,1,0.9371424913406372,1,0.850829005241394,0.062857486307621,0.9371424913406372,0.14917100965976715,0.850829005241394
1,0,0.9831798076629639,0,0.9322333931922913,0.9831798076629639,0.01682017557322979,0.9322333931922913,0.06776662170886993
1,0,0.9995318651199341,0,0.9928970336914062,0.9995318651199341,0.00046810266212560236,0.9928970336914062,0.007102942559868097
1,0,0.7689704298973083,0,0.684576153755188,0.7689704298973083,0.23102958500385284,0.684576153755188,0.315423846244812
1,0,0.5248609781265259,0,0.5160278677940369,0.5248609781265259,0.4751390516757965,0.5160278677940369,0.48397210240364075
1,1,0.9913255572319031,1,0.9549354910850525,0.008674382232129574,0.9913255572319031,0.0450645387172699,0.9549354910850525
1,1,0.9657233357429504,1,0.895784318447113,0.03427669405937195,0.9657233357429504,0.10421566665172577,0.895784318447113
1,0,0.884935200214386,0,0.7882763147354126,0.884935200214386,0.1150648221373558,0.7882763147354126,0.21172372996807098
1,1,0.9998809099197388,1,0.9970483183860779,0.0001190819384646602,0.9998809099197388,0.0029516597278416157,0.9970483183860779
1,1,0.9864779710769653,1,0.9407168030738831,0.013522005639970303,0.9864779710769653,0.05928320810198784,0.9407168030738831
1,1,0.9976381063461304,1,0.980080246925354,0.002361922524869442,0.9976381063461304,0.019919732585549355,0.980080246925354
1,1,0.9961230158805847,1,0.9727638959884644,0.003876966889947653,0.9961230158805847,0.027236055582761765,0.9727638959884644
1,1,0.9990864992141724,1,0.9891101717948914,0.0009135137079283595,0.9990864992141724,0.010889741592109203,0.9891101717948914
1,0,0.888785183429718,0,0.7923738360404968,0.888785183429718,0.1112147867679596,0.7923738360404968,0.20762619376182556
1,1,0.9996676445007324,1,0.9942964911460876,0.00033232534769922495,0.9996676445007324,0.005703497678041458,0.9942964911460876
1,0,0.7718889117240906,0,0.6868677139282227,0.7718889117240906,0.22811101377010345,0.6868677139282227,0.31313228607177734
1,1,0.9998317956924438,1,0.9963151812553406,0.00016820788732729852,0.9998317956924438,0.003684844123199582,0.9963151812553406
1,1,0.9999597072601318,1,0.9985300302505493,4.027430259156972e-05,0.9999597072601318,0.0014699369203299284,0.9985300302505493
1,0,0.9998156428337097,0,0.9960916638374329,0.9998156428337097,0.00018435920355841517,0.9960916638374329,0.0039082723669707775
1,0,0.9997943043708801,0,0.9958066940307617,0.9997943043708801,0.00020572140056174248,0.9958066940307617,0.004193232394754887
1,1,0.9606755375862122,1,0.8868873715400696,0.039324451237916946,0.9606755375862122,0.11311269551515579,0.8868873715400696
1,1,0.9982701539993286,1,0.9836498498916626,0.001729820272885263,0.9982701539993286,0.016350163146853447,0.9836498498916626
1,1,0.999997615814209,1,0.999762237071991,2.3789596070855623e-06,0.999997615814209,0.0002377390774199739,0.999762237071991
1,1,0.9994520545005798,1,0.9921437501907349,0.0005479666288010776,0.9994520545005798,0.007856257259845734,0.9921437501907349
1,1,0.9999526739120483,1,0.9983696341514587,4.730816726805642e-05,0.9999526739120483,0.0016303446609526873,0.9983696341514587
1,1,0.9886351823806763,1,0.946733832359314,0.011364821344614029,0.9886351823806763,0.05326619744300842,0.946733832359314
1,0,0.8193630576133728,0,0.7259839177131653,0.8193630576133728,0.1806369572877884,0.7259839177131653,0.27401599287986755
1,1,0.9879930019378662,1,0.9448972940444946,0.01200699433684349,0.9879930019378662,0.05510270595550537,0.9448972940444946
1,1,0.9999871253967285,1,0.9992947578430176,1.2868889825767837e-05,0.9999871253967285,0.0007052401779219508,0.9992947578430176
1,1,0.6522611379623413,1,0.5999643802642822,0.3477388918399811,0.6522611379623413,0.40003564953804016,0.5999643802642822
1,0,0.9849541187286377,0,0.9367019534111023,0.9849541187286377,0.015045850537717342,0.9367019534111023,0.06329809874296188
1,1,0.9999983310699463,1,0.999810516834259,1.673651922828867e-06,0.9999983310699463,0.00018954348342958838,0.999810516834259
1,1,0.9998623132705688,1,0.9967599511146545,0.0001376747095491737,0.9998623132705688,0.003240020014345646,0.9967599511146545
1,1,0.9978535771369934,1,0.9812517166137695,0.0021463697776198387,0.9978535771369934,0.018748236820101738,0.9812517166137695
1,1,0.9917959570884705,1,0.9564688801765442,0.0082040810957551,0.9917959570884705,0.04353106766939163,0.9564688801765442
1,1,0.999991774559021,1,0.9994692206382751,8.27718304208247e-06,0.999991774559021,0.0005307732499204576,0.9994692206382751
1,1,0.9994568228721619,1,0.9921880960464478,0.0005431410972960293,0.9994568228721619,0.007811933755874634,0.9921880960464478
1,1,0.9991944432258606,1,0.9899505376815796,0.0008055084617808461,0.9991944432258606,0.01004947442561388,0.9899505376815796
1,1,0.9999938011169434,1,0.9995613694190979,6.157043571874965e-06,0.9999938011169434,0.00043866969645023346,0.9995613694190979
1,1,0.9999867677688599,1,0.9992817044258118,1.3242130989965517e-05,0.9999867677688599,0.0007183446432463825,0.9992817044258118
1,0,0.9998887777328491,0,0.9971752166748047,0.9998887777328491,0.00011120776616735384,0.9971752166748047,0.0028247099835425615
1,1,0.9999774694442749,1,0.9989880919456482,2.254733772133477e-05,0.9999774694442749,0.001011929358355701,0.9989880919456482
1,1,0.9998435974121094,1,0.9964832067489624,0.00015641636855434626,0.9998435974121094,0.003516813274472952,0.9964832067489624
1,0,0.9956984519958496,0,0.9709244966506958,0.9956984519958496,0.004301577340811491,0.9709244966506958,0.029075460508465767
1,1,0.8644088506698608,1,0.7673964500427246,0.13559114933013916,0.8644088506698608,0.2326035350561142,0.7673964500427246
1,1,0.9997441172599792,1,0.9951769113540649,0.00025586000992916524,0.9997441172599792,0.004823105409741402,0.9951769113540649
1,1,0.9988151788711548,1,0.9871468544006348,0.0011848305584862828,0.9988151788711548,0.012853125110268593,0.9871468544006348
1,0,0.9997465014457703,0,0.9952059388160706,0.9997465014457703,0.00025345751782879233,0.9952059388160706,0.0047940039075911045
1,1,0.999306321144104,1,0.9908652901649475,0.0006937035941518843,0.999306321144104,0.009134705178439617,0.9908652901649475
1,1,0.9647462964057922,1,0.8940197825431824,0.03525366261601448,0.9647462964057922,0.10598025470972061,0.8940197825431824
1,1,0.9885483980178833,1,0.9464831352233887,0.011451645754277706,0.9885483980178833,0.0535169318318367,0.9464831352233887
1,1,0.9989928603172302,1,0.9884113073348999,0.0010071077849715948,0.9989928603172302,0.011588668450713158,0.9884113073348999
1,1,0.9989215135574341,1,0.9878943562507629,0.0010784873738884926,0.9989215135574341,0.012105700559914112,0.9878943562507629
1,1,0.9411081671714783,1,0.8564155101776123,0.05889183282852173,0.9411081671714783,0.1435844600200653,0.8564155101776123
1,0,0.9584264159202576,0,0.8830859065055847,0.9584264159202576,0.04157359153032303,0.8830859065055847,0.11691410839557648
1,0,0.9998446702957153,0,0.9964998960494995,0.9998446702957153,0.00015525688650086522,0.9964998960494995,0.003500049002468586
1,1,0.9995734095573425,1,0.993306577205658,0.00042663654312491417,0.9995734095573425,0.006693414878100157,0.993306577205658
1,0,0.9373172521591187,0,0.851071834564209,0.9373172521591187,0.06268268823623657,0.851071834564209,0.14892816543579102
1,1,0.998518168926239,1,0.9851812124252319,0.0014817845076322556,0.998518168926239,0.01481886301189661,0.9851812124252319
1,1,0.999239444732666,1,0.9903123378753662,0.0007605561404488981,0.999239444732666,0.009687667712569237,0.9903123378753662
1,0,0.9976213574409485,0,0.9799908399581909,0.9976213574409485,0.002378687262535095,0.9799908399581909,0.020009120926260948
1,1,0.9967668056488037,1,0.9757080674171448,0.0032332236878573895,0.9967668056488037,0.024291913956403732,0.9757080674171448
1,0,0.5785179734230042,0,0.5508419871330261,0.5785179734230042,0.42148199677467346,0.5508419871330261,0.4491580128669739
1,0,0.9789953827857971,0,0.9224137663841248,0.9789953827857971,0.021004656329751015,0.9224137663841248,0.07758621871471405
1,1,0.9496548175811768,1,0.8690629005432129,0.050345126539468765,0.9496548175811768,0.13093708455562592,0.8690629005432129
1,1,0.9927207231521606,1,0.9595905542373657,0.007279278244823217,0.9927207231521606,0.040409449487924576,0.9595905542373657
1,1,0.9957184195518494,1,0.9710095524787903,0.00428157951682806,0.9957184195518494,0.028990447521209717,0.9710095524787903
1,1,0.9987916350364685,1,0.9869847297668457,0.0012083977926522493,0.9987916350364685,0.013015343807637691,0.9869847297668457
1,1,0.9997565150260925,1,0.9953280687332153,0.00024346695863641798,0.9997565150260925,0.00467191357165575,0.9953280687332153
1,1,0.9999074935913086,1,0.9974908828735352,9.248778223991394e-05,0.9999074935913086,0.0025091231800615788,0.9974908828735352
1,1,0.9998832941055298,1,0.9970870614051819,0.00011666263890219852,0.9998832941055298,0.0029129842296242714,0.9970870614051819
1,0,0.9999819993972778,0,0.9991255402565002,0.9999819993972778,1.7973728972719982e-05,0.9991255402565002,0.0008745085797272623
1,1,0.999994158744812,1,0.9995751976966858,5.856957614014391e-06,0.999994158744812,0.0004247766628395766,0.9995751976966858
1,1,0.9980884194374084,1,0.9825793504714966,0.001911596511490643,0.9980884194374084,0.01742062158882618,0.9825793504714966
1,1,0.9998160004615784,1,0.9960964322090149,0.00018401129636913538,0.9998160004615784,0.0039035361260175705,0.9960964322090149
1,1,0.9993718266487122,1,0.9914267063140869,0.0006281592650339007,0.9993718266487122,0.008573268540203571,0.9914267063140869
1,1,0.8038936853408813,1,0.7128182649612427,0.19610628485679626,0.8038936853408813,0.2871817648410797,0.7128182649612427
1,1,0.9999817609786987,1,0.9991177916526794,1.8219425328425132e-05,0.9999817609786987,0.0008821868104860187,0.9991177916526794
1,1,0.9751978516578674,1,0.9141984581947327,0.024802209809422493,0.9751978516578674,0.0858016237616539,0.9141984581947327
1,1,0.9979165196418762,1,0.981601893901825,0.0020834633614867926,0.9979165196418762,0.01839810237288475,0.981601893901825
1,1,0.9999555349349976,1,0.9984334111213684,4.4462813093559816e-05,0.9999555349349976,0.001566559076309204,0.9984334111213684
1,0,0.9969063401222229,0,0.976375162601471,0.9969063401222229,0.0030936396215111017,0.976375162601471,0.023624854162335396
1,1,0.9997203946113586,1,0.9948940277099609,0.00027963827596977353,0.9997203946113586,0.005105986725538969,0.9948940277099609
1,1,0.8595845103263855,1,0.762698769569397,0.1404154747724533,0.8595845103263855,0.23730126023292542,0.762698769569397
1,1,0.999992847442627,1,0.9995181560516357,7.1238810050999746e-06,0.999992847442627,0.0004818788729608059,0.9995181560516357
1,1,0.9984958171844482,1,0.9850391149520874,0.0015041757142171264,0.9984958171844482,0.014960837550461292,0.9850391149520874
1,1,0.9978735446929932,1,0.9813622832298279,0.0021264348179101944,0.9978735446929932,0.018637701869010925,0.9813622832298279
1,1,0.9999099969863892,1,0.9975347518920898,8.9985755039379e-05,0.9999099969863892,0.0024652762804180384,0.9975347518920898
1,1,0.9846870303153992,1,0.9360156655311584,0.015312997624278069,0.9846870303153992,0.06398433446884155,0.9360156655311584
1,1,0.989349365234375,1,0.9488264918327332,0.010650652460753918,0.989349365234375,0.051173560321331024,0.9488264918327332
1,1,0.9992886781692505,1,0.9907180666923523,0.0007112872553989291,0.9992886781692505,0.009281973354518414,0.9907180666923523
1,1,0.9999969005584717,1,0.9997199177742004,3.0669050374854123e-06,0.9999969005584717,0.0002800058573484421,0.9997199177742004
1,1,0.6339432001113892,1,0.5875580906867981,0.36605679988861084,0.6339432001113892,0.4124418795108795,0.5875580906867981
1,1,0.9999412298202515,1,0.9981256127357483,5.876416980754584e-05,0.9999412298202515,0.00187440135050565,0.9981256127357483
1,1,0.9999935626983643,1,0.9995488524436951,6.4308328546758275e-06,0.9999935626983643,0.0004511366714723408,0.9995488524436951
1,1,0.9947490096092224,1,0.9670491814613342,0.005250944755971432,0.9947490096092224,0.03295089304447174,0.9670491814613342
1,1,0.9946600794792175,1,0.9667006731033325,0.0053398809395730495,0.9946600794792175,0.03329936042428017,0.9667006731033325
1,0,0.8254510164260864,0,0.7312951683998108,0.8254510164260864,0.17454902827739716,0.7312951683998108,0.2687048614025116
1,1,0.9997848868370056,1,0.9956842660903931,0.00021516595734283328,0.9997848868370056,0.004315786063671112,0.9956842660903931
1,0,0.9998706579208374,0,0.9968870282173157,0.9998706579208374,0.00012936237908434123,0.9968870282173157,0.003112951060757041
1,0,0.9997777342796326,0,0.9955938458442688,0.9997777342796326,0.0002222230250481516,0.9955938458442688,0.004406096879392862
1,0,0.9998089671134949,0,0.9960010647773743,0.9998089671134949,0.00019106642866972834,0.9960010647773743,0.003998967353254557
1,1,0.9999680519104004,1,0.9987348914146423,3.1895702704787254e-05,0.9999680519104004,0.001265061553567648,0.9987348914146423
1,1,0.9895960688591003,1,0.9495623707771301,0.01040397398173809,0.9895960688591003,0.050437621772289276,0.9495623707771301
1,1,0.9993047714233398,1,0.9908527731895447,0.0006951899849809706,0.9993047714233398,0.00914720818400383,0.9908527731895447
1,1,0.9503206014633179,1,0.8700870275497437,0.04967939853668213,0.9503206014633179,0.12991303205490112,0.8700870275497437
1,1,0.9803926348686218,1,0.9255929589271545,0.01960732787847519,0.9803926348686218,0.07440707087516785,0.9255929589271545
1,1,0.9999665021896362,1,0.9986931681632996,3.354688305989839e-05,0.9999665021896362,0.0013068296248093247,0.9986931681632996
1,1,0.9999974966049194,1,0.9997559189796448,2.477383304722025e-06,0.9999974966049194,0.00024403005954809487,0.9997559189796448
1,1,0.9993278980255127,1,0.9910476803779602,0.0006721533136442304,0.9993278980255127,0.008952343836426735,0.9910476803779602
1,1,0.9169636368751526,1,0.8245794177055359,0.083036407828331,0.9169636368751526,0.17542056739330292,0.8245794177055359
1,1,0.9999675750732422,1,0.9987201690673828,3.247530912631191e-05,0.9999675750732422,0.0012798095121979713,0.9987201690673828
1,1,0.9905723929405212,1,0.9525473117828369,0.009427535347640514,0.9905723929405212,0.04745271056890488,0.9525473117828369
1,1,0.9999756813049316,1,0.9989363551139832,2.4362519980059005e-05,0.9999756813049316,0.0010636465158313513,0.9989363551139832
1,1,0.9946671724319458,1,0.9667280912399292,0.005332870874553919,0.9946671724319458,0.03327196463942528,0.9667280912399292
1,1,0.8625706434249878,1,0.7655978798866272,0.1374293565750122,0.8625706434249878,0.2344021052122116,0.7655978798866272
1,0,0.9998832941055298,0,0.9970859885215759,0.9998832941055298,0.00011672440450638533,0.9970859885215759,0.0029139758553355932
1,1,0.9999057054519653,1,0.9974588751792908,9.433191735297441e-05,0.9999057054519653,0.002541171619668603,0.9974588751792908
1,1,0.9169009923934937,1,0.8245028257369995,0.08309902250766754,0.9169009923934937,0.17549720406532288,0.8245028257369995
1,0,0.5060133337974548,0,0.5038750171661377,0.5060133337974548,0.4939866364002228,0.5038750171661377,0.49612492322921753
1,1,0.9999064207077026,1,0.9974715709686279,9.359842078993097e-05,0.9999064207077026,0.002528453478589654,0.9974715709686279
1,1,0.9999526739120483,1,0.9983705878257751,4.7266858018701896e-05,0.9999526739120483,0.0016294282395392656,0.9983705878257751
1,1,0.9999998807907104,1,0.9999555349349976,1.7669468377334852e-07,0.9999998807907104,4.4520769733935595e-05,0.9999555349349976
1,1,0.9988526105880737,1,0.9874073266983032,0.0011473518097773194,0.9988526105880737,0.012592654675245285,0.9874073266983032
1,1,0.9999722242355347,1,0.9988418221473694,2.7810758183477446e-05,0.9999722242355347,0.0011582530569285154,0.9988418221473694
1,1,0.9999988079071045,1,0.9998462200164795,1.2098483921363368e-06,0.9999988079071045,0.0001537827920401469,0.9998462200164795
1,1,0.9997432827949524,1,0.9951663017272949,0.00025673728669062257,0.9997432827949524,0.00483370665460825,0.9951663017272949
1,1,0.9998822212219238,1,0.9970688223838806,0.00011779737542383373,0.9998822212219238,0.002931158524006605,0.9970688223838806
1,1,0.999843955039978,1,0.9964888095855713,0.00015603145584464073,0.999843955039978,0.0035112532787024975,0.9964888095855713
1,0,0.9948235750198364,0,0.9673426747322083,0.9948235750198364,0.005176485050469637,0.9673426747322083,0.032657358795404434
1,1,0.9999035596847534,1,0.9974228143692017,9.64229620876722e-05,0.9999035596847534,0.0025772391818463802,0.9974228143692017
1,1,0.9882964491844177,1,0.9457600712776184,0.01170353963971138,0.9882964491844177,0.05423998460173607,0.9457600712776184
1,0,0.5845934152603149,0,0.5548191070556641,0.5845934152603149,0.41540655493736267,0.5548191070556641,0.44518089294433594
1,1,0.9995483756065369,1,0.9930583238601685,0.00045161208254285157,0.9995483756065369,0.006941727362573147,0.9930583238601685
1,1,0.9999394416809082,1,0.9980884194374084,6.0582788137253374e-05,0.9999394416809082,0.0019115089671686292,0.9980884194374084
1,1,0.9140291810035706,1,0.8210155367851257,0.08597083389759064,0.9140291810035706,0.17898450791835785,0.8210155367851257
1,1,0.9999856948852539,1,0.999243974685669,1.4336425010696985e-05,0.9999856948852539,0.000756027118768543,0.999243974685669
1,0,0.9299179911613464,0,0.8410450220108032,0.9299179911613464,0.07008200138807297,0.8410450220108032,0.15895500779151917
1,1,0.9998483657836914,1,0.9965533018112183,0.00015159179747570306,0.9998483657836914,0.00344675756059587,0.9965533018112183
1,1,0.9999932050704956,1,0.9995301961898804,6.848894372524228e-06,0.9999932050704956,0.0004698145785368979,0.9995301961898804
1,1,0.9999947547912598,1,0.9996021389961243,5.291666639095638e-06,0.9999947547912598,0.00039789394941180944,0.9996021389961243
1,0,0.9852766394615173,0,0.9375370144844055,0.9852766394615173,0.014723341912031174,0.9375370144844055,0.06246291473507881
1,1,0.9918217062950134,1,0.9565540552139282,0.008178280666470528,0.9918217062950134,0.043445926159620285,0.9565540552139282
1,1,0.8508018851280212,1,0.7543262243270874,0.14919807016849518,0.8508018851280212,0.2456737607717514,0.7543262243270874
1,1,0.9999638795852661,1,0.998630940914154,3.606036989367567e-05,0.9999638795852661,0.0013690288178622723,0.998630940914154
1,1,0.9721395969390869,1,0.9079669713973999,0.027860401198267937,0.9721395969390869,0.09203305840492249,0.9079669713973999
1,1,0.9996353387832642,1,0.9939466118812561,0.0003646839177235961,0.9996353387832642,0.00605341512709856,0.9939466118812561
1,1,0.999943733215332,1,0.9981780052185059,5.6228862376883626e-05,0.999943733215332,0.0018219755729660392,0.9981780052185059
1,1,0.9985778331756592,1,0.9855629205703735,0.0014221958117559552,0.9985778331756592,0.014437094330787659,0.9855629205703735
1,1,0.999963641166687,1,0.9986246824264526,3.631851723184809e-05,0.999963641166687,0.0013753270031884313,0.9986246824264526
1,1,0.9999502897262573,1,0.9983162879943848,4.973800969310105e-05,0.9999502897262573,0.0016837342409417033,0.9983162879943848
1,1,0.9999922513961792,1,0.9994913339614868,7.748892130621243e-06,0.9999922513961792,0.0005086995079182088,0.9994913339614868
1,1,0.9999971389770508,1,0.9997338652610779,2.834901579262805e-06,0.9999971389770508,0.0002661698672454804,0.9997338652610779
1,1,0.7034662365913391,1,0.6356796622276306,0.29653382301330566,0.7034662365913391,0.364320307970047,0.6356796622276306
1,1,0.9873552918434143,1,0.9431125521659851,0.012644770555198193,0.9873552918434143,0.0568874329328537,0.9431125521659851
1,1,0.9983710646629333,1,0.9842617511749268,0.0016289878403767943,0.9983710646629333,0.015738239511847496,0.9842617511749268
1,1,0.9998993873596191,1,0.9973522424697876,0.00010056141036329791,0.9998993873596191,0.002647803397849202,0.9973522424697876
1,1,0.9965117573738098,1,0.9745168685913086,0.0034882808104157448,0.9965117573738098,0.025483092293143272,0.9745168685913086
1,1,0.9997219443321228,1,0.99491286277771,0.0002780245849862695,0.9997219443321228,0.005087069235742092,0.99491286277771
1,1,0.9338214993476868,1,0.8462715744972229,0.06617853045463562,0.9338214993476868,0.15372835099697113,0.8462715744972229
1,1,0.9985920786857605,1,0.9856555461883545,0.0014078629901632667,0.9985920786857605,0.01434438955038786,0.9856555461883545
1,1,0.99998939037323,1,0.999377965927124,1.0590025340206921e-05,0.99998939037323,0.0006220550276339054,0.999377965927124
1,0,0.9998636245727539,0,0.996780276298523,0.9998636245727539,0.0001363363116979599,0.996780276298523,0.0032197502441704273
1,1,0.9999867677688599,1,0.9992815852165222,1.3245818990981206e-05,0.9999867677688599,0.0007184740388765931,0.9992815852165222
1,1,0.999909520149231,1,0.9975257515907288,9.049414802575484e-05,0.999909520149231,0.002474220935255289,0.9975257515907288
1,1,0.9998362064361572,1,0.9963781237602234,0.00016375018458347768,0.9998362064361572,0.00362183665856719,0.9963781237602234
1,1,0.9997901320457458,1,0.9957523345947266,0.00020989449694752693,0.9997901320457458,0.004247627221047878,0.9957523345947266
1,1,0.9999902248382568,1,0.9994075298309326,9.81873927230481e-06,0.9999902248382568,0.0005924871657043695,0.9994075298309326
1,0,0.9988018274307251,0,0.9870545864105225,0.9988018274307251,0.001198211801238358,0.9870545864105225,0.01294537540525198
1,1,0.9999136924743652,1,0.9976003766059875,8.6287094745785e-05,0.9999136924743652,0.002399645745754242,0.9976003766059875
1,1,0.9989602565765381,1,0.98817378282547,0.0010396863799542189,0.9989602565765381,0.011826270259916782,0.98817378282547
1,1,0.9075683355331421,1,0.8133578896522522,0.09243167191743851,0.9075683355331421,0.186642125248909,0.8133578896522522
1,0,0.9998940229415894,0,0.9972623586654663,0.9998940229415894,0.00010592171747703105,0.9972623586654663,0.0027376736979931593
1,1,0.9991208910942078,1,0.9893737435340881,0.0008791126892901957,0.9991208910942078,0.01062627974897623,0.9893737435340881
1,1,0.9998384714126587,1,0.9964104294776917,0.00016148711438290775,0.9998384714126587,0.0035896128974854946,0.9964104294776917
1,1,0.999962329864502,1,0.9985913634300232,3.769388422369957e-05,0.999962329864502,0.0014086209703236818,0.9985913634300232
1,1,0.9998632669448853,1,0.9967749714851379,0.000136680479045026,0.9998632669448853,0.0032249693758785725,0.9967749714851379
1,1,0.7638363242149353,1,0.6805722117424011,0.23616363108158112,0.7638363242149353,0.3194277584552765,0.6805722117424011
1,1,0.8820517659187317,1,0.7852477431297302,0.11794823408126831,0.8820517659187317,0.214752197265625,0.7852477431297302
1,0,0.9951155185699463,0,0.9685099124908447,0.9951155185699463,0.0048844944685697556,0.9685099124908447,0.031490109860897064
1,0,0.9987530708312988,0,0.9867219924926758,0.9987530708312988,0.0012469140347093344,0.9867219924926758,0.013277972117066383
1,1,0.9702492356300354,1,0.9042618274688721,0.029750796034932137,0.9702492356300354,0.09573816508054733,0.9042618274688721
1,1,0.9999959468841553,1,0.9996640682220459,4.069496299052844e-06,0.9999959468841553,0.00033596967114135623,0.9996640682220459
1,1,0.999546468257904,1,0.9930399656295776,0.0004534743493422866,0.999546468257904,0.006960037164390087,0.9930399656295776
1,0,0.9842178821563721,0,0.9348223805427551,0.9842178821563721,0.015782160684466362,0.9348223805427551,0.06517764925956726
1,1,0.9999905824661255,1,0.9994219541549683,9.450727702642325e-06,0.9999905824661255,0.0005780887440778315,0.9994219541549683
1,1,0.9999920129776001,1,0.9994799494743347,8.020350833248813e-06,0.9999920129776001,0.0005201069288887084,0.9994799494743347
1,1,0.994664192199707,1,0.9667165875434875,0.0053357998840510845,0.994664192199707,0.03328341618180275,0.9667165875434875
1,1,0.9999315738677979,1,0.9979333877563477,6.839742854936048e-05,0.9999315738677979,0.0020666371565312147,0.9979333877563477
1,0,0.5608618259429932,0,0.5393327474594116,0.5608618259429932,0.43913814425468445,0.5393327474594116,0.46066731214523315
1,1,0.9999392032623291,1,0.9980852603912354,6.074563498259522e-05,0.9999392032623291,0.0019148127175867558,0.9980852603912354
1,1,0.7266207933425903,1,0.6524712443351746,0.27337920665740967,0.7266207933425903,0.3475287854671478,0.6524712443351746
1,1,0.9998495578765869,1,0.9965704679489136,0.00015041673032101244,0.9998495578765869,0.003429573029279709,0.9965704679489136
1,1,0.9999687671661377,1,0.9987518787384033,3.1234601920004934e-05,0.9999687671661377,0.001248123706318438,0.9987518787384033
1,1,0.9958474040031433,1,0.9715616703033447,0.004152592271566391,0.9958474040031433,0.028438393026590347,0.9715616703033447
1,1,0.999126136302948,1,0.9894142150878906,0.0008738708565942943,0.999126136302948,0.010585799813270569,0.9894142150878906
1,1,0.999690055847168,1,0.9945453405380249,0.0003099854220636189,0.999690055847168,0.005454673431813717,0.9945453405380249
1,1,0.9567008018493652,1,0.8802306056022644,0.04329918324947357,0.9567008018493652,0.11976944655179977,0.8802306056022644
1,1,0.9856871962547302,1,0.9386112689971924,0.014312819577753544,0.9856871962547302,0.061388783156871796,0.9386112689971924
1,1,0.7059887647628784,1,0.6374869346618652,0.2940112054347992,0.7059887647628784,0.36251309514045715,0.6374869346618652
1,1,0.9999527931213379,1,0.9983713030815125,4.723351958091371e-05,0.9999527931213379,0.0016286884201690555,0.9983713030815125
1,1,0.9999035596847534,1,0.997422456741333,9.644484816817567e-05,0.9999035596847534,0.0025776142720133066,0.997422456741333
1,1,0.9894136190414429,1,0.9490176439285278,0.010586349293589592,0.9894136190414429,0.05098237842321396,0.9490176439285278
1,1,0.7607589960098267,1,0.6781883835792542,0.23924100399017334,0.7607589960098267,0.32181158661842346,0.6781883835792542
1,1,0.9143806099891663,1,0.8214393854141235,0.08561946451663971,0.9143806099891663,0.17856065928936005,0.8214393854141235
1,1,0.9996969699859619,1,0.9946235418319702,0.00030308551504276693,0.9996969699859619,0.005376521963626146,0.9946235418319702
1,1,0.9925325512886047,1,0.9589430093765259,0.007467490155249834,0.9925325512886047,0.04105696082115173,0.9589430093765259
1,0,0.582537829875946,0,0.5534723997116089,0.582537829875946,0.41746214032173157,0.5534723997116089,0.44652754068374634
1,1,0.9996243715286255,1,0.9938315153121948,0.00037555882590822875,0.9996243715286255,0.0061684600077569485,0.9938315153121948
1,1,0.9994964599609375,1,0.992557168006897,0.0005035673966631293,0.9994964599609375,0.007442818954586983,0.992557168006897
1,1,0.9988756775856018,1,0.9875691533088684,0.0011242924956604838,0.9988756775856018,0.012430830858647823,0.9875691533088684
1,1,0.998779833316803,1,0.9869036674499512,0.0012202245416119695,0.998779833316803,0.013096312060952187,0.9869036674499512
1,1,0.9997557997703552,1,0.9953194260597229,0.00024417295935563743,0.9997557997703552,0.004680598620325327,0.9953194260597229
1,1,0.9916812777519226,1,0.9560919404029846,0.008318747393786907,0.9916812777519226,0.043908122926950455,0.9560919404029846
1,1,0.9999865293502808,1,0.9992753863334656,1.3423557902569883e-05,0.9999865293502808,0.0007246669265441597,0.9992753863334656
1,0,0.948625922203064,0,0.8674919605255127,0.948625922203064,0.05137405917048454,0.8674919605255127,0.1325080245733261
1,0,0.8326062560081482,0,0.7376397848129272,0.8326062560081482,0.1673937886953354,0.7376397848129272,0.26236024498939514
1,1,0.9996211528778076,1,0.9937973618507385,0.00037881245953030884,0.9996211528778076,0.006202641408890486,0.9937973618507385
1,1,0.9999617338180542,1,0.998576283454895,3.83238002541475e-05,0.9999617338180542,0.0014237237628549337,0.998576283454895
1,1,0.9989547729492188,1,0.9881340861320496,0.0010451641865074635,0.9989547729492188,0.011865951120853424,0.9881340861320496
1,0,0.9901858568191528,0,0.9513511061668396,0.9901858568191528,0.0098141860216856,0.9513511061668396,0.04864891245961189
1,1,0.9999812841415405,1,0.9991031885147095,1.8691685909288935e-05,0.9999812841415405,0.0008968415204435587,0.9991031885147095
1,1,0.9954364895820618,1,0.9698249101638794,0.004563498310744762,0.9954364895820618,0.03017517179250717,0.9698249101638794
1,0,0.9998675584793091,0,0.9968400001525879,0.9998675584793091,0.0001324162003584206,0.9968400001525879,0.003159965155646205
1,1,0.889444887638092,1,0.7930822968482971,0.11055509746074677,0.889444887638092,0.20691771805286407,0.7930822968482971
1,1,0.9999995231628418,1,0.9999123811721802,5.050915774518216e-07,0.9999995231628418,8.759524644119665e-05,0.9999123811721802
1,1,0.9994951486587524,1,0.9925453066825867,0.0005048226448707283,0.9994951486587524,0.007454685401171446,0.9925453066825867
1,1,0.9999985694885254,1,0.9998311996459961,1.3970011423225515e-06,0.9999985694885254,0.00016871515254024416,0.9998311996459961
1,1,0.9996401071548462,1,0.99399733543396,0.00035992718767374754,0.9996401071548462,0.006002705544233322,0.99399733543396
1,0,0.9998113512992859,0,0.9960337281227112,0.9998113512992859,0.00018864126468542963,0.9960337281227112,0.0039663068018853664
1,0,0.9995450377464294,0,0.993025541305542,0.9995450377464294,0.00045494691585190594,0.993025541305542,0.006974497810006142
1,0,0.9995129108428955,0,0.9927137494087219,0.9995129108428955,0.0004871099372394383,0.9927137494087219,0.007286221254616976
1,1,0.9999505281448364,1,0.9983218312263489,4.9481404857942834e-05,0.9999505281448364,0.0016781408339738846,0.9983218312263489
1,0,0.7927291989326477,0,0.7035832405090332,0.7927291989326477,0.2072707861661911,0.7035832405090332,0.2964167296886444
1,1,0.9999817609786987,1,0.9991183876991272,1.820252691686619e-05,0.9999817609786987,0.0008816599729470909,0.9991183876991272
1,0,0.7246756553649902,0,0.6510422825813293,0.7246756553649902,0.2753242552280426,0.6510422825813293,0.34895774722099304
1,1,0.9996575117111206,1,0.9941851496696472,0.0003425085451453924,0.9996575117111206,0.005814896430820227,0.9941851496696472
1,1,0.9999876022338867,1,0.9993098974227905,1.2441312719602138e-05,0.9999876022338867,0.0006900611915625632,0.9993098974227905
1,1,0.9998167157173157,1,0.9961066842079163,0.0001832585403462872,0.9998167157173157,0.0038932759780436754,0.9961066842079163
1,1,0.7924121618270874,1,0.703324019908905,0.2075878530740738,0.7924121618270874,0.29667600989341736,0.703324019908905
1,0,0.9398158192634583,0,0.854576826095581,0.9398158192634583,0.06018424034118652,0.854576826095581,0.14542317390441895
1,1,0.999884843826294,1,0.9971112012863159,0.00011515376536408439,0.999884843826294,0.002888717921450734,0.9971112012863159
1,1,0.996179461479187,1,0.9730140566825867,0.0038205452729016542,0.996179461479187,0.02698593959212303,0.9730140566825867
1,1,0.9999936819076538,1,0.9995529055595398,6.340141680993838e-06,0.9999936819076538,0.0004470285202842206,0.9995529055595398
1,1,0.9999885559082031,1,0.9993450045585632,1.1473252925497945e-05,0.9999885559082031,0.0006549874669872224,0.9993450045585632
1,1,0.9990912675857544,1,0.9891467094421387,0.0009087225771509111,0.9990912675857544,0.010853264480829239,0.9891467094421387
1,1,0.9999948740005493,1,0.9996092915534973,5.14405473950319e-06,0.9999948740005493,0.00039070870843715966,0.9996092915534973
1,1,0.9970502853393555,1,0.9770752191543579,0.002949686022475362,0.9970502853393555,0.022924773395061493,0.9770752191543579
1,1,0.9995911717414856,1,0.9934866428375244,0.0004088446730747819,0.9995911717414856,0.006513288244605064,0.9934866428375244
1,1,0.9994822144508362,1,0.9924226403236389,0.000517861801199615,0.9994822144508362,0.007577323354780674,0.9924226403236389
1,0,0.5814087986946106,0,0.5527331829071045,0.5814087986946106,0.4185912013053894,0.5527331829071045,0.4472667872905731
1,0,0.9854824542999268,0,0.9380741715431213,0.9854824542999268,0.014517496339976788,0.9380741715431213,0.06192588806152344
1,0,0.870627224445343,0,0.7735626697540283,0.870627224445343,0.12937279045581818,0.7735626697540283,0.2264373004436493
1,1,0.895264744758606,1,0.79941725730896,0.10473524779081345,0.895264744758606,0.20058280229568481,0.79941725730896
1,1,0.9999574422836304,1,0.99847811460495,4.2506129830144346e-05,0.9999574422836304,0.0015218461630865932,0.99847811460495
1,1,0.997954249382019,1,0.9818137884140015,0.002045741304755211,0.997954249382019,0.018186235800385475,0.9818137884140015
1,0,0.9489899277687073,0,0.8680460453033447,0.9489899277687073,0.051010094583034515,0.8680460453033447,0.13195396959781647
1,1,0.9897469282150269,1,0.9500160217285156,0.010253092274069786,0.9897469282150269,0.049984004348516464,0.9500160217285156
1,1,0.999779999256134,1,0.9956218600273132,0.0002200251183239743,0.999779999256134,0.004378081765025854,0.9956218600273132
1,1,0.9965851306915283,1,0.9748564958572388,0.003414817852899432,0.9965851306915283,0.025143519043922424,0.9748564958572388
1,0,0.5067535638809204,0,0.5043520927429199,0.5067535638809204,0.4932464063167572,0.5043520927429199,0.4956479072570801
1,0,0.9981114864349365,0,0.9827128648757935,0.9981114864349365,0.0018885497702285647,0.9827128648757935,0.017287079244852066
1,1,0.9941248297691345,1,0.9646492004394531,0.005875178147107363,0.9941248297691345,0.03535080701112747,0.9646492004394531
1,1,0.9991081357002258,1,0.9892760515213013,0.0008918125531636178,0.9991081357002258,0.01072397269308567,0.9892760515213013
1,1,0.9420385360717773,1,0.857750415802002,0.057961445301771164,0.9420385360717773,0.14224953949451447,0.857750415802002
1,1,0.9999428987503052,1,0.998160183429718,5.708749813493341e-05,0.9999428987503052,0.0018398226238787174,0.998160183429718
1,1,0.9822404980659485,1,0.9299473762512207,0.01775948330760002,0.9822404980659485,0.07005266100168228,0.9299473762512207
1,0,0.8509321808815002,0,0.7544488310813904,0.8509321808815002,0.14906775951385498,0.7544488310813904,0.24555110931396484
1,1,0.9983891248703003,1,0.9843728542327881,0.0016109294956550002,0.9983891248703003,0.015627173706889153,0.9843728542327881
1,1,0.9985870122909546,1,0.9856225848197937,0.0014129746705293655,0.9985870122909546,0.014377491548657417,0.9856225848197937
1,0,0.5757015347480774,0,0.5490014553070068,0.5757015347480774,0.4242984652519226,0.5490014553070068,0.45099857449531555
1,0,0.9914365410804749,0,0.9552940726280212,0.9914365410804749,0.008563457988202572,0.9552940726280212,0.044705912470817566
1,1,0.9999005794525146,1,0.9973711967468262,9.943953773472458e-05,0.9999005794525146,0.0026287792716175318,0.9973711967468262
1,0,0.9985023736953735,0,0.9850800633430481,0.9985023736953735,0.001497704186476767,0.9850800633430481,0.014919882640242577
1,1,0.9966790676116943,1,0.9752946496009827,0.0033209153916686773,0.9966790676116943,0.024705376476049423,0.9752946496009827
1,1,0.9999133348464966,1,0.9975945353507996,8.661304309498519e-05,0.9999133348464966,0.0024054697714746,0.9975945353507996
1,1,0.9998102784156799,1,0.996019184589386,0.00018971777171827853,0.9998102784156799,0.003980823326855898,0.996019184589386
1,0,0.9980345368385315,0,0.982269823551178,0.9980345368385315,0.0019654282368719578,0.982269823551178,0.017730211839079857
1,1,0.9999493360519409,1,0.9982954859733582,5.069352118880488e-05,0.9999493360519409,0.0017044731648638844,0.9982954859733582
1,1,0.9979766011238098,1,0.9819397330284119,0.002023426815867424,0.9979766011238098,0.018060222268104553,0.9819397330284119
1,1,0.999951958656311,1,0.9983538389205933,4.802339390153065e-05,0.999951958656311,0.0016461593331769109,0.9983538389205933
1,1,0.9999985694885254,1,0.9998304843902588,1.407164745614864e-06,0.9999985694885254,0.00016950479766819626,0.9998304843902588
1,1,0.993219792842865,1,0.9613401293754578,0.0067802793346345425,0.993219792842865,0.03865982964634895,0.9613401293754578
1,1,0.6490311622619629,1,0.5977646708488464,0.3509688377380371,0.6490311622619629,0.40223532915115356,0.5977646708488464
1,1,0.9998593330383301,1,0.9967145919799805,0.00014069044846110046,0.9998593330383301,0.0032854333985596895,0.9967145919799805
1,1,0.9999982118606567,1,0.999799907207489,1.8200422573499964e-06,0.9999982118606567,0.00020006478007417172,0.999799907207489
1,1,0.9997208714485168,1,0.9949000477790833,0.0002791212173178792,0.9997208714485168,0.00509992940351367,0.9949000477790833
1,1,0.9999628067016602,1,0.9986032843589783,3.719904998433776e-05,0.9999628067016602,0.0013966928236186504,0.9986032843589783
1,1,0.9989099502563477,1,0.9878116250038147,0.0010900653433054686,0.9989099502563477,0.01218835636973381,0.9878116250038147
1,1,0.9995747208595276,1,0.9933203458786011,0.0004252652870491147,0.9995747208595276,0.006679631769657135,0.9933203458786011
1,1,0.8893508315086365,1,0.7929811477661133,0.11064914613962173,0.8893508315086365,0.20701882243156433,0.7929811477661133
1,1,0.8128122687339783,1,0.7203531265258789,0.18718768656253815,0.8128122687339783,0.2796468734741211,0.7203531265258789
1,1,0.9990329742431641,1,0.988707423210144,0.0009670495637692511,0.9990329742431641,0.0112925935536623,0.988707423210144
1,1,0.9846740961074829,1,0.9359826445579529,0.015325886197388172,0.9846740961074829,0.06401729583740234,0.9359826445579529
1,1,0.9822009205818176,1,0.9298520088195801,0.017799103632569313,0.9822009205818176,0.07014795392751694,0.9298520088195801
1,1,0.99998939037323,1,0.9993783235549927,1.0578963156149257e-05,0.99998939037323,0.0006216365727595985,0.9993783235549927
1,1,0.9646759629249573,1,0.8938934206962585,0.03532407060265541,0.9646759629249573,0.10610656440258026,0.8938934206962585
1,1,0.9991305470466614,1,0.9894483089447021,0.0008694569114595652,0.9991305470466614,0.010551643557846546,0.9894483089447021
1,1,0.9998574256896973,1,0.9966872334480286,0.00014252137043513358,0.9998574256896973,0.003312835469841957,0.9966872334480286
1,1,0.9999972581863403,1,0.9997410178184509,2.716780954870046e-06,0.9999972581863403,0.00025897150044329464,0.9997410178184509
1,1,0.9986639022827148,1,0.9861250519752502,0.0013361196033656597,0.9986639022827148,0.013874943368136883,0.9861250519752502
1,1,0.9999161958694458,1,0.9976457953453064,8.375752076972276e-05,0.9999161958694458,0.0023541790433228016,0.9976457953453064
1,1,0.999985933303833,1,0.9992534518241882,1.4057822227186989e-05,0.999985933303833,0.0007465331582352519,0.9992534518241882
1,1,0.9999758005142212,1,0.9989399313926697,2.4235534510808066e-05,0.9999758005142212,0.00106007419526577,0.9989399313926697
1,1,0.9999823570251465,1,0.9991374015808105,1.7593141819816083e-05,0.9999823570251465,0.0008625411428511143,0.9991374015808105
1,1,0.993823766708374,1,0.9635275602340698,0.006176261231303215,0.993823766708374,0.03647245466709137,0.9635275602340698
1,1,0.9997357726097107,1,0.9950761198997498,0.00026424514362588525,0.9997357726097107,0.004923902917653322,0.9950761198997498
1,1,0.9998255372047424,1,0.9962279796600342,0.0001744473265716806,0.9998255372047424,0.0037720361724495888,0.9962279796600342
1,1,0.9998781681060791,1,0.9970054030418396,0.00012179259647382423,0.9998781681060791,0.0029946579597890377,0.9970054030418396
1,1,0.9997416138648987,1,0.9951468110084534,0.0002583488239906728,0.9997416138648987,0.004853145685046911,0.9951468110084534
1,1,0.972440242767334,1,0.9085660576820374,0.027559762820601463,0.972440242767334,0.09143396466970444,0.9085660576820374
1,1,0.6578446626663208,1,0.6037799119949341,0.3421553671360016,0.6578446626663208,0.3962200880050659,0.6037799119949341
1,1,0.9999992847442627,1,0.9998897314071655,7.219014719339611e-07,0.9999992847442627,0.0001102607129723765,0.9998897314071655
1,1,0.9991942048072815,1,0.9899479150772095,0.0008058275561779737,0.9991942048072815,0.010052012279629707,0.9899479150772095
1,1,0.9999500513076782,1,0.9983118772506714,4.994123810320161e-05,0.9999500513076782,0.0016881580231711268,0.9983118772506714
1,0,0.9999386072158813,0,0.9980714917182922,0.9999386072158813,6.142438360257074e-05,0.9980714917182922,0.0019285475136712193
1,1,0.9977059364318848,1,0.9804447889328003,0.002294012112542987,0.9977059364318848,0.01955517567694187,0.9804447889328003
1,1,0.9999693632125854,1,0.998767614364624,3.062645555473864e-05,0.9999693632125854,0.0012324278941377997,0.998767614364624
1,1,0.9908429384231567,1,0.9533958435058594,0.009157054126262665,0.9908429384231567,0.04660415276885033,0.9533958435058594
1,1,0.9897242784500122,1,0.9499476552009583,0.010275743901729584,0.9897242784500122,0.050052277743816376,0.9499476552009583
1,1,0.9981521964073181,1,0.9829506278038025,0.0018477883422747254,0.9981521964073181,0.01704939268529415,0.9829506278038025
1,1,0.9871504306793213,1,0.9425473213195801,0.012849587015807629,0.9871504306793213,0.0574527271091938,0.9425473213195801
1,0,0.9997087121009827,0,0.9947583079338074,0.9997087121009827,0.0002913175558205694,0.9947583079338074,0.005241727456450462
1,1,0.9999991655349731,1,0.9998801946640015,8.216366609303805e-07,0.9999991655349731,0.00011984837328782305,0.9998801946640015
1,0,0.9961685538291931,0,0.9729655981063843,0.9961685538291931,0.003831433365121484,0.9729655981063843,0.027034316211938858
1,0,0.9828358292579651,0,0.931390106678009,0.9828358292579651,0.017164155840873718,0.931390106678009,0.068609818816185
1,1,0.999964714050293,1,0.9986488223075867,3.533461131155491e-05,0.999964714050293,0.001351232174783945,0.9986488223075867
1,1,0.8922897577285767,1,0.796159565448761,0.10771026462316513,0.8922897577285767,0.20384038984775543,0.796159565448761
1,0,0.9759600758552551,0,0.915802001953125,0.9759600758552551,0.024039939045906067,0.915802001953125,0.08419805020093918
1,1,0.8618848323822021,1,0.7649295926094055,0.13811515271663666,0.8618848323822021,0.2350703626871109,0.7649295926094055
1,1,0.9972413778305054,1,0.9780246019363403,0.0027586768846958876,0.9972413778305054,0.02197544276714325,0.9780246019363403
1,1,0.911024808883667,1,0.8174232840538025,0.0889752060174942,0.911024808883667,0.18257670104503632,0.8174232840538025
1,1,0.9358970522880554,1,0.8491075038909912,0.06410295516252518,0.9358970522880554,0.15089257061481476,0.8491075038909912
1,0,0.999401330947876,0,0.9916867613792419,0.999401330947876,0.000598609447479248,0.9916867613792419,0.008313186466693878
1,1,0.9999877214431763,1,0.9993143081665039,1.2319680536165833e-05,0.9999877214431763,0.0006857089465484023,0.9993143081665039
1,1,0.9999397993087769,1,0.9980954527854919,6.023967216606252e-05,0.9999397993087769,0.0019045387161895633,0.9980954527854919
1,1,0.9998960494995117,1,0.9972959160804749,0.00010390908573754132,0.9998960494995117,0.002704124664887786,0.9972959160804749
1,0,0.9036419987678528,0,0.8088224530220032,0.9036419987678528,0.0963580533862114,0.8088224530220032,0.19117754697799683
1,1,0.6957126259803772,1,0.6301561594009399,0.3042874038219452,0.6957126259803772,0.36984384059906006,0.6301561594009399
1,1,0.9996509552001953,1,0.9941148161888123,0.00034899593447335064,0.9996509552001953,0.005885241087526083,0.9941148161888123
1,1,0.9742538332939148,1,0.9122413992881775,0.025746196508407593,0.9742538332939148,0.08775860071182251,0.9122413992881775
