true_label,true_label_name,predicted_label,predicted_label_name,confidence,prediction_set,set_size,covered,proba_Non_Promoter,proba_Promoter
0,Non-Promoter,1,Promoter,0.9963700771331787,Promoter,1,False,0.003629924962297082,0.9963700771331787
0,Non-Promoter,0,Non-Promoter,0.986404299736023,Non-Promoter|Promoter,2,True,0.986404299736023,0.01359566766768694
0,Non-Promoter,1,Promoter,0.8642339110374451,Non-Promoter|Promoter,2,True,0.13576602935791016,0.8642339110374451
0,Non-Promoter,0,Non-Promoter,0.9010699391365051,Non-Promoter|Promoter,2,True,0.9010699391365051,0.0989300012588501
0,Non-Promoter,0,Non-Promoter,0.9720547795295715,Non-Promoter|Promoter,2,True,0.9720547795295715,0.02794520929455757
0,Non-Promoter,0,Non-Promoter,0.9996567964553833,Non-Promoter,1,True,0.9996567964553833,0.00034324207808822393
0,Non-Promoter,1,Promoter,0.7872527837753296,Non-Promoter|Promoter,2,True,0.21274727582931519,0.7872527837753296
0,Non-Promoter,0,Non-Promoter,0.9141477346420288,Non-Promoter|Promoter,2,True,0.9141477346420288,0.0858522430062294
0,Non-Promoter,1,Promoter,0.9994623064994812,Promoter,1,False,0.0005376788321882486,0.9994623064994812
0,Non-Promoter,1,Promoter,0.9177499413490295,Non-Promoter|Promoter,2,True,0.08225005865097046,0.9177499413490295
0,Non-Promoter,0,Non-Promoter,0.9380089044570923,Non-Promoter|Promoter,2,True,0.9380089044570923,0.06199115142226219
0,Non-Promoter,0,Non-Promoter,0.9902058243751526,Non-Promoter,1,True,0.9902058243751526,0.009794164448976517
0,Non-Promoter,1,Promoter,0.9186989665031433,Non-Promoter|Promoter,2,True,0.0813010185956955,0.9186989665031433
0,Non-Promoter,0,Non-Promoter,0.9817129969596863,Non-Promoter|Promoter,2,True,0.9817129969596863,0.018287044018507004
0,Non-Promoter,0,Non-Promoter,0.9845149517059326,Non-Promoter|Promoter,2,True,0.9845149517059326,0.015485003590583801
0,Non-Promoter,0,Non-Promoter,0.9992942810058594,Non-Promoter,1,True,0.9992942810058594,0.0007057007169350982
0,Non-Promoter,0,Non-Promoter,0.996985137462616,Non-Promoter,1,True,0.996985137462616,0.003014827612787485
0,Non-Promoter,0,Non-Promoter,0.9608863592147827,Non-Promoter|Promoter,2,True,0.9608863592147827,0.03911370038986206
0,Non-Promoter,0,Non-Promoter,0.9974898099899292,Non-Promoter,1,True,0.9974898099899292,0.002510207239538431
0,Non-Promoter,0,Non-Promoter,0.811062753200531,Non-Promoter|Promoter,2,True,0.811062753200531,0.1889372617006302
0,Non-Promoter,0,Non-Promoter,0.9984273910522461,Non-Promoter,1,True,0.9984273910522461,0.0015726923011243343
0,Non-Promoter,0,Non-Promoter,0.9981856942176819,Non-Promoter,1,True,0.9981856942176819,0.0018142564222216606
0,Non-Promoter,1,Promoter,0.9977506995201111,Promoter,1,False,0.002249297685921192,0.9977506995201111
0,Non-Promoter,1,Promoter,0.9174748063087463,Non-Promoter|Promoter,2,True,0.08252522349357605,0.9174748063087463
0,Non-Promoter,0,Non-Promoter,0.8740338683128357,Non-Promoter|Promoter,2,True,0.8740338683128357,0.1259661614894867
0,Non-Promoter,0,Non-Promoter,0.989111602306366,Non-Promoter,1,True,0.989111602306366,0.010888459160923958
0,Non-Promoter,0,Non-Promoter,0.977288544178009,Non-Promoter|Promoter,2,True,0.977288544178009,0.02271142601966858
0,Non-Promoter,0,Non-Promoter,0.6382994651794434,Non-Promoter|Promoter,2,True,0.6382994651794434,0.36170056462287903
0,Non-Promoter,1,Promoter,0.8412234783172607,Non-Promoter|Promoter,2,True,0.15877649188041687,0.8412234783172607
0,Non-Promoter,0,Non-Promoter,0.9976776242256165,Non-Promoter,1,True,0.9976776242256165,0.0023223403841257095
0,Non-Promoter,0,Non-Promoter,0.9922813773155212,Non-Promoter,1,True,0.9922813773155212,0.007718599401414394
0,Non-Promoter,0,Non-Promoter,0.9197078347206116,Non-Promoter|Promoter,2,True,0.9197078347206116,0.0802922397851944
0,Non-Promoter,1,Promoter,0.9343453645706177,Non-Promoter|Promoter,2,True,0.06565460562705994,0.9343453645706177
0,Non-Promoter,0,Non-Promoter,0.9996674060821533,Non-Promoter,1,True,0.9996674060821533,0.00033263472141698003
0,Non-Promoter,0,Non-Promoter,0.5316245555877686,Non-Promoter|Promoter,2,True,0.5316245555877686,0.46837541460990906
0,Non-Promoter,0,Non-Promoter,0.9921969175338745,Non-Promoter,1,True,0.9921969175338745,0.007803052663803101
0,Non-Promoter,0,Non-Promoter,0.9977501034736633,Non-Promoter,1,True,0.9977501034736633,0.0022499156184494495
0,Non-Promoter,0,Non-Promoter,0.9732734560966492,Non-Promoter|Promoter,2,True,0.9732734560966492,0.026726581156253815
0,Non-Promoter,0,Non-Promoter,0.9998670816421509,Non-Promoter,1,True,0.9998670816421509,0.00013294948439579457
0,Non-Promoter,0,Non-Promoter,0.9956828355789185,Non-Promoter,1,True,0.9956828355789185,0.004317185841500759
0,Non-Promoter,0,Non-Promoter,0.9567095041275024,Non-Promoter|Promoter,2,True,0.9567095041275024,0.043290432542562485
0,Non-Promoter,0,Non-Promoter,0.9917792677879333,Non-Promoter,1,True,0.9917792677879333,0.008220742456614971
0,Non-Promoter,0,Non-Promoter,0.9973011612892151,Non-Promoter,1,True,0.9973011612892151,0.002698910189792514
0,Non-Promoter,0,Non-Promoter,0.9910258650779724,Non-Promoter,1,True,0.9910258650779724,0.008974055759608746
0,Non-Promoter,0,Non-Promoter,0.9959062337875366,Non-Promoter,1,True,0.9959062337875366,0.004093716852366924
0,Non-Promoter,0,Non-Promoter,0.9923418760299683,Non-Promoter,1,True,0.9923418760299683,0.007658130489289761
0,Non-Promoter,0,Non-Promoter,0.9971497654914856,Non-Promoter,1,True,0.9971497654914856,0.002850281074643135
0,Non-Promoter,1,Promoter,0.6720507740974426,Non-Promoter|Promoter,2,True,0.327949196100235,0.6720507740974426
0,Non-Promoter,0,Non-Promoter,0.9946905970573425,Non-Promoter,1,True,0.9946905970573425,0.00530937360599637
0,Non-Promoter,0,Non-Promoter,0.9811712503433228,Non-Promoter|Promoter,2,True,0.9811712503433228,0.018828697502613068
0,Non-Promoter,0,Non-Promoter,0.9993184804916382,Non-Promoter,1,True,0.9993184804916382,0.0006815158994868398
0,Non-Promoter,1,Promoter,0.9301255345344543,Non-Promoter|Promoter,2,True,0.06987447291612625,0.9301255345344543
0,Non-Promoter,0,Non-Promoter,0.9428850412368774,Non-Promoter|Promoter,2,True,0.9428850412368774,0.05711495876312256
0,Non-Promoter,0,Non-Promoter,0.9986169338226318,Non-Promoter,1,True,0.9986169338226318,0.0013830482494086027
0,Non-Promoter,0,Non-Promoter,0.9995643496513367,Non-Promoter,1,True,0.9995643496513367,0.0004356750287115574
0,Non-Promoter,0,Non-Promoter,0.9997498393058777,Non-Promoter,1,True,0.9997498393058777,0.00025020132306963205
0,Non-Promoter,0,Non-Promoter,0.7941498756408691,Non-Promoter|Promoter,2,True,0.7941498756408691,0.20585021376609802
0,Non-Promoter,0,Non-Promoter,0.9933307766914368,Non-Promoter,1,True,0.9933307766914368,0.006669218651950359
0,Non-Promoter,0,Non-Promoter,0.9757577776908875,Non-Promoter|Promoter,2,True,0.9757577776908875,0.024242248386144638
0,Non-Promoter,0,Non-Promoter,0.9297517538070679,Non-Promoter|Promoter,2,True,0.9297517538070679,0.07024820148944855
0,Non-Promoter,1,Promoter,0.8159111738204956,Non-Promoter|Promoter,2,True,0.18408887088298798,0.8159111738204956
0,Non-Promoter,0,Non-Promoter,0.9368990659713745,Non-Promoter|Promoter,2,True,0.9368990659713745,0.06310099363327026
0,Non-Promoter,1,Promoter,0.9942743182182312,Promoter,1,False,0.005725668277591467,0.9942743182182312
0,Non-Promoter,0,Non-Promoter,0.9332689046859741,Non-Promoter|Promoter,2,True,0.9332689046859741,0.06673108786344528
0,Non-Promoter,0,Non-Promoter,0.9992819428443909,Non-Promoter,1,True,0.9992819428443909,0.0007180817774496973
0,Non-Promoter,0,Non-Promoter,0.7558051943778992,Non-Promoter|Promoter,2,True,0.7558051943778992,0.24419482052326202
0,Non-Promoter,0,Non-Promoter,0.9205245971679688,Non-Promoter|Promoter,2,True,0.9205245971679688,0.07947539538145065
0,Non-Promoter,0,Non-Promoter,0.9717192053794861,Non-Promoter|Promoter,2,True,0.9717192053794861,0.02828075736761093
0,Non-Promoter,0,Non-Promoter,0.7556964159011841,Non-Promoter|Promoter,2,True,0.7556964159011841,0.24430356919765472
0,Non-Promoter,0,Non-Promoter,0.9962871074676514,Non-Promoter,1,True,0.9962871074676514,0.0037129002157598734
0,Non-Promoter,0,Non-Promoter,0.996317982673645,Non-Promoter,1,True,0.996317982673645,0.0036820268724113703
0,Non-Promoter,0,Non-Promoter,0.9993395209312439,Non-Promoter,1,True,0.9993395209312439,0.0006604880909435451
0,Non-Promoter,0,Non-Promoter,0.9489579796791077,Non-Promoter|Promoter,2,True,0.9489579796791077,0.05104201287031174
0,Non-Promoter,0,Non-Promoter,0.9926677346229553,Non-Promoter,1,True,0.9926677346229553,0.007332292851060629
0,Non-Promoter,1,Promoter,0.7357407808303833,Non-Promoter|Promoter,2,True,0.2642592191696167,0.7357407808303833
0,Non-Promoter,1,Promoter,0.9899255037307739,Promoter,1,False,0.01007450558245182,0.9899255037307739
0,Non-Promoter,0,Non-Promoter,0.9838190674781799,Non-Promoter|Promoter,2,True,0.9838190674781799,0.016180934384465218
0,Non-Promoter,1,Promoter,0.7023146748542786,Non-Promoter|Promoter,2,True,0.2976853549480438,0.7023146748542786
0,Non-Promoter,0,Non-Promoter,0.9991044402122498,Non-Promoter,1,True,0.9991044402122498,0.0008955059456638992
0,Non-Promoter,0,Non-Promoter,0.9930292963981628,Non-Promoter,1,True,0.9930292963981628,0.006970726884901524
0,Non-Promoter,0,Non-Promoter,0.9980984330177307,Non-Promoter,1,True,0.9980984330177307,0.0019015606958419085
0,Non-Promoter,0,Non-Promoter,0.5911897420883179,Non-Promoter|Promoter,2,True,0.5911897420883179,0.40881022810935974
0,Non-Promoter,0,Non-Promoter,0.997759222984314,Non-Promoter,1,True,0.997759222984314,0.0022408009972423315
0,Non-Promoter,0,Non-Promoter,0.974551260471344,Non-Promoter|Promoter,2,True,0.974551260471344,0.025448709726333618
0,Non-Promoter,0,Non-Promoter,0.9978025555610657,Non-Promoter,1,True,0.9978025555610657,0.0021974381525069475
0,Non-Promoter,0,Non-Promoter,0.9984520673751831,Non-Promoter,1,True,0.9984520673751831,0.0015479517169296741
0,Non-Promoter,0,Non-Promoter,0.9555404186248779,Non-Promoter|Promoter,2,True,0.9555404186248779,0.04445963352918625
0,Non-Promoter,0,Non-Promoter,0.994728147983551,Non-Promoter,1,True,0.994728147983551,0.005271888338029385
0,Non-Promoter,0,Non-Promoter,0.9937849044799805,Non-Promoter,1,True,0.9937849044799805,0.006215054076164961
0,Non-Promoter,0,Non-Promoter,0.9949711561203003,Non-Promoter,1,True,0.9949711561203003,0.005028766579926014
0,Non-Promoter,0,Non-Promoter,0.9254533648490906,Non-Promoter|Promoter,2,True,0.9254533648490906,0.07454663515090942
0,Non-Promoter,1,Promoter,0.6115301847457886,Non-Promoter|Promoter,2,True,0.38846978545188904,0.6115301847457886
0,Non-Promoter,0,Non-Promoter,0.99642014503479,Non-Promoter,1,True,0.99642014503479,0.003579875687137246
0,Non-Promoter,0,Non-Promoter,0.9397085309028625,Non-Promoter|Promoter,2,True,0.9397085309028625,0.06029142439365387
0,Non-Promoter,0,Non-Promoter,0.8918805122375488,Non-Promoter|Promoter,2,True,0.8918805122375488,0.10811948031187057
0,Non-Promoter,0,Non-Promoter,0.9356322884559631,Non-Promoter|Promoter,2,True,0.9356322884559631,0.06436765938997269
0,Non-Promoter,0,Non-Promoter,0.9959285855293274,Non-Promoter,1,True,0.9959285855293274,0.004071452654898167
0,Non-Promoter,1,Promoter,0.9422356486320496,Non-Promoter|Promoter,2,True,0.05776439979672432,0.9422356486320496
0,Non-Promoter,0,Non-Promoter,0.9822452068328857,Non-Promoter|Promoter,2,True,0.9822452068328857,0.01775474101305008
0,Non-Promoter,0,Non-Promoter,0.7100001573562622,Non-Promoter|Promoter,2,True,0.7100001573562622,0.2899998128414154
0,Non-Promoter,0,Non-Promoter,0.9688618183135986,Non-Promoter|Promoter,2,True,0.9688618183135986,0.03113817796111107
0,Non-Promoter,1,Promoter,0.9536388516426086,Non-Promoter|Promoter,2,True,0.04636112600564957,0.9536388516426086
0,Non-Promoter,0,Non-Promoter,0.9814354777336121,Non-Promoter|Promoter,2,True,0.9814354777336121,0.018564531579613686
0,Non-Promoter,1,Promoter,0.8172540068626404,Non-Promoter|Promoter,2,True,0.1827460378408432,0.8172540068626404
0,Non-Promoter,1,Promoter,0.9832619428634644,Non-Promoter|Promoter,2,True,0.01673799194395542,0.9832619428634644
0,Non-Promoter,1,Promoter,0.8109486699104309,Non-Promoter|Promoter,2,True,0.1890513151884079,0.8109486699104309
0,Non-Promoter,0,Non-Promoter,0.9974976181983948,Non-Promoter,1,True,0.9974976181983948,0.0025023845955729485
0,Non-Promoter,0,Non-Promoter,0.9978352189064026,Non-Promoter,1,True,0.9978352189064026,0.00216485233977437
0,Non-Promoter,0,Non-Promoter,0.9582818746566772,Non-Promoter|Promoter,2,True,0.9582818746566772,0.04171806573867798
0,Non-Promoter,0,Non-Promoter,0.998101532459259,Non-Promoter,1,True,0.998101532459259,0.0018984591588377953
0,Non-Promoter,0,Non-Promoter,0.965695321559906,Non-Promoter|Promoter,2,True,0.965695321559906,0.03430463746190071
0,Non-Promoter,1,Promoter,0.7182924151420593,Non-Promoter|Promoter,2,True,0.28170761466026306,0.7182924151420593
0,Non-Promoter,0,Non-Promoter,0.9938566088676453,Non-Promoter,1,True,0.9938566088676453,0.006143374368548393
0,Non-Promoter,0,Non-Promoter,0.9688994884490967,Non-Promoter|Promoter,2,True,0.9688994884490967,0.031100507825613022
0,Non-Promoter,0,Non-Promoter,0.8890657424926758,Non-Promoter|Promoter,2,True,0.8890657424926758,0.1109343022108078
0,Non-Promoter,0,Non-Promoter,0.9735172390937805,Non-Promoter|Promoter,2,True,0.9735172390937805,0.026482751592993736
0,Non-Promoter,0,Non-Promoter,0.9966772794723511,Non-Promoter,1,True,0.9966772794723511,0.0033227181993424892
0,Non-Promoter,0,Non-Promoter,0.9915586709976196,Non-Promoter,1,True,0.9915586709976196,0.008441339246928692
0,Non-Promoter,1,Promoter,0.9832181930541992,Non-Promoter|Promoter,2,True,0.016781846061348915,0.9832181930541992
0,Non-Promoter,0,Non-Promoter,0.9862517714500427,Non-Promoter|Promoter,2,True,0.9862517714500427,0.013748249039053917
0,Non-Promoter,0,Non-Promoter,0.9959331154823303,Non-Promoter,1,True,0.9959331154823303,0.004066852852702141
0,Non-Promoter,0,Non-Promoter,0.9987049102783203,Non-Promoter,1,True,0.9987049102783203,0.0012951245298609138
0,Non-Promoter,0,Non-Promoter,0.9684514403343201,Non-Promoter|Promoter,2,True,0.9684514403343201,0.031548600643873215
0,Non-Promoter,0,Non-Promoter,0.9133168458938599,Non-Promoter|Promoter,2,True,0.9133168458938599,0.08668310940265656
0,Non-Promoter,0,Non-Promoter,0.9841845035552979,Non-Promoter|Promoter,2,True,0.9841845035552979,0.01581546664237976
0,Non-Promoter,1,Promoter,0.8429641127586365,Non-Promoter|Promoter,2,True,0.1570359319448471,0.8429641127586365
0,Non-Promoter,1,Promoter,0.7678080201148987,Non-Promoter|Promoter,2,True,0.23219196498394012,0.7678080201148987
0,Non-Promoter,0,Non-Promoter,0.9970493316650391,Non-Promoter,1,True,0.9970493316650391,0.0029506662394851446
0,Non-Promoter,0,Non-Promoter,0.9851917028427124,Non-Promoter|Promoter,2,True,0.9851917028427124,0.014808319509029388
0,Non-Promoter,1,Promoter,0.7705081701278687,Non-Promoter|Promoter,2,True,0.22949182987213135,0.7705081701278687
0,Non-Promoter,0,Non-Promoter,0.744390606880188,Non-Promoter|Promoter,2,True,0.744390606880188,0.255609393119812
0,Non-Promoter,1,Promoter,0.9951621890068054,Promoter,1,False,0.004837786313146353,0.9951621890068054
0,Non-Promoter,0,Non-Promoter,0.9776453971862793,Non-Promoter|Promoter,2,True,0.9776453971862793,0.022354576736688614
0,Non-Promoter,0,Non-Promoter,0.9899189472198486,Non-Promoter,1,True,0.9899189472198486,0.010081002488732338
0,Non-Promoter,0,Non-Promoter,0.9906482100486755,Non-Promoter,1,True,0.9906482100486755,0.0093517592176795
0,Non-Promoter,0,Non-Promoter,0.9795652627944946,Non-Promoter|Promoter,2,True,0.9795652627944946,0.020434772595763206
0,Non-Promoter,0,Non-Promoter,0.8350363969802856,Non-Promoter|Promoter,2,True,0.8350363969802856,0.16496357321739197
0,Non-Promoter,0,Non-Promoter,0.9969485402107239,Non-Promoter,1,True,0.9969485402107239,0.0030515280086547136
0,Non-Promoter,0,Non-Promoter,0.9940959215164185,Non-Promoter,1,True,0.9940959215164185,0.005904062185436487
0,Non-Promoter,0,Non-Promoter,0.9896811842918396,Non-Promoter,1,True,0.9896811842918396,0.010318759828805923
0,Non-Promoter,0,Non-Promoter,0.5633006691932678,Non-Promoter|Promoter,2,True,0.5633006691932678,0.4366993308067322
0,Non-Promoter,0,Non-Promoter,0.9941151142120361,Non-Promoter,1,True,0.9941151142120361,0.005884855519980192
0,Non-Promoter,0,Non-Promoter,0.9936749339103699,Non-Promoter,1,True,0.9936749339103699,0.00632506376132369
0,Non-Promoter,1,Promoter,0.7912175059318542,Non-Promoter|Promoter,2,True,0.20878255367279053,0.7912175059318542
0,Non-Promoter,0,Non-Promoter,0.7503629922866821,Non-Promoter|Promoter,2,True,0.7503629922866821,0.24963700771331787
0,Non-Promoter,0,Non-Promoter,0.6370477676391602,Non-Promoter|Promoter,2,True,0.6370477676391602,0.36295223236083984
0,Non-Promoter,0,Non-Promoter,0.9946978092193604,Non-Promoter,1,True,0.9946978092193604,0.005302156321704388
0,Non-Promoter,0,Non-Promoter,0.9659425020217896,Non-Promoter|Promoter,2,True,0.9659425020217896,0.03405747935175896
0,Non-Promoter,1,Promoter,0.9932208061218262,Promoter,1,False,0.006779119372367859,0.9932208061218262
0,Non-Promoter,0,Non-Promoter,0.8375649452209473,Non-Promoter|Promoter,2,True,0.8375649452209473,0.16243503987789154
0,Non-Promoter,1,Promoter,0.9379615187644958,Non-Promoter|Promoter,2,True,0.06203848496079445,0.9379615187644958
0,Non-Promoter,1,Promoter,0.6304909586906433,Non-Promoter|Promoter,2,True,0.3695090115070343,0.6304909586906433
0,Non-Promoter,1,Promoter,0.6647214889526367,Non-Promoter|Promoter,2,True,0.33527854084968567,0.6647214889526367
0,Non-Promoter,0,Non-Promoter,0.995012104511261,Non-Promoter,1,True,0.995012104511261,0.004987841937690973
0,Non-Promoter,0,Non-Promoter,0.9939688444137573,Non-Promoter,1,True,0.9939688444137573,0.006031126249581575
0,Non-Promoter,0,Non-Promoter,0.9973044395446777,Non-Promoter,1,True,0.9973044395446777,0.0026956021320074797
0,Non-Promoter,0,Non-Promoter,0.9951636791229248,Non-Promoter,1,True,0.9951636791229248,0.004836298990994692
0,Non-Promoter,0,Non-Promoter,0.9895098209381104,Non-Promoter,1,True,0.9895098209381104,0.010490150190889835
0,Non-Promoter,1,Promoter,0.998245358467102,Promoter,1,False,0.0017546929884701967,0.998245358467102
0,Non-Promoter,0,Non-Promoter,0.9658192992210388,Non-Promoter|Promoter,2,True,0.9658192992210388,0.034180693328380585
0,Non-Promoter,0,Non-Promoter,0.9538426399230957,Non-Promoter|Promoter,2,True,0.9538426399230957,0.046157356351614
0,Non-Promoter,0,Non-Promoter,0.9437838792800903,Non-Promoter|Promoter,2,True,0.9437838792800903,0.05621614307165146
0,Non-Promoter,0,Non-Promoter,0.9722118973731995,Non-Promoter|Promoter,2,True,0.9722118973731995,0.027788138017058372
0,Non-Promoter,0,Non-Promoter,0.9566767811775208,Non-Promoter|Promoter,2,True,0.9566767811775208,0.04332322999835014
0,Non-Promoter,1,Promoter,0.5114902853965759,Non-Promoter|Promoter,2,True,0.4885097146034241,0.5114902853965759
0,Non-Promoter,1,Promoter,0.7924386858940125,Non-Promoter|Promoter,2,True,0.20756125450134277,0.7924386858940125
0,Non-Promoter,1,Promoter,0.7662159204483032,Non-Promoter|Promoter,2,True,0.2337840497493744,0.7662159204483032
0,Non-Promoter,0,Non-Promoter,0.9989086389541626,Non-Promoter,1,True,0.9989086389541626,0.0010913433507084846
0,Non-Promoter,0,Non-Promoter,0.9127807021141052,Non-Promoter|Promoter,2,True,0.9127807021141052,0.08721933513879776
0,Non-Promoter,1,Promoter,0.8473524451255798,Non-Promoter|Promoter,2,True,0.15264758467674255,0.8473524451255798
0,Non-Promoter,1,Promoter,0.5428277850151062,Non-Promoter|Promoter,2,True,0.4571722447872162,0.5428277850151062
0,Non-Promoter,1,Promoter,0.9708281755447388,Non-Promoter|Promoter,2,True,0.029171856120228767,0.9708281755447388
0,Non-Promoter,0,Non-Promoter,0.9988129138946533,Non-Promoter,1,True,0.9988129138946533,0.0011871283641085029
0,Non-Promoter,0,Non-Promoter,0.9941229224205017,Non-Promoter,1,True,0.9941229224205017,0.00587705010548234
0,Non-Promoter,0,Non-Promoter,0.9672096967697144,Non-Promoter|Promoter,2,True,0.9672096967697144,0.032790280878543854
0,Non-Promoter,0,Non-Promoter,0.9514835476875305,Non-Promoter|Promoter,2,True,0.9514835476875305,0.048516515642404556
0,Non-Promoter,0,Non-Promoter,0.9951605200767517,Non-Promoter,1,True,0.9951605200767517,0.004839520435780287
0,Non-Promoter,0,Non-Promoter,0.9395192861557007,Non-Promoter|Promoter,2,True,0.9395192861557007,0.06048065051436424
0,Non-Promoter,0,Non-Promoter,0.9422981142997742,Non-Promoter|Promoter,2,True,0.9422981142997742,0.05770189315080643
0,Non-Promoter,0,Non-Promoter,0.9993131160736084,Non-Promoter,1,True,0.9993131160736084,0.0006868623313494027
0,Non-Promoter,1,Promoter,0.6165370345115662,Non-Promoter|Promoter,2,True,0.38346293568611145,0.6165370345115662
0,Non-Promoter,0,Non-Promoter,0.9840528964996338,Non-Promoter|Promoter,2,True,0.9840528964996338,0.015947062522172928
0,Non-Promoter,0,Non-Promoter,0.9943893551826477,Non-Promoter,1,True,0.9943893551826477,0.005610589403659105
0,Non-Promoter,0,Non-Promoter,0.9888317584991455,Non-Promoter|Promoter,2,True,0.9888317584991455,0.011168232187628746
0,Non-Promoter,0,Non-Promoter,0.9956329464912415,Non-Promoter,1,True,0.9956329464912415,0.004367054905742407
0,Non-Promoter,1,Promoter,0.985939621925354,Non-Promoter|Promoter,2,True,0.014060374349355698,0.985939621925354
0,Non-Promoter,0,Non-Promoter,0.8909948468208313,Non-Promoter|Promoter,2,True,0.8909948468208313,0.1090051457285881
0,Non-Promoter,0,Non-Promoter,0.9233503341674805,Non-Promoter|Promoter,2,True,0.9233503341674805,0.0766497477889061
0,Non-Promoter,0,Non-Promoter,0.9834218621253967,Non-Promoter|Promoter,2,True,0.9834218621253967,0.016578136011958122
0,Non-Promoter,1,Promoter,0.9738346934318542,Non-Promoter|Promoter,2,True,0.02616533264517784,0.9738346934318542
0,Non-Promoter,0,Non-Promoter,0.9931105375289917,Non-Promoter,1,True,0.9931105375289917,0.006889494601637125
0,Non-Promoter,0,Non-Promoter,0.9981330037117004,Non-Promoter,1,True,0.9981330037117004,0.0018669944256544113
0,Non-Promoter,0,Non-Promoter,0.996756374835968,Non-Promoter,1,True,0.996756374835968,0.003243625396862626
0,Non-Promoter,0,Non-Promoter,0.7556479573249817,Non-Promoter|Promoter,2,True,0.7556479573249817,0.2443520426750183
0,Non-Promoter,0,Non-Promoter,0.9978749752044678,Non-Promoter,1,True,0.9978749752044678,0.0021250247955322266
0,Non-Promoter,1,Promoter,0.8824182748794556,Non-Promoter|Promoter,2,True,0.11758171021938324,0.8824182748794556
0,Non-Promoter,0,Non-Promoter,0.8983879685401917,Non-Promoter|Promoter,2,True,0.8983879685401917,0.10161203891038895
0,Non-Promoter,0,Non-Promoter,0.9926400184631348,Non-Promoter,1,True,0.9926400184631348,0.007360015995800495
0,Non-Promoter,0,Non-Promoter,0.6240796446800232,Non-Promoter|Promoter,2,True,0.6240796446800232,0.3759203553199768
0,Non-Promoter,1,Promoter,0.6938555240631104,Non-Promoter|Promoter,2,True,0.30614444613456726,0.6938555240631104
0,Non-Promoter,0,Non-Promoter,0.9414554238319397,Non-Promoter|Promoter,2,True,0.9414554238319397,0.05854452773928642
0,Non-Promoter,0,Non-Promoter,0.8027403950691223,Non-Promoter|Promoter,2,True,0.8027403950691223,0.19725967943668365
0,Non-Promoter,0,Non-Promoter,0.9966712594032288,Non-Promoter,1,True,0.9966712594032288,0.0033287466503679752
0,Non-Promoter,1,Promoter,0.8812804222106934,Non-Promoter|Promoter,2,True,0.11871959269046783,0.8812804222106934
0,Non-Promoter,0,Non-Promoter,0.5812892913818359,Non-Promoter|Promoter,2,True,0.5812892913818359,0.4187106788158417
0,Non-Promoter,0,Non-Promoter,0.993863582611084,Non-Promoter,1,True,0.993863582611084,0.006136483978480101
0,Non-Promoter,0,Non-Promoter,0.8275760412216187,Non-Promoter|Promoter,2,True,0.8275760412216187,0.17242392897605896
0,Non-Promoter,1,Promoter,0.9957083463668823,Promoter,1,False,0.004291584715247154,0.9957083463668823
0,Non-Promoter,0,Non-Promoter,0.8276932239532471,Non-Promoter|Promoter,2,True,0.8276932239532471,0.17230671644210815
0,Non-Promoter,0,Non-Promoter,0.9952422380447388,Non-Promoter,1,True,0.9952422380447388,0.004757809452712536
0,Non-Promoter,0,Non-Promoter,0.9969248175621033,Non-Promoter,1,True,0.9969248175621033,0.00307521503418684
0,Non-Promoter,0,Non-Promoter,0.8364657759666443,Non-Promoter|Promoter,2,True,0.8364657759666443,0.1635342389345169
0,Non-Promoter,0,Non-Promoter,0.9938583970069885,Non-Promoter,1,True,0.9938583970069885,0.006141595542430878
0,Non-Promoter,0,Non-Promoter,0.9942922592163086,Non-Promoter,1,True,0.9942922592163086,0.0057077957317233086
0,Non-Promoter,0,Non-Promoter,0.9990886449813843,Non-Promoter,1,True,0.9990886449813843,0.0009113168343901634
0,Non-Promoter,0,Non-Promoter,0.8299870491027832,Non-Promoter|Promoter,2,True,0.8299870491027832,0.17001286149024963
0,Non-Promoter,0,Non-Promoter,0.8577513098716736,Non-Promoter|Promoter,2,True,0.8577513098716736,0.14224869012832642
0,Non-Promoter,0,Non-Promoter,0.9945255517959595,Non-Promoter,1,True,0.9945255517959595,0.005474428180605173
0,Non-Promoter,0,Non-Promoter,0.9942083358764648,Non-Promoter,1,True,0.9942083358764648,0.005791643634438515
0,Non-Promoter,0,Non-Promoter,0.9408724308013916,Non-Promoter|Promoter,2,True,0.9408724308013916,0.05912749469280243
0,Non-Promoter,0,Non-Promoter,0.9482535123825073,Non-Promoter|Promoter,2,True,0.9482535123825073,0.05174649879336357
0,Non-Promoter,0,Non-Promoter,0.9701813459396362,Non-Promoter|Promoter,2,True,0.9701813459396362,0.029818695038557053
0,Non-Promoter,0,Non-Promoter,0.9598577618598938,Non-Promoter|Promoter,2,True,0.9598577618598938,0.04014222323894501
0,Non-Promoter,0,Non-Promoter,0.9738459587097168,Non-Promoter|Promoter,2,True,0.9738459587097168,0.026154015213251114
0,Non-Promoter,0,Non-Promoter,0.9626489877700806,Non-Promoter|Promoter,2,True,0.9626489877700806,0.037350982427597046
0,Non-Promoter,0,Non-Promoter,0.9933596253395081,Non-Promoter,1,True,0.9933596253395081,0.006640354637056589
0,Non-Promoter,1,Promoter,0.657909631729126,Non-Promoter|Promoter,2,True,0.3420903980731964,0.657909631729126
0,Non-Promoter,0,Non-Promoter,0.9575927257537842,Non-Promoter|Promoter,2,True,0.9575927257537842,0.04240727424621582
0,Non-Promoter,0,Non-Promoter,0.9684696197509766,Non-Promoter|Promoter,2,True,0.9684696197509766,0.03153034299612045
0,Non-Promoter,1,Promoter,0.9977607727050781,Promoter,1,False,0.0022391746751964092,0.9977607727050781
0,Non-Promoter,0,Non-Promoter,0.9991520643234253,Non-Promoter,1,True,0.9991520643234253,0.0008479628013446927
0,Non-Promoter,1,Promoter,0.6607409119606018,Non-Promoter|Promoter,2,True,0.3392591178417206,0.6607409119606018
0,Non-Promoter,0,Non-Promoter,0.9985105395317078,Non-Promoter,1,True,0.9985105395317078,0.0014894200721755624
0,Non-Promoter,1,Promoter,0.9969270825386047,Promoter,1,False,0.0030729002319276333,0.9969270825386047
0,Non-Promoter,0,Non-Promoter,0.7203224897384644,Non-Promoter|Promoter,2,True,0.7203224897384644,0.27967751026153564
0,Non-Promoter,0,Non-Promoter,0.9947022795677185,Non-Promoter,1,True,0.9947022795677185,0.005297742318361998
0,Non-Promoter,0,Non-Promoter,0.9952442049980164,Non-Promoter,1,True,0.9952442049980164,0.00475579546764493
0,Non-Promoter,1,Promoter,0.9971880316734314,Promoter,1,False,0.002811926882714033,0.9971880316734314
0,Non-Promoter,0,Non-Promoter,0.9966391324996948,Non-Promoter,1,True,0.9966391324996948,0.003360888222232461
0,Non-Promoter,0,Non-Promoter,0.5614816546440125,Non-Promoter|Promoter,2,True,0.5614816546440125,0.43851834535598755
0,Non-Promoter,0,Non-Promoter,0.9996660947799683,Non-Promoter,1,True,0.9996660947799683,0.0003339642134960741
0,Non-Promoter,0,Non-Promoter,0.99241042137146,Non-Promoter,1,True,0.99241042137146,0.007589640561491251
0,Non-Promoter,0,Non-Promoter,0.9986065030097961,Non-Promoter,1,True,0.9986065030097961,0.0013935454189777374
0,Non-Promoter,0,Non-Promoter,0.9986791014671326,Non-Promoter,1,True,0.9986791014671326,0.0013209154130890965
0,Non-Promoter,0,Non-Promoter,0.9588377475738525,Non-Promoter|Promoter,2,True,0.9588377475738525,0.04116218164563179
0,Non-Promoter,1,Promoter,0.6002585887908936,Non-Promoter|Promoter,2,True,0.39974138140678406,0.6002585887908936
0,Non-Promoter,1,Promoter,0.9337114095687866,Non-Promoter|Promoter,2,True,0.06628859788179398,0.9337114095687866
0,Non-Promoter,1,Promoter,0.9855678081512451,Non-Promoter|Promoter,2,True,0.014432182535529137,0.9855678081512451
0,Non-Promoter,1,Promoter,0.9773239493370056,Non-Promoter|Promoter,2,True,0.0226760096848011,0.9773239493370056
0,Non-Promoter,0,Non-Promoter,0.9995129108428955,Non-Promoter,1,True,0.9995129108428955,0.0004870643897447735
0,Non-Promoter,0,Non-Promoter,0.9952794313430786,Non-Promoter,1,True,0.9952794313430786,0.004720600321888924
0,Non-Promoter,0,Non-Promoter,0.6721612215042114,Non-Promoter|Promoter,2,True,0.6721612215042114,0.3278387188911438
0,Non-Promoter,0,Non-Promoter,0.9994656443595886,Non-Promoter,1,True,0.9994656443595886,0.000534344871994108
0,Non-Promoter,0,Non-Promoter,0.969231903553009,Non-Promoter|Promoter,2,True,0.969231903553009,0.030768074095249176
0,Non-Promoter,0,Non-Promoter,0.6080077290534973,Non-Promoter|Promoter,2,True,0.6080077290534973,0.3919922411441803
0,Non-Promoter,0,Non-Promoter,0.9977261424064636,Non-Promoter,1,True,0.9977261424064636,0.002273835940286517
0,Non-Promoter,0,Non-Promoter,0.9989678859710693,Non-Promoter,1,True,0.9989678859710693,0.0010321770096197724
0,Non-Promoter,0,Non-Promoter,0.7312924265861511,Non-Promoter|Promoter,2,True,0.7312924265861511,0.2687075734138489
0,Non-Promoter,0,Non-Promoter,0.9932809472084045,Non-Promoter,1,True,0.9932809472084045,0.006719035562127829
0,Non-Promoter,1,Promoter,0.9978255033493042,Promoter,1,False,0.002174546243622899,0.9978255033493042
0,Non-Promoter,0,Non-Promoter,0.9958550333976746,Non-Promoter,1,True,0.9958550333976746,0.004144920501857996
0,Non-Promoter,0,Non-Promoter,0.9932343363761902,Non-Promoter,1,True,0.9932343363761902,0.006765709258615971
0,Non-Promoter,0,Non-Promoter,0.994208812713623,Non-Promoter,1,True,0.994208812713623,0.005791204050183296
0,Non-Promoter,0,Non-Promoter,0.9860137701034546,Non-Promoter|Promoter,2,True,0.9860137701034546,0.013986175879836082
0,Non-Promoter,0,Non-Promoter,0.971803605556488,Non-Promoter|Promoter,2,True,0.971803605556488,0.02819640003144741
0,Non-Promoter,0,Non-Promoter,0.7399611473083496,Non-Promoter|Promoter,2,True,0.7399611473083496,0.260038822889328
0,Non-Promoter,0,Non-Promoter,0.9969667792320251,Non-Promoter,1,True,0.9969667792320251,0.0030332058668136597
0,Non-Promoter,0,Non-Promoter,0.9861298203468323,Non-Promoter|Promoter,2,True,0.9861298203468323,0.013870234601199627
0,Non-Promoter,0,Non-Promoter,0.9832179546356201,Non-Promoter|Promoter,2,True,0.9832179546356201,0.016782106831669807
0,Non-Promoter,0,Non-Promoter,0.9785743951797485,Non-Promoter|Promoter,2,True,0.9785743951797485,0.021425563842058182
0,Non-Promoter,1,Promoter,0.5031706094741821,Non-Promoter|Promoter,2,True,0.4968293607234955,0.5031706094741821
0,Non-Promoter,0,Non-Promoter,0.9748806357383728,Non-Promoter|Promoter,2,True,0.9748806357383728,0.025119347497820854
0,Non-Promoter,0,Non-Promoter,0.9965969920158386,Non-Promoter,1,True,0.9965969920158386,0.0034030198585242033
0,Non-Promoter,0,Non-Promoter,0.9996416568756104,Non-Promoter,1,True,0.9996416568756104,0.0003583112556952983
0,Non-Promoter,1,Promoter,0.7885996103286743,Non-Promoter|Promoter,2,True,0.2114003300666809,0.7885996103286743
0,Non-Promoter,1,Promoter,0.9002957344055176,Non-Promoter|Promoter,2,True,0.09970426559448242,0.9002957344055176
0,Non-Promoter,0,Non-Promoter,0.9075908660888672,Non-Promoter|Promoter,2,True,0.9075908660888672,0.0924091786146164
0,Non-Promoter,0,Non-Promoter,0.8814375996589661,Non-Promoter|Promoter,2,True,0.8814375996589661,0.11856246739625931
0,Non-Promoter,0,Non-Promoter,0.859926164150238,Non-Promoter|Promoter,2,True,0.859926164150238,0.14007385075092316
0,Non-Promoter,0,Non-Promoter,0.9980618357658386,Non-Promoter,1,True,0.9980618357658386,0.0019381977617740631
0,Non-Promoter,0,Non-Promoter,0.9183820486068726,Non-Promoter|Promoter,2,True,0.9183820486068726,0.08161799609661102
0,Non-Promoter,1,Promoter,0.9676682949066162,Non-Promoter|Promoter,2,True,0.03233173117041588,0.9676682949066162
0,Non-Promoter,0,Non-Promoter,0.9993973970413208,Non-Promoter,1,True,0.9993973970413208,0.0006026113987900317
0,Non-Promoter,1,Promoter,0.9430109858512878,Non-Promoter|Promoter,2,True,0.056988976895809174,0.9430109858512878
0,Non-Promoter,0,Non-Promoter,0.6969460248947144,Non-Promoter|Promoter,2,True,0.6969460248947144,0.30305397510528564
0,Non-Promoter,0,Non-Promoter,0.9623408913612366,Non-Promoter|Promoter,2,True,0.9623408913612366,0.0376591682434082
0,Non-Promoter,0,Non-Promoter,0.7887104153633118,Non-Promoter|Promoter,2,True,0.7887104153633118,0.21128961443901062
0,Non-Promoter,0,Non-Promoter,0.9995380640029907,Non-Promoter,1,True,0.9995380640029907,0.0004620043036993593
0,Non-Promoter,1,Promoter,0.9763656854629517,Non-Promoter|Promoter,2,True,0.023634303361177444,0.9763656854629517
0,Non-Promoter,1,Promoter,0.7681781649589539,Non-Promoter|Promoter,2,True,0.23182182013988495,0.7681781649589539
0,Non-Promoter,0,Non-Promoter,0.7608851194381714,Non-Promoter|Promoter,2,True,0.7608851194381714,0.23911485075950623
0,Non-Promoter,0,Non-Promoter,0.9985673427581787,Non-Promoter,1,True,0.9985673427581787,0.0014326621312648058
0,Non-Promoter,1,Promoter,0.9970622658729553,Promoter,1,False,0.002937762066721916,0.9970622658729553
0,Non-Promoter,0,Non-Promoter,0.9986546039581299,Non-Promoter,1,True,0.9986546039581299,0.0013454079162329435
0,Non-Promoter,1,Promoter,0.5344834327697754,Non-Promoter|Promoter,2,True,0.465516597032547,0.5344834327697754
0,Non-Promoter,0,Non-Promoter,0.6909336447715759,Non-Promoter|Promoter,2,True,0.6909336447715759,0.3090663552284241
0,Non-Promoter,0,Non-Promoter,0.9979791045188904,Non-Promoter,1,True,0.9979791045188904,0.002020961605012417
0,Non-Promoter,0,Non-Promoter,0.9164649248123169,Non-Promoter|Promoter,2,True,0.9164649248123169,0.08353505283594131
0,Non-Promoter,0,Non-Promoter,0.6946094632148743,Non-Promoter|Promoter,2,True,0.6946094632148743,0.30539053678512573
0,Non-Promoter,1,Promoter,0.5382587313652039,Non-Promoter|Promoter,2,True,0.46174123883247375,0.5382587313652039
0,Non-Promoter,0,Non-Promoter,0.9278846383094788,Non-Promoter|Promoter,2,True,0.9278846383094788,0.07211536169052124
0,Non-Promoter,1,Promoter,0.7450864911079407,Non-Promoter|Promoter,2,True,0.25491347908973694,0.7450864911079407
0,Non-Promoter,0,Non-Promoter,0.9985949397087097,Non-Promoter,1,True,0.9985949397087097,0.001405059825628996
0,Non-Promoter,0,Non-Promoter,0.9754437208175659,Non-Promoter|Promoter,2,True,0.9754437208175659,0.024556349962949753
0,Non-Promoter,0,Non-Promoter,0.9056442975997925,Non-Promoter|Promoter,2,True,0.9056442975997925,0.09435571730136871
0,Non-Promoter,1,Promoter,0.5737999081611633,Non-Promoter|Promoter,2,True,0.42620012164115906,0.5737999081611633
0,Non-Promoter,0,Non-Promoter,0.9712117314338684,Non-Promoter|Promoter,2,True,0.9712117314338684,0.02878834865987301
0,Non-Promoter,0,Non-Promoter,0.9873307347297668,Non-Promoter|Promoter,2,True,0.9873307347297668,0.012669207528233528
0,Non-Promoter,0,Non-Promoter,0.9979221224784851,Non-Promoter,1,True,0.9979221224784851,0.0020778547041118145
0,Non-Promoter,1,Promoter,0.5036338567733765,Non-Promoter|Promoter,2,True,0.49636608362197876,0.5036338567733765
0,Non-Promoter,0,Non-Promoter,0.9655066728591919,Non-Promoter|Promoter,2,True,0.9655066728591919,0.03449332341551781
0,Non-Promoter,0,Non-Promoter,0.9225149154663086,Non-Promoter|Promoter,2,True,0.9225149154663086,0.07748506963253021
0,Non-Promoter,0,Non-Promoter,0.9974908828735352,Non-Promoter,1,True,0.9974908828735352,0.002509159268811345
0,Non-Promoter,0,Non-Promoter,0.8709613084793091,Non-Promoter|Promoter,2,True,0.8709613084793091,0.12903864681720734
0,Non-Promoter,0,Non-Promoter,0.9975588321685791,Non-Promoter,1,True,0.9975588321685791,0.0024411494378000498
0,Non-Promoter,0,Non-Promoter,0.9920433163642883,Non-Promoter,1,True,0.9920433163642883,0.007956664077937603
0,Non-Promoter,0,Non-Promoter,0.710364043712616,Non-Promoter|Promoter,2,True,0.710364043712616,0.28963595628738403
0,Non-Promoter,0,Non-Promoter,0.996915340423584,Non-Promoter,1,True,0.996915340423584,0.0030846907757222652
0,Non-Promoter,1,Promoter,0.9970753192901611,Promoter,1,False,0.0029247330967336893,0.9970753192901611
0,Non-Promoter,0,Non-Promoter,0.9715151786804199,Non-Promoter|Promoter,2,True,0.9715151786804199,0.028484869748353958
0,Non-Promoter,0,Non-Promoter,0.9751262068748474,Non-Promoter|Promoter,2,True,0.9751262068748474,0.024873828515410423
0,Non-Promoter,0,Non-Promoter,0.9855729937553406,Non-Promoter|Promoter,2,True,0.9855729937553406,0.014426954090595245
0,Non-Promoter,0,Non-Promoter,0.9751200675964355,Non-Promoter|Promoter,2,True,0.9751200675964355,0.024879934266209602
0,Non-Promoter,0,Non-Promoter,0.9980536699295044,Non-Promoter,1,True,0.9980536699295044,0.0019463078351691365
0,Non-Promoter,1,Promoter,0.9198307394981384,Non-Promoter|Promoter,2,True,0.08016925305128098,0.9198307394981384
0,Non-Promoter,1,Promoter,0.9971094727516174,Promoter,1,False,0.0028905896469950676,0.9971094727516174
0,Non-Promoter,0,Non-Promoter,0.995745837688446,Non-Promoter,1,True,0.995745837688446,0.00425419956445694
0,Non-Promoter,1,Promoter,0.660677433013916,Non-Promoter|Promoter,2,True,0.3393225371837616,0.660677433013916
0,Non-Promoter,0,Non-Promoter,0.9951726794242859,Non-Promoter,1,True,0.9951726794242859,0.004827324766665697
0,Non-Promoter,0,Non-Promoter,0.9293514490127563,Non-Promoter|Promoter,2,True,0.9293514490127563,0.07064855098724365
0,Non-Promoter,0,Non-Promoter,0.9962259531021118,Non-Promoter,1,True,0.9962259531021118,0.0037740326952189207
0,Non-Promoter,1,Promoter,0.8897450566291809,Non-Promoter|Promoter,2,True,0.1102549284696579,0.8897450566291809
0,Non-Promoter,0,Non-Promoter,0.8604894876480103,Non-Promoter|Promoter,2,True,0.8604894876480103,0.13951057195663452
0,Non-Promoter,0,Non-Promoter,0.9299918413162231,Non-Promoter|Promoter,2,True,0.9299918413162231,0.07000818848609924
0,Non-Promoter,0,Non-Promoter,0.995520830154419,Non-Promoter,1,True,0.995520830154419,0.004479151219129562
0,Non-Promoter,0,Non-Promoter,0.9652584791183472,Non-Promoter|Promoter,2,True,0.9652584791183472,0.03474155068397522
0,Non-Promoter,0,Non-Promoter,0.9998821020126343,Non-Promoter,1,True,0.9998821020126343,0.00011786973482230678
0,Non-Promoter,0,Non-Promoter,0.9962033629417419,Non-Promoter,1,True,0.9962033629417419,0.0037967024836689234
0,Non-Promoter,0,Non-Promoter,0.9951967597007751,Non-Promoter,1,True,0.9951967597007751,0.00480320630595088
0,Non-Promoter,0,Non-Promoter,0.9971467852592468,Non-Promoter,1,True,0.9971467852592468,0.002853232668712735
0,Non-Promoter,1,Promoter,0.7215635776519775,Non-Promoter|Promoter,2,True,0.27843642234802246,0.7215635776519775
0,Non-Promoter,0,Non-Promoter,0.9786219000816345,Non-Promoter|Promoter,2,True,0.9786219000816345,0.021378127858042717
0,Non-Promoter,0,Non-Promoter,0.9774459004402161,Non-Promoter|Promoter,2,True,0.9774459004402161,0.022554118186235428
0,Non-Promoter,0,Non-Promoter,0.9923896193504333,Non-Promoter,1,True,0.9923896193504333,0.007610315456986427
0,Non-Promoter,0,Non-Promoter,0.9075360298156738,Non-Promoter|Promoter,2,True,0.9075360298156738,0.092463918030262
0,Non-Promoter,0,Non-Promoter,0.9699142575263977,Non-Promoter|Promoter,2,True,0.9699142575263977,0.03008570894598961
0,Non-Promoter,0,Non-Promoter,0.998802900314331,Non-Promoter,1,True,0.998802900314331,0.0011970469495281577
0,Non-Promoter,0,Non-Promoter,0.8914008736610413,Non-Promoter|Promoter,2,True,0.8914008736610413,0.10859914869070053
0,Non-Promoter,0,Non-Promoter,0.9660723209381104,Non-Promoter|Promoter,2,True,0.9660723209381104,0.033927612006664276
0,Non-Promoter,0,Non-Promoter,0.9677318930625916,Non-Promoter|Promoter,2,True,0.9677318930625916,0.03226812928915024
0,Non-Promoter,0,Non-Promoter,0.753332257270813,Non-Promoter|Promoter,2,True,0.753332257270813,0.246667742729187
0,Non-Promoter,0,Non-Promoter,0.9939242005348206,Non-Promoter,1,True,0.9939242005348206,0.006075762677937746
0,Non-Promoter,1,Promoter,0.9645251035690308,Non-Promoter|Promoter,2,True,0.03547489270567894,0.9645251035690308
0,Non-Promoter,0,Non-Promoter,0.982564389705658,Non-Promoter|Promoter,2,True,0.982564389705658,0.01743563823401928
0,Non-Promoter,0,Non-Promoter,0.9996771812438965,Non-Promoter,1,True,0.9996771812438965,0.0003228656423743814
0,Non-Promoter,1,Promoter,0.9993071556091309,Promoter,1,False,0.0006928077200427651,0.9993071556091309
0,Non-Promoter,1,Promoter,0.9618858098983765,Non-Promoter|Promoter,2,True,0.03811418637633324,0.9618858098983765
0,Non-Promoter,0,Non-Promoter,0.9973255395889282,Non-Promoter,1,True,0.9973255395889282,0.002674435032531619
0,Non-Promoter,0,Non-Promoter,0.6726312637329102,Non-Promoter|Promoter,2,True,0.6726312637329102,0.32736867666244507
0,Non-Promoter,0,Non-Promoter,0.981582522392273,Non-Promoter|Promoter,2,True,0.981582522392273,0.018417488783597946
0,Non-Promoter,0,Non-Promoter,0.562810480594635,Non-Promoter|Promoter,2,True,0.562810480594635,0.437189519405365
0,Non-Promoter,1,Promoter,0.5906687378883362,Non-Promoter|Promoter,2,True,0.40933120250701904,0.5906687378883362
0,Non-Promoter,1,Promoter,0.6098117232322693,Non-Promoter|Promoter,2,True,0.39018821716308594,0.6098117232322693
0,Non-Promoter,1,Promoter,0.9184537529945374,Non-Promoter|Promoter,2,True,0.08154625445604324,0.9184537529945374
0,Non-Promoter,0,Non-Promoter,0.9893969297409058,Non-Promoter,1,True,0.9893969297409058,0.010603023692965508
0,Non-Promoter,0,Non-Promoter,0.535960853099823,Non-Promoter|Promoter,2,True,0.535960853099823,0.4640392065048218
0,Non-Promoter,0,Non-Promoter,0.9611396789550781,Non-Promoter|Promoter,2,True,0.9611396789550781,0.03886031731963158
0,Non-Promoter,0,Non-Promoter,0.6802536249160767,Non-Promoter|Promoter,2,True,0.6802536249160767,0.31974637508392334
0,Non-Promoter,0,Non-Promoter,0.9993991851806641,Non-Promoter,1,True,0.9993991851806641,0.000600772793404758
0,Non-Promoter,0,Non-Promoter,0.9695446491241455,Non-Promoter|Promoter,2,True,0.9695446491241455,0.03045533411204815
0,Non-Promoter,0,Non-Promoter,0.9407961368560791,Non-Promoter|Promoter,2,True,0.9407961368560791,0.05920381844043732
0,Non-Promoter,1,Promoter,0.9055230617523193,Non-Promoter|Promoter,2,True,0.09447697550058365,0.9055230617523193
0,Non-Promoter,0,Non-Promoter,0.9975681900978088,Non-Promoter,1,True,0.9975681900978088,0.0024317940697073936
0,Non-Promoter,0,Non-Promoter,0.9989919066429138,Non-Promoter,1,True,0.9989919066429138,0.0010081168729811907
0,Non-Promoter,1,Promoter,0.702944278717041,Non-Promoter|Promoter,2,True,0.29705575108528137,0.702944278717041
0,Non-Promoter,0,Non-Promoter,0.8953044414520264,Non-Promoter|Promoter,2,True,0.8953044414520264,0.10469549894332886
0,Non-Promoter,0,Non-Promoter,0.9952532052993774,Non-Promoter,1,True,0.9952532052993774,0.004746862221509218
0,Non-Promoter,0,Non-Promoter,0.9744558334350586,Non-Promoter|Promoter,2,True,0.9744558334350586,0.025544123724102974
0,Non-Promoter,0,Non-Promoter,0.791240930557251,Non-Promoter|Promoter,2,True,0.791240930557251,0.20875903964042664
0,Non-Promoter,1,Promoter,0.9197427034378052,Non-Promoter|Promoter,2,True,0.08025726675987244,0.9197427034378052
0,Non-Promoter,0,Non-Promoter,0.7549023628234863,Non-Promoter|Promoter,2,True,0.7549023628234863,0.24509762227535248
0,Non-Promoter,0,Non-Promoter,0.8883285522460938,Non-Promoter|Promoter,2,True,0.8883285522460938,0.11167143285274506
0,Non-Promoter,0,Non-Promoter,0.9967987537384033,Non-Promoter,1,True,0.9967987537384033,0.0032011866569519043
0,Non-Promoter,1,Promoter,0.5454105734825134,Non-Promoter|Promoter,2,True,0.45458945631980896,0.5454105734825134
0,Non-Promoter,0,Non-Promoter,0.9995014667510986,Non-Promoter,1,True,0.9995014667510986,0.0004985021078027785
0,Non-Promoter,0,Non-Promoter,0.9785606265068054,Non-Promoter|Promoter,2,True,0.9785606265068054,0.021439392119646072
0,Non-Promoter,0,Non-Promoter,0.9992656111717224,Non-Promoter,1,True,0.9992656111717224,0.0007343425531871617
0,Non-Promoter,0,Non-Promoter,0.9964995384216309,Non-Promoter,1,True,0.9964995384216309,0.003500396618619561
0,Non-Promoter,0,Non-Promoter,0.9978523254394531,Non-Promoter,1,True,0.9978523254394531,0.002147731836885214
0,Non-Promoter,1,Promoter,0.9978405237197876,Promoter,1,False,0.002159440889954567,0.9978405237197876
0,Non-Promoter,1,Promoter,0.9143926501274109,Non-Promoter|Promoter,2,True,0.0856073647737503,0.9143926501274109
0,Non-Promoter,0,Non-Promoter,0.9772993326187134,Non-Promoter|Promoter,2,True,0.9772993326187134,0.022700589150190353
0,Non-Promoter,0,Non-Promoter,0.9752585291862488,Non-Promoter|Promoter,2,True,0.9752585291862488,0.02474150061607361
0,Non-Promoter,0,Non-Promoter,0.9947466254234314,Non-Promoter,1,True,0.9947466254234314,0.005253378767520189
0,Non-Promoter,0,Non-Promoter,0.992337167263031,Non-Promoter,1,True,0.992337167263031,0.007662886753678322
0,Non-Promoter,0,Non-Promoter,0.9861975312232971,Non-Promoter|Promoter,2,True,0.9861975312232971,0.013802437111735344
0,Non-Promoter,0,Non-Promoter,0.9977328777313232,Non-Promoter,1,True,0.9977328777313232,0.0022671225015074015
0,Non-Promoter,0,Non-Promoter,0.7622628211975098,Non-Promoter|Promoter,2,True,0.7622628211975098,0.23773717880249023
0,Non-Promoter,0,Non-Promoter,0.997104823589325,Non-Promoter,1,True,0.997104823589325,0.002895158715546131
0,Non-Promoter,1,Promoter,0.7792835831642151,Non-Promoter|Promoter,2,True,0.2207164466381073,0.7792835831642151
0,Non-Promoter,0,Non-Promoter,0.9987137317657471,Non-Promoter,1,True,0.9987137317657471,0.0012862876756116748
0,Non-Promoter,1,Promoter,0.9306997656822205,Non-Promoter|Promoter,2,True,0.06930027157068253,0.9306997656822205
0,Non-Promoter,1,Promoter,0.6282057166099548,Non-Promoter|Promoter,2,True,0.3717942535877228,0.6282057166099548
0,Non-Promoter,0,Non-Promoter,0.9799148440361023,Non-Promoter|Promoter,2,True,0.9799148440361023,0.020085200667381287
0,Non-Promoter,1,Promoter,0.535545825958252,Non-Promoter|Promoter,2,True,0.46445417404174805,0.535545825958252
0,Non-Promoter,0,Non-Promoter,0.9915258288383484,Non-Promoter,1,True,0.9915258288383484,0.008474137634038925
0,Non-Promoter,1,Promoter,0.9171997308731079,Non-Promoter|Promoter,2,True,0.08280019462108612,0.9171997308731079
0,Non-Promoter,0,Non-Promoter,0.9910380840301514,Non-Promoter,1,True,0.9910380840301514,0.008961927145719528
0,Non-Promoter,0,Non-Promoter,0.511480450630188,Non-Promoter|Promoter,2,True,0.511480450630188,0.488519549369812
0,Non-Promoter,0,Non-Promoter,0.6775996088981628,Non-Promoter|Promoter,2,True,0.6775996088981628,0.32240036129951477
0,Non-Promoter,0,Non-Promoter,0.9781478643417358,Non-Promoter|Promoter,2,True,0.9781478643417358,0.021852081641554832
0,Non-Promoter,1,Promoter,0.6807634234428406,Non-Promoter|Promoter,2,True,0.31923651695251465,0.6807634234428406
0,Non-Promoter,0,Non-Promoter,0.9989979863166809,Non-Promoter,1,True,0.9989979863166809,0.0010020326590165496
0,Non-Promoter,0,Non-Promoter,0.9958891272544861,Non-Promoter,1,True,0.9958891272544861,0.004110946785658598
0,Non-Promoter,0,Non-Promoter,0.5706437230110168,Non-Promoter|Promoter,2,True,0.5706437230110168,0.4293562173843384
0,Non-Promoter,1,Promoter,0.8177303075790405,Non-Promoter|Promoter,2,True,0.18226972222328186,0.8177303075790405
0,Non-Promoter,0,Non-Promoter,0.9929116368293762,Non-Promoter,1,True,0.9929116368293762,0.007088399957865477
0,Non-Promoter,0,Non-Promoter,0.9410685896873474,Non-Promoter|Promoter,2,True,0.9410685896873474,0.058931466192007065
0,Non-Promoter,0,Non-Promoter,0.9991814494132996,Non-Promoter,1,True,0.9991814494132996,0.0008184937760233879
0,Non-Promoter,0,Non-Promoter,0.9672109484672546,Non-Promoter|Promoter,2,True,0.9672109484672546,0.03278907388448715
0,Non-Promoter,0,Non-Promoter,0.9975360631942749,Non-Promoter,1,True,0.9975360631942749,0.0024639421608299017
0,Non-Promoter,0,Non-Promoter,0.655797004699707,Non-Promoter|Promoter,2,True,0.655797004699707,0.3442029654979706
0,Non-Promoter,1,Promoter,0.5587043762207031,Non-Promoter|Promoter,2,True,0.44129565358161926,0.5587043762207031
0,Non-Promoter,0,Non-Promoter,0.9882562756538391,Non-Promoter|Promoter,2,True,0.9882562756538391,0.011743664741516113
0,Non-Promoter,1,Promoter,0.6173596978187561,Non-Promoter|Promoter,2,True,0.3826403021812439,0.6173596978187561
0,Non-Promoter,0,Non-Promoter,0.9897676110267639,Non-Promoter,1,True,0.9897676110267639,0.010232416912913322
0,Non-Promoter,0,Non-Promoter,0.9026620388031006,Non-Promoter|Promoter,2,True,0.9026620388031006,0.0973379984498024
0,Non-Promoter,0,Non-Promoter,0.9830202460289001,Non-Promoter|Promoter,2,True,0.9830202460289001,0.016979778185486794
0,Non-Promoter,1,Promoter,0.9974976181983948,Promoter,1,False,0.0025024216156452894,0.9974976181983948
0,Non-Promoter,0,Non-Promoter,0.9683436155319214,Non-Promoter|Promoter,2,True,0.9683436155319214,0.03165633976459503
0,Non-Promoter,1,Promoter,0.6973751187324524,Non-Promoter|Promoter,2,True,0.3026249408721924,0.6973751187324524
0,Non-Promoter,0,Non-Promoter,0.9931636452674866,Non-Promoter,1,True,0.9931636452674866,0.006836376152932644
0,Non-Promoter,0,Non-Promoter,0.9865037202835083,Non-Promoter|Promoter,2,True,0.9865037202835083,0.013496301136910915
0,Non-Promoter,0,Non-Promoter,0.9944905042648315,Non-Promoter,1,True,0.9944905042648315,0.005509436130523682
0,Non-Promoter,0,Non-Promoter,0.636593222618103,Non-Promoter|Promoter,2,True,0.636593222618103,0.3634067177772522
0,Non-Promoter,0,Non-Promoter,0.9974920749664307,Non-Promoter,1,True,0.9974920749664307,0.0025079157203435898
0,Non-Promoter,0,Non-Promoter,0.9100608825683594,Non-Promoter|Promoter,2,True,0.9100608825683594,0.089939184486866
0,Non-Promoter,0,Non-Promoter,0.9975898265838623,Non-Promoter,1,True,0.9975898265838623,0.002410217421129346
0,Non-Promoter,0,Non-Promoter,0.5665889978408813,Non-Promoter|Promoter,2,True,0.5665889978408813,0.43341100215911865
0,Non-Promoter,0,Non-Promoter,0.9948278069496155,Non-Promoter,1,True,0.9948278069496155,0.005172223784029484
0,Non-Promoter,0,Non-Promoter,0.9944243431091309,Non-Promoter,1,True,0.9944243431091309,0.0055756536312401295
0,Non-Promoter,1,Promoter,0.5126302242279053,Non-Promoter|Promoter,2,True,0.4873698353767395,0.5126302242279053
0,Non-Promoter,0,Non-Promoter,0.9715313911437988,Non-Promoter|Promoter,2,True,0.9715313911437988,0.028468672186136246
0,Non-Promoter,0,Non-Promoter,0.9982118606567383,Non-Promoter,1,True,0.9982118606567383,0.001788154593668878
0,Non-Promoter,0,Non-Promoter,0.9946904182434082,Non-Promoter,1,True,0.9946904182434082,0.005309564992785454
0,Non-Promoter,0,Non-Promoter,0.922951340675354,Non-Promoter|Promoter,2,True,0.922951340675354,0.07704868167638779
0,Non-Promoter,0,Non-Promoter,0.99625164270401,Non-Promoter,1,True,0.99625164270401,0.003748398507013917
0,Non-Promoter,0,Non-Promoter,0.9962383508682251,Non-Promoter,1,True,0.9962383508682251,0.0037616505287587643
0,Non-Promoter,1,Promoter,0.9906312823295593,Promoter,1,False,0.009368778206408024,0.9906312823295593
0,Non-Promoter,0,Non-Promoter,0.5831814408302307,Non-Promoter|Promoter,2,True,0.5831814408302307,0.4168185293674469
0,Non-Promoter,0,Non-Promoter,0.9992520213127136,Non-Promoter,1,True,0.9992520213127136,0.0007479502819478512
0,Non-Promoter,0,Non-Promoter,0.9051311612129211,Non-Promoter|Promoter,2,True,0.9051311612129211,0.09486882388591766
0,Non-Promoter,0,Non-Promoter,0.9187115430831909,Non-Promoter|Promoter,2,True,0.9187115430831909,0.08128845691680908
0,Non-Promoter,1,Promoter,0.8830506205558777,Non-Promoter|Promoter,2,True,0.11694937944412231,0.8830506205558777
0,Non-Promoter,0,Non-Promoter,0.998016357421875,Non-Promoter,1,True,0.998016357421875,0.0019835755228996277
0,Non-Promoter,0,Non-Promoter,0.6891758441925049,Non-Promoter|Promoter,2,True,0.6891758441925049,0.3108241558074951
0,Non-Promoter,1,Promoter,0.9978554844856262,Promoter,1,False,0.0021444549784064293,0.9978554844856262
0,Non-Promoter,1,Promoter,0.9812110662460327,Non-Promoter|Promoter,2,True,0.018788957968354225,0.9812110662460327
0,Non-Promoter,1,Promoter,0.7820000052452087,Non-Promoter|Promoter,2,True,0.21799996495246887,0.7820000052452087
0,Non-Promoter,0,Non-Promoter,0.7449378967285156,Non-Promoter|Promoter,2,True,0.7449378967285156,0.2550621032714844
0,Non-Promoter,0,Non-Promoter,0.8652512431144714,Non-Promoter|Promoter,2,True,0.8652512431144714,0.13474881649017334
0,Non-Promoter,0,Non-Promoter,0.9964538812637329,Non-Promoter,1,True,0.9964538812637329,0.003546090330928564
0,Non-Promoter,0,Non-Promoter,0.989556610584259,Non-Promoter,1,True,0.989556610584259,0.010443425737321377
0,Non-Promoter,0,Non-Promoter,0.976293683052063,Non-Promoter|Promoter,2,True,0.976293683052063,0.023706385865807533
0,Non-Promoter,0,Non-Promoter,0.9691211581230164,Non-Promoter|Promoter,2,True,0.9691211581230164,0.03087889403104782
0,Non-Promoter,0,Non-Promoter,0.9597210884094238,Non-Promoter|Promoter,2,True,0.9597210884094238,0.04027895629405975
0,Non-Promoter,0,Non-Promoter,0.9557557702064514,Non-Promoter|Promoter,2,True,0.9557557702064514,0.04424421489238739
0,Non-Promoter,1,Promoter,0.9121931195259094,Non-Promoter|Promoter,2,True,0.08780692517757416,0.9121931195259094
0,Non-Promoter,0,Non-Promoter,0.9841867089271545,Non-Promoter|Promoter,2,True,0.9841867089271545,0.015813330188393593
0,Non-Promoter,0,Non-Promoter,0.6426030397415161,Non-Promoter|Promoter,2,True,0.6426030397415161,0.3573969602584839
0,Non-Promoter,0,Non-Promoter,0.9939078092575073,Non-Promoter,1,True,0.9939078092575073,0.0060921600088477135
0,Non-Promoter,0,Non-Promoter,0.9985826015472412,Non-Promoter,1,True,0.9985826015472412,0.0014174438547343016
0,Non-Promoter,0,Non-Promoter,0.9973793029785156,Non-Promoter,1,True,0.9973793029785156,0.002620772924274206
0,Non-Promoter,0,Non-Promoter,0.9506367444992065,Non-Promoter|Promoter,2,True,0.9506367444992065,0.04936325177550316
0,Non-Promoter,0,Non-Promoter,0.8917662501335144,Non-Promoter|Promoter,2,True,0.8917662501335144,0.1082337275147438
0,Non-Promoter,0,Non-Promoter,0.7521704435348511,Non-Promoter|Promoter,2,True,0.7521704435348511,0.2478296011686325
0,Non-Promoter,0,Non-Promoter,0.9795835614204407,Non-Promoter|Promoter,2,True,0.9795835614204407,0.02041640505194664
0,Non-Promoter,0,Non-Promoter,0.979371190071106,Non-Promoter|Promoter,2,True,0.979371190071106,0.020628875121474266
0,Non-Promoter,0,Non-Promoter,0.9993308782577515,Non-Promoter,1,True,0.9993308782577515,0.0006691766902804375
0,Non-Promoter,0,Non-Promoter,0.9940720200538635,Non-Promoter,1,True,0.9940720200538635,0.005928028374910355
0,Non-Promoter,1,Promoter,0.783530592918396,Non-Promoter|Promoter,2,True,0.216469407081604,0.783530592918396
0,Non-Promoter,1,Promoter,0.6220548748970032,Non-Promoter|Promoter,2,True,0.37794506549835205,0.6220548748970032
0,Non-Promoter,0,Non-Promoter,0.9289404153823853,Non-Promoter|Promoter,2,True,0.9289404153823853,0.07105959951877594
0,Non-Promoter,0,Non-Promoter,0.9927748441696167,Non-Promoter,1,True,0.9927748441696167,0.007225090637803078
0,Non-Promoter,0,Non-Promoter,0.9969890713691711,Non-Promoter,1,True,0.9969890713691711,0.0030109230428934097
0,Non-Promoter,1,Promoter,0.5480294823646545,Non-Promoter|Promoter,2,True,0.45197054743766785,0.5480294823646545
0,Non-Promoter,0,Non-Promoter,0.9732999801635742,Non-Promoter|Promoter,2,True,0.9732999801635742,0.02669999934732914
0,Non-Promoter,0,Non-Promoter,0.9991307854652405,Non-Promoter,1,True,0.9991307854652405,0.0008692145929671824
0,Non-Promoter,0,Non-Promoter,0.9993664622306824,Non-Promoter,1,True,0.9993664622306824,0.0006335113430395722
0,Non-Promoter,0,Non-Promoter,0.9990285634994507,Non-Promoter,1,True,0.9990285634994507,0.0009714080952107906
0,Non-Promoter,0,Non-Promoter,0.6137399077415466,Non-Promoter|Promoter,2,True,0.6137399077415466,0.386260062456131
0,Non-Promoter,1,Promoter,0.7427290678024292,Non-Promoter|Promoter,2,True,0.2572709321975708,0.7427290678024292
0,Non-Promoter,0,Non-Promoter,0.9480869770050049,Non-Promoter|Promoter,2,True,0.9480869770050049,0.05191309005022049
0,Non-Promoter,0,Non-Promoter,0.989443838596344,Non-Promoter,1,True,0.989443838596344,0.010556114837527275
0,Non-Promoter,0,Non-Promoter,0.9994961023330688,Non-Promoter,1,True,0.9994961023330688,0.0005039097741246223
0,Non-Promoter,1,Promoter,0.7206767201423645,Non-Promoter|Promoter,2,True,0.2793233096599579,0.7206767201423645
0,Non-Promoter,0,Non-Promoter,0.9984660148620605,Non-Promoter,1,True,0.9984660148620605,0.0015340662794187665
0,Non-Promoter,0,Non-Promoter,0.9973602890968323,Non-Promoter,1,True,0.9973602890968323,0.0026397553738206625
0,Non-Promoter,0,Non-Promoter,0.9993359446525574,Non-Promoter,1,True,0.9993359446525574,0.0006640439969487488
0,Non-Promoter,0,Non-Promoter,0.714464545249939,Non-Promoter|Promoter,2,True,0.714464545249939,0.28553545475006104
0,Non-Promoter,1,Promoter,0.6856674551963806,Non-Promoter|Promoter,2,True,0.3143324851989746,0.6856674551963806
0,Non-Promoter,0,Non-Promoter,0.9968127608299255,Non-Promoter,1,True,0.9968127608299255,0.003187253838405013
0,Non-Promoter,0,Non-Promoter,0.9904088973999023,Non-Promoter,1,True,0.9904088973999023,0.009591144509613514
0,Non-Promoter,0,Non-Promoter,0.9988299012184143,Non-Promoter,1,True,0.9988299012184143,0.0011701404582709074
0,Non-Promoter,1,Promoter,0.7804960012435913,Non-Promoter|Promoter,2,True,0.2195039838552475,0.7804960012435913
0,Non-Promoter,0,Non-Promoter,0.9968891739845276,Non-Promoter,1,True,0.9968891739845276,0.0031108742114156485
0,Non-Promoter,1,Promoter,0.5880244970321655,Non-Promoter|Promoter,2,True,0.4119755029678345,0.5880244970321655
0,Non-Promoter,0,Non-Promoter,0.9953200221061707,Non-Promoter,1,True,0.9953200221061707,0.004679952282458544
0,Non-Promoter,0,Non-Promoter,0.9470045566558838,Non-Promoter|Promoter,2,True,0.9470045566558838,0.052995435893535614
0,Non-Promoter,1,Promoter,0.6093869209289551,Non-Promoter|Promoter,2,True,0.3906131088733673,0.6093869209289551
0,Non-Promoter,0,Non-Promoter,0.9670014381408691,Non-Promoter|Promoter,2,True,0.9670014381408691,0.032998569309711456
0,Non-Promoter,0,Non-Promoter,0.9908217191696167,Non-Promoter,1,True,0.9908217191696167,0.009178287349641323
0,Non-Promoter,0,Non-Promoter,0.9986432194709778,Non-Promoter,1,True,0.9986432194709778,0.0013567479327321053
0,Non-Promoter,0,Non-Promoter,0.99783855676651,Non-Promoter,1,True,0.99783855676651,0.002161483746021986
0,Non-Promoter,1,Promoter,0.6367595791816711,Non-Promoter|Promoter,2,True,0.36324039101600647,0.6367595791816711
0,Non-Promoter,1,Promoter,0.7004276514053345,Non-Promoter|Promoter,2,True,0.29957231879234314,0.7004276514053345
0,Non-Promoter,0,Non-Promoter,0.6576542258262634,Non-Promoter|Promoter,2,True,0.6576542258262634,0.3423457443714142
0,Non-Promoter,1,Promoter,0.9898277521133423,Promoter,1,False,0.010172313079237938,0.9898277521133423
0,Non-Promoter,0,Non-Promoter,0.9799781441688538,Non-Promoter|Promoter,2,True,0.9799781441688538,0.020021889358758926
0,Non-Promoter,0,Non-Promoter,0.9972499012947083,Non-Promoter,1,True,0.9972499012947083,0.0027501399163156748
0,Non-Promoter,0,Non-Promoter,0.9881296157836914,Non-Promoter|Promoter,2,True,0.9881296157836914,0.011870373971760273
0,Non-Promoter,0,Non-Promoter,0.9876619577407837,Non-Promoter|Promoter,2,True,0.9876619577407837,0.0123380646109581
0,Non-Promoter,0,Non-Promoter,0.9282490611076355,Non-Promoter|Promoter,2,True,0.9282490611076355,0.07175090163946152
0,Non-Promoter,0,Non-Promoter,0.9814829230308533,Non-Promoter|Promoter,2,True,0.9814829230308533,0.018517084419727325
0,Non-Promoter,0,Non-Promoter,0.8267755508422852,Non-Promoter|Promoter,2,True,0.8267755508422852,0.17322444915771484
0,Non-Promoter,0,Non-Promoter,0.9168207049369812,Non-Promoter|Promoter,2,True,0.9168207049369812,0.08317927271127701
0,Non-Promoter,0,Non-Promoter,0.9992538094520569,Non-Promoter,1,True,0.9992538094520569,0.0007461903733201325
0,Non-Promoter,0,Non-Promoter,0.9903486967086792,Non-Promoter,1,True,0.9903486967086792,0.0096513070166111
0,Non-Promoter,0,Non-Promoter,0.9981527924537659,Non-Promoter,1,True,0.9981527924537659,0.0018471648218110204
0,Non-Promoter,1,Promoter,0.9884600639343262,Non-Promoter|Promoter,2,True,0.011539947241544724,0.9884600639343262
0,Non-Promoter,0,Non-Promoter,0.7947096228599548,Non-Promoter|Promoter,2,True,0.7947096228599548,0.20529036223888397
0,Non-Promoter,0,Non-Promoter,0.9810356497764587,Non-Promoter|Promoter,2,True,0.9810356497764587,0.018964411690831184
0,Non-Promoter,0,Non-Promoter,0.9919198751449585,Non-Promoter,1,True,0.9919198751449585,0.008080093190073967
0,Non-Promoter,0,Non-Promoter,0.9956769347190857,Non-Promoter,1,True,0.9956769347190857,0.0043230848386883736
0,Non-Promoter,0,Non-Promoter,0.9722822308540344,Non-Promoter|Promoter,2,True,0.9722822308540344,0.027717744931578636
0,Non-Promoter,1,Promoter,0.7712262868881226,Non-Promoter|Promoter,2,True,0.2287737876176834,0.7712262868881226
0,Non-Promoter,0,Non-Promoter,0.999452531337738,Non-Promoter,1,True,0.999452531337738,0.0005475025391206145
0,Non-Promoter,0,Non-Promoter,0.9976683259010315,Non-Promoter,1,True,0.9976683259010315,0.002331668045371771
0,Non-Promoter,0,Non-Promoter,0.9352698922157288,Non-Promoter|Promoter,2,True,0.9352698922157288,0.06473012268543243
0,Non-Promoter,1,Promoter,0.9923446774482727,Promoter,1,False,0.007655348628759384,0.9923446774482727
0,Non-Promoter,0,Non-Promoter,0.9869374632835388,Non-Promoter|Promoter,2,True,0.9869374632835388,0.013062550686299801
0,Non-Promoter,0,Non-Promoter,0.9637424349784851,Non-Promoter|Promoter,2,True,0.9637424349784851,0.036257561296224594
0,Non-Promoter,0,Non-Promoter,0.9985370635986328,Non-Promoter,1,True,0.9985370635986328,0.0014629211509600282
0,Non-Promoter,0,Non-Promoter,0.9831657409667969,Non-Promoter|Promoter,2,True,0.9831657409667969,0.016834240406751633
0,Non-Promoter,1,Promoter,0.9923965334892273,Promoter,1,False,0.007603418547660112,0.9923965334892273
0,Non-Promoter,1,Promoter,0.7392907738685608,Non-Promoter|Promoter,2,True,0.260709285736084,0.7392907738685608
0,Non-Promoter,0,Non-Promoter,0.9948870539665222,Non-Promoter,1,True,0.9948870539665222,0.005112992133945227
0,Non-Promoter,0,Non-Promoter,0.9911045432090759,Non-Promoter,1,True,0.9911045432090759,0.008895461447536945
0,Non-Promoter,0,Non-Promoter,0.9811805486679077,Non-Promoter|Promoter,2,True,0.9811805486679077,0.018819410353899002
0,Non-Promoter,0,Non-Promoter,0.9986081719398499,Non-Promoter,1,True,0.9986081719398499,0.0013919140910729766
0,Non-Promoter,0,Non-Promoter,0.720935583114624,Non-Promoter|Promoter,2,True,0.720935583114624,0.27906444668769836
0,Non-Promoter,0,Non-Promoter,0.938733696937561,Non-Promoter|Promoter,2,True,0.938733696937561,0.061266329139471054
0,Non-Promoter,0,Non-Promoter,0.9895601272583008,Non-Promoter,1,True,0.9895601272583008,0.010439823381602764
0,Non-Promoter,0,Non-Promoter,0.9971024394035339,Non-Promoter,1,True,0.9971024394035339,0.0028975990135222673
0,Non-Promoter,0,Non-Promoter,0.9948697090148926,Non-Promoter,1,True,0.9948697090148926,0.005130290985107422
0,Non-Promoter,0,Non-Promoter,0.9985957741737366,Non-Promoter,1,True,0.9985957741737366,0.00140426866710186
0,Non-Promoter,0,Non-Promoter,0.7565546631813049,Non-Promoter|Promoter,2,True,0.7565546631813049,0.24344530701637268
0,Non-Promoter,0,Non-Promoter,0.9906365275382996,Non-Promoter,1,True,0.9906365275382996,0.009363490156829357
0,Non-Promoter,0,Non-Promoter,0.9996240139007568,Non-Promoter,1,True,0.9996240139007568,0.00037598444032482803
0,Non-Promoter,1,Promoter,0.6326285600662231,Non-Promoter|Promoter,2,True,0.36737143993377686,0.6326285600662231
0,Non-Promoter,0,Non-Promoter,0.9953100085258484,Non-Promoter,1,True,0.9953100085258484,0.004690051544457674
0,Non-Promoter,0,Non-Promoter,0.9979719519615173,Non-Promoter,1,True,0.9979719519615173,0.0020280657336115837
0,Non-Promoter,1,Promoter,0.9900861382484436,Promoter,1,False,0.009913847781717777,0.9900861382484436
0,Non-Promoter,0,Non-Promoter,0.9518907070159912,Non-Promoter|Promoter,2,True,0.9518907070159912,0.04810937121510506
0,Non-Promoter,0,Non-Promoter,0.9920622110366821,Non-Promoter,1,True,0.9920622110366821,0.007937784306704998
0,Non-Promoter,0,Non-Promoter,0.9975461363792419,Non-Promoter,1,True,0.9975461363792419,0.0024538307916373014
0,Non-Promoter,0,Non-Promoter,0.7120768427848816,Non-Promoter|Promoter,2,True,0.7120768427848816,0.287923127412796
0,Non-Promoter,0,Non-Promoter,0.994617760181427,Non-Promoter,1,True,0.994617760181427,0.005382205359637737
0,Non-Promoter,1,Promoter,0.8569645285606384,Non-Promoter|Promoter,2,True,0.143035426735878,0.8569645285606384
0,Non-Promoter,0,Non-Promoter,0.9912281036376953,Non-Promoter,1,True,0.9912281036376953,0.008771891705691814
0,Non-Promoter,0,Non-Promoter,0.9736211895942688,Non-Promoter|Promoter,2,True,0.9736211895942688,0.026378881186246872
0,Non-Promoter,1,Promoter,0.9993687272071838,Promoter,1,False,0.0006313198828138411,0.9993687272071838
0,Non-Promoter,0,Non-Promoter,0.999496340751648,Non-Promoter,1,True,0.999496340751648,0.0005036410293541849
0,Non-Promoter,0,Non-Promoter,0.5476766228675842,Non-Promoter|Promoter,2,True,0.5476766228675842,0.45232343673706055
0,Non-Promoter,0,Non-Promoter,0.7522205114364624,Non-Promoter|Promoter,2,True,0.7522205114364624,0.24777954816818237
0,Non-Promoter,0,Non-Promoter,0.9959819316864014,Non-Promoter,1,True,0.9959819316864014,0.004018027801066637
0,Non-Promoter,0,Non-Promoter,0.9952852129936218,Non-Promoter,1,True,0.9952852129936218,0.004714833106845617
0,Non-Promoter,0,Non-Promoter,0.7207220792770386,Non-Promoter|Promoter,2,True,0.7207220792770386,0.2792779505252838
0,Non-Promoter,0,Non-Promoter,0.9976426959037781,Non-Promoter,1,True,0.9976426959037781,0.0023573338985443115
0,Non-Promoter,1,Promoter,0.5564709901809692,Non-Promoter|Promoter,2,True,0.44352903962135315,0.5564709901809692
0,Non-Promoter,0,Non-Promoter,0.921600341796875,Non-Promoter|Promoter,2,True,0.921600341796875,0.07839962840080261
0,Non-Promoter,0,Non-Promoter,0.9185105562210083,Non-Promoter|Promoter,2,True,0.9185105562210083,0.08148941397666931
0,Non-Promoter,0,Non-Promoter,0.9848935008049011,Non-Promoter|Promoter,2,True,0.9848935008049011,0.015106530860066414
0,Non-Promoter,0,Non-Promoter,0.9941458702087402,Non-Promoter,1,True,0.9941458702087402,0.005854093935340643
0,Non-Promoter,1,Promoter,0.9463931322097778,Non-Promoter|Promoter,2,True,0.053606849163770676,0.9463931322097778
0,Non-Promoter,0,Non-Promoter,0.9942235350608826,Non-Promoter,1,True,0.9942235350608826,0.005776452366262674
0,Non-Promoter,0,Non-Promoter,0.7279751300811768,Non-Promoter|Promoter,2,True,0.7279751300811768,0.27202489972114563
0,Non-Promoter,0,Non-Promoter,0.9952267408370972,Non-Promoter,1,True,0.9952267408370972,0.00477326475083828
0,Non-Promoter,1,Promoter,0.9433449506759644,Non-Promoter|Promoter,2,True,0.056655049324035645,0.9433449506759644
0,Non-Promoter,1,Promoter,0.857090175151825,Non-Promoter|Promoter,2,True,0.14290980994701385,0.857090175151825
0,Non-Promoter,0,Non-Promoter,0.5532986521720886,Non-Promoter|Promoter,2,True,0.5532986521720886,0.44670137763023376
0,Non-Promoter,1,Promoter,0.6014384031295776,Non-Promoter|Promoter,2,True,0.39856162667274475,0.6014384031295776
0,Non-Promoter,1,Promoter,0.98703533411026,Non-Promoter|Promoter,2,True,0.012964717112481594,0.98703533411026
0,Non-Promoter,0,Non-Promoter,0.9844689965248108,Non-Promoter|Promoter,2,True,0.9844689965248108,0.015531044453382492
0,Non-Promoter,1,Promoter,0.9745425581932068,Non-Promoter|Promoter,2,True,0.02545749396085739,0.9745425581932068
0,Non-Promoter,0,Non-Promoter,0.88896244764328,Non-Promoter|Promoter,2,True,0.88896244764328,0.11103757470846176
0,Non-Promoter,0,Non-Promoter,0.9824338555335999,Non-Promoter|Promoter,2,True,0.9824338555335999,0.017566097900271416
0,Non-Promoter,0,Non-Promoter,0.9964495897293091,Non-Promoter,1,True,0.9964495897293091,0.003550387918949127
0,Non-Promoter,0,Non-Promoter,0.9053145051002502,Non-Promoter|Promoter,2,True,0.9053145051002502,0.09468546509742737
0,Non-Promoter,0,Non-Promoter,0.9946994781494141,Non-Promoter,1,True,0.9946994781494141,0.005300542339682579
0,Non-Promoter,1,Promoter,0.8666998147964478,Non-Promoter|Promoter,2,True,0.13330021500587463,0.8666998147964478
0,Non-Promoter,0,Non-Promoter,0.9758174419403076,Non-Promoter|Promoter,2,True,0.9758174419403076,0.024182479828596115
0,Non-Promoter,0,Non-Promoter,0.8943038582801819,Non-Promoter|Promoter,2,True,0.8943038582801819,0.10569610446691513
0,Non-Promoter,0,Non-Promoter,0.9985798597335815,Non-Promoter,1,True,0.9985798597335815,0.001420091139152646
0,Non-Promoter,0,Non-Promoter,0.9821175932884216,Non-Promoter|Promoter,2,True,0.9821175932884216,0.01788248121738434
0,Non-Promoter,0,Non-Promoter,0.9989207983016968,Non-Promoter,1,True,0.9989207983016968,0.0010792232351377606
0,Non-Promoter,0,Non-Promoter,0.9601603746414185,Non-Promoter|Promoter,2,True,0.9601603746414185,0.03983969986438751
0,Non-Promoter,0,Non-Promoter,0.9961057305335999,Non-Promoter,1,True,0.9961057305335999,0.0038942790124565363
0,Non-Promoter,0,Non-Promoter,0.9653744697570801,Non-Promoter|Promoter,2,True,0.9653744697570801,0.03462546691298485
0,Non-Promoter,1,Promoter,0.9597582817077637,Non-Promoter|Promoter,2,True,0.04024170711636543,0.9597582817077637
0,Non-Promoter,0,Non-Promoter,0.8552528619766235,Non-Promoter|Promoter,2,True,0.8552528619766235,0.14474721252918243
0,Non-Promoter,1,Promoter,0.9848865866661072,Non-Promoter|Promoter,2,True,0.015113465487957,0.9848865866661072
0,Non-Promoter,0,Non-Promoter,0.9976900815963745,Non-Promoter,1,True,0.9976900815963745,0.002309915842488408
0,Non-Promoter,0,Non-Promoter,0.998802661895752,Non-Promoter,1,True,0.998802661895752,0.0011973412474617362
0,Non-Promoter,0,Non-Promoter,0.5300517678260803,Non-Promoter|Promoter,2,True,0.5300517678260803,0.4699482321739197
0,Non-Promoter,0,Non-Promoter,0.5222619771957397,Non-Promoter|Promoter,2,True,0.5222619771957397,0.4777381122112274
0,Non-Promoter,1,Promoter,0.891624927520752,Non-Promoter|Promoter,2,True,0.10837502777576447,0.891624927520752
0,Non-Promoter,0,Non-Promoter,0.984221339225769,Non-Promoter|Promoter,2,True,0.984221339225769,0.015778621658682823
0,Non-Promoter,0,Non-Promoter,0.7190110683441162,Non-Promoter|Promoter,2,True,0.7190110683441162,0.2809889316558838
0,Non-Promoter,0,Non-Promoter,0.9985685348510742,Non-Promoter,1,True,0.9985685348510742,0.0014314127620309591
0,Non-Promoter,0,Non-Promoter,0.7897435426712036,Non-Promoter|Promoter,2,True,0.7897435426712036,0.2102563977241516
0,Non-Promoter,0,Non-Promoter,0.999357283115387,Non-Promoter,1,True,0.999357283115387,0.000642776838503778
0,Non-Promoter,1,Promoter,0.7679088711738586,Non-Promoter|Promoter,2,True,0.23209111392498016,0.7679088711738586
0,Non-Promoter,0,Non-Promoter,0.9998688697814941,Non-Promoter,1,True,0.9998688697814941,0.00013109928113408387
0,Non-Promoter,0,Non-Promoter,0.9959288239479065,Non-Promoter,1,True,0.9959288239479065,0.004071144387125969
0,Non-Promoter,0,Non-Promoter,0.6269042491912842,Non-Promoter|Promoter,2,True,0.6269042491912842,0.3730958104133606
0,Non-Promoter,0,Non-Promoter,0.9976244568824768,Non-Promoter,1,True,0.9976244568824768,0.0023755731526762247
0,Non-Promoter,0,Non-Promoter,0.996658205986023,Non-Promoter,1,True,0.996658205986023,0.0033417982049286366
0,Non-Promoter,0,Non-Promoter,0.99285489320755,Non-Promoter,1,True,0.99285489320755,0.007145136594772339
0,Non-Promoter,0,Non-Promoter,0.9942706823348999,Non-Promoter,1,True,0.9942706823348999,0.005729380529373884
0,Non-Promoter,0,Non-Promoter,0.6338207125663757,Non-Promoter|Promoter,2,True,0.6338207125663757,0.36617931723594666
0,Non-Promoter,0,Non-Promoter,0.9959255456924438,Non-Promoter,1,True,0.9959255456924438,0.004074442200362682
0,Non-Promoter,0,Non-Promoter,0.9987479448318481,Non-Promoter,1,True,0.9987479448318481,0.0012520338641479611
0,Non-Promoter,0,Non-Promoter,0.9987812638282776,Non-Promoter,1,True,0.9987812638282776,0.0012186829699203372
0,Non-Promoter,1,Promoter,0.902991533279419,Non-Promoter|Promoter,2,True,0.09700842946767807,0.902991533279419
0,Non-Promoter,0,Non-Promoter,0.9847553372383118,Non-Promoter|Promoter,2,True,0.9847553372383118,0.015244582667946815
0,Non-Promoter,1,Promoter,0.7863838076591492,Non-Promoter|Promoter,2,True,0.21361613273620605,0.7863838076591492
0,Non-Promoter,0,Non-Promoter,0.9777914881706238,Non-Promoter|Promoter,2,True,0.9777914881706238,0.022208577021956444
0,Non-Promoter,0,Non-Promoter,0.9978926777839661,Non-Promoter,1,True,0.9978926777839661,0.002107356209307909
0,Non-Promoter,0,Non-Promoter,0.8090898394584656,Non-Promoter|Promoter,2,True,0.8090898394584656,0.19091013073921204
0,Non-Promoter,1,Promoter,0.5541645288467407,Non-Promoter|Promoter,2,True,0.4458354711532593,0.5541645288467407
0,Non-Promoter,0,Non-Promoter,0.9454736113548279,Non-Promoter|Promoter,2,True,0.9454736113548279,0.05452636629343033
0,Non-Promoter,0,Non-Promoter,0.9644112586975098,Non-Promoter|Promoter,2,True,0.9644112586975098,0.03558877110481262
0,Non-Promoter,0,Non-Promoter,0.8873016238212585,Non-Promoter|Promoter,2,True,0.8873016238212585,0.11269844323396683
0,Non-Promoter,0,Non-Promoter,0.990029513835907,Non-Promoter,1,True,0.990029513835907,0.009970495477318764
0,Non-Promoter,0,Non-Promoter,0.7460540533065796,Non-Promoter|Promoter,2,True,0.7460540533065796,0.25394588708877563
0,Non-Promoter,0,Non-Promoter,0.9787192940711975,Non-Promoter|Promoter,2,True,0.9787192940711975,0.021280737593770027
0,Non-Promoter,0,Non-Promoter,0.9980400204658508,Non-Promoter,1,True,0.9980400204658508,0.001959980698302388
0,Non-Promoter,0,Non-Promoter,0.9982010126113892,Non-Promoter,1,True,0.9982010126113892,0.001798934885300696
0,Non-Promoter,1,Promoter,0.9627255797386169,Non-Promoter|Promoter,2,True,0.037274476140737534,0.9627255797386169
0,Non-Promoter,1,Promoter,0.9879258871078491,Non-Promoter|Promoter,2,True,0.012074113823473454,0.9879258871078491
0,Non-Promoter,1,Promoter,0.9941091537475586,Promoter,1,False,0.005890881642699242,0.9941091537475586
0,Non-Promoter,0,Non-Promoter,0.8751929402351379,Non-Promoter|Promoter,2,True,0.8751929402351379,0.12480705231428146
0,Non-Promoter,0,Non-Promoter,0.9967755675315857,Non-Promoter,1,True,0.9967755675315857,0.003224436193704605
0,Non-Promoter,0,Non-Promoter,0.8060063719749451,Non-Promoter|Promoter,2,True,0.8060063719749451,0.19399362802505493
0,Non-Promoter,0,Non-Promoter,0.999139666557312,Non-Promoter,1,True,0.999139666557312,0.0008603159221820533
0,Non-Promoter,1,Promoter,0.5226354002952576,Non-Promoter|Promoter,2,True,0.47736456990242004,0.5226354002952576
0,Non-Promoter,0,Non-Promoter,0.9418399930000305,Non-Promoter|Promoter,2,True,0.9418399930000305,0.0581599660217762
0,Non-Promoter,0,Non-Promoter,0.5414860248565674,Non-Promoter|Promoter,2,True,0.5414860248565674,0.4585139751434326
0,Non-Promoter,0,Non-Promoter,0.9991581439971924,Non-Promoter,1,True,0.9991581439971924,0.0008419184596277773
0,Non-Promoter,0,Non-Promoter,0.9977425336837769,Non-Promoter,1,True,0.9977425336837769,0.002257503569126129
0,Non-Promoter,0,Non-Promoter,0.9261224865913391,Non-Promoter|Promoter,2,True,0.9261224865913391,0.07387752830982208
0,Non-Promoter,0,Non-Promoter,0.9979580640792847,Non-Promoter,1,True,0.9979580640792847,0.0020419873762875795
0,Non-Promoter,1,Promoter,0.999152421951294,Promoter,1,False,0.0008475229260511696,0.999152421951294
0,Non-Promoter,0,Non-Promoter,0.8845410943031311,Non-Promoter|Promoter,2,True,0.8845410943031311,0.1154589131474495
0,Non-Promoter,1,Promoter,0.8459879159927368,Non-Promoter|Promoter,2,True,0.15401208400726318,0.8459879159927368
0,Non-Promoter,0,Non-Promoter,0.9840810298919678,Non-Promoter|Promoter,2,True,0.9840810298919678,0.01591898873448372
0,Non-Promoter,0,Non-Promoter,0.9992634654045105,Non-Promoter,1,True,0.9992634654045105,0.0007365088677033782
0,Non-Promoter,0,Non-Promoter,0.936872661113739,Non-Promoter|Promoter,2,True,0.936872661113739,0.06312733143568039
0,Non-Promoter,0,Non-Promoter,0.995062530040741,Non-Promoter,1,True,0.995062530040741,0.004937467630952597
0,Non-Promoter,0,Non-Promoter,0.9936712980270386,Non-Promoter,1,True,0.9936712980270386,0.0063286698423326015
0,Non-Promoter,0,Non-Promoter,0.9543680548667908,Non-Promoter|Promoter,2,True,0.9543680548667908,0.04563189670443535
0,Non-Promoter,0,Non-Promoter,0.5355495810508728,Non-Promoter|Promoter,2,True,0.5355495810508728,0.4644504487514496
0,Non-Promoter,1,Promoter,0.9923107624053955,Promoter,1,False,0.007689233869314194,0.9923107624053955
1,Promoter,0,Non-Promoter,0.9938451051712036,Non-Promoter,1,False,0.9938451051712036,0.006154925562441349
1,Promoter,0,Non-Promoter,0.939017653465271,Non-Promoter|Promoter,2,True,0.939017653465271,0.060982316732406616
1,Promoter,1,Promoter,0.822679340839386,Non-Promoter|Promoter,2,True,0.17732062935829163,0.822679340839386
1,Promoter,0,Non-Promoter,0.9535425901412964,Non-Promoter|Promoter,2,True,0.9535425901412964,0.04645737633109093
1,Promoter,0,Non-Promoter,0.9976486563682556,Non-Promoter,1,False,0.9976486563682556,0.002351325936615467
1,Promoter,1,Promoter,0.9989262223243713,Promoter,1,True,0.001073711784556508,0.9989262223243713
1,Promoter,1,Promoter,0.9794228672981262,Non-Promoter|Promoter,2,True,0.02057713456451893,0.9794228672981262
1,Promoter,1,Promoter,0.9896726608276367,Promoter,1,True,0.01032730471342802,0.9896726608276367
1,Promoter,0,Non-Promoter,0.7842516303062439,Non-Promoter|Promoter,2,True,0.7842516303062439,0.2157483845949173
1,Promoter,1,Promoter,0.999934196472168,Promoter,1,True,6.585384107893333e-05,0.999934196472168
1,Promoter,1,Promoter,0.9991970658302307,Promoter,1,True,0.0008029159507714212,0.9991970658302307
1,Promoter,1,Promoter,0.9993351101875305,Promoter,1,True,0.0006648466805927455,0.9993351101875305
1,Promoter,0,Non-Promoter,0.792808473110199,Non-Promoter|Promoter,2,True,0.792808473110199,0.20719152688980103
1,Promoter,1,Promoter,0.9754510521888733,Non-Promoter|Promoter,2,True,0.024548964574933052,0.9754510521888733
1,Promoter,0,Non-Promoter,0.9967286586761475,Non-Promoter,1,False,0.9967286586761475,0.0032713261898607016
1,Promoter,1,Promoter,0.9231809973716736,Non-Promoter|Promoter,2,True,0.0768190249800682,0.9231809973716736
1,Promoter,1,Promoter,0.9908233880996704,Promoter,1,True,0.009176586754620075,0.9908233880996704
1,Promoter,1,Promoter,0.9980534315109253,Promoter,1,True,0.0019465634832158685,0.9980534315109253
1,Promoter,1,Promoter,0.554206371307373,Non-Promoter|Promoter,2,True,0.44579359889030457,0.554206371307373
1,Promoter,1,Promoter,0.9965117573738098,Promoter,1,True,0.0034881941974163055,0.9965117573738098
1,Promoter,1,Promoter,0.9977521300315857,Promoter,1,True,0.002247839467599988,0.9977521300315857
1,Promoter,0,Non-Promoter,0.750838041305542,Non-Promoter|Promoter,2,True,0.750838041305542,0.2491619884967804
1,Promoter,1,Promoter,0.9981247782707214,Promoter,1,True,0.001875256304629147,0.9981247782707214
1,Promoter,1,Promoter,0.9993690848350525,Promoter,1,True,0.000630958063993603,0.9993690848350525
1,Promoter,1,Promoter,0.9998276233673096,Promoter,1,True,0.0001723415043670684,0.9998276233673096
1,Promoter,1,Promoter,0.9966057538986206,Promoter,1,True,0.0033942547161132097,0.9966057538986206
1,Promoter,0,Non-Promoter,0.5526480078697205,Non-Promoter|Promoter,2,True,0.5526480078697205,0.4473519027233124
1,Promoter,1,Promoter,0.9811890125274658,Non-Promoter|Promoter,2,True,0.01881096512079239,0.9811890125274658
1,Promoter,0,Non-Promoter,0.9748671650886536,Non-Promoter|Promoter,2,True,0.9748671650886536,0.02513289265334606
1,Promoter,0,Non-Promoter,0.9977244734764099,Non-Promoter,1,False,0.9977244734764099,0.00227549159899354
1,Promoter,1,Promoter,0.9317183494567871,Non-Promoter|Promoter,2,True,0.06828159093856812,0.9317183494567871
1,Promoter,1,Promoter,0.9941515326499939,Promoter,1,True,0.005848508328199387,0.9941515326499939
1,Promoter,1,Promoter,0.999471127986908,Promoter,1,True,0.0005289327236823738,0.999471127986908
1,Promoter,1,Promoter,0.9682763814926147,Non-Promoter|Promoter,2,True,0.03172369301319122,0.9682763814926147
1,Promoter,1,Promoter,0.9976881742477417,Promoter,1,True,0.0023118143435567617,0.9976881742477417
1,Promoter,1,Promoter,0.5784986019134521,Non-Promoter|Promoter,2,True,0.42150139808654785,0.5784986019134521
1,Promoter,0,Non-Promoter,0.7399136424064636,Non-Promoter|Promoter,2,True,0.7399136424064636,0.26008638739585876
1,Promoter,0,Non-Promoter,0.9944408535957336,Non-Promoter,1,False,0.9944408535957336,0.00555908540263772
1,Promoter,1,Promoter,0.8992551565170288,Non-Promoter|Promoter,2,True,0.10074491798877716,0.8992551565170288
1,Promoter,0,Non-Promoter,0.9923288226127625,Non-Promoter,1,False,0.9923288226127625,0.007671183440834284
1,Promoter,1,Promoter,0.9996153116226196,Promoter,1,True,0.0003846100007649511,0.9996153116226196
1,Promoter,1,Promoter,0.9948737025260925,Promoter,1,True,0.005126320756971836,0.9948737025260925
1,Promoter,1,Promoter,0.9954706430435181,Promoter,1,True,0.004529367201030254,0.9954706430435181
1,Promoter,1,Promoter,0.9863799214363098,Non-Promoter|Promoter,2,True,0.013620086014270782,0.9863799214363098
1,Promoter,1,Promoter,0.9860370755195618,Non-Promoter|Promoter,2,True,0.013962896540760994,0.9860370755195618
1,Promoter,1,Promoter,0.9909694790840149,Promoter,1,True,0.009030592627823353,0.9909694790840149
1,Promoter,1,Promoter,0.9168573021888733,Non-Promoter|Promoter,2,True,0.08314274251461029,0.9168573021888733
1,Promoter,0,Non-Promoter,0.9882124066352844,Non-Promoter|Promoter,2,True,0.9882124066352844,0.011787625961005688
1,Promoter,0,Non-Promoter,0.9925559163093567,Non-Promoter,1,False,0.9925559163093567,0.007444058544933796
1,Promoter,0,Non-Promoter,0.9954105019569397,Non-Promoter,1,False,0.9954105019569397,0.0045894430950284
1,Promoter,0,Non-Promoter,0.9885936975479126,Non-Promoter|Promoter,2,True,0.9885936975479126,0.011406321078538895
1,Promoter,1,Promoter,0.9981683492660522,Promoter,1,True,0.001831630477681756,0.9981683492660522
1,Promoter,1,Promoter,0.9994468092918396,Promoter,1,True,0.000553231977391988,0.9994468092918396
1,Promoter,1,Promoter,0.9641644954681396,Non-Promoter|Promoter,2,True,0.035835474729537964,0.9641644954681396
1,Promoter,1,Promoter,0.9828556180000305,Non-Promoter|Promoter,2,True,0.01714431308209896,0.9828556180000305
1,Promoter,1,Promoter,0.9949219822883606,Promoter,1,True,0.005077986046671867,0.9949219822883606
1,Promoter,1,Promoter,0.9848632216453552,Non-Promoter|Promoter,2,True,0.01513676904141903,0.9848632216453552
1,Promoter,1,Promoter,0.9980608820915222,Promoter,1,True,0.0019391424721106887,0.9980608820915222
1,Promoter,0,Non-Promoter,0.9781360030174255,Non-Promoter|Promoter,2,True,0.9781360030174255,0.021863920614123344
1,Promoter,1,Promoter,0.9990901947021484,Promoter,1,True,0.0009097742731682956,0.9990901947021484
1,Promoter,1,Promoter,0.9280378222465515,Non-Promoter|Promoter,2,True,0.07196222990751266,0.9280378222465515
1,Promoter,1,Promoter,0.9979883432388306,Promoter,1,True,0.0020116560626775026,0.9979883432388306
1,Promoter,1,Promoter,0.9716858863830566,Non-Promoter|Promoter,2,True,0.028314167633652687,0.9716858863830566
1,Promoter,1,Promoter,0.9976744055747986,Promoter,1,True,0.0023255441337823868,0.9976744055747986
1,Promoter,1,Promoter,0.9991596937179565,Promoter,1,True,0.000840329856146127,0.9991596937179565
1,Promoter,1,Promoter,0.9977832436561584,Promoter,1,True,0.0022168189752846956,0.9977832436561584
1,Promoter,0,Non-Promoter,0.8683616518974304,Non-Promoter|Promoter,2,True,0.8683616518974304,0.13163837790489197
1,Promoter,1,Promoter,0.9690566658973694,Non-Promoter|Promoter,2,True,0.03094337321817875,0.9690566658973694
1,Promoter,1,Promoter,0.9996602535247803,Promoter,1,True,0.00033973585232160985,0.9996602535247803
1,Promoter,1,Promoter,0.9865711331367493,Non-Promoter|Promoter,2,True,0.01342884823679924,0.9865711331367493
1,Promoter,1,Promoter,0.9845728278160095,Non-Promoter|Promoter,2,True,0.01542714424431324,0.9845728278160095
1,Promoter,1,Promoter,0.9981689453125,Promoter,1,True,0.0018310307059437037,0.9981689453125
1,Promoter,0,Non-Promoter,0.9979521632194519,Non-Promoter,1,False,0.9979521632194519,0.002047909889370203
1,Promoter,1,Promoter,0.9990335702896118,Promoter,1,True,0.0009665042744018137,0.9990335702896118
1,Promoter,1,Promoter,0.9747060537338257,Non-Promoter|Promoter,2,True,0.025293972343206406,0.9747060537338257
1,Promoter,1,Promoter,0.9989140033721924,Promoter,1,True,0.0010860023321583867,0.9989140033721924
1,Promoter,1,Promoter,0.9970935583114624,Promoter,1,True,0.0029063825495541096,0.9970935583114624
1,Promoter,0,Non-Promoter,0.7136247754096985,Non-Promoter|Promoter,2,True,0.7136247754096985,0.28637516498565674
1,Promoter,1,Promoter,0.9991675615310669,Promoter,1,True,0.0008324251393787563,0.9991675615310669
1,Promoter,1,Promoter,0.9685006141662598,Non-Promoter|Promoter,2,True,0.03149940446019173,0.9685006141662598
1,Promoter,1,Promoter,0.9984904527664185,Promoter,1,True,0.0015095651615411043,0.9984904527664185
1,Promoter,0,Non-Promoter,0.9934232234954834,Non-Promoter,1,False,0.9934232234954834,0.006576729938387871
1,Promoter,0,Non-Promoter,0.9899572730064392,Non-Promoter,1,False,0.9899572730064392,0.010042669251561165
1,Promoter,1,Promoter,0.5569226741790771,Non-Promoter|Promoter,2,True,0.44307735562324524,0.5569226741790771
1,Promoter,1,Promoter,0.9924760460853577,Promoter,1,True,0.00752392178401351,0.9924760460853577
1,Promoter,0,Non-Promoter,0.9913862943649292,Non-Promoter,1,False,0.9913862943649292,0.008613670244812965
1,Promoter,1,Promoter,0.8420857191085815,Non-Promoter|Promoter,2,True,0.15791426599025726,0.8420857191085815
1,Promoter,1,Promoter,0.999911904335022,Promoter,1,True,8.810584404272959e-05,0.999911904335022
1,Promoter,1,Promoter,0.8992108702659607,Non-Promoter|Promoter,2,True,0.10078908503055573,0.8992108702659607
1,Promoter,0,Non-Promoter,0.9492350220680237,Non-Promoter|Promoter,2,True,0.9492350220680237,0.05076494812965393
1,Promoter,1,Promoter,0.9786326289176941,Non-Promoter|Promoter,2,True,0.021367372944951057,0.9786326289176941
1,Promoter,1,Promoter,0.9929603934288025,Promoter,1,True,0.007039612624794245,0.9929603934288025
1,Promoter,1,Promoter,0.9987024068832397,Promoter,1,True,0.0012976056896150112,0.9987024068832397
1,Promoter,1,Promoter,0.9543694853782654,Non-Promoter|Promoter,2,True,0.04563050717115402,0.9543694853782654
1,Promoter,0,Non-Promoter,0.7177591323852539,Non-Promoter|Promoter,2,True,0.7177591323852539,0.2822408676147461
1,Promoter,1,Promoter,0.9925191402435303,Promoter,1,True,0.007480825297534466,0.9925191402435303
1,Promoter,1,Promoter,0.9894549250602722,Promoter,1,True,0.010545039549469948,0.9894549250602722
1,Promoter,1,Promoter,0.5592599511146545,Non-Promoter|Promoter,2,True,0.44074004888534546,0.5592599511146545
1,Promoter,1,Promoter,0.5124103426933289,Non-Promoter|Promoter,2,True,0.4875897169113159,0.5124103426933289
1,Promoter,1,Promoter,0.8390867114067078,Non-Promoter|Promoter,2,True,0.16091327369213104,0.8390867114067078
1,Promoter,1,Promoter,0.9948824644088745,Promoter,1,True,0.0051175616681575775,0.9948824644088745
1,Promoter,1,Promoter,0.9990725517272949,Promoter,1,True,0.0009273884352296591,0.9990725517272949
1,Promoter,1,Promoter,0.9978704452514648,Promoter,1,True,0.002129583852365613,0.9978704452514648
1,Promoter,1,Promoter,0.9996289014816284,Promoter,1,True,0.00037104886723682284,0.9996289014816284
1,Promoter,0,Non-Promoter,0.9537326693534851,Non-Promoter|Promoter,2,True,0.9537326693534851,0.04626736417412758
1,Promoter,1,Promoter,0.9155389070510864,Non-Promoter|Promoter,2,True,0.08446111530065536,0.9155389070510864
1,Promoter,1,Promoter,0.9136422276496887,Non-Promoter|Promoter,2,True,0.0863577276468277,0.9136422276496887
1,Promoter,0,Non-Promoter,0.8669812679290771,Non-Promoter|Promoter,2,True,0.8669812679290771,0.13301879167556763
1,Promoter,1,Promoter,0.9986962676048279,Promoter,1,True,0.001303712953813374,0.9986962676048279
1,Promoter,1,Promoter,0.9991248250007629,Promoter,1,True,0.0008751603309065104,0.9991248250007629
1,Promoter,0,Non-Promoter,0.7618587017059326,Non-Promoter|Promoter,2,True,0.7618587017059326,0.2381412833929062
1,Promoter,1,Promoter,0.9996170997619629,Promoter,1,True,0.00038283949834294617,0.9996170997619629
1,Promoter,0,Non-Promoter,0.9988440275192261,Non-Promoter,1,False,0.9988440275192261,0.001155951409600675
1,Promoter,0,Non-Promoter,0.8145290017127991,Non-Promoter|Promoter,2,True,0.8145290017127991,0.18547099828720093
1,Promoter,1,Promoter,0.998318076133728,Promoter,1,True,0.001681976835243404,0.998318076133728
1,Promoter,1,Promoter,0.8558652997016907,Non-Promoter|Promoter,2,True,0.14413464069366455,0.8558652997016907
1,Promoter,1,Promoter,0.9978893399238586,Promoter,1,True,0.002110685920342803,0.9978893399238586
1,Promoter,0,Non-Promoter,0.6348212957382202,Non-Promoter|Promoter,2,True,0.6348212957382202,0.3651787042617798
1,Promoter,0,Non-Promoter,0.997316300868988,Non-Promoter,1,False,0.997316300868988,0.0026836772449314594
1,Promoter,1,Promoter,0.9867569208145142,Non-Promoter|Promoter,2,True,0.0132431136444211,0.9867569208145142
1,Promoter,1,Promoter,0.9437161684036255,Non-Promoter|Promoter,2,True,0.056283894926309586,0.9437161684036255
1,Promoter,1,Promoter,0.9688349366188049,Non-Promoter|Promoter,2,True,0.031165000051259995,0.9688349366188049
1,Promoter,1,Promoter,0.9878795742988586,Non-Promoter|Promoter,2,True,0.012120449915528297,0.9878795742988586
1,Promoter,1,Promoter,0.9974460601806641,Promoter,1,True,0.00255399732850492,0.9974460601806641
1,Promoter,1,Promoter,0.5323638916015625,Non-Promoter|Promoter,2,True,0.4676361382007599,0.5323638916015625
1,Promoter,1,Promoter,0.9988946318626404,Promoter,1,True,0.0011054155183956027,0.9988946318626404
1,Promoter,1,Promoter,0.6524860858917236,Non-Promoter|Promoter,2,True,0.3475138545036316,0.6524860858917236
1,Promoter,1,Promoter,0.9957637786865234,Promoter,1,True,0.004236181266605854,0.9957637786865234
1,Promoter,1,Promoter,0.9749282002449036,Non-Promoter|Promoter,2,True,0.025071725249290466,0.9749282002449036
1,Promoter,0,Non-Promoter,0.9974828362464905,Non-Promoter,1,False,0.9974828362464905,0.0025171968154609203
1,Promoter,1,Promoter,0.8060374855995178,Non-Promoter|Promoter,2,True,0.19396254420280457,0.8060374855995178
1,Promoter,1,Promoter,0.9720645546913147,Non-Promoter|Promoter,2,True,0.027935422956943512,0.9720645546913147
1,Promoter,0,Non-Promoter,0.9247724413871765,Non-Promoter|Promoter,2,True,0.9247724413871765,0.07522758841514587
1,Promoter,1,Promoter,0.998917818069458,Promoter,1,True,0.0010821486357599497,0.998917818069458
1,Promoter,1,Promoter,0.9827985167503357,Non-Promoter|Promoter,2,True,0.017201431095600128,0.9827985167503357
1,Promoter,1,Promoter,0.9930024743080139,Promoter,1,True,0.006997527088969946,0.9930024743080139
1,Promoter,1,Promoter,0.986346423625946,Non-Promoter|Promoter,2,True,0.013653585687279701,0.986346423625946
1,Promoter,0,Non-Promoter,0.7011129260063171,Non-Promoter|Promoter,2,True,0.7011129260063171,0.29888707399368286
1,Promoter,1,Promoter,0.9994565844535828,Promoter,1,True,0.0005433797487057745,0.9994565844535828
1,Promoter,1,Promoter,0.9958376884460449,Promoter,1,True,0.0041623665019869804,0.9958376884460449
1,Promoter,1,Promoter,0.8889020085334778,Non-Promoter|Promoter,2,True,0.1110980212688446,0.8889020085334778
1,Promoter,0,Non-Promoter,0.9968605041503906,Non-Promoter,1,False,0.9968605041503906,0.0031395242549479008
1,Promoter,1,Promoter,0.9957375526428223,Promoter,1,True,0.0042624929919838905,0.9957375526428223
1,Promoter,1,Promoter,0.7159096002578735,Non-Promoter|Promoter,2,True,0.2840903401374817,0.7159096002578735
1,Promoter,0,Non-Promoter,0.9989339709281921,Non-Promoter,1,False,0.9989339709281921,0.0010659868130460382
1,Promoter,1,Promoter,0.9985002279281616,Promoter,1,True,0.0014997562393546104,0.9985002279281616
1,Promoter,0,Non-Promoter,0.9973672032356262,Non-Promoter,1,False,0.9973672032356262,0.002632875693961978
1,Promoter,1,Promoter,0.985610842704773,Non-Promoter|Promoter,2,True,0.01438908837735653,0.985610842704773
1,Promoter,1,Promoter,0.9995001554489136,Promoter,1,True,0.0004998272634111345,0.9995001554489136
1,Promoter,1,Promoter,0.9934002161026001,Promoter,1,True,0.006599768064916134,0.9934002161026001
1,Promoter,1,Promoter,0.991872251033783,Promoter,1,True,0.008127706125378609,0.991872251033783
1,Promoter,1,Promoter,0.9966769218444824,Promoter,1,True,0.0033230576664209366,0.9966769218444824
1,Promoter,1,Promoter,0.9962188601493835,Promoter,1,True,0.0037812020163983107,0.9962188601493835
1,Promoter,1,Promoter,0.9985539317131042,Promoter,1,True,0.0014461096143350005,0.9985539317131042
1,Promoter,1,Promoter,0.7597004771232605,Non-Promoter|Promoter,2,True,0.24029949307441711,0.7597004771232605
1,Promoter,1,Promoter,0.997779905796051,Promoter,1,True,0.002220128895714879,0.997779905796051
1,Promoter,1,Promoter,0.9952890872955322,Promoter,1,True,0.004710860084742308,0.9952890872955322
1,Promoter,1,Promoter,0.9989315867424011,Promoter,1,True,0.0010683962609618902,0.9989315867424011
1,Promoter,1,Promoter,0.9960789084434509,Promoter,1,True,0.003921072464436293,0.9960789084434509
1,Promoter,1,Promoter,0.9993492960929871,Promoter,1,True,0.0006507421494461596,0.9993492960929871
1,Promoter,0,Non-Promoter,0.997675359249115,Non-Promoter,1,False,0.997675359249115,0.0023246328346431255
1,Promoter,0,Non-Promoter,0.9283905029296875,Non-Promoter|Promoter,2,True,0.9283905029296875,0.07160945236682892
1,Promoter,0,Non-Promoter,0.9643104672431946,Non-Promoter|Promoter,2,True,0.9643104672431946,0.035689577460289
1,Promoter,1,Promoter,0.9358626008033752,Non-Promoter|Promoter,2,True,0.06413746625185013,0.9358626008033752
1,Promoter,1,Promoter,0.9998579025268555,Promoter,1,True,0.00014206318883225322,0.9998579025268555
1,Promoter,1,Promoter,0.8912838697433472,Non-Promoter|Promoter,2,True,0.10871615260839462,0.8912838697433472
1,Promoter,1,Promoter,0.5652055144309998,Non-Promoter|Promoter,2,True,0.434794545173645,0.5652055144309998
1,Promoter,1,Promoter,0.9978424310684204,Promoter,1,True,0.002157526556402445,0.9978424310684204
1,Promoter,1,Promoter,0.9995552897453308,Promoter,1,True,0.0004447075189091265,0.9995552897453308
1,Promoter,1,Promoter,0.536293625831604,Non-Promoter|Promoter,2,True,0.4637064039707184,0.536293625831604
1,Promoter,1,Promoter,0.9955911636352539,Promoter,1,True,0.004408874083310366,0.9955911636352539
1,Promoter,1,Promoter,0.9956908822059631,Promoter,1,True,0.004309140145778656,0.9956908822059631
1,Promoter,1,Promoter,0.9964084029197693,Promoter,1,True,0.0035915542393922806,0.9964084029197693
1,Promoter,0,Non-Promoter,0.9831547737121582,Non-Promoter|Promoter,2,True,0.9831547737121582,0.016845254227519035
1,Promoter,0,Non-Promoter,0.5008022785186768,Non-Promoter|Promoter,2,True,0.5008022785186768,0.499197781085968
1,Promoter,1,Promoter,0.9978309273719788,Promoter,1,True,0.002169071463868022,0.9978309273719788
1,Promoter,0,Non-Promoter,0.9635490775108337,Non-Promoter|Promoter,2,True,0.9635490775108337,0.03645098954439163
1,Promoter,1,Promoter,0.9987366795539856,Promoter,1,True,0.0012633777223527431,0.9987366795539856
1,Promoter,1,Promoter,0.9925132393836975,Promoter,1,True,0.0074866758659482,0.9925132393836975
1,Promoter,1,Promoter,0.997307300567627,Promoter,1,True,0.0026927525177598,0.997307300567627
1,Promoter,1,Promoter,0.9983434677124023,Promoter,1,True,0.0016565463738515973,0.9983434677124023
1,Promoter,1,Promoter,0.9902881383895874,Promoter,1,True,0.009711879305541515,0.9902881383895874
1,Promoter,1,Promoter,0.9986880421638489,Promoter,1,True,0.0013119258219376206,0.9986880421638489
1,Promoter,0,Non-Promoter,0.8538929224014282,Non-Promoter|Promoter,2,True,0.8538929224014282,0.14610713720321655
1,Promoter,1,Promoter,0.9251394867897034,Non-Promoter|Promoter,2,True,0.07486047595739365,0.9251394867897034
1,Promoter,1,Promoter,0.996057391166687,Promoter,1,True,0.003942671697586775,0.996057391166687
1,Promoter,1,Promoter,0.7759383916854858,Non-Promoter|Promoter,2,True,0.22406163811683655,0.7759383916854858
1,Promoter,0,Non-Promoter,0.9947629570960999,Non-Promoter,1,False,0.9947629570960999,0.005237115081399679
1,Promoter,1,Promoter,0.9977768063545227,Promoter,1,True,0.0022232283372431993,0.9977768063545227
1,Promoter,1,Promoter,0.9224844574928284,Non-Promoter|Promoter,2,True,0.07751552760601044,0.9224844574928284
1,Promoter,1,Promoter,0.9984623193740845,Promoter,1,True,0.001537723932415247,0.9984623193740845
1,Promoter,0,Non-Promoter,0.9440871477127075,Non-Promoter|Promoter,2,True,0.9440871477127075,0.05591282993555069
1,Promoter,0,Non-Promoter,0.9931460618972778,Non-Promoter,1,False,0.9931460618972778,0.006853919476270676
1,Promoter,1,Promoter,0.6774610280990601,Non-Promoter|Promoter,2,True,0.32253900170326233,0.6774610280990601
1,Promoter,1,Promoter,0.9748759865760803,Non-Promoter|Promoter,2,True,0.025123989209532738,0.9748759865760803
1,Promoter,1,Promoter,0.6180368065834045,Non-Promoter|Promoter,2,True,0.38196319341659546,0.6180368065834045
1,Promoter,1,Promoter,0.9965530633926392,Promoter,1,True,0.0034469228703528643,0.9965530633926392
1,Promoter,1,Promoter,0.9982024431228638,Promoter,1,True,0.0017975886585190892,0.9982024431228638
1,Promoter,0,Non-Promoter,0.9782101511955261,Non-Promoter|Promoter,2,True,0.9782101511955261,0.021789804100990295
1,Promoter,1,Promoter,0.7997920513153076,Non-Promoter|Promoter,2,True,0.20020791888237,0.7997920513153076
1,Promoter,1,Promoter,0.9953306913375854,Promoter,1,True,0.004669360350817442,0.9953306913375854
1,Promoter,1,Promoter,0.9894949793815613,Promoter,1,True,0.010505015030503273,0.9894949793815613
1,Promoter,1,Promoter,0.9998756647109985,Promoter,1,True,0.00012431862705852836,0.9998756647109985
1,Promoter,1,Promoter,0.9984593391418457,Promoter,1,True,0.0015407080063596368,0.9984593391418457
1,Promoter,1,Promoter,0.8762813210487366,Non-Promoter|Promoter,2,True,0.12371867895126343,0.8762813210487366
1,Promoter,1,Promoter,0.8418191075325012,Non-Promoter|Promoter,2,True,0.1581808477640152,0.8418191075325012
1,Promoter,1,Promoter,0.9992164373397827,Promoter,1,True,0.000783539202529937,0.9992164373397827
1,Promoter,1,Promoter,0.798294186592102,Non-Promoter|Promoter,2,True,0.20170576870441437,0.798294186592102
1,Promoter,0,Non-Promoter,0.8384867310523987,Non-Promoter|Promoter,2,True,0.8384867310523987,0.1615132838487625
1,Promoter,1,Promoter,0.999488115310669,Promoter,1,True,0.000511904014274478,0.999488115310669
1,Promoter,0,Non-Promoter,0.9956791996955872,Non-Promoter,1,False,0.9956791996955872,0.004320862703025341
1,Promoter,1,Promoter,0.5827130079269409,Non-Promoter|Promoter,2,True,0.4172869920730591,0.5827130079269409
1,Promoter,1,Promoter,0.9924295544624329,Promoter,1,True,0.007570445537567139,0.9924295544624329
1,Promoter,1,Promoter,0.9539847373962402,Non-Promoter|Promoter,2,True,0.04601530358195305,0.9539847373962402
1,Promoter,1,Promoter,0.9962592124938965,Promoter,1,True,0.0037407956551760435,0.9962592124938965
1,Promoter,1,Promoter,0.9996127486228943,Promoter,1,True,0.00038722725003026426,0.9996127486228943
1,Promoter,0,Non-Promoter,0.896920919418335,Non-Promoter|Promoter,2,True,0.896920919418335,0.10307912528514862
1,Promoter,1,Promoter,0.9860390424728394,Non-Promoter|Promoter,2,True,0.013960987329483032,0.9860390424728394
1,Promoter,1,Promoter,0.9934258460998535,Promoter,1,True,0.006574151571840048,0.9934258460998535
1,Promoter,1,Promoter,0.9948868155479431,Promoter,1,True,0.005113168619573116,0.9948868155479431
1,Promoter,1,Promoter,0.999651312828064,Promoter,1,True,0.000348738394677639,0.999651312828064
1,Promoter,0,Non-Promoter,0.6652135252952576,Non-Promoter|Promoter,2,True,0.6652135252952576,0.33478647470474243
1,Promoter,1,Promoter,0.9969780445098877,Promoter,1,True,0.0030219750478863716,0.9969780445098877
1,Promoter,1,Promoter,0.9938390851020813,Promoter,1,True,0.006160910706967115,0.9938390851020813
1,Promoter,1,Promoter,0.9968612194061279,Promoter,1,True,0.003138832049444318,0.9968612194061279
1,Promoter,1,Promoter,0.9512959122657776,Non-Promoter|Promoter,2,True,0.0487041138112545,0.9512959122657776
1,Promoter,1,Promoter,0.9995207786560059,Promoter,1,True,0.0004792115942109376,0.9995207786560059
1,Promoter,1,Promoter,0.9974338412284851,Promoter,1,True,0.002566226990893483,0.9974338412284851
1,Promoter,1,Promoter,0.9984246492385864,Promoter,1,True,0.0015753861516714096,0.9984246492385864
1,Promoter,1,Promoter,0.975376546382904,Non-Promoter|Promoter,2,True,0.024623408913612366,0.975376546382904
1,Promoter,1,Promoter,0.9995947480201721,Promoter,1,True,0.0004053247394040227,0.9995947480201721
1,Promoter,0,Non-Promoter,0.9796690344810486,Non-Promoter|Promoter,2,True,0.9796690344810486,0.020330972969532013
1,Promoter,1,Promoter,0.7829173803329468,Non-Promoter|Promoter,2,True,0.2170826643705368,0.7829173803329468
1,Promoter,0,Non-Promoter,0.9561407566070557,Non-Promoter|Promoter,2,True,0.9561407566070557,0.04385926574468613
1,Promoter,1,Promoter,0.9986110925674438,Promoter,1,True,0.0013889293186366558,0.9986110925674438
1,Promoter,1,Promoter,0.999210000038147,Promoter,1,True,0.0007900131749920547,0.999210000038147
1,Promoter,1,Promoter,0.9926154613494873,Promoter,1,True,0.007384585682302713,0.9926154613494873
1,Promoter,1,Promoter,0.9031994938850403,Non-Promoter|Promoter,2,True,0.09680046886205673,0.9031994938850403
1,Promoter,1,Promoter,0.9979362487792969,Promoter,1,True,0.00206383247859776,0.9979362487792969
1,Promoter,1,Promoter,0.9981124401092529,Promoter,1,True,0.001887559425085783,0.9981124401092529
1,Promoter,1,Promoter,0.9400162100791931,Non-Promoter|Promoter,2,True,0.05998372286558151,0.9400162100791931
1,Promoter,1,Promoter,0.9996250867843628,Promoter,1,True,0.00037492657429538667,0.9996250867843628
1,Promoter,1,Promoter,0.8754020929336548,Non-Promoter|Promoter,2,True,0.12459787726402283,0.8754020929336548
1,Promoter,1,Promoter,0.9873085618019104,Non-Promoter|Promoter,2,True,0.012691481970250607,0.9873085618019104
1,Promoter,1,Promoter,0.9967743754386902,Promoter,1,True,0.0032256287522614002,0.9967743754386902
1,Promoter,1,Promoter,0.9217381477355957,Non-Promoter|Promoter,2,True,0.07826188951730728,0.9217381477355957
1,Promoter,1,Promoter,0.9988521337509155,Promoter,1,True,0.0011478984961286187,0.9988521337509155
1,Promoter,1,Promoter,0.9990353584289551,Promoter,1,True,0.0009646050166338682,0.9990353584289551
1,Promoter,1,Promoter,0.9987611770629883,Promoter,1,True,0.0012388823088258505,0.9987611770629883
1,Promoter,1,Promoter,0.776374340057373,Non-Promoter|Promoter,2,True,0.22362564504146576,0.776374340057373
1,Promoter,1,Promoter,0.7688829302787781,Non-Promoter|Promoter,2,True,0.2311171293258667,0.7688829302787781
1,Promoter,1,Promoter,0.9688010215759277,Non-Promoter|Promoter,2,True,0.031198929995298386,0.9688010215759277
1,Promoter,0,Non-Promoter,0.7588465809822083,Non-Promoter|Promoter,2,True,0.7588465809822083,0.24115340411663055
1,Promoter,1,Promoter,0.9962102174758911,Promoter,1,True,0.0037897666916251183,0.9962102174758911
1,Promoter,0,Non-Promoter,0.634954035282135,Non-Promoter|Promoter,2,True,0.634954035282135,0.3650459051132202
1,Promoter,0,Non-Promoter,0.7870221734046936,Non-Promoter|Promoter,2,True,0.7870221734046936,0.21297778189182281
1,Promoter,0,Non-Promoter,0.948613703250885,Non-Promoter|Promoter,2,True,0.948613703250885,0.051386334002017975
1,Promoter,1,Promoter,0.9996065497398376,Promoter,1,True,0.0003934409178327769,0.9996065497398376
1,Promoter,1,Promoter,0.9948070645332336,Promoter,1,True,0.005192938726395369,0.9948070645332336
1,Promoter,1,Promoter,0.9969969987869263,Promoter,1,True,0.00300301774404943,0.9969969987869263
1,Promoter,0,Non-Promoter,0.9825226068496704,Non-Promoter|Promoter,2,True,0.9825226068496704,0.017477398738265038
1,Promoter,1,Promoter,0.9997021555900574,Promoter,1,True,0.0002977769763674587,0.9997021555900574
1,Promoter,1,Promoter,0.9920069575309753,Promoter,1,True,0.007993116974830627,0.9920069575309753
1,Promoter,1,Promoter,0.9886941313743591,Non-Promoter|Promoter,2,True,0.011305819265544415,0.9886941313743591
1,Promoter,1,Promoter,0.6525024175643921,Non-Promoter|Promoter,2,True,0.3474976122379303,0.6525024175643921
1,Promoter,1,Promoter,0.9996402263641357,Promoter,1,True,0.000359792698873207,0.9996402263641357
1,Promoter,1,Promoter,0.9990304708480835,Promoter,1,True,0.000969491433352232,0.9990304708480835
1,Promoter,1,Promoter,0.9971931576728821,Promoter,1,True,0.0028068425599485636,0.9971931576728821
1,Promoter,1,Promoter,0.981611430644989,Non-Promoter|Promoter,2,True,0.018388599157333374,0.981611430644989
1,Promoter,1,Promoter,0.9981583952903748,Promoter,1,True,0.001841576537117362,0.9981583952903748
1,Promoter,0,Non-Promoter,0.9966733455657959,Non-Promoter,1,False,0.9966733455657959,0.0033266369719058275
1,Promoter,1,Promoter,0.9953658580780029,Promoter,1,True,0.004634101875126362,0.9953658580780029
1,Promoter,1,Promoter,0.9500932693481445,Non-Promoter|Promoter,2,True,0.04990675672888756,0.9500932693481445
1,Promoter,1,Promoter,0.9998986721038818,Promoter,1,True,0.00010128106077900156,0.9998986721038818
1,Promoter,1,Promoter,0.9999067783355713,Promoter,1,True,9.319977107224986e-05,0.9999067783355713
1,Promoter,1,Promoter,0.9987786412239075,Promoter,1,True,0.0012213685549795628,0.9987786412239075
1,Promoter,1,Promoter,0.8786138892173767,Non-Promoter|Promoter,2,True,0.12138618528842926,0.8786138892173767
1,Promoter,1,Promoter,0.9989854693412781,Promoter,1,True,0.0010144844418391585,0.9989854693412781
1,Promoter,1,Promoter,0.9972769618034363,Promoter,1,True,0.0027230915147811174,0.9972769618034363
1,Promoter,1,Promoter,0.9509270787239075,Non-Promoter|Promoter,2,True,0.04907294735312462,0.9509270787239075
1,Promoter,1,Promoter,0.9962104558944702,Promoter,1,True,0.0037895634304732084,0.9962104558944702
1,Promoter,0,Non-Promoter,0.9980699419975281,Non-Promoter,1,False,0.9980699419975281,0.0019300716230645776
1,Promoter,1,Promoter,0.9988462924957275,Promoter,1,True,0.0011536842212080956,0.9988462924957275
1,Promoter,1,Promoter,0.9980443716049194,Promoter,1,True,0.0019556668121367693,0.9980443716049194
1,Promoter,1,Promoter,0.8033525943756104,Non-Promoter|Promoter,2,True,0.19664743542671204,0.8033525943756104
1,Promoter,1,Promoter,0.9972004890441895,Promoter,1,True,0.00279951561242342,0.9972004890441895
1,Promoter,1,Promoter,0.9934187531471252,Promoter,1,True,0.0065812524408102036,0.9934187531471252
1,Promoter,1,Promoter,0.5687612295150757,Non-Promoter|Promoter,2,True,0.4312388300895691,0.5687612295150757
1,Promoter,1,Promoter,0.9101789593696594,Non-Promoter|Promoter,2,True,0.08982102572917938,0.9101789593696594
1,Promoter,1,Promoter,0.9953858256340027,Promoter,1,True,0.004614237230271101,0.9953858256340027
1,Promoter,1,Promoter,0.9891204833984375,Promoter,1,True,0.010879525914788246,0.9891204833984375
1,Promoter,1,Promoter,0.9937080144882202,Promoter,1,True,0.006291923113167286,0.9937080144882202
1,Promoter,0,Non-Promoter,0.9981048107147217,Non-Promoter,1,False,0.9981048107147217,0.0018951279344037175
1,Promoter,0,Non-Promoter,0.9914342164993286,Non-Promoter,1,False,0.9914342164993286,0.008565790951251984
1,Promoter,1,Promoter,0.836780309677124,Non-Promoter|Promoter,2,True,0.16321969032287598,0.836780309677124
1,Promoter,1,Promoter,0.9152400493621826,Non-Promoter|Promoter,2,True,0.08475996553897858,0.9152400493621826
1,Promoter,1,Promoter,0.980054497718811,Non-Promoter|Promoter,2,True,0.019945509731769562,0.980054497718811
1,Promoter,1,Promoter,0.9963299632072449,Promoter,1,True,0.0036700183991342783,0.9963299632072449
1,Promoter,1,Promoter,0.9950363039970398,Promoter,1,True,0.004963686224073172,0.9950363039970398
1,Promoter,1,Promoter,0.9991316199302673,Promoter,1,True,0.0008683842606842518,0.9991316199302673
1,Promoter,1,Promoter,0.850829005241394,Non-Promoter|Promoter,2,True,0.14917100965976715,0.850829005241394
1,Promoter,0,Non-Promoter,0.9322333931922913,Non-Promoter|Promoter,2,True,0.9322333931922913,0.06776662170886993
1,Promoter,0,Non-Promoter,0.9928970336914062,Non-Promoter,1,False,0.9928970336914062,0.007102942559868097
1,Promoter,0,Non-Promoter,0.684576153755188,Non-Promoter|Promoter,2,True,0.684576153755188,0.315423846244812
1,Promoter,0,Non-Promoter,0.5160278677940369,Non-Promoter|Promoter,2,True,0.5160278677940369,0.48397210240364075
1,Promoter,1,Promoter,0.9549354910850525,Non-Promoter|Promoter,2,True,0.0450645387172699,0.9549354910850525
1,Promoter,1,Promoter,0.895784318447113,Non-Promoter|Promoter,2,True,0.10421566665172577,0.895784318447113
1,Promoter,0,Non-Promoter,0.7882763147354126,Non-Promoter|Promoter,2,True,0.7882763147354126,0.21172372996807098
1,Promoter,1,Promoter,0.9970483183860779,Promoter,1,True,0.0029516597278416157,0.9970483183860779
1,Promoter,1,Promoter,0.9407168030738831,Non-Promoter|Promoter,2,True,0.05928320810198784,0.9407168030738831
1,Promoter,1,Promoter,0.980080246925354,Non-Promoter|Promoter,2,True,0.019919732585549355,0.980080246925354
1,Promoter,1,Promoter,0.9727638959884644,Non-Promoter|Promoter,2,True,0.027236055582761765,0.9727638959884644
1,Promoter,1,Promoter,0.9891101717948914,Promoter,1,True,0.010889741592109203,0.9891101717948914
1,Promoter,0,Non-Promoter,0.7923738360404968,Non-Promoter|Promoter,2,True,0.7923738360404968,0.20762619376182556
1,Promoter,1,Promoter,0.9942964911460876,Promoter,1,True,0.005703497678041458,0.9942964911460876
1,Promoter,0,Non-Promoter,0.6868677139282227,Non-Promoter|Promoter,2,True,0.6868677139282227,0.31313228607177734
1,Promoter,1,Promoter,0.9963151812553406,Promoter,1,True,0.003684844123199582,0.9963151812553406
1,Promoter,1,Promoter,0.9985300302505493,Promoter,1,True,0.0014699369203299284,0.9985300302505493
1,Promoter,0,Non-Promoter,0.9960916638374329,Non-Promoter,1,False,0.9960916638374329,0.0039082723669707775
1,Promoter,0,Non-Promoter,0.9958066940307617,Non-Promoter,1,False,0.9958066940307617,0.004193232394754887
1,Promoter,1,Promoter,0.8868873715400696,Non-Promoter|Promoter,2,True,0.11311269551515579,0.8868873715400696
1,Promoter,1,Promoter,0.9836498498916626,Non-Promoter|Promoter,2,True,0.016350163146853447,0.9836498498916626
1,Promoter,1,Promoter,0.999762237071991,Promoter,1,True,0.0002377390774199739,0.999762237071991
1,Promoter,1,Promoter,0.9921437501907349,Promoter,1,True,0.007856257259845734,0.9921437501907349
1,Promoter,1,Promoter,0.9983696341514587,Promoter,1,True,0.0016303446609526873,0.9983696341514587
1,Promoter,1,Promoter,0.946733832359314,Non-Promoter|Promoter,2,True,0.05326619744300842,0.946733832359314
1,Promoter,0,Non-Promoter,0.7259839177131653,Non-Promoter|Promoter,2,True,0.7259839177131653,0.27401599287986755
1,Promoter,1,Promoter,0.9448972940444946,Non-Promoter|Promoter,2,True,0.05510270595550537,0.9448972940444946
1,Promoter,1,Promoter,0.9992947578430176,Promoter,1,True,0.0007052401779219508,0.9992947578430176
1,Promoter,1,Promoter,0.5999643802642822,Non-Promoter|Promoter,2,True,0.40003564953804016,0.5999643802642822
1,Promoter,0,Non-Promoter,0.9367019534111023,Non-Promoter|Promoter,2,True,0.9367019534111023,0.06329809874296188
1,Promoter,1,Promoter,0.999810516834259,Promoter,1,True,0.00018954348342958838,0.999810516834259
1,Promoter,1,Promoter,0.9967599511146545,Promoter,1,True,0.003240020014345646,0.9967599511146545
1,Promoter,1,Promoter,0.9812517166137695,Non-Promoter|Promoter,2,True,0.018748236820101738,0.9812517166137695
1,Promoter,1,Promoter,0.9564688801765442,Non-Promoter|Promoter,2,True,0.04353106766939163,0.9564688801765442
1,Promoter,1,Promoter,0.9994692206382751,Promoter,1,True,0.0005307732499204576,0.9994692206382751
1,Promoter,1,Promoter,0.9921880960464478,Promoter,1,True,0.007811933755874634,0.9921880960464478
1,Promoter,1,Promoter,0.9899505376815796,Promoter,1,True,0.01004947442561388,0.9899505376815796
1,Promoter,1,Promoter,0.9995613694190979,Promoter,1,True,0.00043866969645023346,0.9995613694190979
1,Promoter,1,Promoter,0.9992817044258118,Promoter,1,True,0.0007183446432463825,0.9992817044258118
1,Promoter,0,Non-Promoter,0.9971752166748047,Non-Promoter,1,False,0.9971752166748047,0.0028247099835425615
1,Promoter,1,Promoter,0.9989880919456482,Promoter,1,True,0.001011929358355701,0.9989880919456482
1,Promoter,1,Promoter,0.9964832067489624,Promoter,1,True,0.003516813274472952,0.9964832067489624
1,Promoter,0,Non-Promoter,0.9709244966506958,Non-Promoter|Promoter,2,True,0.9709244966506958,0.029075460508465767
1,Promoter,1,Promoter,0.7673964500427246,Non-Promoter|Promoter,2,True,0.2326035350561142,0.7673964500427246
1,Promoter,1,Promoter,0.9951769113540649,Promoter,1,True,0.004823105409741402,0.9951769113540649
1,Promoter,1,Promoter,0.9871468544006348,Non-Promoter|Promoter,2,True,0.012853125110268593,0.9871468544006348
1,Promoter,0,Non-Promoter,0.9952059388160706,Non-Promoter,1,False,0.9952059388160706,0.0047940039075911045
1,Promoter,1,Promoter,0.9908652901649475,Promoter,1,True,0.009134705178439617,0.9908652901649475
1,Promoter,1,Promoter,0.8940197825431824,Non-Promoter|Promoter,2,True,0.10598025470972061,0.8940197825431824
1,Promoter,1,Promoter,0.9464831352233887,Non-Promoter|Promoter,2,True,0.0535169318318367,0.9464831352233887
1,Promoter,1,Promoter,0.9884113073348999,Non-Promoter|Promoter,2,True,0.011588668450713158,0.9884113073348999
1,Promoter,1,Promoter,0.9878943562507629,Non-Promoter|Promoter,2,True,0.012105700559914112,0.9878943562507629
1,Promoter,1,Promoter,0.8564155101776123,Non-Promoter|Promoter,2,True,0.1435844600200653,0.8564155101776123
1,Promoter,0,Non-Promoter,0.8830859065055847,Non-Promoter|Promoter,2,True,0.8830859065055847,0.11691410839557648
1,Promoter,0,Non-Promoter,0.9964998960494995,Non-Promoter,1,False,0.9964998960494995,0.003500049002468586
1,Promoter,1,Promoter,0.993306577205658,Promoter,1,True,0.006693414878100157,0.993306577205658
1,Promoter,0,Non-Promoter,0.851071834564209,Non-Promoter|Promoter,2,True,0.851071834564209,0.14892816543579102
1,Promoter,1,Promoter,0.9851812124252319,Non-Promoter|Promoter,2,True,0.01481886301189661,0.9851812124252319
1,Promoter,1,Promoter,0.9903123378753662,Promoter,1,True,0.009687667712569237,0.9903123378753662
1,Promoter,0,Non-Promoter,0.9799908399581909,Non-Promoter|Promoter,2,True,0.9799908399581909,0.020009120926260948
1,Promoter,1,Promoter,0.9757080674171448,Non-Promoter|Promoter,2,True,0.024291913956403732,0.9757080674171448
1,Promoter,0,Non-Promoter,0.5508419871330261,Non-Promoter|Promoter,2,True,0.5508419871330261,0.4491580128669739
1,Promoter,0,Non-Promoter,0.9224137663841248,Non-Promoter|Promoter,2,True,0.9224137663841248,0.07758621871471405
1,Promoter,1,Promoter,0.8690629005432129,Non-Promoter|Promoter,2,True,0.13093708455562592,0.8690629005432129
1,Promoter,1,Promoter,0.9595905542373657,Non-Promoter|Promoter,2,True,0.040409449487924576,0.9595905542373657
1,Promoter,1,Promoter,0.9710095524787903,Non-Promoter|Promoter,2,True,0.028990447521209717,0.9710095524787903
1,Promoter,1,Promoter,0.9869847297668457,Non-Promoter|Promoter,2,True,0.013015343807637691,0.9869847297668457
1,Promoter,1,Promoter,0.9953280687332153,Promoter,1,True,0.00467191357165575,0.9953280687332153
1,Promoter,1,Promoter,0.9974908828735352,Promoter,1,True,0.0025091231800615788,0.9974908828735352
1,Promoter,1,Promoter,0.9970870614051819,Promoter,1,True,0.0029129842296242714,0.9970870614051819
1,Promoter,0,Non-Promoter,0.9991255402565002,Non-Promoter,1,False,0.9991255402565002,0.0008745085797272623
1,Promoter,1,Promoter,0.9995751976966858,Promoter,1,True,0.0004247766628395766,0.9995751976966858
1,Promoter,1,Promoter,0.9825793504714966,Non-Promoter|Promoter,2,True,0.01742062158882618,0.9825793504714966
1,Promoter,1,Promoter,0.9960964322090149,Promoter,1,True,0.0039035361260175705,0.9960964322090149
1,Promoter,1,Promoter,0.9914267063140869,Promoter,1,True,0.008573268540203571,0.9914267063140869
1,Promoter,1,Promoter,0.7128182649612427,Non-Promoter|Promoter,2,True,0.2871817648410797,0.7128182649612427
1,Promoter,1,Promoter,0.9991177916526794,Promoter,1,True,0.0008821868104860187,0.9991177916526794
1,Promoter,1,Promoter,0.9141984581947327,Non-Promoter|Promoter,2,True,0.0858016237616539,0.9141984581947327
1,Promoter,1,Promoter,0.981601893901825,Non-Promoter|Promoter,2,True,0.01839810237288475,0.981601893901825
1,Promoter,1,Promoter,0.9984334111213684,Promoter,1,True,0.001566559076309204,0.9984334111213684
1,Promoter,0,Non-Promoter,0.976375162601471,Non-Promoter|Promoter,2,True,0.976375162601471,0.023624854162335396
1,Promoter,1,Promoter,0.9948940277099609,Promoter,1,True,0.005105986725538969,0.9948940277099609
1,Promoter,1,Promoter,0.762698769569397,Non-Promoter|Promoter,2,True,0.23730126023292542,0.762698769569397
1,Promoter,1,Promoter,0.9995181560516357,Promoter,1,True,0.0004818788729608059,0.9995181560516357
1,Promoter,1,Promoter,0.9850391149520874,Non-Promoter|Promoter,2,True,0.014960837550461292,0.9850391149520874
1,Promoter,1,Promoter,0.9813622832298279,Non-Promoter|Promoter,2,True,0.018637701869010925,0.9813622832298279
1,Promoter,1,Promoter,0.9975347518920898,Promoter,1,True,0.0024652762804180384,0.9975347518920898
1,Promoter,1,Promoter,0.9360156655311584,Non-Promoter|Promoter,2,True,0.06398433446884155,0.9360156655311584
1,Promoter,1,Promoter,0.9488264918327332,Non-Promoter|Promoter,2,True,0.051173560321331024,0.9488264918327332
1,Promoter,1,Promoter,0.9907180666923523,Promoter,1,True,0.009281973354518414,0.9907180666923523
1,Promoter,1,Promoter,0.9997199177742004,Promoter,1,True,0.0002800058573484421,0.9997199177742004
1,Promoter,1,Promoter,0.5875580906867981,Non-Promoter|Promoter,2,True,0.4124418795108795,0.5875580906867981
1,Promoter,1,Promoter,0.9981256127357483,Promoter,1,True,0.00187440135050565,0.9981256127357483
1,Promoter,1,Promoter,0.9995488524436951,Promoter,1,True,0.0004511366714723408,0.9995488524436951
1,Promoter,1,Promoter,0.9670491814613342,Non-Promoter|Promoter,2,True,0.03295089304447174,0.9670491814613342
1,Promoter,1,Promoter,0.9667006731033325,Non-Promoter|Promoter,2,True,0.03329936042428017,0.9667006731033325
1,Promoter,0,Non-Promoter,0.7312951683998108,Non-Promoter|Promoter,2,True,0.7312951683998108,0.2687048614025116
1,Promoter,1,Promoter,0.9956842660903931,Promoter,1,True,0.004315786063671112,0.9956842660903931
1,Promoter,0,Non-Promoter,0.9968870282173157,Non-Promoter,1,False,0.9968870282173157,0.003112951060757041
1,Promoter,0,Non-Promoter,0.9955938458442688,Non-Promoter,1,False,0.9955938458442688,0.004406096879392862
1,Promoter,0,Non-Promoter,0.9960010647773743,Non-Promoter,1,False,0.9960010647773743,0.003998967353254557
1,Promoter,1,Promoter,0.9987348914146423,Promoter,1,True,0.001265061553567648,0.9987348914146423
1,Promoter,1,Promoter,0.9495623707771301,Non-Promoter|Promoter,2,True,0.050437621772289276,0.9495623707771301
1,Promoter,1,Promoter,0.9908527731895447,Promoter,1,True,0.00914720818400383,0.9908527731895447
1,Promoter,1,Promoter,0.8700870275497437,Non-Promoter|Promoter,2,True,0.12991303205490112,0.8700870275497437
1,Promoter,1,Promoter,0.9255929589271545,Non-Promoter|Promoter,2,True,0.07440707087516785,0.9255929589271545
1,Promoter,1,Promoter,0.9986931681632996,Promoter,1,True,0.0013068296248093247,0.9986931681632996
1,Promoter,1,Promoter,0.9997559189796448,Promoter,1,True,0.00024403005954809487,0.9997559189796448
1,Promoter,1,Promoter,0.9910476803779602,Promoter,1,True,0.008952343836426735,0.9910476803779602
1,Promoter,1,Promoter,0.8245794177055359,Non-Promoter|Promoter,2,True,0.17542056739330292,0.8245794177055359
1,Promoter,1,Promoter,0.9987201690673828,Promoter,1,True,0.0012798095121979713,0.9987201690673828
1,Promoter,1,Promoter,0.9525473117828369,Non-Promoter|Promoter,2,True,0.04745271056890488,0.9525473117828369
1,Promoter,1,Promoter,0.9989363551139832,Promoter,1,True,0.0010636465158313513,0.9989363551139832
1,Promoter,1,Promoter,0.9667280912399292,Non-Promoter|Promoter,2,True,0.03327196463942528,0.9667280912399292
1,Promoter,1,Promoter,0.7655978798866272,Non-Promoter|Promoter,2,True,0.2344021052122116,0.7655978798866272
1,Promoter,0,Non-Promoter,0.9970859885215759,Non-Promoter,1,False,0.9970859885215759,0.0029139758553355932
1,Promoter,1,Promoter,0.9974588751792908,Promoter,1,True,0.002541171619668603,0.9974588751792908
1,Promoter,1,Promoter,0.8245028257369995,Non-Promoter|Promoter,2,True,0.17549720406532288,0.8245028257369995
1,Promoter,0,Non-Promoter,0.5038750171661377,Non-Promoter|Promoter,2,True,0.5038750171661377,0.49612492322921753
1,Promoter,1,Promoter,0.9974715709686279,Promoter,1,True,0.002528453478589654,0.9974715709686279
1,Promoter,1,Promoter,0.9983705878257751,Promoter,1,True,0.0016294282395392656,0.9983705878257751
1,Promoter,1,Promoter,0.9999555349349976,Promoter,1,True,4.4520769733935595e-05,0.9999555349349976
1,Promoter,1,Promoter,0.9874073266983032,Non-Promoter|Promoter,2,True,0.012592654675245285,0.9874073266983032
1,Promoter,1,Promoter,0.9988418221473694,Promoter,1,True,0.0011582530569285154,0.9988418221473694
1,Promoter,1,Promoter,0.9998462200164795,Promoter,1,True,0.0001537827920401469,0.9998462200164795
1,Promoter,1,Promoter,0.9951663017272949,Promoter,1,True,0.00483370665460825,0.9951663017272949
1,Promoter,1,Promoter,0.9970688223838806,Promoter,1,True,0.002931158524006605,0.9970688223838806
1,Promoter,1,Promoter,0.9964888095855713,Promoter,1,True,0.0035112532787024975,0.9964888095855713
1,Promoter,0,Non-Promoter,0.9673426747322083,Non-Promoter|Promoter,2,True,0.9673426747322083,0.032657358795404434
1,Promoter,1,Promoter,0.9974228143692017,Promoter,1,True,0.0025772391818463802,0.9974228143692017
1,Promoter,1,Promoter,0.9457600712776184,Non-Promoter|Promoter,2,True,0.05423998460173607,0.9457600712776184
1,Promoter,0,Non-Promoter,0.5548191070556641,Non-Promoter|Promoter,2,True,0.5548191070556641,0.44518089294433594
1,Promoter,1,Promoter,0.9930583238601685,Promoter,1,True,0.006941727362573147,0.9930583238601685
1,Promoter,1,Promoter,0.9980884194374084,Promoter,1,True,0.0019115089671686292,0.9980884194374084
1,Promoter,1,Promoter,0.8210155367851257,Non-Promoter|Promoter,2,True,0.17898450791835785,0.8210155367851257
1,Promoter,1,Promoter,0.999243974685669,Promoter,1,True,0.000756027118768543,0.999243974685669
1,Promoter,0,Non-Promoter,0.8410450220108032,Non-Promoter|Promoter,2,True,0.8410450220108032,0.15895500779151917
1,Promoter,1,Promoter,0.9965533018112183,Promoter,1,True,0.00344675756059587,0.9965533018112183
1,Promoter,1,Promoter,0.9995301961898804,Promoter,1,True,0.0004698145785368979,0.9995301961898804
1,Promoter,1,Promoter,0.9996021389961243,Promoter,1,True,0.00039789394941180944,0.9996021389961243
1,Promoter,0,Non-Promoter,0.9375370144844055,Non-Promoter|Promoter,2,True,0.9375370144844055,0.06246291473507881
1,Promoter,1,Promoter,0.9565540552139282,Non-Promoter|Promoter,2,True,0.043445926159620285,0.9565540552139282
1,Promoter,1,Promoter,0.7543262243270874,Non-Promoter|Promoter,2,True,0.2456737607717514,0.7543262243270874
1,Promoter,1,Promoter,0.998630940914154,Promoter,1,True,0.0013690288178622723,0.998630940914154
1,Promoter,1,Promoter,0.9079669713973999,Non-Promoter|Promoter,2,True,0.09203305840492249,0.9079669713973999
1,Promoter,1,Promoter,0.9939466118812561,Promoter,1,True,0.00605341512709856,0.9939466118812561
1,Promoter,1,Promoter,0.9981780052185059,Promoter,1,True,0.0018219755729660392,0.9981780052185059
1,Promoter,1,Promoter,0.9855629205703735,Non-Promoter|Promoter,2,True,0.014437094330787659,0.9855629205703735
1,Promoter,1,Promoter,0.9986246824264526,Promoter,1,True,0.0013753270031884313,0.9986246824264526
1,Promoter,1,Promoter,0.9983162879943848,Promoter,1,True,0.0016837342409417033,0.9983162879943848
1,Promoter,1,Promoter,0.9994913339614868,Promoter,1,True,0.0005086995079182088,0.9994913339614868
1,Promoter,1,Promoter,0.9997338652610779,Promoter,1,True,0.0002661698672454804,0.9997338652610779
1,Promoter,1,Promoter,0.6356796622276306,Non-Promoter|Promoter,2,True,0.364320307970047,0.6356796622276306
1,Promoter,1,Promoter,0.9431125521659851,Non-Promoter|Promoter,2,True,0.0568874329328537,0.9431125521659851
1,Promoter,1,Promoter,0.9842617511749268,Non-Promoter|Promoter,2,True,0.015738239511847496,0.9842617511749268
1,Promoter,1,Promoter,0.9973522424697876,Promoter,1,True,0.002647803397849202,0.9973522424697876
1,Promoter,1,Promoter,0.9745168685913086,Non-Promoter|Promoter,2,True,0.025483092293143272,0.9745168685913086
1,Promoter,1,Promoter,0.99491286277771,Promoter,1,True,0.005087069235742092,0.99491286277771
1,Promoter,1,Promoter,0.8462715744972229,Non-Promoter|Promoter,2,True,0.15372835099697113,0.8462715744972229
1,Promoter,1,Promoter,0.9856555461883545,Non-Promoter|Promoter,2,True,0.01434438955038786,0.9856555461883545
1,Promoter,1,Promoter,0.999377965927124,Promoter,1,True,0.0006220550276339054,0.999377965927124
1,Promoter,0,Non-Promoter,0.996780276298523,Non-Promoter,1,False,0.996780276298523,0.0032197502441704273
1,Promoter,1,Promoter,0.9992815852165222,Promoter,1,True,0.0007184740388765931,0.9992815852165222
1,Promoter,1,Promoter,0.9975257515907288,Promoter,1,True,0.002474220935255289,0.9975257515907288
1,Promoter,1,Promoter,0.9963781237602234,Promoter,1,True,0.00362183665856719,0.9963781237602234
1,Promoter,1,Promoter,0.9957523345947266,Promoter,1,True,0.004247627221047878,0.9957523345947266
1,Promoter,1,Promoter,0.9994075298309326,Promoter,1,True,0.0005924871657043695,0.9994075298309326
1,Promoter,0,Non-Promoter,0.9870545864105225,Non-Promoter|Promoter,2,True,0.9870545864105225,0.01294537540525198
1,Promoter,1,Promoter,0.9976003766059875,Promoter,1,True,0.002399645745754242,0.9976003766059875
1,Promoter,1,Promoter,0.98817378282547,Non-Promoter|Promoter,2,True,0.011826270259916782,0.98817378282547
1,Promoter,1,Promoter,0.8133578896522522,Non-Promoter|Promoter,2,True,0.186642125248909,0.8133578896522522
1,Promoter,0,Non-Promoter,0.9972623586654663,Non-Promoter,1,False,0.9972623586654663,0.0027376736979931593
1,Promoter,1,Promoter,0.9893737435340881,Promoter,1,True,0.01062627974897623,0.9893737435340881
1,Promoter,1,Promoter,0.9964104294776917,Promoter,1,True,0.0035896128974854946,0.9964104294776917
1,Promoter,1,Promoter,0.9985913634300232,Promoter,1,True,0.0014086209703236818,0.9985913634300232
1,Promoter,1,Promoter,0.9967749714851379,Promoter,1,True,0.0032249693758785725,0.9967749714851379
1,Promoter,1,Promoter,0.6805722117424011,Non-Promoter|Promoter,2,True,0.3194277584552765,0.6805722117424011
1,Promoter,1,Promoter,0.7852477431297302,Non-Promoter|Promoter,2,True,0.214752197265625,0.7852477431297302
1,Promoter,0,Non-Promoter,0.9685099124908447,Non-Promoter|Promoter,2,True,0.9685099124908447,0.031490109860897064
1,Promoter,0,Non-Promoter,0.9867219924926758,Non-Promoter|Promoter,2,True,0.9867219924926758,0.013277972117066383
1,Promoter,1,Promoter,0.9042618274688721,Non-Promoter|Promoter,2,True,0.09573816508054733,0.9042618274688721
1,Promoter,1,Promoter,0.9996640682220459,Promoter,1,True,0.00033596967114135623,0.9996640682220459
1,Promoter,1,Promoter,0.9930399656295776,Promoter,1,True,0.006960037164390087,0.9930399656295776
1,Promoter,0,Non-Promoter,0.9348223805427551,Non-Promoter|Promoter,2,True,0.9348223805427551,0.06517764925956726
1,Promoter,1,Promoter,0.9994219541549683,Promoter,1,True,0.0005780887440778315,0.9994219541549683
1,Promoter,1,Promoter,0.9994799494743347,Promoter,1,True,0.0005201069288887084,0.9994799494743347
1,Promoter,1,Promoter,0.9667165875434875,Non-Promoter|Promoter,2,True,0.03328341618180275,0.9667165875434875
1,Promoter,1,Promoter,0.9979333877563477,Promoter,1,True,0.0020666371565312147,0.9979333877563477
1,Promoter,0,Non-Promoter,0.5393327474594116,Non-Promoter|Promoter,2,True,0.5393327474594116,0.46066731214523315
1,Promoter,1,Promoter,0.9980852603912354,Promoter,1,True,0.0019148127175867558,0.9980852603912354
1,Promoter,1,Promoter,0.6524712443351746,Non-Promoter|Promoter,2,True,0.3475287854671478,0.6524712443351746
1,Promoter,1,Promoter,0.9965704679489136,Promoter,1,True,0.003429573029279709,0.9965704679489136
1,Promoter,1,Promoter,0.9987518787384033,Promoter,1,True,0.001248123706318438,0.9987518787384033
1,Promoter,1,Promoter,0.9715616703033447,Non-Promoter|Promoter,2,True,0.028438393026590347,0.9715616703033447
1,Promoter,1,Promoter,0.9894142150878906,Promoter,1,True,0.010585799813270569,0.9894142150878906
1,Promoter,1,Promoter,0.9945453405380249,Promoter,1,True,0.005454673431813717,0.9945453405380249
1,Promoter,1,Promoter,0.8802306056022644,Non-Promoter|Promoter,2,True,0.11976944655179977,0.8802306056022644
1,Promoter,1,Promoter,0.9386112689971924,Non-Promoter|Promoter,2,True,0.061388783156871796,0.9386112689971924
1,Promoter,1,Promoter,0.6374869346618652,Non-Promoter|Promoter,2,True,0.36251309514045715,0.6374869346618652
1,Promoter,1,Promoter,0.9983713030815125,Promoter,1,True,0.0016286884201690555,0.9983713030815125
1,Promoter,1,Promoter,0.997422456741333,Promoter,1,True,0.0025776142720133066,0.997422456741333
1,Promoter,1,Promoter,0.9490176439285278,Non-Promoter|Promoter,2,True,0.05098237842321396,0.9490176439285278
1,Promoter,1,Promoter,0.6781883835792542,Non-Promoter|Promoter,2,True,0.32181158661842346,0.6781883835792542
1,Promoter,1,Promoter,0.8214393854141235,Non-Promoter|Promoter,2,True,0.17856065928936005,0.8214393854141235
1,Promoter,1,Promoter,0.9946235418319702,Promoter,1,True,0.005376521963626146,0.9946235418319702
1,Promoter,1,Promoter,0.9589430093765259,Non-Promoter|Promoter,2,True,0.04105696082115173,0.9589430093765259
1,Promoter,0,Non-Promoter,0.5534723997116089,Non-Promoter|Promoter,2,True,0.5534723997116089,0.44652754068374634
1,Promoter,1,Promoter,0.9938315153121948,Promoter,1,True,0.0061684600077569485,0.9938315153121948
1,Promoter,1,Promoter,0.992557168006897,Promoter,1,True,0.007442818954586983,0.992557168006897
1,Promoter,1,Promoter,0.9875691533088684,Non-Promoter|Promoter,2,True,0.012430830858647823,0.9875691533088684
1,Promoter,1,Promoter,0.9869036674499512,Non-Promoter|Promoter,2,True,0.013096312060952187,0.9869036674499512
1,Promoter,1,Promoter,0.9953194260597229,Promoter,1,True,0.004680598620325327,0.9953194260597229
1,Promoter,1,Promoter,0.9560919404029846,Non-Promoter|Promoter,2,True,0.043908122926950455,0.9560919404029846
1,Promoter,1,Promoter,0.9992753863334656,Promoter,1,True,0.0007246669265441597,0.9992753863334656
1,Promoter,0,Non-Promoter,0.8674919605255127,Non-Promoter|Promoter,2,True,0.8674919605255127,0.1325080245733261
1,Promoter,0,Non-Promoter,0.7376397848129272,Non-Promoter|Promoter,2,True,0.7376397848129272,0.26236024498939514
1,Promoter,1,Promoter,0.9937973618507385,Promoter,1,True,0.006202641408890486,0.9937973618507385
1,Promoter,1,Promoter,0.998576283454895,Promoter,1,True,0.0014237237628549337,0.998576283454895
1,Promoter,1,Promoter,0.9881340861320496,Non-Promoter|Promoter,2,True,0.011865951120853424,0.9881340861320496
1,Promoter,0,Non-Promoter,0.9513511061668396,Non-Promoter|Promoter,2,True,0.9513511061668396,0.04864891245961189
1,Promoter,1,Promoter,0.9991031885147095,Promoter,1,True,0.0008968415204435587,0.9991031885147095
1,Promoter,1,Promoter,0.9698249101638794,Non-Promoter|Promoter,2,True,0.03017517179250717,0.9698249101638794
1,Promoter,0,Non-Promoter,0.9968400001525879,Non-Promoter,1,False,0.9968400001525879,0.003159965155646205
1,Promoter,1,Promoter,0.7930822968482971,Non-Promoter|Promoter,2,True,0.20691771805286407,0.7930822968482971
1,Promoter,1,Promoter,0.9999123811721802,Promoter,1,True,8.759524644119665e-05,0.9999123811721802
1,Promoter,1,Promoter,0.9925453066825867,Promoter,1,True,0.007454685401171446,0.9925453066825867
1,Promoter,1,Promoter,0.9998311996459961,Promoter,1,True,0.00016871515254024416,0.9998311996459961
1,Promoter,1,Promoter,0.99399733543396,Promoter,1,True,0.006002705544233322,0.99399733543396
1,Promoter,0,Non-Promoter,0.9960337281227112,Non-Promoter,1,False,0.9960337281227112,0.0039663068018853664
1,Promoter,0,Non-Promoter,0.993025541305542,Non-Promoter,1,False,0.993025541305542,0.006974497810006142
1,Promoter,0,Non-Promoter,0.9927137494087219,Non-Promoter,1,False,0.9927137494087219,0.007286221254616976
1,Promoter,1,Promoter,0.9983218312263489,Promoter,1,True,0.0016781408339738846,0.9983218312263489
1,Promoter,0,Non-Promoter,0.7035832405090332,Non-Promoter|Promoter,2,True,0.7035832405090332,0.2964167296886444
1,Promoter,1,Promoter,0.9991183876991272,Promoter,1,True,0.0008816599729470909,0.9991183876991272
1,Promoter,0,Non-Promoter,0.6510422825813293,Non-Promoter|Promoter,2,True,0.6510422825813293,0.34895774722099304
1,Promoter,1,Promoter,0.9941851496696472,Promoter,1,True,0.005814896430820227,0.9941851496696472
1,Promoter,1,Promoter,0.9993098974227905,Promoter,1,True,0.0006900611915625632,0.9993098974227905
1,Promoter,1,Promoter,0.9961066842079163,Promoter,1,True,0.0038932759780436754,0.9961066842079163
1,Promoter,1,Promoter,0.703324019908905,Non-Promoter|Promoter,2,True,0.29667600989341736,0.703324019908905
1,Promoter,0,Non-Promoter,0.854576826095581,Non-Promoter|Promoter,2,True,0.854576826095581,0.14542317390441895
1,Promoter,1,Promoter,0.9971112012863159,Promoter,1,True,0.002888717921450734,0.9971112012863159
1,Promoter,1,Promoter,0.9730140566825867,Non-Promoter|Promoter,2,True,0.02698593959212303,0.9730140566825867
1,Promoter,1,Promoter,0.9995529055595398,Promoter,1,True,0.0004470285202842206,0.9995529055595398
1,Promoter,1,Promoter,0.9993450045585632,Promoter,1,True,0.0006549874669872224,0.9993450045585632
1,Promoter,1,Promoter,0.9891467094421387,Promoter,1,True,0.010853264480829239,0.9891467094421387
1,Promoter,1,Promoter,0.9996092915534973,Promoter,1,True,0.00039070870843715966,0.9996092915534973
1,Promoter,1,Promoter,0.9770752191543579,Non-Promoter|Promoter,2,True,0.022924773395061493,0.9770752191543579
1,Promoter,1,Promoter,0.9934866428375244,Promoter,1,True,0.006513288244605064,0.9934866428375244
1,Promoter,1,Promoter,0.9924226403236389,Promoter,1,True,0.007577323354780674,0.9924226403236389
1,Promoter,0,Non-Promoter,0.5527331829071045,Non-Promoter|Promoter,2,True,0.5527331829071045,0.4472667872905731
1,Promoter,0,Non-Promoter,0.9380741715431213,Non-Promoter|Promoter,2,True,0.9380741715431213,0.06192588806152344
1,Promoter,0,Non-Promoter,0.7735626697540283,Non-Promoter|Promoter,2,True,0.7735626697540283,0.2264373004436493
1,Promoter,1,Promoter,0.79941725730896,Non-Promoter|Promoter,2,True,0.20058280229568481,0.79941725730896
1,Promoter,1,Promoter,0.99847811460495,Promoter,1,True,0.0015218461630865932,0.99847811460495
1,Promoter,1,Promoter,0.9818137884140015,Non-Promoter|Promoter,2,True,0.018186235800385475,0.9818137884140015
1,Promoter,0,Non-Promoter,0.8680460453033447,Non-Promoter|Promoter,2,True,0.8680460453033447,0.13195396959781647
1,Promoter,1,Promoter,0.9500160217285156,Non-Promoter|Promoter,2,True,0.049984004348516464,0.9500160217285156
1,Promoter,1,Promoter,0.9956218600273132,Promoter,1,True,0.004378081765025854,0.9956218600273132
1,Promoter,1,Promoter,0.9748564958572388,Non-Promoter|Promoter,2,True,0.025143519043922424,0.9748564958572388
1,Promoter,0,Non-Promoter,0.5043520927429199,Non-Promoter|Promoter,2,True,0.5043520927429199,0.4956479072570801
1,Promoter,0,Non-Promoter,0.9827128648757935,Non-Promoter|Promoter,2,True,0.9827128648757935,0.017287079244852066
1,Promoter,1,Promoter,0.9646492004394531,Non-Promoter|Promoter,2,True,0.03535080701112747,0.9646492004394531
1,Promoter,1,Promoter,0.9892760515213013,Promoter,1,True,0.01072397269308567,0.9892760515213013
1,Promoter,1,Promoter,0.857750415802002,Non-Promoter|Promoter,2,True,0.14224953949451447,0.857750415802002
1,Promoter,1,Promoter,0.998160183429718,Promoter,1,True,0.0018398226238787174,0.998160183429718
1,Promoter,1,Promoter,0.9299473762512207,Non-Promoter|Promoter,2,True,0.07005266100168228,0.9299473762512207
1,Promoter,0,Non-Promoter,0.7544488310813904,Non-Promoter|Promoter,2,True,0.7544488310813904,0.24555110931396484
1,Promoter,1,Promoter,0.9843728542327881,Non-Promoter|Promoter,2,True,0.015627173706889153,0.9843728542327881
1,Promoter,1,Promoter,0.9856225848197937,Non-Promoter|Promoter,2,True,0.014377491548657417,0.9856225848197937
1,Promoter,0,Non-Promoter,0.5490014553070068,Non-Promoter|Promoter,2,True,0.5490014553070068,0.45099857449531555
1,Promoter,0,Non-Promoter,0.9552940726280212,Non-Promoter|Promoter,2,True,0.9552940726280212,0.044705912470817566
1,Promoter,1,Promoter,0.9973711967468262,Promoter,1,True,0.0026287792716175318,0.9973711967468262
1,Promoter,0,Non-Promoter,0.9850800633430481,Non-Promoter|Promoter,2,True,0.9850800633430481,0.014919882640242577
1,Promoter,1,Promoter,0.9752946496009827,Non-Promoter|Promoter,2,True,0.024705376476049423,0.9752946496009827
1,Promoter,1,Promoter,0.9975945353507996,Promoter,1,True,0.0024054697714746,0.9975945353507996
1,Promoter,1,Promoter,0.996019184589386,Promoter,1,True,0.003980823326855898,0.996019184589386
1,Promoter,0,Non-Promoter,0.982269823551178,Non-Promoter|Promoter,2,True,0.982269823551178,0.017730211839079857
1,Promoter,1,Promoter,0.9982954859733582,Promoter,1,True,0.0017044731648638844,0.9982954859733582
1,Promoter,1,Promoter,0.9819397330284119,Non-Promoter|Promoter,2,True,0.018060222268104553,0.9819397330284119
1,Promoter,1,Promoter,0.9983538389205933,Promoter,1,True,0.0016461593331769109,0.9983538389205933
1,Promoter,1,Promoter,0.9998304843902588,Promoter,1,True,0.00016950479766819626,0.9998304843902588
1,Promoter,1,Promoter,0.9613401293754578,Non-Promoter|Promoter,2,True,0.03865982964634895,0.9613401293754578
1,Promoter,1,Promoter,0.5977646708488464,Non-Promoter|Promoter,2,True,0.40223532915115356,0.5977646708488464
1,Promoter,1,Promoter,0.9967145919799805,Promoter,1,True,0.0032854333985596895,0.9967145919799805
1,Promoter,1,Promoter,0.999799907207489,Promoter,1,True,0.00020006478007417172,0.999799907207489
1,Promoter,1,Promoter,0.9949000477790833,Promoter,1,True,0.00509992940351367,0.9949000477790833
1,Promoter,1,Promoter,0.9986032843589783,Promoter,1,True,0.0013966928236186504,0.9986032843589783
1,Promoter,1,Promoter,0.9878116250038147,Non-Promoter|Promoter,2,True,0.01218835636973381,0.9878116250038147
1,Promoter,1,Promoter,0.9933203458786011,Promoter,1,True,0.006679631769657135,0.9933203458786011
1,Promoter,1,Promoter,0.7929811477661133,Non-Promoter|Promoter,2,True,0.20701882243156433,0.7929811477661133
1,Promoter,1,Promoter,0.7203531265258789,Non-Promoter|Promoter,2,True,0.2796468734741211,0.7203531265258789
1,Promoter,1,Promoter,0.988707423210144,Non-Promoter|Promoter,2,True,0.0112925935536623,0.988707423210144
1,Promoter,1,Promoter,0.9359826445579529,Non-Promoter|Promoter,2,True,0.06401729583740234,0.9359826445579529
1,Promoter,1,Promoter,0.9298520088195801,Non-Promoter|Promoter,2,True,0.07014795392751694,0.9298520088195801
1,Promoter,1,Promoter,0.9993783235549927,Promoter,1,True,0.0006216365727595985,0.9993783235549927
1,Promoter,1,Promoter,0.8938934206962585,Non-Promoter|Promoter,2,True,0.10610656440258026,0.8938934206962585
1,Promoter,1,Promoter,0.9894483089447021,Promoter,1,True,0.010551643557846546,0.9894483089447021
1,Promoter,1,Promoter,0.9966872334480286,Promoter,1,True,0.003312835469841957,0.9966872334480286
1,Promoter,1,Promoter,0.9997410178184509,Promoter,1,True,0.00025897150044329464,0.9997410178184509
1,Promoter,1,Promoter,0.9861250519752502,Non-Promoter|Promoter,2,True,0.013874943368136883,0.9861250519752502
1,Promoter,1,Promoter,0.9976457953453064,Promoter,1,True,0.0023541790433228016,0.9976457953453064
1,Promoter,1,Promoter,0.9992534518241882,Promoter,1,True,0.0007465331582352519,0.9992534518241882
1,Promoter,1,Promoter,0.9989399313926697,Promoter,1,True,0.00106007419526577,0.9989399313926697
1,Promoter,1,Promoter,0.9991374015808105,Promoter,1,True,0.0008625411428511143,0.9991374015808105
1,Promoter,1,Promoter,0.9635275602340698,Non-Promoter|Promoter,2,True,0.03647245466709137,0.9635275602340698
1,Promoter,1,Promoter,0.9950761198997498,Promoter,1,True,0.004923902917653322,0.9950761198997498
1,Promoter,1,Promoter,0.9962279796600342,Promoter,1,True,0.0037720361724495888,0.9962279796600342
1,Promoter,1,Promoter,0.9970054030418396,Promoter,1,True,0.0029946579597890377,0.9970054030418396
1,Promoter,1,Promoter,0.9951468110084534,Promoter,1,True,0.004853145685046911,0.9951468110084534
1,Promoter,1,Promoter,0.9085660576820374,Non-Promoter|Promoter,2,True,0.09143396466970444,0.9085660576820374
1,Promoter,1,Promoter,0.6037799119949341,Non-Promoter|Promoter,2,True,0.3962200880050659,0.6037799119949341
1,Promoter,1,Promoter,0.9998897314071655,Promoter,1,True,0.0001102607129723765,0.9998897314071655
1,Promoter,1,Promoter,0.9899479150772095,Promoter,1,True,0.010052012279629707,0.9899479150772095
1,Promoter,1,Promoter,0.9983118772506714,Promoter,1,True,0.0016881580231711268,0.9983118772506714
1,Promoter,0,Non-Promoter,0.9980714917182922,Non-Promoter,1,False,0.9980714917182922,0.0019285475136712193
1,Promoter,1,Promoter,0.9804447889328003,Non-Promoter|Promoter,2,True,0.01955517567694187,0.9804447889328003
1,Promoter,1,Promoter,0.998767614364624,Promoter,1,True,0.0012324278941377997,0.998767614364624
1,Promoter,1,Promoter,0.9533958435058594,Non-Promoter|Promoter,2,True,0.04660415276885033,0.9533958435058594
1,Promoter,1,Promoter,0.9499476552009583,Non-Promoter|Promoter,2,True,0.050052277743816376,0.9499476552009583
1,Promoter,1,Promoter,0.9829506278038025,Non-Promoter|Promoter,2,True,0.01704939268529415,0.9829506278038025
1,Promoter,1,Promoter,0.9425473213195801,Non-Promoter|Promoter,2,True,0.0574527271091938,0.9425473213195801
1,Promoter,0,Non-Promoter,0.9947583079338074,Non-Promoter,1,False,0.9947583079338074,0.005241727456450462
1,Promoter,1,Promoter,0.9998801946640015,Promoter,1,True,0.00011984837328782305,0.9998801946640015
1,Promoter,0,Non-Promoter,0.9729655981063843,Non-Promoter|Promoter,2,True,0.9729655981063843,0.027034316211938858
1,Promoter,0,Non-Promoter,0.931390106678009,Non-Promoter|Promoter,2,True,0.931390106678009,0.068609818816185
1,Promoter,1,Promoter,0.9986488223075867,Promoter,1,True,0.001351232174783945,0.9986488223075867
1,Promoter,1,Promoter,0.796159565448761,Non-Promoter|Promoter,2,True,0.20384038984775543,0.796159565448761
1,Promoter,0,Non-Promoter,0.915802001953125,Non-Promoter|Promoter,2,True,0.915802001953125,0.08419805020093918
1,Promoter,1,Promoter,0.7649295926094055,Non-Promoter|Promoter,2,True,0.2350703626871109,0.7649295926094055
1,Promoter,1,Promoter,0.9780246019363403,Non-Promoter|Promoter,2,True,0.02197544276714325,0.9780246019363403
1,Promoter,1,Promoter,0.8174232840538025,Non-Promoter|Promoter,2,True,0.18257670104503632,0.8174232840538025
1,Promoter,1,Promoter,0.8491075038909912,Non-Promoter|Promoter,2,True,0.15089257061481476,0.8491075038909912
1,Promoter,0,Non-Promoter,0.9916867613792419,Non-Promoter,1,False,0.9916867613792419,0.008313186466693878
1,Promoter,1,Promoter,0.9993143081665039,Promoter,1,True,0.0006857089465484023,0.9993143081665039
1,Promoter,1,Promoter,0.9980954527854919,Promoter,1,True,0.0019045387161895633,0.9980954527854919
1,Promoter,1,Promoter,0.9972959160804749,Promoter,1,True,0.002704124664887786,0.9972959160804749
1,Promoter,0,Non-Promoter,0.8088224530220032,Non-Promoter|Promoter,2,True,0.8088224530220032,0.19117754697799683
1,Promoter,1,Promoter,0.6301561594009399,Non-Promoter|Promoter,2,True,0.36984384059906006,0.6301561594009399
1,Promoter,1,Promoter,0.9941148161888123,Promoter,1,True,0.005885241087526083,0.9941148161888123
1,Promoter,1,Promoter,0.9122413992881775,Non-Promoter|Promoter,2,True,0.08775860071182251,0.9122413992881775
