true_label,before_pred,before_confidence,after_pred,after_confidence,before_proba_class_0,before_proba_class_1,before_proba_class_2,before_proba_class_3,before_proba_class_4,before_proba_class_5,after_proba_class_0,after_proba_class_1,after_proba_class_2,after_proba_class_3,after_proba_class_4,after_proba_class_5
0,5,0.7884433269500732,5,0.6481913924217224,0.09049410372972488,0.027394434437155724,0.017725151032209396,0.07270711660385132,0.003235857468098402,0.7884433269500732,0.13240918517112732,0.055101096630096436,0.040034886449575424,0.11276780813932419,0.011495549231767654,0.6481913924217224
0,0,0.9108169674873352,0,0.8113381266593933,0.9108169674873352,0.01077751349657774,0.0007353390101343393,0.007023663725703955,0.0016808296786621213,0.06896571069955826,0.8113381266593933,0.03129193186759949,0.004364348482340574,0.022855889052152634,0.008004660718142986,0.12214512377977371
0,2,0.7468940019607544,2,0.6388357877731323,0.03021380864083767,0.00024477075203321874,0.7468940019607544,0.00842356588691473,0.01111858244985342,0.20310530066490173,0.06071702390909195,0.0017734677530825138,0.6388357877731323,0.023786025121808052,0.029158931225538254,0.2457287758588791
0,5,0.9287148714065552,5,0.8310577273368835,0.024827655404806137,0.000107399100670591,0.038818612694740295,0.005367110949009657,0.0021642816718667746,0.9287148714065552,0.0582861453294754,0.0010743701132014394,0.08090567588806152,0.018945841118693352,0.009730254299938679,0.8310577273368835
0,5,0.7360937595367432,5,0.5964200496673584,0.1294809877872467,0.02643010765314102,0.03679980710148811,0.006553961895406246,0.06464133411645889,0.7360937595367432,0.16665233671665192,0.05193762481212616,0.06621380895376205,0.01867063343524933,0.10010556131601334,0.5964200496673584
0,5,0.79346764087677,5,0.7157409191131592,0.20156829059123993,0.0036048535257577896,0.000608760688919574,0.0006101696053519845,0.00014032734907232225,0.79346764087677,0.2618953585624695,0.013676258735358715,0.0037087698001414537,0.0037150653079152107,0.001263693906366825,0.7157409191131592
0,5,0.8858851790428162,5,0.7984153628349304,0.10626126080751419,0.00030822138069197536,0.004236347042024136,0.002836748259142041,0.00047221954446285963,0.8858851790428162,0.16845829784870148,0.0023159440606832504,0.015840519219636917,0.011802689172327518,0.0031671461183577776,0.7984153628349304
0,5,0.7890028357505798,5,0.6787652969360352,0.17296606302261353,0.023112192749977112,0.006293983198702335,0.0075137256644666195,0.0011111701605841517,0.7890028357505798,0.22290877997875214,0.05090826749801636,0.01960250362753868,0.022323112934827805,0.00549201387912035,0.6787652969360352
0,5,0.6659778952598572,5,0.5652300119400024,0.24516479671001434,0.05568254366517067,0.0008596385596320033,0.029671834781765938,0.0026433079037815332,0.6659778952598572,0.27151861786842346,0.09151458740234375,0.004290124401450157,0.05766552686691284,0.009781161323189735,0.5652300119400024
0,5,0.9364158511161804,5,0.8416844010353088,0.035305485129356384,0.00029135303338989615,0.010402938351035118,0.016628367826342583,0.0009559969184920192,0.9364158511161804,0.07596947997808456,0.0022492536809295416,0.030993912369012833,0.043724577873945236,0.005378402303904295,0.8416844010353088
0,0,0.6381033658981323,0,0.5842803120613098,0.6381033658981323,0.006516419816762209,0.0005463673733174801,0.0030357190407812595,0.0006419128621928394,0.351156085729599,0.5842803120613098,0.020226357504725456,0.003281521610915661,0.011548235081136227,0.0036934111267328262,0.37697020173072815
0,5,0.6079514026641846,5,0.5291658639907837,0.3122697174549103,0.0026337590534240007,0.06149668246507645,0.00044033589074388146,0.015208122320473194,0.6079514026641846,0.3245672881603241,0.009764538146555424,0.0985260084271431,0.0026285836938768625,0.03534771129488945,0.5291658639907837
0,5,0.7767812013626099,5,0.7013883590698242,0.21884140372276306,0.002258774358779192,0.00034534488804638386,0.0011684616329148412,0.0006047547212801874,0.7767812013626099,0.2768861651420593,0.009660313837230206,0.0024354178458452225,0.005956131499260664,0.003673678496852517,0.7013883590698242
0,5,0.9652688503265381,5,0.8979400396347046,0.02566414140164852,0.0012134433491155505,0.005708650685846806,0.0016544454265385866,0.0004904494271613657,0.9652688503265381,0.062724769115448,0.006684445310384035,0.020820287987589836,0.008391608484089375,0.0034388285130262375,0.8979400396347046
0,5,0.7554439902305603,5,0.6340450644493103,0.07115141302347183,0.004330242518335581,0.154143288731575,0.00420040637254715,0.010730640962719917,0.7554439902305603,0.1120297834277153,0.014368102885782719,0.19754479825496674,0.01405074167996645,0.02796141617000103,0.6340450644493103
0,5,0.6731897592544556,5,0.5996747612953186,0.29785671830177307,0.001452439813874662,0.0018711586017161608,0.02536073699593544,0.0002691698318812996,0.6731897592544556,0.32967931032180786,0.006635161582380533,0.007990372367203236,0.05409405007958412,0.0019263392314314842,0.5996747612953186
0,5,0.7748422622680664,5,0.6565112471580505,0.1627286672592163,0.003382327500730753,0.011045597493648529,0.04436519742012024,0.003635925007984042,0.7748422622680664,0.20891986787319183,0.012182028964161873,0.02902820333838463,0.08051290363073349,0.012845679186284542,0.6565112471580505
0,0,0.6832702159881592,0,0.5935600996017456,0.6832702159881592,0.010264664888381958,0.005559907760471106,0.001100354827940464,0.024738997220993042,0.27506592869758606,0.5935600996017456,0.027274316176772118,0.017393503338098526,0.005299144424498081,0.052005987614393234,0.30446702241897583
0,5,0.7027673721313477,5,0.605789840221405,0.25728654861450195,0.003526827320456505,0.01151297427713871,0.0162260252982378,0.008680307306349277,0.7027673721313477,0.2898283004760742,0.012452014721930027,0.02966301515698433,0.03815525025129318,0.024111583828926086,0.605789840221405
0,5,0.6361037492752075,5,0.5326518416404724,0.18690752983093262,0.0031778125558048487,0.15254180133342743,0.008520909585058689,0.012748140841722488,0.6361037492752075,0.2168649137020111,0.010912240482866764,0.18683122098445892,0.022500833496451378,0.030238963663578033,0.5326518416404724
0,5,0.8144574761390686,5,0.7085385918617249,0.15739238262176514,0.0020668338984251022,0.019661463797092438,0.0030828763265162706,0.0033390060998499393,0.8144574761390686,0.21212342381477356,0.008830948732793331,0.04610951617360115,0.011841708794236183,0.012555822730064392,0.7085385918617249
0,0,0.6691892147064209,0,0.5958080291748047,0.6691892147064209,0.0009387454483658075,0.010629069060087204,0.005411166697740555,0.004538946319371462,0.3092927932739258,0.5958080291748047,0.004806940909475088,0.028519798070192337,0.017378948628902435,0.015276222489774227,0.3382100462913513
0,5,0.6597574353218079,5,0.5846326351165771,0.010903198271989822,0.0009209273266606033,0.018932385370135307,0.3088211417198181,0.0006648983107879758,0.6597574353218079,0.028811100870370865,0.004699612967669964,0.04319080710411072,0.33496537804603577,0.0037005478516221046,0.5846326351165771
0,5,0.8138004541397095,5,0.7063230276107788,0.15479518473148346,0.02224334515631199,0.002597642596811056,0.0051348512060940266,0.0014284909702837467,0.8138004541397095,0.2090180516242981,0.05035031586885452,0.010416967794299126,0.017174260690808296,0.006717367097735405,0.7063230276107788
0,5,0.697913408279419,5,0.5716235637664795,0.20222926139831543,0.022362221032381058,0.03201136365532875,0.024660559371113777,0.020823175087571144,0.697913408279419,0.23036286234855652,0.04578855633735657,0.05957430973649025,0.04919605329632759,0.0434546135365963,0.5716235637664795
0,0,0.7202421426773071,0,0.6434047818183899,0.7202421426773071,0.0017575863748788834,0.009753670543432236,0.00025853022816590965,0.002517597284168005,0.2654705345630646,0.6434047818183899,0.007792128250002861,0.02739749476313591,0.0019095148891210556,0.010142942890524864,0.3093530833721161
0,5,0.8884389996528625,5,0.7804203033447266,0.08141601830720901,0.0009649437270127237,0.005953109357506037,0.02118147350847721,0.0020454449113458395,0.8884389996528625,0.13514865934848785,0.005218663718551397,0.019831577315926552,0.050324536859989166,0.009056366048753262,0.7804203033447266
0,0,0.9816805124282837,0,0.9332717061042786,0.9816805124282837,0.008688348345458508,0.000292357086436823,0.0002895559591706842,0.0006973957642912865,0.008352010510861874,0.9332717061042786,0.029087375849485397,0.0024151939433068037,0.002398193348199129,0.004570572637021542,0.028256896883249283
0,0,0.46004804968833923,0,0.404915988445282,0.46004804968833923,0.11496763676404953,0.021022167056798935,0.004676192998886108,0.020780134946107864,0.3785058259963989,0.404915988445282,0.14639036357402802,0.04208419471979141,0.01396923791617155,0.04172816127538681,0.35091209411621094
0,5,0.9552590250968933,5,0.8894006609916687,0.04020089656114578,0.0013687440659850836,0.000469781894935295,0.002546685514971614,0.0001548336585983634,0.9552590250968933,0.08701916038990021,0.007288053631782532,0.0033255508169531822,0.011493569239974022,0.001472988398745656,0.8894006609916687
0,0,0.7647257447242737,0,0.6320570707321167,0.7647257447242737,0.01369389332830906,0.10743517428636551,0.0013653370551764965,0.021873295307159424,0.09090650826692581,0.6320570707321167,0.03303723409771919,0.14975561201572418,0.006086429581046104,0.04658309370279312,0.13248059153556824
0,5,0.9469613432884216,5,0.8567865490913391,0.026115376502275467,0.019845398142933846,0.0022775845136493444,0.0029966908041387796,0.0018035804387181997,0.9469613432884216,0.06147797778248787,0.05026158690452576,0.010266564786434174,0.012556193396449089,0.008651137351989746,0.8567865490913391
0,0,0.8728764653205872,0,0.744413435459137,0.8728764653205872,0.0237134862691164,0.00841152761131525,0.0022145293187350035,0.02422202378511429,0.06856200844049454,0.744413435459137,0.05282948538661003,0.024695882573723793,0.009276380762457848,0.05365835875272751,0.11512646824121475
0,0,0.546387255191803,0,0.4554067552089691,0.546387255191803,0.019516456872224808,0.2770398259162903,0.006224834825843573,0.05404640734195709,0.09678523242473602,0.4554067552089691,0.03950637951493263,0.27668747305870056,0.017082570120692253,0.08341219276189804,0.1279045194387436
0,0,0.4385911822319031,0,0.39038795232772827,0.4385911822319031,0.029153289273381233,0.058651797473430634,0.01210616622120142,0.028064867481589317,0.4334327280521393,0.39038795232772827,0.05341487005352974,0.08920884877443314,0.028030067682266235,0.05194432660937309,0.38701385259628296
0,5,0.8318782448768616,5,0.7121202349662781,0.10066250711679459,0.0003205734246876091,0.054559361189603806,0.010128384456038475,0.0024509113281965256,0.8318782448768616,0.1512211710214615,0.0022264625877141953,0.09648288786411285,0.02804636023938656,0.009902922436594963,0.7121202349662781
0,5,0.7863166332244873,5,0.6686051487922668,0.15024325251579285,0.0006166415405459702,0.03491589054465294,0.026863625273108482,0.00104394624941051,0.7863166332244873,0.19851191341876984,0.003520682919770479,0.06804407387971878,0.05613745003938675,0.005180636420845985,0.6686051487922668
0,5,0.9290327429771423,5,0.8295322060585022,0.011218206956982613,0.0005993862869217992,0.040794022381305695,0.017240818589925766,0.001114848186261952,0.9290327429771423,0.032473113387823105,0.003785320557653904,0.08373131603002548,0.04450993612408638,0.005968161858618259,0.8295322060585022
0,5,0.8765062093734741,5,0.7505900859832764,0.06444402784109116,0.003803462255746126,0.012837916612625122,0.03745293244719505,0.0049554468132555485,0.8765062093734741,0.11058711260557175,0.013867194764316082,0.033854153007268906,0.07426334172487259,0.01683809980750084,0.7505900859832764
0,5,0.8249052166938782,5,0.7042518854141235,0.12317332625389099,0.02571619674563408,0.0006906674825586379,0.022065134719014168,0.0034495010040700436,0.8249052166938782,0.17449265718460083,0.0552886426448822,0.0038908470887690783,0.04941343516111374,0.012662571854889393,0.7042518854141235
0,5,0.8432145118713379,5,0.7344807386398315,0.1161419078707695,0.0006859555142000318,0.005514323245733976,0.03422475978732109,0.00021857931278645992,0.8432145118713379,0.17151609063148499,0.00397301372140646,0.018334103748202324,0.06997933238744736,0.0017167330952361226,0.7344807386398315
0,5,0.9025634527206421,5,0.8005517721176147,0.07525697350502014,0.0003737948718480766,0.013463156297802925,0.00499721011146903,0.003345365868881345,0.9025634527206421,0.12935443222522736,0.002638806588947773,0.03659455478191376,0.017685573548078537,0.01317490916699171,0.8005517721176147
0,5,0.9614427089691162,5,0.8874019384384155,0.015803508460521698,8.608186908531934e-05,0.006928558927029371,0.01563671976327896,0.00010235244553769007,0.9614427089691162,0.04355929419398308,0.0009508396033197641,0.02378680743277073,0.04322150722146034,0.0010796219576150179,0.8874019384384155
0,0,0.6162764430046082,0,0.5181142091751099,0.6162764430046082,0.07066816836595535,0.008308088406920433,0.0013649127213284373,0.04189326986670494,0.2614890933036804,0.5181142091751099,0.1057659238576889,0.021989285945892334,0.005843893624842167,0.07206729799509048,0.27621933817863464
0,0,0.9468408823013306,0,0.8759256601333618,0.9468408823013306,0.003646165831014514,0.0007757791317999363,0.00032381751225329936,0.0006210122373886406,0.04779240861535072,0.8759256601333618,0.014825178310275078,0.004763033241033554,0.002508946694433689,0.004045579116791487,0.09793155640363693
0,5,0.9287919402122498,5,0.8285388350486755,0.011403854005038738,0.0030872721690684557,0.04673648625612259,0.0013450485421344638,0.008635416626930237,0.9287919402122498,0.032833416014909744,0.012588102370500565,0.09242340177297592,0.006842505652457476,0.026773720979690552,0.8285388350486755
0,0,0.6357402205467224,0,0.561097264289856,0.6357402205467224,0.007948135025799274,0.01864248886704445,0.006545728072524071,0.0021731241140514612,0.32895034551620483,0.561097264289856,0.022532150149345398,0.04211584851145744,0.01954098977148533,0.00870158988982439,0.346012145280838
0,0,0.523535430431366,0,0.4598279893398285,0.523535430431366,0.0034831000957638025,0.052046846598386765,0.043403446674346924,0.00298109813593328,0.37455010414123535,0.4598279893398285,0.011623910628259182,0.08453304320573807,0.07398772984743118,0.010369592346251011,0.3596576750278473
0,0,0.8413900136947632,0,0.7066355347633362,0.8413900136947632,0.02104579098522663,0.027172740548849106,0.009080094285309315,0.007796958088874817,0.09351437538862228,0.7066355347633362,0.047199398279190063,0.05693160742521286,0.025473130866885185,0.022779125720262527,0.1409812867641449
0,5,0.6045591831207275,5,0.5162011384963989,0.27639663219451904,0.021438173949718475,0.002801894908770919,0.09268302470445633,0.0021211064886301756,0.6045591831207275,0.2906906008720398,0.04454248771071434,0.010008762590587139,0.13039712607860565,0.008159885182976723,0.5162011384963989
0,5,0.9155926704406738,5,0.8028998970985413,0.03665076568722725,0.0032888909336179495,0.03286378085613251,0.008065721951425076,0.0035382015630602837,0.9155926704406738,0.07572384923696518,0.012913013808429241,0.06990059465169907,0.02493855357170105,0.01362417172640562,0.8028998970985413
0,5,0.8762467503547668,5,0.7633114457130432,0.08968659490346909,0.0010823695920407772,0.019722742959856987,0.01084762904793024,0.002413924317806959,0.8762467503547668,0.1433560997247696,0.005609544925391674,0.0471867099404335,0.03043183870613575,0.010104375891387463,0.7633114457130432
0,5,0.6109711527824402,5,0.5149962902069092,0.06718038022518158,0.010408591479063034,0.28103214502334595,0.02443998120725155,0.005967672914266586,0.6109711527824402,0.10194163769483566,0.025951771065592766,0.291309118270874,0.04854615405201912,0.017255017533898354,0.5149962902069092
0,5,0.6289489269256592,5,0.5470321178436279,0.3161635994911194,0.006071532145142555,0.023132961243391037,0.024495763704180717,0.0011872289469465613,0.6289489269256592,0.3302592933177948,0.018171101808547974,0.04848527908325195,0.05056492239236832,0.005487361922860146,0.5470321178436279
0,0,0.9583451747894287,0,0.8918166756629944,0.9583451747894287,0.002403934020549059,0.0010018344037234783,0.0006585984374396503,0.0010262278374284506,0.03656419366598129,0.8918166756629944,0.011021080426871777,0.005798647180199623,0.004262507893145084,0.005901902448385954,0.08119920641183853
0,5,0.6643024682998657,5,0.5626277923583984,0.2693052887916565,0.027453549206256866,0.019515998661518097,0.009579452686011791,0.009843272157013416,0.6643024682998657,0.290083646774292,0.05431949347257614,0.04228788614273071,0.025088051334023476,0.02559315226972103,0.5626277923583984
0,5,0.7402802109718323,5,0.643998920917511,0.22954608500003815,0.003712984500452876,0.019356554374098778,0.003066480392590165,0.004037656355649233,0.7402802109718323,0.27276021242141724,0.013231905177235603,0.044438574463129044,0.011499127373099327,0.01407128106802702,0.643998920917511
0,5,0.972269594669342,5,0.9139115810394287,0.022021209821105003,0.0008466244908049703,0.0029940297827124596,0.0012907561613246799,0.0005777966580353677,0.972269594669342,0.056756168603897095,0.00519662955775857,0.01312811579555273,0.0070811049081385136,0.003926359117031097,0.9139115810394287
0,5,0.9649491906166077,5,0.902130663394928,0.02827274054288864,0.0015204926021397114,0.0004485284152906388,0.004746659658849239,6.237194611458108e-05,0.9649491906166077,0.0676724910736084,0.007926282472908497,0.0032364404760301113,0.018273085355758667,0.0007610899629071355,0.902130663394928
0,5,0.6110450029373169,5,0.564541757106781,0.37946394085884094,0.002150955144315958,0.004220583010464907,0.0022652887273579836,0.0008542528958059847,0.6110450029373169,0.3980083465576172,0.008945684880018234,0.014668879099190235,0.009292149916291237,0.004543268587440252,0.564541757106781
0,5,0.7531353831291199,5,0.618025004863739,0.07556091248989105,0.001422325731255114,0.10675036907196045,0.05351979285478592,0.009611188434064388,0.7531353831291199,0.1143810972571373,0.006201670039445162,0.14738783240318298,0.08880943059921265,0.025194985792040825,0.618025004863739
0,5,0.8155645132064819,5,0.7158932685852051,0.16625209152698517,0.004536666441708803,0.0063924165442585945,0.006487980950623751,0.0007663663709536195,0.8155645132064819,0.22288993000984192,0.015869619324803352,0.0204096008092165,0.020633026957511902,0.004304596688598394,0.7158932685852051
0,5,0.8735651969909668,5,0.7568992376327515,0.02491878531873226,0.011978712864220142,0.004017834085971117,0.08497554063796997,0.000543910835403949,0.8735651969909668,0.05567324534058571,0.03252709284424782,0.014593726024031639,0.1369418054819107,0.003364936448633671,0.7568992376327515
0,5,0.8879685401916504,5,0.7682276964187622,0.05324941128492355,0.0015256538754329085,0.02381175383925438,0.032411836087703705,0.0010327792260795832,0.8879685401916504,0.09746569395065308,0.007192192133516073,0.05400171875953674,0.06771089881658554,0.005401786416769028,0.7682276964187622
0,0,0.8345931768417358,0,0.7294841408729553,0.8345931768417358,0.011349821463227272,0.008351615630090237,0.0008795590838417411,0.0025957326870411634,0.14223003387451172,0.7294841408729553,0.031158845871686935,0.024879368022084236,0.004771411418914795,0.010555540211498737,0.19915075600147247
0,0,0.6902072429656982,0,0.5680049657821655,0.6902072429656982,0.020750176161527634,0.06302386522293091,0.001588578918017447,0.03539557382464409,0.18903470039367676,0.5680049657821655,0.043420687317848206,0.09810545295476913,0.006589943543076515,0.06424818933010101,0.21963079273700714
0,5,0.5610703825950623,5,0.47057101130485535,0.2887435853481293,0.02027600258588791,0.04941434785723686,0.07761625945568085,0.0028794656973332167,0.5610703825950623,0.2890346944332123,0.04117264971137047,0.07915066182613373,0.1102382242679596,0.009832766838371754,0.47057101130485535
0,5,0.7294195294380188,5,0.6527595520019531,0.2594418525695801,0.0028096670284867287,0.0017018882790580392,0.0060833292081952095,0.0005437704967334867,0.7294195294380188,0.3057520389556885,0.011050265282392502,0.007649434730410576,0.019476819783449173,0.0033118564169853926,0.6527595520019531
0,0,0.8694576025009155,0,0.7610049843788147,0.8694576025009155,0.020599979907274246,0.002300603548064828,0.0002945724409073591,0.006989039480686188,0.10035818815231323,0.7610049843788147,0.04884839802980423,0.009780311025679111,0.002164803445339203,0.022101249545812607,0.15610016882419586
0,5,0.602608859539032,5,0.4903804063796997,0.05346367880702019,0.015723228454589844,0.18411050736904144,0.13364197313785553,0.01045177225023508,0.602608859539032,0.08292801678180695,0.0337853878736496,0.20545224845409393,0.1624155193567276,0.02503839321434498,0.4903804063796997
0,0,0.5695123076438904,0,0.49636510014533997,0.5695123076438904,0.03949900344014168,0.014856779016554356,0.0027688643895089626,0.01674315147101879,0.3566198945045471,0.49636510014533997,0.07006604224443436,0.03419281169772148,0.009968111291527748,0.03732699155807495,0.35208094120025635
0,5,0.5383423566818237,5,0.47220221161842346,0.35874900221824646,0.03495978191494942,0.063772052526474,0.0004927057307213545,0.003684086026623845,0.5383423566818237,0.3505910634994507,0.06351417303085327,0.09872125834226608,0.0027849143370985985,0.01218634657561779,0.47220221161842346
0,5,0.6727391481399536,5,0.5695510506629944,0.24834637343883514,0.004574483726173639,0.03255957365036011,0.03950561210513115,0.002274781698361039,0.6727391481399536,0.27415546774864197,0.014629903249442577,0.061744485050439835,0.07115641236305237,0.008762665092945099,0.5695510506629944
0,0,0.5473582744598389,0,0.5062296390533447,0.5473582744598389,0.022760063409805298,0.0009220889769494534,0.004374800715595484,0.0013515790924429893,0.4232330918312073,0.5062296390533447,0.04909534379839897,0.0046713282354176044,0.014640484936535358,0.006184212863445282,0.41917896270751953
0,0,0.8110541105270386,0,0.6972732543945312,0.8110541105270386,0.0033852383494377136,0.010496149770915508,0.021047435700893402,0.002493205014616251,0.1515238881111145,0.6972732543945312,0.012519889511168003,0.028718991205096245,0.047848645597696304,0.010003287345170975,0.20363599061965942
0,5,0.8753082752227783,5,0.746701180934906,0.073100246489048,0.012797490693628788,0.011706898920238018,0.021718760952353477,0.005368351936340332,0.8753082752227783,0.12079361826181412,0.03363464027643204,0.03150686249136925,0.04958203062415123,0.017781754955649376,0.746701180934906
0,5,0.8603601455688477,5,0.7329698204994202,0.086968794465065,0.006959724240005016,0.027043601498007774,0.00419965572655201,0.014468051493167877,0.8603601455688477,0.13640345633029938,0.021385908126831055,0.05789242312312126,0.014762863516807556,0.03658556193113327,0.7329698204994202
0,5,0.7094942331314087,5,0.5791398882865906,0.12102516740560532,0.0016020346665754914,0.10373555123806,0.05144244432449341,0.012700535356998444,0.7094942331314087,0.15821611881256104,0.006625499576330185,0.1412964016199112,0.0844583734869957,0.030263708904385567,0.5791398882865906
0,0,0.6642203330993652,0,0.5745478272438049,0.6642203330993652,0.039781372994184494,0.008634337224066257,0.001466076704673469,0.005640339571982622,0.28025761246681213,0.5745478272438049,0.07282570749521255,0.023741768673062325,0.006464180536568165,0.017371414229273796,0.3050491511821747
0,5,0.8989750146865845,5,0.7913936376571655,0.06991049647331238,0.0010029961122199893,0.02231001853942871,0.00458138482645154,0.003220145357772708,0.8989750146865845,0.12149889022111893,0.005397478584200144,0.052556637674570084,0.016451623290777206,0.01270176749676466,0.7913936376571655
0,5,0.9431246519088745,5,0.857539176940918,0.04393071308732033,0.0018533008405938745,0.004372849594801664,0.005161813460290432,0.0015566477086395025,0.9431246519088745,0.09038909524679184,0.008859585039317608,0.01663217693567276,0.018784651532769203,0.007795278448611498,0.857539176940918
0,5,0.6604788899421692,5,0.5781874060630798,0.2988995909690857,0.025528399273753166,0.000699683150742203,0.009069181978702545,0.005324271973222494,0.6604788899421692,0.32317087054252625,0.05314666032791138,0.003796225180849433,0.02487206645309925,0.016826821491122246,0.5781874060630798
0,0,0.4964815676212311,0,0.4780282974243164,0.4964815676212311,0.00952661782503128,0.003982794936746359,0.000970864319242537,0.0009413036168552935,0.4880969226360321,0.4780282974243164,0.02628587745130062,0.013862266205251217,0.0049210358411073685,0.004810649435967207,0.47209182381629944
0,0,0.7671673893928528,0,0.6564317941665649,0.7671673893928528,0.1429751217365265,0.0011151067446917295,0.0003039538860321045,0.00455750897526741,0.08388091623783112,0.6564317941665649,0.1913650929927826,0.005435895174741745,0.0020945603027939796,0.015270788222551346,0.12940184772014618
0,5,0.9500525593757629,5,0.8627016544342041,0.01495837327092886,0.0006544386851601303,0.00843490194529295,0.024934081360697746,0.000965676037594676,0.9500525593757629,0.041030403226614,0.0041304780170321465,0.02694999985396862,0.059692490845918655,0.0054949987679719925,0.8627016544342041
0,0,0.8841692805290222,0,0.7956833839416504,0.8841692805290222,0.002122873440384865,0.0017641325248405337,0.003389213467016816,0.00038693647366017103,0.10816770046949387,0.7956833839416504,0.00952226109802723,0.008312963880598545,0.013421734794974327,0.0027310485020279884,0.17032864689826965
0,5,0.973019003868103,5,0.9154162406921387,0.001992101315408945,0.00020177711849100888,0.0042562102898955345,0.020182399079203606,0.00034848402719944715,0.973019003868103,0.009746474213898182,0.0018164790235459805,0.017012016847729683,0.05329640954732895,0.002712344052270055,0.9154162406921387
0,5,0.45036420226097107,5,0.3673160970211029,0.1714990735054016,0.06984388828277588,0.18525144457817078,0.0897502601146698,0.033291082829236984,0.45036420226097107,0.18088369071483612,0.09357498586177826,0.1914159506559372,0.11247726529836655,0.05433201789855957,0.3673160970211029
0,0,0.5183473825454712,0,0.46419864892959595,0.5183473825454712,0.005574856419116259,0.10009361058473587,0.0030084189493209124,0.0013742770534008741,0.37160149216651917,0.46419864892959595,0.01669185422360897,0.13889510929584503,0.010615749284625053,0.0059744794853031635,0.3636241853237152
0,0,0.686012864112854,0,0.6046221256256104,0.686012864112854,0.01467259880155325,0.007831680588424206,0.000371165486285463,0.004749715328216553,0.286361962556839,0.6046221256256104,0.036003004759550095,0.02271405979990959,0.0024247639812529087,0.01573783904314041,0.3184982240200043
0,0,0.7297650575637817,0,0.6065164804458618,0.7297650575637817,0.00599279347807169,0.018587861210107803,0.02583855390548706,0.02674476057291031,0.1930708885192871,0.6065164804458618,0.017892807722091675,0.04105481132864952,0.052277062088251114,0.05361606180667877,0.2286427766084671
0,5,0.760379433631897,5,0.6427416205406189,0.0481257438659668,0.009841513819992542,0.17296011745929718,0.004386124201118946,0.004307031165808439,0.760379433631897,0.0848376676440239,0.02647525444626808,0.21687400341033936,0.01463276892900467,0.014438699930906296,0.6427416205406189
0,2,0.5669110417366028,2,0.47552525997161865,0.13236646354198456,0.0010982411913573742,0.5669110417366028,0.0170657429844141,0.03334965929389,0.24920882284641266,0.16355742514133453,0.0048617031425237656,0.47552525997161865,0.03638605773448944,0.05948614701628685,0.26018330454826355
0,0,0.6951978802680969,0,0.622105062007904,0.6951978802680969,0.008726122789084911,0.002454788889735937,0.002745141973719001,0.0008925159345380962,0.28998348116874695,0.622105062007904,0.025055071339011192,0.009880299679934978,0.010724861174821854,0.004703110549598932,0.3275316655635834
0,0,0.6771388649940491,0,0.593994677066803,0.6771388649940491,0.01741117425262928,0.0038571227341890335,0.010631986893713474,0.00104901019949466,0.2899119257926941,0.593994677066803,0.04048695042729378,0.013398712500929832,0.028193380683660507,0.005154295824468136,0.31877198815345764
0,0,0.48586297035217285,0,0.450839102268219,0.48586297035217285,0.006007797084748745,0.012291870079934597,0.02423272095620632,0.0035547458101063967,0.46804988384246826,0.450839102268219,0.0179587434977293,0.03036576695740223,0.04996506869792938,0.012219727039337158,0.4386516511440277
0,5,0.7399445176124573,5,0.6100945472717285,0.044088345021009445,0.01833214983344078,0.16613014042377472,0.004842439200729132,0.026662424206733704,0.7399445176124573,0.07703889161348343,0.04046603664755821,0.20389699935913086,0.01523717399686575,0.053266361355781555,0.6100945472717285
0,5,0.9673632979393005,5,0.8929542899131775,0.005320703610777855,0.0013197966618463397,0.016778772696852684,0.006450964137911797,0.0027664375957101583,0.9673632979393005,0.01963147707283497,0.007058744318783283,0.045594703406095505,0.022611577063798904,0.01214920450001955,0.8929542899131775
1,5,0.7169141173362732,5,0.5964502692222595,0.1837587058544159,0.005264835897833109,0.06860543042421341,0.017630664631724358,0.007826252840459347,0.7169141173362732,0.21968410909175873,0.01621082052588463,0.10662464797496796,0.03934691473841667,0.02168327569961548,0.5964502692222595
1,1,0.7588284015655518,1,0.6281324625015259,0.09585730731487274,0.7588284015655518,0.002840750152245164,0.0017160874558612704,0.045006874948740005,0.09575053304433823,0.13766111433506012,0.6281324625015259,0.010413138195872307,0.007194160018116236,0.07905049622058868,0.13754858076572418
1,5,0.6014857888221741,5,0.5370338559150696,0.3605920076370239,0.025413379073143005,0.004471521358937025,0.005937229376286268,0.0021001454442739487,0.6014857888221741,0.3689499497413635,0.05269661918282509,0.014727531000971794,0.018132969737052917,0.00845914427191019,0.5370338559150696
1,5,0.5310320258140564,5,0.47232306003570557,0.3861798048019409,0.06117437407374382,0.0041219983249902725,0.015060718171298504,0.0024310906883329153,0.5310320258140564,0.3738918602466583,0.09674470126628876,0.013369939289987087,0.03459461033344269,0.009075865149497986,0.47232306003570557
1,5,0.528452455997467,5,0.458795428276062,0.2894023358821869,0.15670566260814667,0.0008645390626043081,0.02173905074596405,0.0028359610587358475,0.528452455997467,0.29495418071746826,0.18805505335330963,0.004143598489463329,0.0441456101834774,0.009906111285090446,0.458795428276062
1,5,0.7832893133163452,5,0.645601749420166,0.1174616739153862,0.014631669968366623,0.059449631720781326,0.016363272443413734,0.00880444422364235,0.7832893133163452,0.16046468913555145,0.0348077267408371,0.09736230969429016,0.037784699350595474,0.023978836834430695,0.645601749420166
1,5,0.5241024494171143,5,0.4359937906265259,0.2701192796230316,0.10195809602737427,0.07602836191654205,0.006533354986459017,0.021258406341075897,0.5241024494171143,0.26808834075927734,0.1311674416065216,0.10575945675373077,0.017470942810177803,0.04152010753750801,0.4359937906265259
1,5,0.9488129615783691,5,0.8646130561828613,0.020568568259477615,0.00035547465085983276,0.005238975398242474,0.024765562266111374,0.0002584725443739444,0.9488129615783691,0.051995716989040375,0.0026479142252355814,0.019062628969550133,0.05958486348390579,0.00209587044082582,0.8646130561828613
1,1,0.5733462572097778,1,0.47941604256629944,0.19959311187267303,0.5733462572097778,0.004721989389508963,0.0005460003740154207,0.06602800637483597,0.15576457977294922,0.22104480862617493,0.47941604256629944,0.014173409901559353,0.0029110542964190245,0.09817471355199814,0.18427997827529907
1,5,0.8050784468650818,5,0.6745625734329224,0.09124645590782166,0.0018657298060134053,0.08033010363578796,0.009184030815958977,0.012295294553041458,0.8050784468650818,0.13652819395065308,0.007865730673074722,0.12434296309947968,0.025327524170279503,0.031373001635074615,0.6745625734329224
1,5,0.8450067043304443,5,0.7436400651931763,0.1383647620677948,0.003923897631466389,0.0016757328994572163,0.006039013154804707,0.004989875014871359,0.8450067043304443,0.19715072214603424,0.01443922147154808,0.007734517566859722,0.019811950623989105,0.017223486676812172,0.7436400651931763
1,5,0.498496413230896,5,0.4407025873661041,0.40711838006973267,0.0463726669549942,0.02381514199078083,0.004294800106436014,0.019902503117918968,0.498496413230896,0.3798598349094391,0.07716330885887146,0.04732302203774452,0.013466907665133476,0.04148433730006218,0.4407025873661041
1,0,0.8838362097740173,0,0.7591930031776428,0.8838362097740173,0.04459572583436966,0.005219041835516691,0.0017218418652191758,0.01632574386894703,0.04830139875411987,0.7591930031776428,0.08485743403434753,0.017583400011062622,0.007793922442942858,0.040596600621938705,0.08997557312250137
1,5,0.8827608227729797,5,0.7738758325576782,0.0910511240363121,0.013463537208735943,0.007629926782101393,0.004134556744247675,0.0009600173216313124,0.8827608227729797,0.14616286754608154,0.035956405103206635,0.023703807964920998,0.015121250413358212,0.005179813597351313,0.7738758325576782
1,5,0.7291233539581299,5,0.6023718118667603,0.08381006866693497,0.028783485293388367,0.14648227393627167,0.0013197801308706403,0.01048104278743267,0.7291233539581299,0.12318363040685654,0.05623485520482063,0.18555229902267456,0.005859335418790579,0.026798123493790627,0.6023718118667603
1,5,0.6432701349258423,5,0.5063563585281372,0.07599963992834091,0.06624626368284225,0.10487483441829681,0.09014078974723816,0.019468287006020546,0.6432701349258423,0.10565558820962906,0.09552725404500961,0.1338157057762146,0.11974754184484482,0.03889758512377739,0.5063563585281372
1,5,0.9745126962661743,5,0.914349377155304,0.00903896614909172,0.0001580657553859055,0.0043448773212730885,0.011775539256632328,0.00016983761452138424,0.9745126962661743,0.02949509210884571,0.0015150897670537233,0.017231790348887444,0.035811591893434525,0.0015970817767083645,0.914349377155304
1,5,0.8278344869613647,5,0.7122814059257507,0.13278532028198242,0.020469553768634796,0.0021366507280617952,0.014885921031236649,0.001888067228719592,0.8278344869613647,0.18600055575370789,0.04717608541250229,0.008988563902676105,0.03734458610415459,0.008208791725337505,0.7122814059257507
1,0,0.4417186379432678,0,0.3908074200153351,0.4417186379432678,0.004153846297413111,0.26434555649757385,0.01454540342092514,0.013431279920041561,0.26180532574653625,0.3908074200153351,0.012734532356262207,0.26814377307891846,0.031938616186380386,0.030124790966510773,0.2662508189678192
1,5,0.4862864315509796,5,0.4394131600856781,0.4295422434806824,0.0543353371322155,0.018899118527770042,0.0016401174943894148,0.009296719916164875,0.4862864315509796,0.4011778235435486,0.0880102589726448,0.040553655475378036,0.00674779899418354,0.02409735694527626,0.4394131600856781
1,0,0.5700293183326721,0,0.48256951570510864,0.5700293183326721,0.0057455734349787235,0.053056154400110245,0.07967386394739151,0.002658410230651498,0.2888367176055908,0.48256951570510864,0.01654578559100628,0.0845278948545456,0.1139085590839386,0.00939963012933731,0.2930486500263214
1,2,0.8306419849395752,2,0.7090266942977905,0.0035239984281361103,0.0002719577751122415,0.8306419849395752,0.01722879149019718,0.03762568160891533,0.11070753633975983,0.012884172610938549,0.0019669514149427414,0.7090266942977905,0.04127948358654976,0.07321935147047043,0.16162340342998505
1,2,0.6368901133537292,2,0.5412955284118652,0.002311472315341234,0.003580237040296197,0.6368901133537292,0.018994048237800598,0.07815296202898026,0.26007115840911865,0.008771730586886406,0.012092183344066143,0.5412955284118652,0.04113570973277092,0.11613130569458008,0.2805735468864441
1,5,0.4700988829135895,5,0.4160073399543762,0.2031610608100891,0.29851534962654114,0.0011847494170069695,0.025070510804653168,0.001969476230442524,0.4700988829135895,0.22479130327701569,0.2981257140636444,0.005158743355423212,0.04842681065201759,0.007490117102861404,0.4160073399543762
1,1,0.518177330493927,1,0.45655956864356995,0.28299328684806824,0.518177330493927,0.003044447163119912,0.0030861091800034046,0.0032957918010652065,0.18940302729606628,0.29292309284210205,0.45655956864356995,0.010535179637372494,0.010640762746334076,0.011166546493768692,0.21817490458488464
1,5,0.78122478723526,5,0.636705219745636,0.09290364384651184,0.01880103163421154,0.035908982157707214,0.06391129642724991,0.007250296883285046,0.78122478723526,0.1334926337003708,0.04134099930524826,0.06646079570055008,0.10145290940999985,0.020547470077872276,0.636705219745636
1,0,0.47076988220214844,0,0.4205209016799927,0.47076988220214844,0.04829278588294983,0.05546016991138458,0.0005503633874468505,0.01144667062908411,0.41348013281822205,0.4205209016799927,0.07910710573196411,0.08756082504987717,0.002968054497614503,0.027510976418852806,0.3823321461677551
1,1,0.5807921886444092,1,0.5094051957130432,0.258079469203949,0.5807921886444092,0.00048487610183656216,0.0005734533770009875,0.0018368375021964312,0.158233180642128,0.2809351086616516,0.5094051957130432,0.002808398799970746,0.003176297526806593,0.007462050765752792,0.1962130069732666
2,5,0.5999086499214172,5,0.5160114765167236,0.011713854968547821,0.0006037561106495559,0.15244485437870026,0.23450671136379242,0.0008220997988246381,0.5999086499214172,0.02874014526605606,0.003262918209657073,0.18885570764541626,0.25903746485710144,0.004092304036021233,0.5160114765167236
2,5,0.9550596475601196,5,0.8712106943130493,0.013371520675718784,0.0009568413952365518,0.012983509339392185,0.017389826476573944,0.00023861498630139977,0.9550596475601196,0.03801541030406952,0.0054906862787902355,0.03720288723707199,0.04609832912683487,0.0019819983281195164,0.8712106943130493
2,5,0.840739369392395,5,0.7205559015274048,0.07606802135705948,0.0004831466940231621,0.0720403715968132,0.008308382704854012,0.002360699465498328,0.840739369392395,0.1236189529299736,0.003020389936864376,0.11878196150064468,0.02435002103447914,0.009672790765762329,0.7205559015274048
2,5,0.803591251373291,5,0.6944530010223389,0.004329252988100052,0.000991158653050661,0.03207189962267876,0.15604232251644135,0.0029740987811237574,0.803591251373291,0.015037033706903458,0.005097981076687574,0.06535317748785019,0.20864249765872955,0.011416349560022354,0.6944530010223389
2,5,0.8120636940002441,5,0.6667649149894714,0.05490703508257866,0.002380149206146598,0.04409432038664818,0.027130180969834328,0.05942459776997566,0.8120636940002441,0.09237944334745407,0.009236962534487247,0.07864917069673538,0.055072590708732605,0.09789697080850601,0.6667649149894714
2,5,0.9258325099945068,5,0.814206063747406,0.014451537281274796,0.0021945384796708822,0.02410578355193138,0.027524057775735855,0.0058916229754686356,0.9258325099945068,0.038479045033454895,0.009652536362409592,0.05600889399647713,0.06173216179013252,0.0199213195592165,0.814206063747406
2,5,0.625249445438385,5,0.5065698623657227,0.18403878808021545,0.013272511772811413,0.09116867929697037,0.011400171555578709,0.07487037777900696,0.625249445438385,0.20650984346866608,0.029997918754816055,0.1233435794711113,0.026830991730093956,0.10674788802862167,0.5065698623657227
2,5,0.7166557908058167,5,0.6118870377540588,0.23090265691280365,0.0187947116792202,0.021451778709888458,0.0004173621127847582,0.011777753941714764,0.7166557908058167,0.26655033230781555,0.04231506213545799,0.04662613943219185,0.0025900662876665592,0.030031301081180573,0.6118870377540588
2,0,0.7022696137428284,0,0.6245862245559692,0.7022696137428284,0.017073363065719604,0.0008023249683901668,0.0032538084778934717,0.000551299424842,0.2760496139526367,0.6245862245559692,0.040857359766960144,0.004334546625614166,0.012107711285352707,0.003291384782642126,0.3148227334022522
2,5,0.9426684975624084,5,0.845065712928772,0.02922731824219227,0.004723455291241407,0.015010358765721321,0.006211879663169384,0.0021584995556622744,0.9426684975624084,0.06607808917760849,0.017350630834698677,0.040525395423173904,0.021212808787822723,0.00976740662008524,0.845065712928772
2,4,0.4453130066394806,4,0.3814721703529358,0.049723733216524124,0.0472688265144825,0.3249703645706177,0.0042692190036177635,0.4453130066394806,0.12845483422279358,0.0763675794005394,0.0735827162861824,0.3027452230453491,0.01260753720998764,0.3814721703529358,0.15322479605674744
2,5,0.6900674104690552,5,0.5724359750747681,0.19591130316257477,0.007375984452664852,0.021967900916934013,0.07848376780748367,0.006193628069013357,0.6900674104690552,0.2272574007511139,0.020490767434239388,0.04563598334789276,0.11615428328514099,0.018025564029812813,0.5724359750747681
2,5,0.9811540246009827,5,0.9293726086616516,0.003934002481400967,0.00118746527004987,0.001687217503786087,0.011620502918958664,0.00041682994924485683,0.9811540246009827,0.016202811151742935,0.006728388834744692,0.008706360124051571,0.0358685739338398,0.003121239598840475,0.9293726086616516
2,5,0.5964741110801697,5,0.4994945228099823,0.09547267109155655,0.0016425203066319227,0.2350558042526245,0.06887740641832352,0.002477469854056835,0.5964741110801697,0.13023242354393005,0.0066100964322686195,0.252236932516098,0.10248945653438568,0.008936567232012749,0.4994945228099823
2,5,0.7001984119415283,5,0.6046220064163208,0.2585083544254303,0.009646840393543243,0.02298470214009285,0.0039013128262013197,0.00476042227819562,0.7001984119415283,0.2910577952861786,0.026073217391967773,0.0492989607155323,0.013419114984571934,0.015528902411460876,0.6046220064163208
2,5,0.6783707141876221,5,0.6118943095207214,0.004253016784787178,0.0016633481718599796,0.3099570870399475,0.0012050701770931482,0.004550789948552847,0.6783707141876221,0.014808510430157185,0.007436572574079037,0.3444277346134186,0.005870521999895573,0.015562321059405804,0.6118943095207214
2,5,0.6103253960609436,5,0.4942239820957184,0.10144593566656113,0.0025357825215905905,0.15443213284015656,0.02427832782268524,0.10698245465755463,0.6103253960609436,0.1324751079082489,0.008844273164868355,0.18031679093837738,0.04639775678515434,0.1377420276403427,0.4942239820957184
2,0,0.5339789390563965,0,0.45943203568458557,0.5339789390563965,0.009806793183088303,0.12108895182609558,0.00058150221593678,0.02765354886651039,0.3068902790546417,0.45943203568458557,0.024463912472128868,0.15467235445976257,0.0030782066751271486,0.05234239995479584,0.30601105093955994
2,5,0.7584407925605774,5,0.6294374465942383,0.1584351360797882,0.009143814444541931,0.04261835664510727,0.025067295879125595,0.006294534541666508,0.7584407925605774,0.19952039420604706,0.0246115755289793,0.07613655179738998,0.051580317318439484,0.018713731318712234,0.6294374465942383
2,0,0.7898444533348083,0,0.6519213914871216,0.7898444533348083,0.051845308393239975,0.004795859567821026,0.05271144583821297,0.005205295514315367,0.09559766203165054,0.6519213914871216,0.08838024735450745,0.015410896390676498,0.08946114778518677,0.016365602612495422,0.13846059143543243
2,5,0.8699679970741272,5,0.7432532906532288,0.061085667461156845,0.04916226118803024,0.010634665377438068,0.006153692491352558,0.0029957157094031572,0.8699679970741272,0.10586947947740555,0.09027711302042007,0.029358694329857826,0.01965256594121456,0.011588837020099163,0.7432532906532288
2,5,0.7874858379364014,5,0.6600227355957031,0.0688893124461174,0.005001417826861143,0.12261420488357544,0.004694603383541107,0.011314582079648972,0.7874858379364014,0.11046916246414185,0.01612565852701664,0.16863611340522766,0.015393771231174469,0.02935258112847805,0.6600227355957031
2,5,0.7700400352478027,5,0.6538094878196716,0.04287118837237358,0.0018469946226105094,0.16983753442764282,0.010096860118210316,0.00530737591907382,0.7700400352478027,0.07854893803596497,0.007818629965186119,0.21567222476005554,0.027189048007130623,0.016961639747023582,0.6538094878196716
2,5,0.5681613683700562,5,0.4923820197582245,0.2792988419532776,0.13984447717666626,0.004990159068256617,0.0011868757428601384,0.00651824614033103,0.5681613683700562,0.2924342453479767,0.1760387271642685,0.015260172076523304,0.005320421420037746,0.0185643769800663,0.4923820197582245
2,0,0.7040075063705444,0,0.5840162038803101,0.7040075063705444,0.03506648540496826,0.02835981547832489,0.001963348127901554,0.026641706004738808,0.20396114885807037,0.5840162038803101,0.06466200947761536,0.055336348712444305,0.007800777442753315,0.05285632237792015,0.2353283017873764
2,5,0.7097248435020447,5,0.5814080834388733,0.08789975941181183,0.0029119059909135103,0.15227529406547546,0.03100995160639286,0.016178222373127937,0.7097248435020447,0.12558652460575104,0.010308868251740932,0.18794628977775574,0.05847296863794327,0.03627723455429077,0.5814080834388733
2,5,0.9708300828933716,5,0.9078980684280396,0.006409693509340286,0.001129440381191671,0.0019040777115151286,0.019514253363013268,0.000212418133742176,0.9708300828933716,0.022821996361017227,0.006385067477822304,0.009366633370518684,0.05165434256196022,0.0018738822545856237,0.9078980684280396
2,5,0.7660642862319946,5,0.6643263101577759,0.0039031885098665953,3.415787432459183e-05,0.05144164338707924,0.17829516530036926,0.00026155964587815106,0.7660642862319946,0.013807913288474083,0.0004268079937901348,0.09157808870077133,0.22796030342578888,0.0019005496287718415,0.6643263101577759
2,5,0.6548905372619629,5,0.5536796450614929,0.2463882565498352,0.01195154245942831,0.006214295979589224,0.07593686878681183,0.004618466831743717,0.6548905372619629,0.2702517807483673,0.029345890507102013,0.01816158927977085,0.11395327746868134,0.01460779458284378,0.5536796450614929
2,5,0.8807081580162048,5,0.7810336947441101,0.004174366127699614,0.0004980936064384878,0.10156822204589844,0.011205536313354969,0.0018456445541232824,0.8807081580162048,0.015395056456327438,0.0032357433810830116,0.16010604798793793,0.03177030012011528,0.008459174074232578,0.7810336947441101
2,5,0.9263593554496765,5,0.8222062587738037,0.025667034089565277,0.0032932632602751255,0.036983031779527664,0.006333237048238516,0.001364076160825789,0.9263593554496765,0.059199582785367966,0.013123365119099617,0.07739315927028656,0.021203843876719475,0.006873767822980881,0.8222062587738037
2,2,0.5359315276145935,2,0.4556766450405121,0.13077332079410553,0.002018247963860631,0.5359315276145935,0.041850268840789795,0.007815315388143063,0.2816113829612732,0.16188304126262665,0.007587117608636618,0.4556766450405121,0.07017022371292114,0.020486606284976006,0.2841963469982147
2,5,0.8735456466674805,5,0.7538305521011353,0.03687594085931778,0.0001948748540598899,0.07023421674966812,0.01614212617278099,0.0030072121880948544,0.8735456466674805,0.07392245531082153,0.001578186871483922,0.11859569698572159,0.0403217114508152,0.011751393787562847,0.7538305521011353
2,5,0.9789994955062866,5,0.9216219186782837,0.008029731921851635,0.001353020896203816,0.008862899616360664,0.001935890642926097,0.0008189146174117923,0.9789994955062866,0.027164502069354057,0.007354670204222202,0.02920510433614254,0.009565532207489014,0.005088257137686014,0.9216219186782837
2,5,0.619446873664856,5,0.5274701714515686,0.018586060032248497,0.008403200656175613,0.29279547929763794,0.004872022196650505,0.0558963306248188,0.619446873664856,0.040263570845127106,0.022489288821816444,0.3043854534626007,0.01507591176778078,0.09031564742326736,0.5274701714515686
2,2,0.4863949120044708,2,0.4330809414386749,0.05318325012922287,0.006275476887822151,0.4863949120044708,0.00735044339671731,0.03143421933054924,0.4153616726398468,0.08537473529577255,0.017797742038965225,0.4330809414386749,0.019986899569630623,0.05804615467786789,0.3857135772705078
2,5,0.7685403823852539,5,0.678836464881897,0.2121824473142624,0.0005125075113028288,0.004311112221330404,0.01400645449757576,0.0004471227584872395,0.7685403823852539,0.2640341520309448,0.0031737235840409994,0.01514108944684267,0.035943321883678436,0.0028713110368698835,0.678836464881897
2,1,0.9975167512893677,1,0.9851110577583313,0.0016743779415264726,0.9975167512893677,1.379911395815725e-06,2.7383287033444503e-06,4.073630407219753e-05,0.000763930263929069,0.009066253900527954,0.9851110577583313,4.9511440010974184e-05,8.18613261799328e-05,0.0005933833308517933,0.00509781576693058
2,5,0.9105803966522217,5,0.8109846711158752,0.028116073459386826,0.0005416757776401937,0.05754081532359123,0.0020671661477535963,0.0011539071565493941,0.9105803966522217,0.06322135031223297,0.0034867108333855867,0.1069200411438942,0.009314519353210926,0.006072742864489555,0.8109846711158752
2,5,0.6746004819869995,5,0.5690823793411255,0.034674957394599915,0.0011757377069443464,0.2155185490846634,0.0004637411329895258,0.07356653362512589,0.6746004819869995,0.06447888165712357,0.005383928772062063,0.24636723101139069,0.002720573451370001,0.11196701973676682,0.5690823793411255
2,0,0.47966063022613525,0,0.4080742299556732,0.47966063022613525,0.015941046178340912,0.14739391207695007,0.01613553985953331,0.03436367213726044,0.3065051734447479,0.4080742299556732,0.03357601910829544,0.17169314622879028,0.033876094967126846,0.05898993834853172,0.2937905788421631
2,5,0.9766121506690979,5,0.9186519980430603,0.003581640077754855,0.0009285833803005517,0.014574865810573101,0.003982580732554197,0.0003201414947398007,0.9766121506690979,0.015001330524682999,0.0055717541836202145,0.04200824350118637,0.016215873882174492,0.002550777979195118,0.9186519980430603
2,2,0.8193798065185547,2,0.717728316783905,0.0018913665553554893,0.0001231423084391281,0.8193798065185547,0.01655489020049572,0.005827469751238823,0.156223326921463,0.008344780653715134,0.0011245536152273417,0.717728316783905,0.04098903387784958,0.019053537398576736,0.2127598524093628
2,5,0.8167464137077332,5,0.7296592593193054,0.17545904219150543,0.0020457934588193893,0.003189970040693879,0.001307452330365777,0.0012513307156041265,0.8167464137077332,0.23608894646167755,0.009007605724036694,0.012478367425501347,0.00648563401773572,0.0062801893800497055,0.7296592593193054
2,5,0.407077431678772,5,0.3598553240299225,0.34500741958618164,0.01695070043206215,0.17144764959812164,0.0041317418217659,0.05538506433367729,0.407077431678772,0.31872260570526123,0.03493553400039673,0.19080573320388794,0.012401417829096317,0.08327946811914444,0.3598553240299225
2,5,0.7072960734367371,5,0.5717536211013794,0.09035611897706985,0.013493401929736137,0.14069534838199615,0.0232703797519207,0.024888696148991585,0.7072960734367371,0.1263413429260254,0.03130633383989334,0.17484435439109802,0.04669657722115517,0.04905778914690018,0.5717536211013794
2,5,0.8637332320213318,5,0.7466194033622742,0.09689848124980927,0.010892385616898537,0.006149012129753828,0.021827882155776024,0.000499035872053355,0.8637332320213318,0.1499827802181244,0.030173171311616898,0.019834941253066063,0.05024762824177742,0.003142007626593113,0.7466194033622742
2,2,0.7413104176521301,2,0.645679771900177,0.012928356416523457,9.64715945883654e-05,0.7413104176521301,0.0059537398628890514,0.010728823021054268,0.22898221015930176,0.0331011526286602,0.0009102586773224175,0.645679771900177,0.018739944323897362,0.02886822819709778,0.2727007269859314
2,5,0.8642446994781494,5,0.7303817272186279,0.019738508388400078,0.011616292409598827,0.06996611505746841,0.004696574527770281,0.029737794771790504,0.8642446994781494,0.04563698545098305,0.030930407345294952,0.11548809707164764,0.01591595821082592,0.06164685636758804,0.7303817272186279
2,0,0.5765082836151123,0,0.485891193151474,0.5765082836151123,0.01245698519051075,0.08420675247907639,0.010808988474309444,0.021344201639294624,0.2946748435497284,0.485891193151474,0.02915048785507679,0.11845836043357849,0.026268161833286285,0.043274618685245514,0.29695725440979004
2,5,0.46385037899017334,5,0.4147099256515503,0.006119929254055023,0.0025664616841822863,0.25751709938049316,0.2652239203453064,0.00472225109115243,0.46385037899017334,0.017324667423963547,0.009157130494713783,0.26929745078086853,0.27518728375434875,0.014323614537715912,0.4147099256515503
2,5,0.9572252631187439,5,0.880714476108551,0.0027565190102905035,0.0004934299504384398,0.01889028213918209,0.020372407510876656,0.0002621325256768614,0.9572252631187439,0.012043875642120838,0.0034087523818016052,0.04943639412522316,0.05225343257188797,0.002143115969374776,0.880714476108551
2,5,0.6548241376876831,5,0.5808665752410889,0.03903797268867493,0.0008866057614795864,0.3028855323791504,0.0010818367591127753,0.001283955993130803,0.6548241376876831,0.07337768375873566,0.00456609670072794,0.3299140930175781,0.005283957347273827,0.005991532001644373,0.5808665752410889
2,5,0.9649903178215027,5,0.8942533731460571,0.002176172100007534,0.0003215686301700771,0.01846611313521862,0.012983431108295918,0.0010623587295413017,0.9649903178215027,0.010220927186310291,0.0025131250731647015,0.04907511547207832,0.037897977977991104,0.006039497908204794,0.8942533731460571
2,5,0.7248835563659668,5,0.5953826904296875,0.10785450786352158,0.0014779465273022652,0.12412098050117493,0.020196454599499702,0.021466510370373726,0.7248835563659668,0.14713415503501892,0.006319819949567318,0.16310755908489227,0.043043024837970734,0.04501276835799217,0.5953826904296875
2,0,0.7661320567131042,0,0.6793934106826782,0.7661320567131042,0.0009290907764807343,0.010385029949247837,0.0017786782700568438,0.0016911273123696446,0.2190840244293213,0.6793934106826782,0.004925854969769716,0.02895023673772812,0.007932549342513084,0.007644156459718943,0.2711537480354309
2,5,0.9447984099388123,5,0.8503822684288025,0.022397290915250778,0.0008140442078001797,0.017274964600801468,0.012895389460027218,0.0018199163023382425,0.9447984099388123,0.054607413709163666,0.004798002075403929,0.045134276151657104,0.03641998767852783,0.008657976984977722,0.8503822684288025
2,5,0.46291783452033997,5,0.4157838523387909,0.12405217438936234,0.001244384446181357,0.3890424966812134,0.013630008324980736,0.009113084524869919,0.46291783452033997,0.15822197496891022,0.005405847914516926,0.3659893274307251,0.03130200505256653,0.02329697273671627,0.4157838523387909
2,5,0.7216590642929077,5,0.6173176169395447,0.21769440174102783,0.012706444598734379,0.0036956428084522486,0.04381044581532478,0.0004340723971836269,0.7216590642929077,0.2562304139137268,0.03186974674463272,0.012878702953457832,0.07902780175209045,0.002675717929378152,0.6173176169395447
3,5,0.9823380708694458,5,0.9341024160385132,0.0057269553653895855,5.017568764742464e-05,0.008941726759076118,0.002806388773024082,0.0001367390068480745,0.9823380708694458,0.021432289853692055,0.0006630385178141296,0.02971920557320118,0.012699508108198643,0.0013835332356393337,0.9341024160385132
3,5,0.47188621759414673,5,0.4406328499317169,0.4711878299713135,0.0422842875123024,0.009167328476905823,0.0014729549875482917,0.004001467488706112,0.47188621759414673,0.4401543140411377,0.07506084442138672,0.024450380355119705,0.006392801646143198,0.013308754190802574,0.4406328499317169
3,5,0.8210875988006592,5,0.7186851501464844,0.15643221139907837,0.014795842580497265,0.0018703948007896543,0.004243013449013233,0.0015708914725109935,0.8210875988006592,0.21292690932750702,0.037738826125860214,0.008275171741843224,0.015093266032636166,0.007280685938894749,0.7186851501464844
3,5,0.5690306425094604,5,0.5091972351074219,0.014716345816850662,0.00046783994184806943,0.378601998090744,0.03417239338159561,0.003010691376402974,0.5690306425094604,0.03485483676195145,0.0027758979704231024,0.37762123346328735,0.06467027217149734,0.010880475863814354,0.5091972351074219
3,5,0.9124805331230164,5,0.8065382838249207,0.028067972511053085,0.0002936970558948815,0.014074936509132385,0.044735293835401535,0.0003475148696452379,0.9124805331230164,0.0626998022198677,0.002209621947258711,0.037785910069942474,0.08826638013124466,0.002499954542145133,0.8065382838249207
3,5,0.6684553623199463,5,0.6007643342018127,0.012852098792791367,0.002769147278741002,0.002076473319903016,0.3135690689086914,0.00027786323335021734,0.6684553623199463,0.03308326378464699,0.010727670043706894,0.008685187436640263,0.3447539210319519,0.0019856293220072985,0.6007643342018127
3,5,0.8617519736289978,5,0.7499186396598816,0.10962765663862228,0.008163869380950928,0.006956715136766434,0.012692193500697613,0.0008075634832493961,0.8617519736289978,0.16520243883132935,0.0245690755546093,0.02184755727648735,0.03396213799715042,0.004500174894928932,0.7499186396598816
3,5,0.8402118682861328,5,0.7497005462646484,0.1503598839044571,0.00048713668365962803,0.005079369060695171,0.0016070199199020863,0.0022547568660229445,0.8402118682861328,0.21214261651039124,0.0031630329322069883,0.017665401101112366,0.007593296002596617,0.009735123254358768,0.7497005462646484
3,5,0.9471656084060669,5,0.8578006029129028,0.011058511212468147,0.0008272318518720567,0.01601450704038143,0.02455942891538143,0.00037478312151506543,0.9471656084060669,0.03276040405035019,0.004888276103883982,0.04298729449510574,0.058828938752412796,0.002734488109126687,0.8578006029129028
3,5,0.9249698519706726,5,0.8303740620613098,0.009104297496378422,0.001679932582192123,0.058501217514276505,0.0028805825859308243,0.0028640867676585913,0.9249698519706726,0.027978966012597084,0.008097140118479729,0.10954654216766357,0.012026932090520859,0.011976358480751514,0.8303740620613098
3,5,0.5347442626953125,5,0.46020179986953735,0.008236450143158436,0.0005395952612161636,0.2989709973335266,0.1305437833070755,0.026964910328388214,0.5347442626953125,0.021537331864237785,0.0029156520031392574,0.30038440227508545,0.16354598104953766,0.05141489580273628,0.46020179986953735
3,5,0.6967000961303711,5,0.6018470525741577,0.26171818375587463,0.01994149386882782,0.011699475347995758,0.0015543093904852867,0.00838634092360735,0.6967000961303711,0.29343336820602417,0.04437931999564171,0.03000977821648121,0.00682469317689538,0.023505782708525658,0.6018470525741577
3,5,0.985750675201416,5,0.9471316933631897,0.0011705581564456224,0.00013187240983825177,0.001623873133212328,0.0112914415076375,3.1558385671814904e-05,0.985750675201416,0.006761963479220867,0.001362551818601787,0.008597549051046371,0.03566908463835716,0.0004771976382471621,0.9471316933631897
3,5,0.7069938778877258,5,0.579086422920227,0.04019185155630112,0.006606380920857191,0.034116920083761215,0.1860266923904419,0.02606426365673542,0.7069938778877258,0.07064595073461533,0.01878196746110916,0.06264282763004303,0.21742843091487885,0.051414355635643005,0.579086422920227
3,0,0.7150101661682129,0,0.6149091720581055,0.7150101661682129,0.13590344786643982,0.0004420230688992888,0.0006800866685807705,0.0007201092666946352,0.1472441405057907,0.6149091720581055,0.18186773359775543,0.002719415118917823,0.0037304768338799477,0.0038903187960386276,0.1928829401731491
3,2,0.7321498990058899,2,0.6330018639564514,0.005357613321393728,0.0002693193673621863,0.7321498990058899,0.020766522735357285,0.012338632717728615,0.22911803424358368,0.017159365117549896,0.0019126988481730223,0.6330018639564514,0.04636634513735771,0.03164582699537277,0.26991382241249084
3,5,0.5777068734169006,5,0.4766753017902374,0.16588200628757477,0.0052168723195791245,0.08265326917171478,0.16391249001026154,0.004628398921340704,0.5777068734169006,0.1908210664987564,0.015077466145157814,0.11446014046669006,0.1891561597585678,0.013809923082590103,0.4766753017902374
3,5,0.9634482264518738,5,0.9037514328956604,0.002551347715780139,4.398087185109034e-05,0.001708228257484734,0.03218981251120567,5.839803270646371e-05,0.9634482264518738,0.011621691286563873,0.0005907324957661331,0.008658485487103462,0.0746503472328186,0.0007273344090208411,0.9037514328956604
3,5,0.8419910669326782,5,0.7531915903091431,0.006596366874873638,4.724677273770794e-05,0.0036914346273988485,0.14759597182273865,7.790857489453629e-05,0.8419910669326782,0.0214653592556715,0.000572806631680578,0.014020581729710102,0.2099229097366333,0.000826754083391279,0.7531915903091431
3,5,0.9347342252731323,5,0.8266308903694153,0.026775820180773735,0.011140573769807816,0.01672356016933918,0.004504937678575516,0.006120880134403706,0.9347342252731323,0.060989849269390106,0.03205088898539543,0.0431797094643116,0.01649440824985504,0.020654285326600075,0.8266308903694153
3,5,0.9282845854759216,5,0.8369715213775635,0.054006677120923996,0.0011094937799498439,0.004260811489075422,0.011969570070505142,0.0003688221622724086,0.9282845854759216,0.10385412722826004,0.006004000082612038,0.01611347682774067,0.03438076004385948,0.0026761332992464304,0.8369715213775635
3,5,0.708385169506073,5,0.5884202122688293,0.026255784556269646,0.0016284965677186847,0.17637774348258972,0.07919374853372574,0.00815905537456274,0.708385169506073,0.052448734641075134,0.006820899900048971,0.21215960383415222,0.11790100485086441,0.022249557077884674,0.5884202122688293
3,5,0.9772221446037292,5,0.9240999817848206,0.0022962181828916073,0.00035741852479986846,0.0022751828655600548,0.01738995872437954,0.0004590263997670263,0.9772221446037292,0.010885406285524368,0.002780596725642681,0.010812155902385712,0.04808100312948227,0.003340889001265168,0.9240999817848206
3,5,0.5470649003982544,5,0.48345428705215454,0.3623758852481842,0.06562526524066925,0.0016777518903836608,0.022554364055395126,0.0007018013275228441,0.5470649003982544,0.3573650121688843,0.10201037675142288,0.006923841778188944,0.04659358039498329,0.003652860876172781,0.48345428705215454
3,0,0.5121846199035645,0,0.4411174952983856,0.5121846199035645,0.032135073095560074,0.044187698513269424,0.03507571294903755,0.007203643675893545,0.3692132830619812,0.4411174952983856,0.05785257741808891,0.07308178395032883,0.06169117987155914,0.019312575459480286,0.3469443619251251
3,5,0.92307049036026,5,0.8136029839515686,0.04221128672361374,0.00969812273979187,0.00979751255363226,0.013933349400758743,0.0012891869992017746,0.92307049036026,0.08460596203804016,0.028758009895682335,0.028973964974284172,0.037516217678785324,0.006542862858623266,0.8136029839515686
3,5,0.8059264421463013,5,0.6772527694702148,0.009455879218876362,0.008414773270487785,0.09941165149211884,0.07455896586179733,0.00223229406401515,0.8059264421463013,0.025958556681871414,0.023829329758882523,0.1458560675382614,0.1181023046374321,0.009000962600111961,0.6772527694702148
3,5,0.601915180683136,5,0.5439427495002747,0.3714825212955475,0.017394449561834335,0.002827300690114498,0.0033585692290216684,0.0030219240579754114,0.601915180683136,0.3817443251609802,0.04039265960454941,0.010650922544300556,0.012085230089724064,0.011184063740074635,0.5439427495002747
3,5,0.9868501424789429,5,0.9427917003631592,0.005683191120624542,0.0005343883531168103,0.003999718930572271,0.002227220218628645,0.0007053233566693962,0.9868501424789429,0.021438052877783775,0.003783318679779768,0.016567248851060867,0.010781917721033096,0.004637738224118948,0.9427917003631592
3,5,0.8924055695533752,5,0.7890897393226624,0.014264257624745369,0.0027961733285337687,0.00452228169888258,0.08530039340257645,0.0007113011088222265,0.8924055695533752,0.03794698789715767,0.011480245739221573,0.01633586920797825,0.14094217121601105,0.004204947967082262,0.7890897393226624
3,5,0.9635892510414124,5,0.8896578550338745,0.012890984304249287,0.0003681295202113688,0.0024028753396123648,0.018688175827264786,0.0020605677273124456,0.9635892510414124,0.0375460721552372,0.0027639316394925117,0.01094693411141634,0.049305547028779984,0.009779631160199642,0.8896578550338745
3,5,0.8472373485565186,5,0.7337127327919006,0.05910956487059593,0.0003109533281531185,0.006624861154705286,0.08651560544967651,0.0002016279031522572,0.8472373485565186,0.10402023792266846,0.002213351195678115,0.020881077274680138,0.13756190240383148,0.0016106803668662906,0.7337127327919006
3,5,0.9898331165313721,5,0.9526531100273132,0.005009579472243786,0.00039892285712994635,0.0027022515423595905,0.0015189587138593197,0.0005371602019295096,0.9898331165313721,0.019703464582562447,0.003078040201216936,0.012527273036539555,0.008209191262722015,0.0038289427757263184,0.9526531100273132
3,5,0.8270307779312134,5,0.7007416486740112,0.11603672057390213,0.0035203953739255667,0.014734259806573391,0.03291773051023483,0.005760053638368845,0.8270307779312134,0.16587035357952118,0.012764805927872658,0.036490555852651596,0.06581351906061172,0.018319107592105865,0.7007416486740112
3,5,0.6246529817581177,5,0.5431966781616211,0.2879519760608673,0.07862067967653275,0.0014330234844237566,0.005934876389801502,0.001406411756761372,0.6246529817581177,0.30775216221809387,0.11872854828834534,0.006287073250859976,0.01783427782356739,0.006201199721544981,0.5431966781616211
3,5,0.8121989369392395,5,0.7147318720817566,0.16863779723644257,0.007933687418699265,0.0008521545678377151,0.009941110387444496,0.00043635262409225106,0.8121989369392395,0.2255500704050064,0.02394833229482174,0.004659668076783419,0.0282584261149168,0.0028515656013041735,0.7147318720817566
3,5,0.9150744080543518,5,0.8137566447257996,0.04614026099443436,0.0016261619748547673,0.0037209023721516132,0.033228449523448944,0.00020980385306756943,0.9150744080543518,0.09091044217348099,0.007809328846633434,0.014333969913423061,0.07145138084888458,0.0017382031073793769,0.8137566447257996
3,5,0.8458729386329651,5,0.7507622838020325,0.1419546753168106,0.005274211522191763,0.0010662769200280309,0.004306244198232889,0.001525675063021481,0.8458729386329651,0.20266252756118774,0.018096430227160454,0.00560010876506567,0.015594962053000927,0.007283729035407305,0.7507622838020325
4,5,0.7675083875656128,5,0.6671695113182068,0.025123167783021927,0.0001755986304488033,0.19808968901634216,0.00221068412065506,0.006892453413456678,0.7675083875656128,0.05428629368543625,0.001422878005541861,0.24697910249233246,0.009125110693275928,0.021017078310251236,0.6671695113182068
4,0,0.6900963187217712,0,0.599297046661377,0.6900963187217712,0.026187842711806297,0.006160729564726353,0.0035938452929258347,0.00411617336794734,0.26984503865242004,0.599297046661377,0.0543498657643795,0.01879722625017166,0.012657714076340199,0.013982840813696384,0.3009151816368103
4,5,0.9277191162109375,5,0.8250592350959778,0.014599580317735672,0.0020323048811405897,0.043189916759729385,0.010685076005756855,0.0017739495960995555,0.9277191162109375,0.039225999265909195,0.009231487289071083,0.0869312733411789,0.031196944415569305,0.008355047553777695,0.8250592350959778
4,5,0.55183345079422,5,0.5214959979057312,0.0018156797159463167,0.0004714338865596801,0.43812742829322815,0.003840642748400569,0.003911396488547325,0.55183345079422,0.007864147424697876,0.002924052532762289,0.4402799606323242,0.013626069761812687,0.01380979735404253,0.5214959979057312
4,5,0.7099848985671997,5,0.5864624381065369,0.04321112483739853,0.016094224527478218,0.1932406723499298,0.004671559203416109,0.03279746323823929,0.7099848985671997,0.07521755248308182,0.0364433228969574,0.22573092579841614,0.014705166220664978,0.061440542340278625,0.5864624381065369
4,5,0.5001519918441772,5,0.47113850712776184,0.47268885374069214,0.008148455992341042,0.013595053926110268,0.0022537531331181526,0.0031618988141417503,0.5001519918441772,0.45201560854911804,0.022976256906986237,0.033449072390794754,0.008948544971644878,0.011471929028630257,0.47113850712776184
4,5,0.6900927424430847,5,0.5685299038887024,0.1952318549156189,0.006101004313677549,0.04671449586749077,0.008908037096261978,0.052951879799366,0.6900927424430847,0.22512602806091309,0.017705271020531654,0.07883651554584503,0.02337266318500042,0.08642955869436264,0.5685299038887024
4,5,0.9699838161468506,5,0.9003539681434631,0.01618153415620327,0.0008848456782288849,0.004989904351532459,0.0062461127527058125,0.0017138384282588959,0.9699838161468506,0.04467737674713135,0.005297255702316761,0.018846111372113228,0.022221336141228676,0.008603929542005062,0.9003539681434631
4,5,0.8915358781814575,5,0.7827364206314087,0.05465289205312729,0.002133550588041544,0.0034279862884432077,0.04798320680856705,0.0002665426582098007,0.8915358781814575,0.10092281550168991,0.009344803169369698,0.013233195059001446,0.09173139184713364,0.002031398471444845,0.7827364206314087
4,5,0.7401678562164307,5,0.61931973695755,0.11978009343147278,0.000694430316798389,0.016674093902111053,0.11816038191318512,0.004523174371570349,0.7401678562164307,0.16277986764907837,0.0037196320481598377,0.03830937296152115,0.16116200387477875,0.01470933947712183,0.61931973695755
4,5,0.9707102179527283,5,0.9097821116447449,0.004692566115409136,0.0004427058156579733,0.0023802469950169325,0.021523121744394302,0.0002510857302695513,0.9707102179527283,0.018194124102592468,0.0032186617609113455,0.011057215742766857,0.05562470853328705,0.002123102778568864,0.9097821116447449
4,5,0.5251414775848389,5,0.4409492015838623,0.13443684577941895,0.006372985430061817,0.27752140164375305,0.030343664810061455,0.026183567941188812,0.5251414775848389,0.16226232051849365,0.01732504926621914,0.2761654853820801,0.05444013327360153,0.048857804387807846,0.4409492015838623
4,5,0.8643211722373962,5,0.7375490665435791,0.06915993988513947,0.012690075673162937,0.04489251598715782,0.007582404650747776,0.0013538680505007505,0.8643211722373962,0.11562646180391312,0.033324986696243286,0.08420861512422562,0.022838808596134186,0.0064520700834691525,0.7375490665435791
4,5,0.47374218702316284,5,0.3940373957157135,0.2590830624103546,0.003071407089009881,0.10119270533323288,0.0703851655125618,0.09252552688121796,0.47374218702316284,0.25306570529937744,0.009773693047463894,0.1269616037607193,0.09727288782596588,0.11888871341943741,0.3940373957157135
4,5,0.9317971467971802,5,0.8337007761001587,0.039739880710840225,0.0003293836780358106,0.017885828390717506,0.00777080561965704,0.002476971596479416,0.9317971467971802,0.08237132430076599,0.0024466312024742365,0.045855410397052765,0.02487487532198429,0.010750963352620602,0.8337007761001587
4,5,0.803242564201355,5,0.6680384278297424,0.10168597102165222,0.0009897351264953613,0.02680746279656887,0.013630662113428116,0.053643640130758286,0.803242564201355,0.14663773775100708,0.0049004643224179745,0.055135514587163925,0.033567287027835846,0.0917205810546875,0.6680384278297424
4,5,0.8713660836219788,5,0.7635551691055298,0.008639490231871605,0.0008270925609394908,0.10137684643268585,0.01624845340847969,0.00154204573482275,0.8713660836219788,0.02586563676595688,0.0046252417378127575,0.1575344353914261,0.04111436754465103,0.0073051839135587215,0.7635551691055298
4,5,0.5377444624900818,5,0.4620736539363861,0.01500016450881958,0.003378133289515972,0.2345084547996521,0.004852966871112585,0.20451584458351135,0.5377444624900818,0.03343445807695389,0.011199146509170532,0.25134724378585815,0.014608909375965595,0.22733661532402039,0.4620736539363861
4,2,0.8312987089157104,2,0.7201113104820251,0.0022312102373689413,0.0004205367877148092,0.8312987089157104,0.00040921734762378037,0.0779847577214241,0.08765551447868347,0.009352042339742184,0.0027489683125168085,0.7201113104820251,0.002694482449442148,0.12686584889888763,0.1382274180650711
4,0,0.4499448537826538,0,0.3997228741645813,0.4499448537826538,0.029011176899075508,0.021392444148659706,0.00034963994403369725,0.11106059700250626,0.3882412910461426,0.3997228741645813,0.05348402261734009,0.042771294713020325,0.002090743975713849,0.1432073712348938,0.35872378945350647
5,5,0.8096630573272705,5,0.6933354139328003,0.1203702911734581,0.003607821185141802,0.003145117312669754,0.062233816832304,0.0009798880200833082,0.8096630573272705,0.17123804986476898,0.013061072677373886,0.011809850111603737,0.10553617775440216,0.005019451957195997,0.6933354139328003
5,0,0.5823100805282593,0,0.5324207544326782,0.5823100805282593,0.025452565401792526,0.00043525436194613576,0.003910119645297527,0.00048761474317871034,0.38740435242652893,0.5324207544326782,0.05356127768754959,0.0027065579779446125,0.0135505897924304,0.002941801445558667,0.39481908082962036
5,5,0.9932814836502075,5,0.9669625759124756,0.0029677811544388533,0.00014709765673615038,0.0005283791688270867,0.0030649846885353327,1.0212985216639936e-05,0.9932814836502075,0.013585920445621014,0.001498795347288251,0.003829953260719776,0.013910993933677673,0.00021173340792302042,0.9669625759124756
5,5,0.7857779860496521,5,0.6642981171607971,0.14532089233398438,0.004825720097869635,0.050305139273405075,0.011663279496133327,0.002107013016939163,0.7857779860496521,0.19256794452667236,0.015835007652640343,0.08842160552740097,0.030256154015660286,0.008621138520538807,0.6642981171607971
5,5,0.9540429711341858,5,0.8821260929107666,0.03908022120594978,0.0020628769416362047,0.0018552378751337528,0.0025313671212643385,0.00042730331188067794,0.9540429711341858,0.08461455255746841,0.009775957092642784,0.00904389563947916,0.01135982945561409,0.003079666756093502,0.8821260929107666
5,5,0.9669978618621826,5,0.8933513164520264,0.010147797875106335,0.003573792986571789,0.015702854841947556,0.0028670139145106077,0.0007106342818588018,0.9669978618621826,0.031549833714962006,0.014670819975435734,0.0434621199965477,0.012480732053518295,0.004485168494284153,0.8933513164520264
5,5,0.9570719003677368,5,0.8752699494361877,0.016761336475610733,0.0009477415005676448,0.016791753470897675,0.0004181980330031365,0.00800908263772726,0.9570719003677368,0.045009467750787735,0.005469281226396561,0.045069385319948196,0.003000834258273244,0.026181131601333618,0.8752699494361877
5,5,0.9946262240409851,5,0.9704741835594177,0.0028781325090676546,0.0007498347549699247,0.0004351957468315959,0.001266736420802772,4.3865522457053885e-05,0.9946262240409851,0.013318605720996857,0.004964474122971296,0.0033305403776466846,0.007293752860277891,0.0006185016827657819,0.9704741835594177
5,5,0.801455557346344,5,0.6782001852989197,0.01617160253226757,0.0012172018177807331,0.13693344593048096,0.006437702104449272,0.037784408777952194,0.801455557346344,0.03869450092315674,0.005799910519272089,0.18549880385398865,0.019685853272676468,0.07212072610855103,0.6782001852989197
5,5,0.8053543567657471,5,0.6698216199874878,0.09366364777088165,0.05739257484674454,0.004662526771426201,0.03526747599244118,0.003659404581412673,0.8053543567657471,0.1381596475839615,0.09645232558250427,0.015290136449038982,0.06747603416442871,0.012800244614481926,0.6698216199874878
5,5,0.9864077568054199,5,0.9432530403137207,0.007235812954604626,0.0009576665470376611,0.0016806296771392226,0.003611227497458458,0.00010687032045098022,0.9864077568054199,0.025615442544221878,0.005809190683066845,0.008776611648499966,0.015383254736661911,0.0011624509934335947,0.9432530403137207
5,5,0.5087789297103882,5,0.4140089154243469,0.23872318863868713,0.01753823086619377,0.09815608710050583,0.07808171957731247,0.05872182548046112,0.5087789297103882,0.23762473464012146,0.03499019891023636,0.12379447370767593,0.10466353595256805,0.08491814881563187,0.4140089154243469
5,5,0.9622358679771423,5,0.8936640024185181,0.003194394987076521,0.0006610641139559448,0.0302719883620739,0.001452237251214683,0.0021843668073415756,0.9622358679771423,0.01356496475636959,0.004270351957529783,0.07062937319278717,0.007607408799231052,0.010263903066515923,0.8936640024185181
5,5,0.6423863768577576,5,0.5839808583259583,0.3447297513484955,0.005925662815570831,0.001784667605534196,0.0041733598336577415,0.0010001049377024174,0.6423863768577576,0.36988571286201477,0.0187621358782053,0.007778473198413849,0.014506947249174118,0.005085819400846958,0.5839808583259583
5,5,0.9480221271514893,5,0.8695493936538696,0.04054773598909378,0.0004565739363897592,0.007943075150251389,0.002193975495174527,0.0008364541572518647,0.9480221271514893,0.08609384298324585,0.003201818559318781,0.026033414527773857,0.010129151865839958,0.004992387723177671,0.8695493936538696
5,5,0.9319362640380859,5,0.8447747230529785,0.0013710919301956892,7.66222074162215e-05,0.04237399995326996,0.02394750528037548,0.0002945316373370588,0.9319362640380859,0.0070579261519014835,0.0008502890705130994,0.08748013526201248,0.057553358376026154,0.0022835785057395697,0.8447747230529785
5,5,0.7596330642700195,5,0.6306594610214233,0.15974918007850647,0.04203544929623604,0.0068090143613517284,0.020781179890036583,0.010992173105478287,0.7596330642700195,0.20089122653007507,0.07543046772480011,0.019839758053421974,0.044985804706811905,0.02819322980940342,0.6306594610214233
5,0,0.6345846652984619,0,0.5701515674591064,0.6345846652984619,0.014773891307413578,0.0019848572555929422,0.0018022273434326053,0.004546558950096369,0.34230777621269226,0.5701515674591064,0.03612995147705078,0.008284303359687328,0.0077179064974188805,0.015217824839055538,0.3624984920024872
5,5,0.8029327988624573,5,0.6746789813041687,0.008369644172489643,0.0011790707940235734,0.1168118566274643,0.055040474981069565,0.015666140243411064,0.8029327988624573,0.02370995655655861,0.0056290095672011375,0.16400304436683655,0.09442267566919327,0.03755633905529976,0.6746789813041687
5,5,0.7179686427116394,5,0.5835435390472412,0.16801391541957855,0.018928106874227524,0.03226986527442932,0.017141591757535934,0.045677877962589264,0.7179686427116394,0.20104186236858368,0.04051046818494797,0.05991802737116814,0.03766840696334839,0.07731766253709793,0.5835435390472412
5,5,0.6194930672645569,5,0.5108012557029724,0.14482031762599945,0.0012517641298472881,0.1823362559080124,0.029352882876992226,0.022745754569768906,0.6194930672645569,0.17584802210330963,0.005386367905884981,0.2082279920578003,0.054519835859537125,0.04521654173731804,0.5108012557029724
5,5,0.9410377144813538,5,0.8569276332855225,0.006636005360633135,0.0003307259758003056,0.04650004208087921,0.0031095435842871666,0.0023859792854636908,0.9410377144813538,0.02260730229318142,0.0025041133631020784,0.0943242684006691,0.012963082641363144,0.010673604905605316,0.8569276332855225
5,5,0.9549524784088135,5,0.8751806020736694,0.005383546929806471,0.00021580152679234743,0.020935406908392906,0.018200768157839775,0.00031198534998111427,0.9549524784088135,0.019591933116316795,0.0018496641423553228,0.053066592663526535,0.04788710176944733,0.0024240571074187756,0.8751806020736694
5,5,0.943500816822052,5,0.8595625758171082,0.04322531446814537,0.0035339579917490482,0.0028296830132603645,0.006706875283271074,0.00020337948808446527,0.943500816822052,0.08950648456811905,0.014255296438932419,0.012110363692045212,0.02281045727431774,0.0017547931056469679,0.8595625758171082
5,5,0.9575852751731873,5,0.8847901821136475,0.009501599706709385,0.0009331622859463096,0.0008789411513134837,0.03049815259873867,0.0006029081414453685,0.9575852751731873,0.02998931147158146,0.005464090034365654,0.005229300819337368,0.07056133449077606,0.003965802490711212,0.8847901821136475
5,5,0.9109652638435364,5,0.8033549189567566,0.0181121863424778,0.0004912500735372305,0.05116276443004608,0.0009580145124346018,0.018310582265257835,0.9109652638435364,0.04534189775586128,0.0032139604445546865,0.0971369817852974,0.005246423184871674,0.045705776661634445,0.8033549189567566
5,5,0.898729681968689,5,0.7842746376991272,0.05069584771990776,0.02056918293237686,0.0013353493995964527,0.028206299990415573,0.0004636287339963019,0.898729681968689,0.09513337910175323,0.04907984659075737,0.0066000730730593204,0.061874862760305405,0.0030371788889169693,0.7842746376991272
5,5,0.759752631187439,5,0.6503329277038574,0.18775907158851624,0.002388005144894123,0.004477865993976593,0.04082927480340004,0.004793139174580574,0.759752631187439,0.23320052027702332,0.009483291767537594,0.01504127774387598,0.07613082230091095,0.015811191871762276,0.6503329277038574
5,5,0.6352320909500122,5,0.5080516934394836,0.03128312900662422,0.024196892976760864,0.1820792853832245,0.07788986712694168,0.049318742007017136,0.6352320909500122,0.05578400939702988,0.04620249569416046,0.20311935245990753,0.10893787443637848,0.07790455967187881,0.5080516934394836
5,5,0.7290225028991699,5,0.6154735684394836,0.05673753097653389,0.0033654551953077316,0.01743854582309723,0.19170232117176056,0.0017337382305413485,0.7290225028991699,0.0945441722869873,0.011899152770638466,0.03978485241532326,0.23098406195640564,0.00731420423835516,0.6154735684394836
5,2,0.5778148770332336,2,0.5039423704147339,0.04806221276521683,0.00036544312024489045,0.5778148770332336,0.014264206402003765,0.014755187556147575,0.34473809599876404,0.08128295093774796,0.002266251016408205,0.5039423704147339,0.033337514847517014,0.034175626933574677,0.34499529004096985
5,5,0.9588315486907959,5,0.8853290677070618,0.005819302052259445,0.0004612780758179724,0.00616199616342783,0.028576310724020004,0.0001496075274189934,0.9588315486907959,0.020921524614095688,0.003257322357967496,0.02181856893002987,0.06724764406681061,0.0014258571900427341,0.8853290677070618
5,5,0.4706416726112366,5,0.4171282649040222,0.016645222902297974,0.017636552453041077,0.40021684765815735,0.00540509819984436,0.08945466578006744,0.4706416726112366,0.03592374920845032,0.03748133406043053,0.3703573942184448,0.015739141032099724,0.12337017059326172,0.4171282649040222
5,5,0.8541264533996582,5,0.7123532295227051,0.04887431487441063,0.004504459444433451,0.04415242373943329,0.026461122557520866,0.021881217136979103,0.8541264533996582,0.08732127398252487,0.015185276977717876,0.08104848861694336,0.05566858872771263,0.0484231673181057,0.7123532295227051
5,2,0.463772177696228,2,0.40564852952957153,0.014613454230129719,0.0010866032680496573,0.463772177696228,0.06290028989315033,0.0897802785038948,0.36784717440605164,0.03209712728857994,0.0047682165168225765,0.40564852952957153,0.09366048872470856,0.12159992754459381,0.34222573041915894
5,5,0.875314474105835,5,0.7525113224983215,0.014879308640956879,0.001058347406797111,0.0778580754995346,0.021299777552485466,0.009590025059878826,0.875314474105835,0.037859685719013214,0.005444105248898268,0.12749706208705902,0.0492585152387619,0.02742929942905903,0.7525113224983215
5,5,0.96653151512146,5,0.896528959274292,0.01336749829351902,0.0002496124943718314,0.014742673374712467,0.004720934201031923,0.0003877342969644815,0.96653151512146,0.038770414888858795,0.0020897637587040663,0.04165830835700035,0.01806563138961792,0.002886888338252902,0.896528959274292
5,5,0.9557619690895081,5,0.8769823312759399,0.03136861324310303,0.0013441581977531314,0.006647513713687658,0.0034948932006955147,0.0013829004019498825,0.9557619690895081,0.07149762660264969,0.007088617887347937,0.02290341630578041,0.014290050603449345,0.007237954530864954,0.8769823312759399
5,5,0.9780998826026917,5,0.9191661477088928,0.006837585009634495,0.0005044556455686688,0.007544458378106356,0.0062994807958602905,0.0007141896639950573,0.9780998826026917,0.024094896391034126,0.0035589500330388546,0.025898370891809464,0.02268855646252632,0.004593072459101677,0.9191661477088928
5,5,0.7533543705940247,5,0.6554955244064331,0.012352677062153816,0.000267217488726601,0.21749363839626312,0.004853602033108473,0.011678416281938553,0.7533543705940247,0.03211783245205879,0.0019284896552562714,0.26345208287239075,0.016184069216251373,0.03082199953496456,0.6554955244064331
5,5,0.7834295630455017,5,0.6707914471626282,0.17687731981277466,0.006463709753006697,0.02173897996544838,0.007914097979664803,0.0035764111671596766,0.7834295630455017,0.2251017838716507,0.01985716074705124,0.04835006967186928,0.023036861792206764,0.01286268513649702,0.6707914471626282
5,5,0.8677725791931152,5,0.760084867477417,0.01099628210067749,3.3459215046605095e-05,0.021916257217526436,0.09878227114677429,0.0004992247559130192,0.8677725791931152,0.030826343223452568,0.00043894010013900697,0.051130395382642746,0.15433083474636078,0.003188629634678364,0.760084867477417
5,5,0.9433123469352722,5,0.8650186061859131,0.04892316088080406,0.0034434532281011343,0.0016618224326521158,0.0012357597006484866,0.0014234721893444657,0.9433123469352722,0.0986555889248848,0.01407736074179411,0.008248453959822655,0.006637155078351498,0.007362785749137402,0.8650186061859131
5,5,0.9180824160575867,5,0.8195363879203796,0.05408012121915817,0.0006597999599762261,0.004443713463842869,0.02201177552342415,0.000722128723282367,0.9180824160575867,0.10262086987495422,0.004047762602567673,0.016404416412115097,0.05306562781333923,0.00432491535320878,0.8195363879203796
5,0,0.7682286500930786,0,0.6652584075927734,0.7682286500930786,0.00723795872181654,0.0038312815595418215,0.017603818327188492,0.002216632477939129,0.20088180899620056,0.6652584075927734,0.02170766517519951,0.01361172366887331,0.04166899994015694,0.00911065936088562,0.24864254891872406
5,5,0.9095194339752197,5,0.7996991276741028,0.05649913474917412,0.020400281995534897,0.005868642590939999,0.006776015739887953,0.0009364474681206048,0.9095194339752197,0.10411737114191055,0.0493096187710762,0.019766485318541527,0.021965399384498596,0.005142016801983118,0.7996991276741028
5,5,0.9591454267501831,5,0.8793819546699524,0.012830359861254692,0.0007880724151618779,0.007039027288556099,0.019501103088259697,0.0006959883612580597,0.9591454267501831,0.03710990399122238,0.004791697021573782,0.023888887837529182,0.050453443080186844,0.004374176263809204,0.8793819546699524
5,5,0.9810076355934143,5,0.9324508905410767,0.013978149741888046,0.002371514216065407,0.0008509894250892103,0.0016965054674074054,9.521425818093121e-05,0.9810076355934143,0.04121528938412666,0.011215039528906345,0.00528726726770401,0.008771413937211037,0.0010600413661450148,0.9324508905410767
5,5,0.8080750107765198,5,0.7034343481063843,0.008983458392322063,0.003266707295551896,0.00789173785597086,0.16867586970329285,0.0031072439160197973,0.8080750107765198,0.025916367769241333,0.012337771244347095,0.02356613799929619,0.22285236418247223,0.011892958544194698,0.7034343481063843
5,5,0.9943443536758423,5,0.9712951183319092,0.0018317810026928782,8.074021752690896e-05,0.00029550815816037357,0.0034094571601599455,3.8127778680063784e-05,0.9943443536758423,0.009570566937327385,0.0009687321144156158,0.002509729005396366,0.015097248367965221,0.0005586371407844126,0.9712951183319092
5,5,0.9772844314575195,5,0.9205397367477417,0.011531840078532696,0.0018860945710912347,0.0011096213711425662,0.008108175359666348,7.983866089489311e-05,0.9772844314575195,0.03543116897344589,0.00938542652875185,0.006359436549246311,0.027362003922462463,0.0009222131338901818,0.9205397367477417
5,5,0.8295642137527466,5,0.7118059396743774,0.012570340186357498,0.0007592616602778435,0.11867587268352509,0.036562077701091766,0.0018682013032957911,0.8295642137527466,0.032915327697992325,0.004198117181658745,0.17090855538845062,0.07204461097717285,0.008127435110509396,0.7118059396743774
5,5,0.6214727163314819,5,0.5044307112693787,0.1213114783167839,0.10928518325090408,0.018157875165343285,0.12817233800888062,0.0016003475757315755,0.6214727163314819,0.15213491022586823,0.14091674983501434,0.03776145353913307,0.1584012806415558,0.006354891695082188,0.5044307112693787
5,0,0.7043420076370239,0,0.5875764489173889,0.7043420076370239,0.13098035752773285,0.005244388245046139,0.00035531457979232073,0.022028381004929543,0.13704951107501984,0.5875764489173889,0.17101812362670898,0.016132164746522903,0.0022384177427738905,0.0462377555668354,0.176797017455101
5,5,0.9375891089439392,5,0.8393269777297974,0.02783532440662384,0.002586095128208399,0.024537673220038414,0.0015625820960849524,0.005889147985726595,0.9375891089439392,0.0635727122426033,0.011120675131678581,0.057955075055360794,0.0076841735281050205,0.020340440794825554,0.8393269777297974
5,5,0.9312528967857361,5,0.828070878982544,0.02907615713775158,0.007292331662029028,0.005228250753134489,0.026510853320360184,0.0006395254167728126,0.9312528967857361,0.06508256494998932,0.02359144389629364,0.01848110370337963,0.060818202793598175,0.00395576748996973,0.828070878982544
5,5,0.9327176809310913,5,0.8224007487297058,0.025224514305591583,0.013919955119490623,0.011526557616889477,0.002886528382077813,0.013724790886044502,0.9327176809310913,0.05817016586661339,0.03760717436671257,0.0327455997467041,0.011856695637106895,0.03721959516406059,0.8224007487297058
5,5,0.9916340112686157,5,0.9580590724945068,0.0024544287007302046,0.00044250008068047464,0.0033213025890290737,0.001743505708873272,0.0004041868669446558,0.9916340112686157,0.011724231764674187,0.003335698740556836,0.014637313783168793,0.009122428484261036,0.003121257061138749,0.9580590724945068
5,5,0.8551311492919922,5,0.7435042858123779,0.06654825061559677,0.0013209989992901683,0.07473499327898026,0.0011858767829835415,0.0010788062354549766,0.8551311492919922,0.11420629918575287,0.006438227836042643,0.12435378134250641,0.005948166828602552,0.005549207329750061,0.7435042858123779
5,5,0.7680037617683411,5,0.6515568494796753,0.024583572521805763,0.003326485399156809,0.015508513897657394,0.18145659565925598,0.007121080998331308,0.7680037617683411,0.05215335637331009,0.012021251022815704,0.03719530627131462,0.22606059908866882,0.021012648940086365,0.6515568494796753
5,5,0.8741312026977539,5,0.755195677280426,0.09035897254943848,0.010571788996458054,0.014837740920484066,0.0055772485211491585,0.004523009527474642,0.8741312026977539,0.1428644210100174,0.02959706448018551,0.03795448690652847,0.018513148650527,0.015875205397605896,0.755195677280426
5,5,0.8350338339805603,5,0.7220332026481628,0.11573699116706848,0.04216979071497917,0.004212755244225264,0.002270590979605913,0.0005760150379501283,0.8350338339805603,0.1693851351737976,0.08075523376464844,0.014898916706442833,0.009466955438256264,0.0034605374094098806,0.7220332026481628
5,5,0.9428079128265381,5,0.853034496307373,0.03181859105825424,0.0010160934180021286,0.004641001112759113,0.01899651810526848,0.0007198993698693812,0.9428079128265381,0.07098294794559479,0.005671909544616938,0.017287524417042732,0.04861842840909958,0.004404764156788588,0.853034496307373
5,5,0.838914155960083,5,0.7014687657356262,0.07918111234903336,0.0041900030337274075,0.029271487146615982,0.038520537316799164,0.009922698140144348,0.838914155960083,0.1241362988948822,0.014368216507136822,0.05981526896357536,0.07316503673791885,0.027046460658311844,0.7014687657356262
5,5,0.8950366377830505,5,0.8006783723831177,0.0040971096605062485,0.00015991444524843246,0.011159798130393028,0.08908455818891525,0.0004620187100954354,0.8950366377830505,0.015384199097752571,0.0014242855831980705,0.032089587301015854,0.14732138812541962,0.0031021591275930405,0.8006783723831177
5,5,0.7011900544166565,5,0.5891942381858826,0.22378699481487274,0.024658584967255592,0.038031261414289474,0.008659581653773785,0.003673470113426447,0.7011900544166565,0.2548849582672119,0.05053131654858589,0.06944198906421661,0.023448575288057327,0.012498929165303707,0.5891942381858826
5,5,0.9518367648124695,5,0.8775100111961365,0.03901943191885948,0.0007044616504572332,0.0014203026657924056,0.006376288365572691,0.0006427272455766797,0.9518367648124695,0.08421862870454788,0.004428574815392494,0.007407846860587597,0.022294580936431885,0.0041403817012906075,0.8775100111961365
5,5,0.9762740135192871,5,0.9159311652183533,0.011678180657327175,0.0010980407241731882,0.0055185342207551,0.005210879724472761,0.00022035150323063135,0.9762740135192871,0.035608481615781784,0.006283843889832497,0.020544586703181267,0.01969785988330841,0.0019340608268976212,0.9159311652183533
5,5,0.9062289595603943,5,0.8084695339202881,0.06679750978946686,0.0032003193628042936,0.00048317087930627167,0.023147722706198692,0.00014232052490115166,0.9062289595603943,0.11933518201112747,0.012841224670410156,0.003207550384104252,0.05483819544315338,0.0013082862133160233,0.8084695339202881
5,5,0.9090783596038818,5,0.8239845633506775,0.08403928577899933,0.0025117876939475536,0.0009313831687904894,0.0025118619669228792,0.0009273389587178826,0.9090783596038818,0.14361153542995453,0.010931231081485748,0.0052790106274187565,0.010931471362709999,0.005262182094156742,0.8239845633506775
5,5,0.8685358166694641,5,0.7611735463142395,0.008639570325613022,0.00020812508591916412,0.104303739964962,0.015911441296339035,0.002401354955509305,0.8685358166694641,0.025846753269433975,0.0016794292023405433,0.16074030101299286,0.04045712947845459,0.010102863423526287,0.7611735463142395
5,2,0.5757843852043152,2,0.5259093642234802,0.0012788966996595263,0.00039053798536770046,0.5757843852043152,0.00846058502793312,0.01889168657362461,0.3951939344406128,0.005944317206740379,0.0024895560927689075,0.5259093642234802,0.023776497691869736,0.042865995317697525,0.39901429414749146
5,5,0.9576815962791443,5,0.8785277605056763,0.026990367099642754,0.0013738336274400353,0.006741813849657774,0.0064583150669932365,0.0007540359511040151,0.9576815962791443,0.0640496090054512,0.007205183617770672,0.023148026317358017,0.022429781034588814,0.004639659076929092,0.8785277605056763
5,5,0.688347578048706,5,0.5844524502754211,0.01201443187892437,0.0010840111644938588,0.08978844434022903,0.2070367932319641,0.001728741335682571,0.688347578048706,0.029980134218931198,0.005132903344929218,0.13113854825496674,0.2420669049024582,0.007229037582874298,0.5844524502754211
5,5,0.8583734035491943,5,0.7252328395843506,0.05442320927977562,0.00030528916977345943,0.04021941497921944,0.03561297431588173,0.01106565073132515,0.8583734035491943,0.09584905952215195,0.0021378786768764257,0.07677467912435532,0.07021964341402054,0.02978592738509178,0.7252328395843506
5,5,0.9200900197029114,5,0.8240922689437866,0.06161857768893242,0.001645120675675571,0.007873759604990482,0.008178959600627422,0.0005935838562436402,0.9200900197029114,0.11337800323963165,0.0079441387206316,0.025058159604668617,0.025767168030142784,0.0037603462114930153,0.8240922689437866
5,5,0.942379891872406,5,0.857040524482727,0.005126054398715496,0.0003744692075997591,0.01262536272406578,0.03922677040100098,0.00026739886379800737,0.942379891872406,0.01868904009461403,0.0027405526489019394,0.0362076461315155,0.08318168669939041,0.0021405741572380066,0.857040524482727
5,5,0.8626907467842102,5,0.7491728663444519,0.0033213584683835506,0.0005833369796164334,0.08020226657390594,0.050965551286935806,0.0022367723286151886,0.8626907467842102,0.012677758000791073,0.0035384302027523518,0.13111434876918793,0.0940108671784401,0.00948573462665081,0.7491728663444519
5,0,0.9920205473899841,0,0.9651879668235779,0.9920205473899841,0.0012233351590111852,0.00011068645108025521,8.149824861902744e-05,0.0001787354121915996,0.006385187152773142,0.9651879668235779,0.0070844534784555435,0.001215428696013987,0.0009709288715384901,0.0017275233985856175,0.023813748732209206
5,5,0.9708135724067688,5,0.9022248387336731,0.013739537447690964,0.005419487599283457,0.00149747624527663,0.008033848367631435,0.0004961204249411821,0.9708135724067688,0.03968162462115288,0.020052369683980942,0.007804121356457472,0.026767170056700706,0.003469894640147686,0.9022248387336731
5,5,0.9175055027008057,5,0.8053303956985474,0.02833142690360546,0.0005905223661102355,0.02791425585746765,0.02201629988849163,0.00364197907038033,0.9175055027008057,0.06278304755687714,0.003668383928015828,0.062103431671857834,0.05217769369482994,0.013937000185251236,0.8053303956985474
5,5,0.9371260404586792,5,0.8429291844367981,0.04276959225535393,0.0006816679378971457,0.008676240220665932,0.005807970184832811,0.004938486032187939,0.9371260404586792,0.08752883225679398,0.00420035095885396,0.027154598385095596,0.020228080451488495,0.01795891858637333,0.8429291844367981
5,5,0.9623490571975708,5,0.8867262601852417,0.014107797294855118,0.0004368156078271568,0.009865614585578442,0.01308365911245346,0.00015707015700172633,0.9623490571975708,0.04002051800489426,0.0031261960975825787,0.03078320436179638,0.03786769136786461,0.0014760621124878526,0.8867262601852417
5,5,0.9570146799087524,5,0.8750311136245728,0.010250597260892391,0.0027852491475641727,0.002611922100186348,0.025541475042700768,0.0017960116965696216,0.9570146799087524,0.03137015551328659,0.012059483677148819,0.011504177935421467,0.06129499897360802,0.008740152232348919,0.8750311136245728
5,5,0.9660753607749939,5,0.8906201720237732,0.010756602510809898,0.004813667386770248,0.00379934161901474,0.014186371117830276,0.0003686293784994632,0.9660753607749939,0.03285006806254387,0.018210846930742264,0.015308395959436893,0.04024609550833702,0.002764445962384343,0.8906201720237732
5,5,0.5250492095947266,5,0.4567843973636627,0.36037877202033997,0.0655246153473854,0.03687484189867973,0.0014473546762019396,0.010725226253271103,0.5250492095947266,0.34657344222068787,0.09922005236148834,0.06507499516010284,0.00604954594746232,0.026297546923160553,0.4567843973636627
5,5,0.9231186509132385,5,0.8113777041435242,0.02673395350575447,0.005041986703872681,0.02993367426097393,0.01312765758484602,0.0020441184751689434,0.9231186509132385,0.06034689024090767,0.01774679310619831,0.06556575745344162,0.035812415182590485,0.009150411933660507,0.8113777041435242
5,5,0.9539416432380676,5,0.8767533898353577,0.03323903679847717,0.0010936278849840164,0.009235458448529243,0.0016515589086338878,0.0008387131383642554,0.9539416432380676,0.0746862143278122,0.006100008729845285,0.029185401275753975,0.008254298940300941,0.005020736251026392,0.8767533898353577
5,5,0.8946999311447144,5,0.783576488494873,0.0320994071662426,0.0008083409629762173,0.010134329088032246,0.06145462766289711,0.000803333823569119,0.8946999311447144,0.06819574534893036,0.00457770423963666,0.029268046841025352,0.10982516407966614,0.004556881729513407,0.783576488494873
5,5,0.5339849591255188,5,0.4645726978778839,0.15642401576042175,0.0022800699807703495,0.2930915653705597,0.007580782752484083,0.006638591177761555,0.5339849591255188,0.18872427940368652,0.008482031524181366,0.29916226863861084,0.020479422062635422,0.018579283729195595,0.4645726978778839
5,5,0.9783117175102234,5,0.9251135587692261,0.015007159672677517,0.00040103867650032043,0.0033954160753637552,0.0026340142358094454,0.0002507343015167862,0.9783117175102234,0.043165624141693115,0.0030265699606388807,0.014507952146232128,0.012041976675391197,0.0021443550940603018,0.9251135587692261
5,5,0.961618185043335,5,0.8886569738388062,0.027080276980996132,0.0003676996857393533,0.005632949993014336,0.003359683556482196,0.0019411625107750297,0.961618185043335,0.06475117802619934,0.0027626038063317537,0.02046102099120617,0.014004195109009743,0.009364075027406216,0.8886569738388062
5,5,0.9634589552879333,5,0.8936244249343872,0.02387802116572857,0.0013073139125481248,0.0011962096905335784,0.009833725169301033,0.0003256946802139282,0.9634589552879333,0.05928695201873779,0.007035807706415653,0.0065919384360313416,0.030922913923859596,0.00253791525028646,0.8936244249343872
5,5,0.7647537589073181,5,0.6638852953910828,0.008404488675296307,0.0005202700849622488,0.20656879246234894,0.00982292927801609,0.009929699823260307,0.7647537589073181,0.024253448471426964,0.0031496393494307995,0.25410786271095276,0.027193594723939896,0.027410149574279785,0.6638852953910828
5,5,0.9429205656051636,5,0.8560471534729004,0.04108753800392151,0.007224270608276129,0.0008684528293088078,0.006819887086749077,0.0010792886605486274,0.9429205656051636,0.08592288196086884,0.024001000449061394,0.005072162952274084,0.023007776588201523,0.005949053447693586,0.8560471534729004
5,5,0.8344531059265137,5,0.7360162734985352,0.1504863053560257,0.005365841090679169,0.001316437846980989,0.0056173475459218025,0.002760922536253929,0.8344531059265137,0.20945307612419128,0.018146676942706108,0.006472441833466291,0.018766919150948524,0.011144595220685005,0.7360162734985352
5,5,0.7181918621063232,5,0.6427003145217896,0.006193609908223152,9.170022531179711e-05,0.008817720226943493,0.26665017008781433,5.499282997334376e-05,0.7181918621063232,0.019653545692563057,0.0008934879442676902,0.0254682507365942,0.3106703758239746,0.0006139895413070917,0.6427003145217896
5,5,0.8664227724075317,5,0.7466551661491394,0.07075287401676178,0.04016447067260742,0.0006496237474493682,0.02165059745311737,0.00035970492172054946,0.8664227724075317,0.11881421506404877,0.0784243494272232,0.0038042382802814245,0.049836453050374985,0.002465564990416169,0.7466551661491394
5,5,0.937700629234314,5,0.8506227731704712,0.04975233972072601,0.0023210623767226934,0.004953739233314991,0.004050739109516144,0.0012214983580633998,0.937700629234314,0.0986483246088028,0.010409899055957794,0.018155712634325027,0.01566350646317005,0.006499743554741144,0.8506227731704712
5,5,0.497053861618042,5,0.40652161836624146,0.07126973569393158,0.26112937927246094,0.0952671468257904,0.04931095615029335,0.02596893161535263,0.497053861618042,0.09777138382196426,0.25350141525268555,0.12097213417291641,0.07461880892515182,0.04661456495523453,0.40652161836624146
5,5,0.911558985710144,5,0.8272167444229126,0.08108314871788025,0.0034533522557467222,0.0007623699493706226,0.0028680055402219296,0.00027408215100876987,0.911558985710144,0.14015576243400574,0.013833766803145409,0.004566464573144913,0.01207145769149065,0.002155807102099061,0.8272167444229126
5,5,0.798112690448761,5,0.6770128607749939,0.11846699565649033,0.06966739892959595,0.0021334977354854345,0.0013792365789413452,0.010240163654088974,0.798112690448761,0.1670142263174057,0.1131323054432869,0.008766286075115204,0.006365234963595867,0.02770899049937725,0.6770128607749939
5,5,0.6717680096626282,5,0.5652126669883728,0.010027222335338593,0.00187035056296736,0.20403574407100677,0.10469400137662888,0.0076046292670071125,0.6717680096626282,0.02584957331418991,0.007540485356003046,0.23578393459320068,0.14451079070568085,0.02110251784324646,0.5652126669883728
5,5,0.9558970928192139,5,0.8685442805290222,0.020923849195241928,0.00388418254442513,0.011909844353795052,0.001927279052324593,0.005457684863358736,0.9558970928192139,0.05260467901825905,0.015291190706193447,0.03479067236185074,0.009144014678895473,0.019625229761004448,0.8685442805290222
5,5,0.7136226296424866,5,0.6033024191856384,0.22516503930091858,0.010432110168039799,0.03400745242834091,0.006428035441786051,0.01034485176205635,0.7136226296424866,0.25880739092826843,0.027172567322850227,0.06466442346572876,0.019047537818551064,0.027005627751350403,0.6033024191856384
5,3,0.9949079155921936,3,0.977321445941925,7.989217556314543e-05,1.7611034763831412e-06,0.0002213978295912966,0.9949079155921936,5.9856420193682425e-06,0.004783119075000286,0.0009668185375630856,5.885932478122413e-05,0.0020423473324626684,0.977321445941925,0.00014442660904023796,0.019465962424874306
5,5,0.9521691203117371,5,0.8742947578430176,0.03650667890906334,0.0016384661430492997,0.006814645137637854,0.0022919299080967903,0.0005792094161733985,0.9521691203117371,0.07989003509283066,0.008194399066269398,0.023317381739616394,0.01048247516155243,0.0038210118655115366,0.8742947578430176
5,5,0.9532775282859802,5,0.8838534355163574,0.039127226918935776,0.0013440412003546953,0.0002314438170287758,0.005953664425760508,6.610159471165389e-05,0.9532775282859802,0.08490502834320068,0.007157356012612581,0.001968939322978258,0.021330129355192184,0.000785109237767756,0.8838534355163574
5,5,0.7931379675865173,5,0.6617876887321472,0.06626438349485397,0.0007083683740347624,0.05893029645085335,0.07944286614656448,0.001516120508313179,0.7931379675865173,0.1070885881781578,0.0038336412981152534,0.09825793653726578,0.12233199179172516,0.006700076628476381,0.6617876887321472
5,5,0.9561423659324646,5,0.8790603876113892,0.03120816871523857,0.0016432137927040458,0.008047671057283878,0.0021434491500258446,0.0008151120273396373,0.9561423659324646,0.07137707620859146,0.0082313884049654,0.026406224817037582,0.010003584437072277,0.004921295680105686,0.8790603876113892
5,5,0.974165678024292,5,0.9163168668746948,0.0015729201259091496,0.00015755188360344619,0.01895015500485897,0.0037137700710445642,0.001439965795725584,0.974165678024292,0.008196313865482807,0.0015151235274970531,0.0508950799703598,0.015394552610814571,0.007682063151150942,0.9163168668746948
5,3,0.9937201738357544,3,0.9748998880386353,3.180151179549284e-05,1.245107910108345e-06,0.00010340013250242919,0.9937201738357544,1.359144334855955e-06,0.006142073776572943,0.0004910524003207684,4.556591375148855e-05,0.0011663655750453472,0.9748998880386353,4.859184628003277e-05,0.023348622024059296
5,5,0.7226200103759766,5,0.6111631393432617,0.21228493750095367,0.013932605274021626,0.039907436817884445,0.002241729758679867,0.009013284929096699,0.7226200103759766,0.24879245460033417,0.033725395798683167,0.07299148291349411,0.008826851844787598,0.024500718340277672,0.6111631393432617
5,5,0.9121497273445129,5,0.7938205599784851,0.017303485423326492,0.0034129919949918985,0.04429168254137039,0.0141153484582901,0.008726699277758598,0.9121497273445129,0.04328586161136627,0.013155004009604454,0.08626461029052734,0.03727833181619644,0.026195703074336052,0.7938205599784851
5,5,0.9138266444206238,5,0.821190357208252,0.00999805610626936,0.0008956632227636874,0.003719538915902376,0.07107337564229965,0.0004867041716352105,0.9138266444206238,0.029902160167694092,0.005092799663543701,0.014475502073764801,0.12608374655246735,0.0032554788049310446,0.821190357208252
5,5,0.9322342276573181,5,0.8313040137290955,0.026710612699389458,0.0009461604640819132,0.014847759157419205,0.024460718035697937,0.0008005048730410635,0.9322342276573181,0.06134544685482979,0.0052892547100782394,0.0398724228143692,0.0575101338326931,0.004678725730627775,0.8313040137290955
5,5,0.656285285949707,5,0.5777106285095215,0.3057936429977417,0.0037737246602773666,0.028254473581910133,0.003525746753439307,0.002367106033489108,0.656285285949707,0.3298902213573456,0.013121787458658218,0.057474683970212936,0.01248345896601677,0.009319247677922249,0.5777106285095215
5,5,0.994786262512207,5,0.9704510569572449,0.002058352343738079,0.00018527750216890126,0.0015514700207859278,0.0012464063474908471,0.00017225630290340632,0.994786262512207,0.010413037613034248,0.0017797243781387806,0.008462462574243546,0.0072066644206643105,0.0016870697727426887,0.9704510569572449
5,0,0.6518220901489258,0,0.5649258494377136,0.6518220901489258,0.009836659766733646,0.015712806954979897,0.0012882915325462818,0.022328393533825874,0.2990116477012634,0.5649258494377136,0.026044927537441254,0.03672498092055321,0.005861260462552309,0.04752547666430473,0.31891754269599915
5,5,0.5512509942054749,5,0.4872822165489197,0.3812805116176605,0.007971621118485928,0.03827213868498802,0.018481723964214325,0.0027429719921201468,0.5512509942054749,0.3718024492263794,0.02177325263619423,0.0688362792134285,0.04035211354494095,0.009953666478395462,0.4872822165489197
5,5,0.8311938047409058,5,0.6955429911613464,0.03520839661359787,0.006226659752428532,0.02811177633702755,0.09280560910701752,0.006453803274780512,0.8311938047409058,0.06837812066078186,0.019181841984391212,0.05796854570508003,0.1392357349395752,0.019692780449986458,0.6955429911613464
5,5,0.8990292549133301,5,0.7773744463920593,0.04276377335190773,0.0010914504528045654,0.029855577275156975,0.0207675751298666,0.00649243826046586,0.8990292549133301,0.08320915699005127,0.005640784278512001,0.06392598897218704,0.048979878425598145,0.02086973562836647,0.7773744463920593
5,5,0.8587083220481873,5,0.7462420463562012,0.11285954713821411,0.011572381481528282,0.006070761475712061,0.009303606115281582,0.0014853853499516845,0.8587083220481873,0.1683710366487503,0.031663328409194946,0.019723759964108467,0.02697882242500782,0.007021090481430292,0.7462420463562012
5,5,0.5952891111373901,5,0.5097545385360718,0.30649927258491516,0.050574421882629395,0.0023192111402750015,0.04145292565226555,0.0038650662172585726,0.5952891111373901,0.3132113218307495,0.08350660651922226,0.008701642975211143,0.07216841727495193,0.012657477520406246,0.5097545385360718
5,3,0.9974821209907532,3,0.9864636659622192,3.609344639698975e-05,7.832753112779756e-07,9.920924640027806e-05,0.9974821209907532,2.112718675562064e-06,0.00237974151968956,0.0005437307991087437,3.272421599831432e-05,0.001141741406172514,0.9864636659622192,6.777027010684833e-05,0.01175040565431118
5,5,0.8263988494873047,5,0.6885574460029602,0.09934806823730469,0.02652682736515999,0.008238524198532104,0.028178423643112183,0.011309318244457245,0.8263988494873047,0.14551809430122375,0.05522819235920906,0.02341873198747635,0.05773068964481354,0.029546810314059258,0.6885574460029602
5,5,0.9645017385482788,5,0.8848327994346619,0.007504544220864773,0.0018271362641826272,0.015082841739058495,0.008080033585429192,0.003003746271133423,0.9645017385482788,0.025090554729104042,0.008899145759642124,0.04187329113483429,0.0264882855117321,0.012815863825380802,0.8848327994346619
5,5,0.8251540660858154,5,0.6817695498466492,0.011568531394004822,0.008533753454685211,0.07593061029911041,0.04373069480061531,0.03508231043815613,0.8251540660858154,0.029778936877846718,0.023820985108613968,0.11842435598373413,0.07899961620569229,0.06720653176307678,0.6817695498466492
5,5,0.6757020354270935,5,0.5592422485351562,0.18150286376476288,0.02830035798251629,0.10226327925920486,0.0015186788514256477,0.010712780058383942,0.6757020354270935,0.21318331360816956,0.054524630308151245,0.13994024693965912,0.006376153789460659,0.02673337608575821,0.5592422485351562
5,5,0.6140651106834412,5,0.5556398034095764,0.35952314734458923,0.007748545613139868,0.00033859070390462875,0.017798233777284622,0.0005263776984065771,0.6140651106834412,0.3751612901687622,0.02246505580842495,0.0022595073096454144,0.04135109856724739,0.0031232479959726334,0.5556398034095764
5,5,0.9869612455368042,5,0.9464070796966553,0.004123064689338207,0.0003580860502552241,0.0012485720217227936,0.007218122016638517,9.091184620046988e-05,0.9869612455368042,0.017004145309329033,0.0028309475164860487,0.007077959831804037,0.025644417852163315,0.0010354119585826993,0.9464070796966553
5,5,0.8472373485565186,5,0.7337127327919006,0.05910956487059593,0.0003109533281531185,0.006624861154705286,0.08651560544967651,0.0002016279031522572,0.8472373485565186,0.10402023792266846,0.002213351195678115,0.020881077274680138,0.13756190240383148,0.0016106803668662906,0.7337127327919006
5,5,0.9515854120254517,5,0.8689886331558228,0.027686119079589844,0.0004375549906399101,0.007149060256779194,0.012895581312477589,0.0002463189885020256,0.9515854120254517,0.06485143303871155,0.003092882689088583,0.0240157600492239,0.037022314965724945,0.0020289926324039698,0.8689886331558228
5,3,0.8522951602935791,3,0.7774832844734192,0.0006850581266917288,8.421349775744602e-05,0.0005652487161569297,0.8522951602935791,2.8526999813038856e-05,0.1463416963815689,0.004168698098510504,0.0008955355151556432,0.003620309755206108,0.7774832844734192,0.00040471850661560893,0.21342739462852478
5,5,0.7063737511634827,5,0.6332929730415344,0.2809778153896332,0.004983709659427404,0.0006610038108192384,0.006078263744711876,0.0009254637989215553,0.7063737511634827,0.3220030665397644,0.016713585704565048,0.003796309232711792,0.019334541633725166,0.004859539680182934,0.6332929730415344
5,5,0.661713182926178,5,0.5958398580551147,0.3195575475692749,0.014768717810511589,0.0015390486223623157,0.0018905769102275372,0.0005310069536790252,0.661713182926178,0.34929537773132324,0.036606334149837494,0.006966259330511093,0.008101203478872776,0.0031909511890262365,0.5958398580551147
5,0,0.5208237171173096,0,0.45006150007247925,0.5208237171173096,0.006587897893041372,0.06817115843296051,0.01875399984419346,0.023635827004909515,0.3620273470878601,0.45006150007247925,0.018228737637400627,0.10123986750841141,0.03927440196275711,0.046540290117263794,0.34465527534484863
5,5,0.9811123609542847,5,0.9305561184883118,0.0024091838859021664,0.00014218469732441008,0.00542861595749855,0.010577481240034103,0.0003301567048765719,0.9811123609542847,0.011321529746055603,0.001419643871486187,0.02054789289832115,0.03352079167962074,0.002633994445204735,0.9305561184883118
5,5,0.8995216488838196,5,0.8134554624557495,0.09367647022008896,0.0022880546748638153,0.0012456593103706837,0.0026750171091407537,0.0005930795450694859,0.8995216488838196,0.15472623705863953,0.010156040079891682,0.006500986870378256,0.011389724910259247,0.0037715393118560314,0.8134554624557495
5,5,0.7367586493492126,5,0.6350357532501221,0.20403535664081573,0.0012385748559609056,0.05197809264063835,0.0053115361370146275,0.0006777884555049241,0.7367586493492126,0.24755653738975525,0.005850967951118946,0.09077009558677673,0.017027178779244423,0.0037594600580632687,0.6350357532501221
5,5,0.8030804395675659,5,0.6841424703598022,0.07415170222520828,0.00158215023111552,0.009366370737552643,0.11132382601499557,0.0004955149488523602,0.8030804395675659,0.1191340982913971,0.007081444840878248,0.026107966899871826,0.16051270067691803,0.003021332435309887,0.6841424703598022
5,5,0.9600616693496704,5,0.882573127746582,0.02018160931766033,0.00046986815868876874,0.006679784972220659,0.01207776553928852,0.0005292791756801307,0.9600616693496704,0.05189068615436554,0.003288346342742443,0.02305542305111885,0.03560390695929527,0.003588525578379631,0.882573127746582
5,5,0.9030080437660217,5,0.7872843742370605,0.04670300707221031,0.0014046907890588045,0.02153806760907173,0.02572038397192955,0.0016257755924016237,0.9030080437660217,0.08960726112127304,0.006852194666862488,0.05078316107392311,0.05784505978226662,0.007627896498888731,0.7872843742370605
5,5,0.9723766446113586,5,0.9089546799659729,0.006109291221946478,9.366140875499696e-05,0.010284403339028358,0.010904156602919102,0.00023180889547802508,0.9723766446113586,0.02203214168548584,0.0010275791864842176,0.03228570148348808,0.03370200842618942,0.0019979102071374655,0.9089546799659729
5,5,0.9252768754959106,5,0.829069972038269,0.05567222088575363,0.0030498732812702656,0.011503945104777813,0.0029751542024314404,0.0015219524502754211,0.9252768754959106,0.10544271767139435,0.012518814764916897,0.03315791115164757,0.012293051928281784,0.0075175161473453045,0.829069972038269
5,5,0.9712722301483154,5,0.9060395359992981,0.010867518372833729,0.0002148856729036197,0.00865155179053545,0.008867920376360416,0.00012588605750352144,0.9712722301483154,0.03353901207447052,0.001885331585071981,0.02837185002863407,0.02889072895050049,0.0012735064374282956,0.9060395359992981
5,5,0.5928967595100403,5,0.49877509474754333,0.14421220123767853,0.004554393235594034,0.22602210938930511,0.002487101824954152,0.029827408492565155,0.5928967595100403,0.17677946388721466,0.014010938815772533,0.24581699073314667,0.00898872409015894,0.05562879890203476,0.49877509474754333
5,5,0.7992309331893921,5,0.6582075953483582,0.09365157037973404,0.02121559903025627,0.035100288689136505,0.002098881173878908,0.0487026646733284,0.7992309331893921,0.1365135908126831,0.045924488455057144,0.06644634157419205,0.008412462659180164,0.08449549973011017,0.6582075953483582
5,5,0.7186480760574341,5,0.6241121292114258,0.24492114782333374,0.003426292911171913,0.022585246711969376,0.009431502781808376,0.000987703911960125,0.7186480760574341,0.28331315517425537,0.012355060316622257,0.049288179725408554,0.025971250608563423,0.00496025150641799,0.6241121292114258
5,5,0.6574603319168091,5,0.5580893158912659,0.27351415157318115,0.009372356347739697,0.024630261585116386,0.029662515968084335,0.005360362119972706,0.6574603319168091,0.293255478143692,0.02467653527855873,0.050136998295784,0.05746404826641083,0.016377568244934082,0.5580893158912659
5,3,0.970908522605896,3,0.9251112341880798,5.426186908152886e-05,4.91776972921798e-06,0.0007126503041945398,0.970908522605896,1.6101343135233037e-05,0.028303464874625206,0.0007014779839664698,0.00012049486394971609,0.004640523344278336,0.9251112341880798,0.0002876680810004473,0.06913865357637405
5,5,0.9779966473579407,5,0.9228368401527405,0.0019409999949857593,0.00011732791608665138,0.01149526983499527,0.007814368233084679,0.0006353608914650977,0.9779966473579407,0.009603898972272873,0.0012255946639925241,0.03541797026991844,0.026683172211050987,0.0042325397953391075,0.9228368401527405
5,5,0.7435050010681152,5,0.648613691329956,0.2283402681350708,0.01642552576959133,0.008201267570257187,0.0013179939705878496,0.002209896221756935,0.7435050010681152,0.27278396487236023,0.03955096751451492,0.023759979754686356,0.006213190034031868,0.009078186936676502,0.648613691329956
5,5,0.9279386401176453,5,0.8305896520614624,0.04538573697209358,0.0006505632773041725,0.011340422555804253,0.014231526292860508,0.00045305074308998883,0.9279386401176453,0.09074102342128754,0.004028454888612032,0.03280236944556236,0.0387493260204792,0.003089181613177061,0.8305896520614624
5,0,0.9878189563751221,0,0.9529682397842407,0.9878189563751221,0.0037122585345059633,2.545090319472365e-05,4.794912820216268e-05,0.00018716818885877728,0.008208212442696095,0.9529682397842407,0.015842918306589127,0.0004094142932444811,0.000651608279440552,0.0017698340816423297,0.028357936069369316
5,5,0.9376465678215027,5,0.8393521308898926,0.017859531566500664,0.0020718807354569435,0.029853476211428642,0.0007399466121569276,0.011828639544546604,0.9376465678215027,0.045905180275440216,0.009451148100197315,0.06692180782556534,0.004440187010914087,0.033929500728845596,0.8393521308898926
5,5,0.9477047920227051,5,0.861431360244751,0.024534206837415695,0.00019499454356264323,0.021554362028837204,0.004895222373306751,0.001116459839977324,0.9477047920227051,0.05900876596570015,0.0016995620680972934,0.05366062745451927,0.01808544062077999,0.006114311516284943,0.861431360244751
5,5,0.9961328506469727,5,0.9774946570396423,0.0023498344235122204,6.034548641764559e-05,0.0006762064876966178,0.0007390416576527059,4.1684215830173343e-05,0.9961328506469727,0.011547490023076534,0.000786360411439091,0.00463007902726531,0.004941985476762056,0.0005994273233227432,0.9774946570396423
5,5,0.9430447816848755,5,0.8468812108039856,0.02575366571545601,0.002807553857564926,0.020774774253368378,0.0025887349620461464,0.005030435044318438,0.9430447816848755,0.060331735759973526,0.011867379769682884,0.051533523947000504,0.011181464418768883,0.0182047039270401,0.8468812108039856
5,5,0.9748084545135498,5,0.916037380695343,0.002730919513851404,0.0003756918595172465,0.003331354120746255,0.017634958028793335,0.001118578133173287,0.9748084545135498,0.012276406399905682,0.0028642332181334496,0.014203587546944618,0.04824071377515793,0.0063776252791285515,0.916037380695343
5,5,0.5667789578437805,5,0.4765577018260956,0.2055610716342926,0.19053155183792114,0.023661475628614426,0.004579675383865833,0.008887259289622307,0.5667789578437805,0.22643417119979858,0.21416528522968292,0.04635266959667206,0.01389303244650364,0.02259710431098938,0.4765577018260956
5,5,0.9106178283691406,5,0.8241353034973145,0.08117324113845825,0.0006454811664298177,0.00237705884501338,0.0041434308513998985,0.0010429053800180554,0.9106178283691406,0.13985349237918854,0.004029539879411459,0.010486786253750324,0.01576516404747963,0.005729668773710728,0.8241353034973145
5,5,0.8838648796081543,5,0.7899267077445984,0.10352572798728943,0.00466644112020731,0.00121700344607234,0.0065453327260911465,0.00018057598208542913,0.8838648796081543,0.1637824922800064,0.01685255579650402,0.006286535877734423,0.02160128392279148,0.0015504120383411646,0.7899267077445984
5,5,0.8544401526451111,5,0.7488564848899841,0.004318035673350096,0.00011770857963711023,0.111055888235569,0.02945622242987156,0.0006120499456301332,0.8544401526451111,0.015471793711185455,0.0011007481953129172,0.1675870716571808,0.06329416483640671,0.0036897724494338036,0.7488564848899841
5,5,0.9896957874298096,5,0.9507266283035278,0.0024603179190307856,0.0008336068131029606,0.004303708206862211,0.0019692156929522753,0.0007373400731012225,0.9896957874298096,0.011671720072627068,0.00527564249932766,0.017591960728168488,0.009912606328725815,0.004821409936994314,0.9507266283035278
5,5,0.944850742816925,5,0.8660712838172913,0.0014177389675751328,0.00030799227533861995,0.045161500573158264,0.006390592083334923,0.001871474552899599,0.944850742816925,0.007341168820858002,0.002394874347373843,0.09303310513496399,0.02215961553156376,0.008999946527183056,0.8660712838172913
5,5,0.5166066884994507,5,0.46530479192733765,0.004556807689368725,0.0002786738914437592,0.4105343818664551,0.023638254031538963,0.044385239481925964,0.5166066884994507,0.014466319233179092,0.0018619582988321781,0.3931034505367279,0.04840809851884842,0.07685539871454239,0.46530479192733765
5,5,0.8685461282730103,5,0.7680210471153259,0.11438211053609848,0.009559585712850094,0.004740255419164896,0.0016803478356450796,0.0010915071470662951,0.8685461282730103,0.17354056239128113,0.02808893471956253,0.016788961365818977,0.00784449651837349,0.005715974606573582,0.7680210471153259
5,1,0.9930418729782104,1,0.9714315533638,0.006410178262740374,0.9930418729782104,3.125733769593353e-07,1.337710500592948e-06,8.327893010573462e-05,0.00046312029007822275,0.024018438532948494,0.9714315533638,1.6477999452035874e-05,4.7881490900181234e-05,0.0009920807788148522,0.0034935548901557922
5,5,0.9484191536903381,5,0.8586807250976562,0.01224213745445013,0.0005950541235506535,0.01251872070133686,0.02491888403892517,0.0013060738565400243,0.9484191536903381,0.03529990464448929,0.0038389209657907486,0.035883307456970215,0.05946272611618042,0.00683441711589694,0.8586807250976562
5,5,0.9285196661949158,5,0.8418844938278198,0.058693233877420425,0.0010733919916674495,0.0024433843791484833,0.008930034935474396,0.00034032034454867244,0.9285196661949158,0.11101996153593063,0.005893335677683353,0.010776114650070667,0.02788892202079296,0.002537122927606106,0.8418844938278198
5,5,0.9293838143348694,5,0.8311179280281067,0.014186689630150795,0.001924069132655859,0.04758729413151741,0.0037676135543733835,0.003150546457618475,0.9293838143348694,0.03864017874002457,0.00892153475433588,0.09390253573656082,0.014607153832912445,0.012810661457479,0.8311179280281067
5,5,0.9708131551742554,5,0.9106446504592896,0.01992475986480713,0.00027503102319315076,0.001314216060563922,0.007496898528188467,0.00017599097918719053,0.9708131551742554,0.05260871723294258,0.002271817298606038,0.007157519459724426,0.025680001825094223,0.0016372542595490813,0.9106446504592896
5,5,0.6000995635986328,5,0.5178759694099426,0.3326406180858612,0.02984239161014557,0.009558387100696564,0.020239321514964104,0.00761968782171607,0.6000995635986328,0.3359057605266571,0.057270776480436325,0.024840330705046654,0.0430729053914547,0.02103424072265625,0.5178759694099426
5,5,0.9754698872566223,5,0.920462965965271,0.001057373476214707,9.38391822273843e-05,0.009021577425301075,0.014224615879356861,0.0001326442725257948,0.9754698872566223,0.006146194413304329,0.001039612921886146,0.029629036784172058,0.04138204827904701,0.0013401369797065854,0.920462965965271
5,5,0.9743012189865112,5,0.9191385507583618,0.0018484676256775856,0.00015357157099060714,0.02030469849705696,0.002881998661905527,0.0005099651752971113,0.9743012189865112,0.009254343807697296,0.0014913697959855199,0.05369894206523895,0.012819242663681507,0.0035975759383291006,0.9191385507583618
5,5,0.7979050278663635,5,0.7031987309455872,0.014190591871738434,0.0009895195253193378,0.004612349905073643,0.18218614161014557,0.0001163293345598504,0.7979050278663635,0.0365716814994812,0.005182852037250996,0.01603405736386776,0.2379351705312729,0.0010775193804875016,0.7031987309455872
5,5,0.9152147173881531,5,0.8160550594329834,0.0499085895717144,0.0009062681929208338,0.0020503178238868713,0.031094476580619812,0.0008256746805272996,0.9152147173881531,0.09656180441379547,0.005099164322018623,0.009282009676098824,0.06823960691690445,0.004762365482747555,0.8160550594329834
5,5,0.8784609436988831,5,0.7723009586334229,0.008324159309267998,5.28065902472008e-05,0.09098953008651733,0.02121225744485855,0.0009603739599697292,0.8784609436988831,0.02530682645738125,0.0006177708273753524,0.1463162750005722,0.05026891455054283,0.005189237184822559,0.7723009586334229
5,5,0.7870458960533142,5,0.673387885093689,0.030342446640133858,0.00012408423935994506,0.026195373386144638,0.1557777374982834,0.0005144691676832736,0.7870458960533142,0.06178102269768715,0.0010928042465820909,0.055465925484895706,0.20516984164714813,0.003102448768913746,0.673387885093689
5,5,0.8956806063652039,5,0.7767682075500488,0.051819901913404465,0.007434551138430834,0.0115484818816185,0.03298681229352951,0.000529620738234371,0.8956806063652039,0.09599017351865768,0.02309633418917656,0.0319063626229763,0.0689140111207962,0.003324912628158927,0.7767682075500488
5,5,0.9450383186340332,5,0.8437533974647522,0.01350699458271265,0.009226368740200996,0.004769143648445606,0.021339062601327896,0.0061201550997793674,0.9450383186340332,0.037378787994384766,0.028260376304388046,0.017414359375834465,0.05228168144822121,0.02091139368712902,0.8437533974647522
5,5,0.5262935757637024,5,0.46168118715286255,0.3705134391784668,0.013258074410259724,0.01393516082316637,0.07332596927881241,0.0026737370062619448,0.5262935757637024,0.3568692207336426,0.030998896807432175,0.0321526825428009,0.10872252285480499,0.009575506672263145,0.46168118715286255
5,5,0.9768292307853699,5,0.9238209128379822,0.004480653442442417,0.0004372171824797988,0.001133992918767035,0.016969412565231323,0.0001495086617069319,0.9768292307853699,0.017776843160390854,0.0032236536499112844,0.0064868684858083725,0.04722479358315468,0.0014669756637886167,0.9238209128379822
5,5,0.9601227641105652,5,0.8827512860298157,0.02061496302485466,0.0006919224979355931,0.004999869037419558,0.012946201488375664,0.0006243083626031876,0.9601227641105652,0.0527140349149704,0.004368835128843784,0.018643971532583237,0.037470560520887375,0.004051350988447666,0.8827512860298157
5,5,0.5961514115333557,5,0.5188613533973694,0.3273037075996399,0.0515313558280468,0.004010539967566729,0.0009369180770590901,0.02006608247756958,0.5961514115333557,0.3341892957687378,0.0860840305685997,0.013223583810031414,0.0045500765554606915,0.04309171438217163,0.5188613533973694
5,5,0.8750330209732056,5,0.7626423835754395,0.04772356152534485,0.003385787596926093,0.0024512778036296368,0.07088343799114227,0.0005229245289228857,0.8750330209732056,0.0902501717209816,0.012953190132975578,0.010220291092991829,0.12064403295516968,0.003289930522441864,0.7626423835754395
5,5,0.8681676387786865,5,0.7464964985847473,0.05678847059607506,0.007208892144262791,0.006352167576551437,0.06078076362609863,0.0007020708872005343,0.8681676387786865,0.10094361752271652,0.022202366963028908,0.020234156399965286,0.10610290616750717,0.004020444117486477,0.7464964985847473
5,5,0.9813356399536133,5,0.9310920834541321,0.00976123008877039,0.0006332257762551308,0.001483332714997232,0.006675643380731344,0.0001109727454604581,0.9813356399536133,0.03161565959453583,0.004249228164553642,0.007934928871691227,0.023923998698592186,0.0011840887600556016,0.9310920834541321
5,5,0.6510668992996216,5,0.5838985443115234,0.3299057185649872,0.005336072761565447,0.008564799092710018,0.003181963227689266,0.0019446025835350156,0.6510668992996216,0.3545878231525421,0.017200838774442673,0.02434002421796322,0.011771049350500107,0.008201693184673786,0.5838985443115234
5,5,0.9637097716331482,5,0.8897311687469482,0.02421199344098568,0.0030789398588240147,0.005397421773523092,0.0020149387419223785,0.0015868843765929341,0.9637097716331482,0.0596219003200531,0.013130626641213894,0.01982211321592331,0.00962018221616745,0.00807395949959755,0.8897311687469482
5,5,0.7590526342391968,5,0.6470896005630493,0.09137224406003952,0.14293637871742249,0.0018830480985343456,0.0008801675285212696,0.003875593189150095,0.7590526342391968,0.13688674569129944,0.1900813728570938,0.007932009175419807,0.004539897199720144,0.013470388948917389,0.6470896005630493
5,5,0.5393376350402832,5,0.5133926868438721,0.45179012417793274,0.0035114299971610308,0.0017362104263156652,0.0026398475747555494,0.0009848227491602302,0.5393376350402832,0.4508279263973236,0.012773566879332066,0.007618818897753954,0.010361040011048317,0.005025960970669985,0.5133926868438721
5,5,0.9727892875671387,5,0.9064449667930603,0.014028043486177921,0.0011621485464274883,0.00658635888248682,0.004246053751558065,0.0011881348909810185,0.9727892875671387,0.04041939973831177,0.00650015939027071,0.023210223764181137,0.016818713396787643,0.006606487091630697,0.9064449667930603
5,5,0.9284641742706299,5,0.8235510587692261,0.03511826694011688,0.017895864322781563,0.003460329957306385,0.014352028258144855,0.0007093276362866163,0.9284641742706299,0.07450811564922333,0.045435093343257904,0.013608175329864025,0.03864331543445587,0.004254197236150503,0.8235510587692261
5,0,0.5440953373908997,0,0.4982959032058716,0.5440953373908997,0.0006925442139618099,0.02041594497859478,0.015527481213212013,0.0012628259137272835,0.41800597310066223,0.4982959032058716,0.0037434184923768044,0.044817931950092316,0.03666387125849724,0.005816836375743151,0.4106619954109192
5,5,0.8955181837081909,5,0.7853811979293823,0.0526144802570343,0.0017178884008899331,0.006281102541834116,0.04352531582117081,0.00034300016704946756,0.8955181837081909,0.09815729409456253,0.00797201506793499,0.02063809148967266,0.08540687710046768,0.002444556448608637,0.7853811979293823
5,0,0.6565917134284973,0,0.5757139325141907,0.6565917134284973,0.011785031296312809,0.015754349529743195,0.004157030023634434,0.003443880472332239,0.3082680106163025,0.5757139325141907,0.030143804848194122,0.03729882463812828,0.01403348334133625,0.012223535217344761,0.33058643341064453
5,5,0.9614808559417725,5,0.8835480213165283,0.02030571922659874,0.0020586145110428333,0.004336375277489424,0.011159436777234077,0.0006590308621525764,0.9614808559417725,0.052125681191682816,0.009721321985125542,0.01679246313869953,0.03359758481383324,0.004214908462017775,0.8835480213165283
5,5,0.9016746878623962,5,0.7934711575508118,0.03470427915453911,0.001031614257954061,0.00858398899435997,0.05374797806143761,0.0002573928504716605,0.9016746878623962,0.0727100819349289,0.0055123683996498585,0.02608947455883026,0.10022631287574768,0.0019905702210962772,0.7934711575508118
5,5,0.6558704376220703,5,0.5388862490653992,0.15894600749015808,0.02255357801914215,0.14156539738178253,0.004524090327322483,0.016540473327040672,0.6558704376220703,0.19048313796520233,0.045462846755981445,0.17496740818023682,0.013988399878144264,0.03621192276477814,0.5388862490653992
5,5,0.6299321055412292,5,0.5207303166389465,0.12276419997215271,0.0006339538958854973,0.18685416877269745,0.05016567185521126,0.009649893268942833,0.6299321055412292,0.1568647176027298,0.003292687935754657,0.21348842978477478,0.08135101944208145,0.024272872135043144,0.5207303166389465
5,5,0.6412798762321472,5,0.5671296119689941,0.3247597813606262,0.0018365161959081888,0.007858098484575748,0.02048621140420437,0.003779445309191942,0.6412798762321472,0.3442592918872833,0.007724183611571789,0.02244151569902897,0.04532896727323532,0.01311649288982153,0.5671296119689941
5,0,0.7453069686889648,0,0.6428768038749695,0.7453069686889648,0.022469287738204002,0.006988825276494026,0.005260149948298931,0.002382748294621706,0.21759207546710968,0.6428768038749695,0.049244917929172516,0.020904578268527985,0.016970660537481308,0.009492177516222,0.2605109214782715
5,5,0.8373996019363403,5,0.7306064963340759,0.1404588222503662,0.004434554371982813,0.005925905890762806,0.009061812423169613,0.0027192477136850357,0.8373996019363403,0.19714558124542236,0.015621724538505077,0.01932435669004917,0.026390211656689644,0.010911666788160801,0.7306064963340759
5,0,0.37955743074417114,0,0.3350028693675995,0.37955743074417114,0.05747932195663452,0.12549784779548645,0.0013311969814822078,0.08159811049699783,0.3545360565185547,0.3350028693675995,0.08386658877134323,0.14873173832893372,0.005294161848723888,0.10845121741294861,0.318653404712677
5,0,0.8332375884056091,0,0.7235888242721558,0.8332375884056091,0.05204077064990997,0.0010426166700199246,0.00013184618728701025,0.002579273423179984,0.11096782982349396,0.7235888242721558,0.09458211064338684,0.005368231795728207,0.0011774157173931599,0.010433917865157127,0.16484950482845306
5,0,0.4410693049430847,0,0.37731024622917175,0.4410693049430847,0.023960232734680176,0.1717018038034439,0.0024783036205917597,0.08824707567691803,0.272543340921402,0.37731024622917175,0.04452057182788849,0.18883375823497772,0.008426019921898842,0.11587413400411606,0.2650352716445923
5,5,0.9834609031677246,5,0.933292031288147,0.005611136090010405,0.0006818483816459775,0.004952332470566034,0.004960975609719753,0.00033278617775067687,0.9834609031677246,0.02107742801308632,0.0044897133484482765,0.019231854006648064,0.01925646886229515,0.00265250145457685,0.933292031288147
5,5,0.6528685688972473,5,0.538993775844574,0.05496886372566223,0.006045759189873934,0.20529170334339142,0.07656827569007874,0.004256833344697952,0.6528685688972473,0.08771487325429916,0.017366133630275726,0.2306399941444397,0.1118602529168129,0.013424992561340332,0.538993775844574
5,5,0.8427681922912598,5,0.729254424571991,0.11211902648210526,0.000543817353900522,0.03490954637527466,0.008457189425826073,0.001202217536047101,0.8427681922912598,0.16601204872131348,0.0033281217329204082,0.07052607089281082,0.024922939017415047,0.005956344772130251,0.729254424571991
5,5,0.891444981098175,5,0.7856480479240417,0.011707020923495293,0.0021058565471321344,0.007886414416134357,0.08530202507972717,0.0015536714345216751,0.891444981098175,0.03270912170410156,0.009290773421525955,0.024478843435645103,0.14044032990932465,0.007432805839926004,0.7856480479240417
5,5,0.8857918977737427,5,0.7553481459617615,0.046021245419979095,0.009452618658542633,0.03987659513950348,0.007715359330177307,0.01114223524928093,0.8857918977737427,0.08625944703817368,0.027005914598703384,0.07764992862939835,0.023267501965165138,0.030469095334410667,0.7553481459617615
5,5,0.8710395097732544,5,0.7584260106086731,0.03288844972848892,0.009924784302711487,0.0011076705995947123,0.08485399186611176,0.00018560601165518165,0.8710395097732544,0.06852781772613525,0.028451690450310707,0.0056937821209430695,0.137365460395813,0.0015352722257375717,0.7584260106086731
5,5,0.8422578573226929,5,0.7481873631477356,0.1456875056028366,0.0016360130393877625,0.0025073597207665443,0.007052538450807333,0.0008587015909142792,0.8422578573226929,0.2064984142780304,0.007664349861443043,0.010483944788575172,0.022389739751815796,0.0047761849127709866,0.7481873631477356
5,5,0.931664228439331,5,0.844561755657196,0.009645014069974422,0.0002257317682961002,0.053798120468854904,0.0038978243246674538,0.0007690225611440837,0.931664228439331,0.029530800879001617,0.0018785747233778238,0.10422060638666153,0.015190769918262959,0.004617526661604643,0.844561755657196
5,5,0.6057752370834351,5,0.48930010199546814,0.1422172635793686,0.16518111526966095,0.012279285117983818,0.04961422085762024,0.02493290603160858,0.6057752370834351,0.1689726710319519,0.18858741223812103,0.028010772541165352,0.07803026586771011,0.047098830342292786,0.48930010199546814
5,5,0.6976026892662048,5,0.5690130591392517,0.020136814564466476,0.0006217231275513768,0.14386475086212158,0.05110074579715729,0.08667326718568802,0.6976026892662048,0.04221920296549797,0.0032910846639424562,0.17867358028888702,0.08360720425844193,0.12319589406251907,0.5690130591392517
5,5,0.5441636443138123,5,0.4733196496963501,0.34483158588409424,0.003198780585080385,0.08318157494068146,0.007324002217501402,0.017300395295023918,0.5441636443138123,0.33868247270584106,0.010926075279712677,0.11930987238883972,0.020064199343323708,0.03769782558083534,0.4733196496963501
5,5,0.8669865131378174,5,0.7559673190116882,0.06630279123783112,0.0009281509555876255,0.06277225911617279,0.001412300276570022,0.0015979454619809985,0.8669865131378174,0.11464229226112366,0.00500189745798707,0.1101309061050415,0.006806031800806522,0.00745153333991766,0.7559673190116882
5,5,0.793158233165741,5,0.6637795567512512,0.09580071270465851,0.08580859005451202,0.0009509337833151221,0.007298802025616169,0.01698274165391922,0.793158233165741,0.14076568186283112,0.12983693182468414,0.004772455431520939,0.021288154646754265,0.03955722227692604,0.6637795567512512
5,5,0.6604788899421692,5,0.5781874060630798,0.2988995909690857,0.025528399273753166,0.000699683150742203,0.009069181978702545,0.005324271973222494,0.6604788899421692,0.32317087054252625,0.05314666032791138,0.003796225180849433,0.02487206645309925,0.016826821491122246,0.5781874060630798
5,5,0.7582505941390991,5,0.6365765333175659,0.14236295223236084,0.004740948788821697,0.08282419294118881,0.0049875942058861256,0.00683373399078846,0.7582505941390991,0.1865871399641037,0.015375225804746151,0.1253969818353653,0.01595812290906906,0.020106075331568718,0.6365765333175659
5,5,0.942082405090332,5,0.8647017478942871,0.05025253817439079,0.0034025271888822317,0.001292332191951573,0.0027561127208173275,0.0002141107397619635,0.942082405090332,0.10067489743232727,0.013962659984827042,0.006862811744213104,0.011962764896452427,0.001835180213674903,0.8647017478942871
5,5,0.5198371410369873,5,0.44867658615112305,0.3601035177707672,0.06915728002786636,0.007845373824238777,0.014230909757316113,0.028825853019952774,0.5198371410369873,0.3427305519580841,0.10213945060968399,0.020686423406004906,0.032020896673202515,0.05374620482325554,0.44867658615112305
5,5,0.8602924942970276,5,0.7497014403343201,0.012785831466317177,0.003228261834010482,0.11402883380651474,0.00512286089360714,0.004541739821434021,0.8602924942970276,0.03417837992310524,0.012450208887457848,0.17020530998706818,0.017470892518758774,0.015993736684322357,0.7497014403343201
5,0,0.6959609389305115,0,0.6205438375473022,0.6959609389305115,0.001210109912790358,0.013141918927431107,0.003466147230938077,0.0008618325809948146,0.28535905480384827,0.6205438375473022,0.00586064625531435,0.03372356668114662,0.012684144079685211,0.004568748641759157,0.32261908054351807
5,5,0.5704232454299927,5,0.493078351020813,0.005921312142163515,0.00011454780178610235,0.13827189803123474,0.27518126368522644,0.010087762027978897,0.5704232454299927,0.017275217920541763,0.0009556189179420471,0.17432214319705963,0.28883078694343567,0.025537831708788872,0.493078351020813
5,5,0.8739864230155945,5,0.7610803246498108,0.024726349860429764,0.0042592803947627544,0.003011175198480487,0.0913047268986702,0.0027120832819491625,0.8739864230155945,0.05564357340335846,0.015310874208807945,0.011871484108269215,0.14509941637516022,0.010994389653205872,0.7610803246498108
5,5,0.6923748254776001,5,0.5617066025733948,0.12773683667182922,0.07926829159259796,0.08002941310405731,0.0011025643907487392,0.0194880198687315,0.6923748254776001,0.1625390499830246,0.11453111469745636,0.11533693969249725,0.00497361458837986,0.04091275483369827,0.5617066025733948
5,5,0.7024726271629333,5,0.5559252500534058,0.04043109714984894,0.045601822435855865,0.12096651643514633,0.03505511209368706,0.05547283589839935,0.7024726271629333,0.06843774020671844,0.07475556433200836,0.15293198823928833,0.06163574382662773,0.08631371706724167,0.5559252500534058
5,5,0.5511921644210815,5,0.4936075210571289,0.4030326306819916,0.0112306522205472,0.01637546718120575,0.0070520066656172276,0.011117113754153252,0.5511921644210815,0.39230719208717346,0.02836451679468155,0.03740645572543144,0.020160486921668053,0.028153836727142334,0.4936075210571289
5,5,0.8264023065567017,5,0.6883914470672607,0.0789908692240715,0.0011616861447691917,0.048355583101511,0.016528600826859474,0.02856096439063549,0.8264023065567017,0.12295538187026978,0.005562334321439266,0.08577772974967957,0.03902270644903183,0.05829044431447983,0.6883914470672607
5,0,0.7202421426773071,0,0.6434047818183899,0.7202421426773071,0.0017575863748788834,0.009753670543432236,0.00025853022816590965,0.002517597284168005,0.2654705345630646,0.6434047818183899,0.007792128250002861,0.02739749476313591,0.0019095148891210556,0.010142942890524864,0.3093530833721161
5,5,0.8628666400909424,5,0.749578058719635,0.09355265647172928,0.0031469534151256084,0.03594515100121498,0.0011827918933704495,0.003305837046355009,0.8628666400909424,0.14685273170471191,0.01219059806317091,0.07279352843761444,0.005945896729826927,0.012639199383556843,0.749578058719635
5,5,0.6962351202964783,5,0.5714085698127747,0.1960848569869995,0.04915206506848335,0.009704840369522572,0.03325139358639717,0.015571672469377518,0.6962351202964783,0.2255198210477829,0.08171553164720535,0.024852849543094635,0.06134410947561264,0.0351591557264328,0.5714085698127747
5,2,0.9948412775993347,2,0.973805844783783,8.170738146873191e-05,3.798273382926709e-06,0.9948412775993347,0.0003488504735287279,0.0009809464681893587,0.0037434829864650965,0.0009793994249776006,0.0001030814164550975,0.973805844783783,0.0028409664519131184,0.0060659730806946754,0.016204694285988808
5,0,0.7035008072853088,0,0.5965154767036438,0.7035008072853088,0.012640842236578465,0.0093242097645998,0.02734215371310711,0.0076010082848370075,0.23959104716777802,0.5965154767036438,0.03125808760523796,0.025003114715218544,0.055054452270269394,0.02152213081717491,0.27064669132232666
5,3,0.9951325058937073,3,0.9786388874053955,7.193472265498713e-05,2.359778136451496e-06,8.730447007110342e-05,0.9951325058937073,4.339489350968506e-06,0.004701529163867235,0.0008962446008808911,7.304175233002752e-05,0.0010330675868317485,0.9786388874053955,0.00011420450027799234,0.019244499504566193
5,5,0.7131304144859314,5,0.5976485013961792,0.18058474361896515,0.003325696336105466,0.08618433773517609,0.006831038277596235,0.009943771176040173,0.7131304144859314,0.2181748002767563,0.011640955694019794,0.12679512798786163,0.019739918410778046,0.026000699028372765,0.5976485013961792
5,5,0.84579998254776,5,0.7412527799606323,0.011399057693779469,0.0021597237791866064,0.1331072300672531,0.005715913139283657,0.001818132121115923,0.84579998254776,0.03145292028784752,0.009280825965106487,0.19087956845760345,0.018954437226057053,0.00817948579788208,0.7412527799606323
5,5,0.38747265934944153,5,0.36324888467788696,0.010831150226294994,0.0004711037618108094,0.33800631761550903,0.26143407821655273,0.001784711959771812,0.38747265934944153,0.026324346661567688,0.0026386824902147055,0.3286125659942627,0.2721642255783081,0.007011243142187595,0.36324888467788696
5,0,0.6220130920410156,0,0.5628800392150879,0.6220130920410156,0.015762129798531532,0.002073354087769985,0.0019807189237326384,0.0020253402180969715,0.35614535212516785,0.5628800392150879,0.037957750260829926,0.008569522760808468,0.008286900818347931,0.00842346716672182,0.3738822638988495
5,0,0.46250343322753906,0,0.42703530192375183,0.46250343322753906,0.12668098509311676,0.0015776772052049637,0.0018992971163243055,0.0012139095924794674,0.40612471103668213,0.42703530192375183,0.1651315689086914,0.006612459197640419,0.007576704956591129,0.005455630365759134,0.3881883919239044
5,0,0.6540969014167786,0,0.5479877591133118,0.6540969014167786,0.0915762335062027,0.02005421556532383,0.00169649301096797,0.009149785153567791,0.22342640161514282,0.5479877591133118,0.1295081377029419,0.0424978993833065,0.006940088234841824,0.023896124213933945,0.2491699904203415
5,5,0.6238309741020203,5,0.540302038192749,0.2974858283996582,0.06489455699920654,0.006648788694292307,0.0018825678853318095,0.005257289856672287,0.6238309741020203,0.313819020986557,0.10268721729516983,0.019299613311886787,0.0076469602063298225,0.016245227307081223,0.540302038192749
5,5,0.9698958396911621,5,0.9151424169540405,0.027026860043406487,0.0006165964296087623,0.0016472407151013613,0.0004886824171990156,0.0003247853019274771,0.9698958396911621,0.06616708636283875,0.004131069872528315,0.00849517248570919,0.003483198117464781,0.002581060864031315,0.9151424169540405
5,2,0.9940676689147949,2,0.9718149900436401,8.612225428805687e-06,5.765590458395309e-07,0.9940676689147949,0.000880844600033015,0.0005135569954290986,0.004528732970356941,0.00018766785797197372,2.581254011602141e-05,0.9718149900436401,0.005597085226327181,0.0037674636114388704,0.018607039004564285
5,5,0.9795435070991516,5,0.9351691007614136,0.01830388605594635,0.00027904592570848763,0.0006122817867435515,0.0011290652910247445,0.00013224170834291726,0.9795435070991516,0.05043240264058113,0.0023425021208822727,0.004169389605522156,0.006532290484756231,0.0013543677050620317,0.9351691007614136
5,5,0.9089272618293762,5,0.8228836059570312,0.004211678169667721,0.00026427095872350037,0.0830644890666008,0.0018786543514579535,0.0016536053735762835,0.9089272618293762,0.015952762216329575,0.0020923519041389227,0.1422145664691925,0.008822583593428135,0.008034114725887775,0.8228836059570312
5,5,0.9775490164756775,5,0.9214395880699158,0.0041663688607513905,0.00015340550453402102,0.01318309921771288,0.004456906579434872,0.0004911734722554684,0.9775490164756775,0.0168006531894207,0.0014902740949764848,0.03911696746945381,0.01765248365700245,0.00350003270432353,0.9214395880699158
5,5,0.7260757684707642,5,0.6352819204330444,0.24874883890151978,0.01236116886138916,0.00693746330216527,0.002678376156836748,0.00319842342287302,0.7260757684707642,0.2894912362098694,0.03199733793735504,0.02094399929046631,0.010418408550322056,0.011867060326039791,0.6352819204330444
5,5,0.9181682467460632,5,0.8253732323646545,0.0014792544534429908,8.384088141610846e-05,0.05302795022726059,0.026880428194999695,0.00036026499583385885,0.9181682467460632,0.00737095857039094,0.0008972367504611611,0.10186561942100525,0.06187805160880089,0.0026149244513362646,0.8253732323646545
5,0,0.606719970703125,0,0.531874418258667,0.606719970703125,0.014755145646631718,0.004004080779850483,0.00045946796308271587,0.04285857081413269,0.33120277523994446,0.531874418258667,0.034800831228494644,0.013365767896175385,0.0027298415079712868,0.07609573751688004,0.3411335051059723
5,5,0.9814623594284058,5,0.9298785328865051,0.00416178535670042,0.00021924282191321254,0.009819439612329006,0.0037950791884213686,0.0005421005189418793,0.9814623594284058,0.016891255974769592,0.001948666526004672,0.031709473580121994,0.015785953029990196,0.0037861126475036144,0.9298785328865051
5,5,0.48812195658683777,5,0.4448986351490021,0.0027859839610755444,0.002075107768177986,0.3978460431098938,0.0019426742801442742,0.10722828656435013,0.48812195658683777,0.010050232522189617,0.00809670239686966,0.3829120695590973,0.00771426921710372,0.1463281661272049,0.4448986351490021
5,5,0.6869322061538696,5,0.6002007126808167,0.27714070677757263,0.0033882625866681337,0.02055068127810955,0.0008250621613115072,0.011163080111145973,0.6869322061538696,0.30836376547813416,0.012181606143712997,0.04571706801652908,0.004321042913943529,0.029215801507234573,0.6002007126808167
5,5,0.822303295135498,5,0.7213054895401001,0.0009265033295378089,0.00011903824633918703,0.14709170162677765,0.027454504743218422,0.002104973653331399,0.822303295135498,0.004955020733177662,0.0010995223419740796,0.2040431797504425,0.05954919010400772,0.00904762838035822,0.7213054895401001
5,2,0.5208193063735962,2,0.4833833873271942,0.010271727107465267,0.0003569047839846462,0.5208193063735962,0.010618225671350956,0.01003282330930233,0.44790107011795044,0.02712106518447399,0.002305559813976288,0.4833833873271942,0.027789335697889328,0.02665681205689907,0.4327438175678253
5,5,0.699028730392456,5,0.5849770903587341,0.04043322429060936,0.002469508210197091,0.19491592049598694,0.06198003888130188,0.0011726097436621785,0.699028730392456,0.07227712869644165,0.009293923154473305,0.22918999195098877,0.09888068586587906,0.005381208378821611,0.5849770903587341
5,5,0.9147573113441467,5,0.8358762860298157,0.08068060129880905,0.000537739833816886,0.001233092276379466,0.002502021612599492,0.0002892038319259882,0.9147573113441467,0.14074461162090302,0.003562567289918661,0.006549449637532234,0.011006934568285942,0.0022601052187383175,0.8358762860298157
5,5,0.8338483572006226,5,0.7454418540000916,0.15797579288482666,0.00214603403583169,0.00390421599149704,0.0017701886827126145,0.00035544339334592223,0.8338483572006226,0.2199481874704361,0.009387334808707237,0.014562237076461315,0.008150660432875156,0.0025097087491303682,0.7454418540000916
5,0,0.4985884428024292,0,0.44964054226875305,0.4985884428024292,0.008839751593768597,0.021943356841802597,0.03261289373040199,0.004973263945430517,0.4330422580242157,0.44964054226875305,0.023331403732299805,0.045462194830179214,0.06080083176493645,0.015299047343432903,0.4054659903049469
5,5,0.7617297768592834,5,0.6641845703125,0.010071935132145882,3.215958349755965e-05,0.025477463379502296,0.20251202583312988,0.0001766081986716017,0.7617297768592834,0.02779083140194416,0.00040995798190124333,0.054905157536268234,0.2512790858745575,0.0014303926145657897,0.6641845703125
5,5,0.8991477489471436,5,0.7819288969039917,0.03694074600934982,0.00028417070279829204,0.04603133350610733,0.009157798252999783,0.008438249118626118,0.8991477489471436,0.07516656816005707,0.00211370293982327,0.08833401650190353,0.027015555649995804,0.02544129267334938,0.7819288969039917
5,5,0.9754219055175781,5,0.9187478423118591,0.015634359791874886,0.001339466543868184,0.0005938700051046908,0.006858317647129297,0.00015209805860649794,0.9754219055175781,0.04427191615104675,0.007297347765415907,0.004017847590148449,0.024186089634895325,0.001478979829698801,0.9187478423118591
5,2,0.6807001829147339,2,0.5795323848724365,0.021555349230766296,0.00040427420753985643,0.6807001829147339,0.014513242989778519,0.027888529002666473,0.2549384832382202,0.046022724360227585,0.002488665981218219,0.5795323848724365,0.03442944213747978,0.055596981197595596,0.2819298505783081
5,5,0.4727049171924591,5,0.4364107847213745,0.47141870856285095,0.00848458893597126,0.02779247798025608,0.008003459312021732,0.011595859192311764,0.4727049171924591,0.43553927540779114,0.022850243374705315,0.05457102507352829,0.02189219556748867,0.02873643860220909,0.4364107847213745
5,5,0.6935400366783142,5,0.5914148688316345,0.24775314331054688,0.031315647065639496,0.01878407597541809,0.002456140937283635,0.006150958128273487,0.6935400366783142,0.2779017984867096,0.06093161180615425,0.04187769442796707,0.00941314734518528,0.018460866063833237,0.5914148688316345
5,0,0.4861464202404022,0,0.4407164752483368,0.4861464202404022,0.0010101671796292067,0.16315871477127075,0.0009801241103559732,0.00215967302210629,0.34654495120048523,0.4407164752483368,0.004743625875562429,0.19782081246376038,0.004639700520783663,0.008283738978207111,0.34379562735557556
5,5,0.9882650375366211,5,0.9484750032424927,0.0027398148085922003,8.328845433425158e-05,0.003531183348968625,0.00493863457813859,0.0004420866898726672,0.9882650375366211,0.012613961473107338,0.0009721505339257419,0.015195127576589584,0.019435429945588112,0.00330831715837121,0.9484750032424927
5,5,0.9798327684402466,5,0.9303848743438721,0.013830795884132385,0.00013020024925936013,0.001609193510375917,0.00449570594355464,0.00010137549543287605,0.9798327684402466,0.04084133729338646,0.0013318577548488975,0.008426591753959656,0.017906878143548965,0.0011084607103839517,0.9303848743438721
5,5,0.9000352025032043,5,0.7997261881828308,0.07863306254148483,0.015557360835373402,0.001987804425880313,0.0029328549280762672,0.0008536852546967566,0.9000352025032043,0.13372421264648438,0.04073149710893631,0.009001742117106915,0.011974580585956573,0.004841770511120558,0.7997261881828308
5,5,0.7581361532211304,5,0.6287693977355957,0.003913160413503647,0.009816952981054783,0.14725908637046814,0.02176125906407833,0.059113480150699615,0.7581361532211304,0.013193679042160511,0.025908390060067177,0.18894918262958527,0.0464605875313282,0.09671879559755325,0.6287693977355957
5,5,0.3784743845462799,5,0.33357805013656616,0.037667807191610336,0.07571189105510712,0.20131230354309082,0.0025258781388401985,0.304307758808136,0.3784743845462799,0.06137405335903168,0.10243234783411026,0.20991459488868713,0.008451798930764198,0.2842491567134857,0.33357805013656616
5,5,0.9250134825706482,5,0.812461256980896,0.036218028515577316,0.01645275391638279,0.010474100708961487,0.004099746234714985,0.007741892244666815,0.9250134825706482,0.07539240270853043,0.04225711524486542,0.0303393192589283,0.015244991518557072,0.024304891005158424,0.812461256980896
5,5,0.45672038197517395,5,0.4022206664085388,0.4193761944770813,0.030818043276667595,0.05096946656703949,0.01684822328388691,0.02526768483221531,0.45672038197517395,0.37781864404678345,0.05564408004283905,0.08048877865076065,0.03572779893875122,0.04810000956058502,0.4022206664085388
5,5,0.8369896411895752,5,0.7196764349937439,0.05161413177847862,0.10204699635505676,0.006710043642669916,0.001602679374627769,0.001036567147821188,0.8369896411895752,0.0931965559720993,0.15367287397384644,0.02085992693901062,0.007295290473848581,0.005298962350934744,0.7196764349937439
5,5,0.7276664972305298,5,0.6527401208877563,0.2622535824775696,0.005117217544466257,0.003173275152221322,0.0004030820564366877,0.0013863733038306236,0.7276664972305298,0.3087151348590851,0.017185639590024948,0.01210331916809082,0.0026633520610630512,0.00659245066344738,0.6527401208877563
5,5,0.9295691847801208,5,0.849327802658081,0.06291834264993668,0.0014194330433383584,0.0011565524619072676,0.004748530685901642,0.00018791569164022803,0.9295691847801208,0.11776430904865265,0.007292273920029402,0.006274814251810312,0.017686670646071434,0.0016541159711778164,0.849327802658081
5,0,0.9054032564163208,0,0.8067542314529419,0.9054032564163208,0.020340269431471825,0.0009851246140897274,0.0011568631744012237,0.0017182417213916779,0.07039628177881241,0.8067542314529419,0.04980270192027092,0.005401821807026863,0.006077791564166546,0.008124498650431633,0.12383890897035599
5,5,0.8614184856414795,5,0.7536574602127075,0.11112984269857407,0.019253220409154892,0.0017642033053562045,0.004901394248008728,0.0015328839654102921,0.8614184856414795,0.1677398383617401,0.046350326389074326,0.008026177063584328,0.016986431553959846,0.00723976269364357,0.7536574602127075
5,5,0.5802635550498962,5,0.5101684331893921,0.3546687364578247,0.0023898191284388304,0.042746152728796005,0.015571448020637035,0.004360307939350605,0.5802635550498962,0.35550642013549805,0.009071013890206814,0.07527220249176025,0.03588050603866577,0.014101402834057808,0.5101684331893921
5,5,0.8344039916992188,5,0.7373447418212891,0.14353035390377045,0.00042536723776720464,0.0197476614266634,0.0004267719341441989,0.0014658755389973521,0.8344039916992188,0.20267903804779053,0.0028306853491812944,0.04729136824607849,0.0028375410474836826,0.007016671821475029,0.7373447418212891
5,5,0.8753839135169983,5,0.7732856869697571,0.1028885692358017,0.00043047565850429237,0.014368387870490551,0.005933059379458427,0.0009955600835382938,0.8753839135169983,0.16074064373970032,0.002891263458877802,0.037917956709861755,0.019815750420093536,0.005348603241145611,0.7732856869697571
5,3,0.9920116066932678,3,0.9697349667549133,0.00019563162641134113,5.027218776376685e-06,4.67416102765128e-05,0.9920116066932678,3.0185917694325326e-06,0.007737864274531603,0.0018545975908637047,0.0001263542944798246,0.0006487605860456824,0.9697349667549133,8.690790127729997e-05,0.02754843980073929
5,5,0.8625074028968811,5,0.7726324200630188,0.1291147768497467,0.004617915488779545,0.0016247800085693598,0.0006356070516631007,0.0014995085075497627,0.8625074028968811,0.19179154932498932,0.016653869301080704,0.007738782558590174,0.0038869904819875956,0.007296362891793251,0.7726324200630188
5,5,0.9865765571594238,5,0.9432744979858398,0.004348266404122114,0.0004066662222612649,0.004553166683763266,0.00400874949991703,0.0001066095574060455,0.9865765571594238,0.017627254128456116,0.0030985120683908463,0.018232932314276695,0.016606563702225685,0.0011602489976212382,0.9432744979858398
5,5,0.914718508720398,5,0.8185233473777771,0.05995552986860275,0.018497660756111145,0.00010730326175689697,0.006665096618235111,5.594879257841967e-05,0.914718508720398,0.11084897816181183,0.04677606001496315,0.0010693203657865524,0.02211913838982582,0.0006631356664001942,0.8185233473777771
5,5,0.982994794845581,5,0.9349686503410339,0.00765262171626091,0.0001358694862574339,0.0049457973800599575,0.004209459759294987,6.145694351289421e-05,0.982994794845581,0.026522880420088768,0.0013776733539998531,0.019254442304372787,0.01710664853453636,0.0007697514956817031,0.9349686503410339
5,5,0.6925110816955566,5,0.5795952081680298,0.07543289661407471,0.2073352336883545,0.0071234917268157005,0.007814975455403328,0.009782339446246624,0.6925110816955566,0.11393919587135315,0.2392481118440628,0.020171163603663445,0.021589914336800575,0.02545643411576748,0.5795952081680298
5,0,0.578641951084137,0,0.514718770980835,0.578641951084137,0.041393160820007324,0.0062950835563242435,0.004753540735691786,0.0022658237721771,0.36665046215057373,0.514718770980835,0.07432486116886139,0.018664807081222534,0.015188824385404587,0.008819157257676125,0.36828354001045227
5,5,0.9513015151023865,5,0.875674307346344,0.040609072893857956,0.0022216406650841236,0.003124121343716979,0.001776748918928206,0.0009669086430221796,0.9513015151023865,0.08657683432102203,0.01026865653693676,0.013186831027269363,0.008715854957699776,0.005577473901212215,0.875674307346344
5,5,0.9111101031303406,5,0.8151513338088989,0.061699576675891876,9.694942127680406e-05,0.003783131018280983,0.023207955062389374,0.00010223974823020399,0.9111101031303406,0.11306677758693695,0.0009913844987750053,0.014580701477825642,0.05517903342843056,0.0010307946940883994,0.8151513338088989
5,5,0.9734930396080017,5,0.9121743440628052,0.011359116062521935,0.000126496292068623,0.012215176597237587,0.0012278045760467649,0.0015783616108819842,0.9734930396080017,0.0348217636346817,0.0012845323653891683,0.03672845661640167,0.006806779652833939,0.008184104226529598,0.9121743440628052
5,2,0.543931782245636,2,0.48170897364616394,0.1583729237318039,0.0004838850873056799,0.543931782245636,0.0010851150145754218,0.002471114508807659,0.29365524649620056,0.1948154717683792,0.0027824100106954575,0.48170897364616394,0.005032144952565432,0.009204261004924774,0.3064567744731903
5,5,0.988504946231842,5,0.953982412815094,0.0010027372045442462,0.0002754683082457632,0.0010357944993302226,0.009126660414040089,5.4408614232670516e-05,0.988504946231842,0.006067435722798109,0.002351346192881465,0.0062135569751262665,0.030669866129755974,0.0007153155165724456,0.953982412815094
5,5,0.5504436492919922,5,0.48243430256843567,0.046839941293001175,0.0011861195089295506,0.3582629859447479,0.040485624223947525,0.002781657036393881,0.5504436492919922,0.07912465184926987,0.005333027336746454,0.3520430028438568,0.07109800726175308,0.009967127814888954,0.48243430256843567
5,5,0.9533677101135254,5,0.8679396510124207,0.01259547472000122,0.0006309363525360823,0.012637496925890446,0.020101089030504227,0.000667358806822449,0.9533677101135254,0.03629440814256668,0.004035208374261856,0.03638320416212082,0.051142722368240356,0.004204833880066872,0.8679396510124207
5,0,0.5126386284828186,0,0.4418667256832123,0.5126386284828186,0.054838042706251144,0.03562451899051666,0.014473066665232182,0.01343523059040308,0.36899054050445557,0.4418667256832123,0.08571765571832657,0.06246327608823776,0.03225604444742203,0.03054227866232395,0.34715408086776733
5,0,0.5330517888069153,0,0.48951035737991333,0.5330517888069153,0.003389752237126231,0.03821086138486862,0.0010719932615756989,0.002874978817999363,0.42140069603919983,0.48951035737991333,0.01197078451514244,0.07079219818115234,0.005143893416970968,0.010608130134642124,0.41197457909584045
5,5,0.9100936651229858,5,0.8028668165206909,0.04955558106303215,0.0009206568356603384,0.027234796434640884,0.011760196648538113,0.00043515965808182955,0.9100936651229858,0.09489767998456955,0.005096009466797113,0.06116706132888794,0.033031731843948364,0.002940691076219082,0.8028668165206909
5,5,0.8496249318122864,5,0.7637490034103394,0.14415986835956573,0.002426732797175646,0.0018269213614985347,0.001847095089033246,0.00011446893768152222,0.8496249318122864,0.20783717930316925,0.010381869971752167,0.008429640904068947,0.008497838862240314,0.0011044556740671396,0.7637490034103394
5,5,0.7718700170516968,5,0.6910169720649719,0.00436154380440712,0.0002503223076928407,0.21967695653438568,0.002617471618577838,0.001223622472025454,0.7718700170516968,0.015495620667934418,0.0019036540761590004,0.2748315930366516,0.010653823614120483,0.0060983686707913876,0.6910169720649719
5,5,0.38538864254951477,5,0.3486027419567108,0.15939262509346008,0.006032288074493408,0.38319018483161926,0.005841123405843973,0.060155171900987625,0.38538864254951477,0.18239332735538483,0.016508297994732857,0.34714260697364807,0.01612282730638981,0.08923023194074631,0.3486027419567108
5,5,0.877185583114624,5,0.7585131525993347,0.08667229861021042,0.007813693024218082,0.005742971319705248,0.0178863313049078,0.004699137527495623,0.877185583114624,0.13881708681583405,0.023752663284540176,0.018949711695313454,0.04361111298203468,0.01635625772178173,0.7585131525993347
5,5,0.8525038361549377,5,0.7499858140945435,0.009406531229615211,0.00014425079280044883,0.014625423587858677,0.12305528670549393,0.0002646456123329699,0.8525038361549377,0.02747974544763565,0.001281912438571453,0.03798804059624672,0.1812635362148285,0.002000882290303707,0.7499858140945435
5,5,0.4408063292503357,5,0.3659186065196991,0.18863950669765472,0.004807571414858103,0.08453619480133057,0.16470928490161896,0.11650102585554123,0.4408063292503357,0.19630564749240875,0.013293375261127949,0.10893650352954865,0.17770813405513763,0.13783766329288483,0.3659186065196991
5,5,0.9868701100349426,5,0.9465776681900024,0.0020724197383970022,4.914304008707404e-05,0.0039129615761339664,0.007004456128925085,9.089920786209404e-05,0.9868701100349426,0.010267768986523151,0.000659488607198,0.016368048265576363,0.02509145252406597,0.0010355624835938215,0.9465776681900024
5,5,0.9121788144111633,5,0.8110660314559937,0.062081824988126755,0.007694079540669918,0.00047614131472073495,0.0164972972124815,0.0010718535631895065,0.9121788144111633,0.11291388422250748,0.02440200187265873,0.003168190363794565,0.042703840881586075,0.0057459985837340355,0.8110660314559937
5,5,0.905098021030426,5,0.7869728207588196,0.012590199708938599,0.0016503774095326662,0.03468669578433037,0.04033026099205017,0.005644368473440409,0.905098021030426,0.034176863729953766,0.007696297951042652,0.07188764959573746,0.0802948996424675,0.018971402198076248,0.7869728207588196
5,3,0.4288954436779022,3,0.38935717940330505,0.017789144068956375,0.0014247195795178413,0.10384069383144379,0.4288954436779022,0.019573938101530075,0.4284760355949402,0.03769078105688095,0.005912772845476866,0.13753171265125275,0.38935717940330505,0.04042971134185791,0.3890778124332428
5,5,0.7181750535964966,5,0.6371349096298218,0.25970008969306946,0.0002720442716963589,0.016341008245944977,0.005266347900032997,0.0002454239293001592,0.7181750535964966,0.30207499861717224,0.0019670771434903145,0.03970116376876831,0.017297914251685143,0.0018239323981106281,0.6371349096298218
5,5,0.8028992414474487,5,0.6832327842712402,0.1525205671787262,0.010436934418976307,0.01729482039809227,0.0025890222750604153,0.014259401708841324,0.8028992414474487,0.20198971033096313,0.028232676908373833,0.04089623689651489,0.010151837952435017,0.03549676388502121,0.6832327842712402
5,0,0.6145948767662048,0,0.5636262893676758,0.6145948767662048,0.0035323856864124537,0.0021642642095685005,0.004035730846226215,0.0023827452678233385,0.37328994274139404,0.5636262893676758,0.012797596864402294,0.008933644741773605,0.014111587777733803,0.009586791507899761,0.39094406366348267
5,0,0.7257676720619202,0,0.6022408604621887,0.7257676720619202,0.13299870491027832,0.0127378199249506,0.0019137602066621184,0.0125894071534276,0.11399252712726593,0.6022408604621887,0.17340925335884094,0.031018221750855446,0.0077202655375003815,0.030752647668123245,0.1548587679862976
5,5,0.7067193388938904,5,0.6346651315689087,0.28152748942375183,0.005535733420401812,0.0005694215651601553,0.004841505084186792,0.0008064947323873639,0.7067193388938904,0.32304781675338745,0.018085332587361336,0.003408975899219513,0.016391893848776817,0.004400836303830147,0.6346651315689087
5,5,0.9572473168373108,5,0.8780304193496704,0.02706415392458439,0.001082157832570374,0.008375624194741249,0.005412732716649771,0.0008180327131412923,0.9572473168373108,0.06416304409503937,0.006046452559530735,0.02713666670024395,0.019699133932590485,0.004924270790070295,0.8780304193496704
5,3,0.9906010627746582,3,0.9636529088020325,0.00017687585204839706,4.1746088754734956e-06,0.0008008822915144265,0.9906010627746582,1.0252768333884887e-05,0.008406728506088257,0.0017133908113464713,0.00010967122943839058,0.005189054179936647,0.9636529088020325,0.00021203122742008418,0.029122937470674515
5,5,0.8783583045005798,5,0.7732213735580444,0.0028246333822607994,7.315855327760801e-05,0.0853399932384491,0.03208097070455551,0.001322953263297677,0.8783583045005798,0.011465972289443016,0.0007856992888264358,0.13977256417274475,0.06818210333585739,0.006572312209755182,0.7732213735580444
5,5,0.8058609366416931,5,0.6768344640731812,0.11305374652147293,0.052695684134960175,0.02172093652188778,0.004744198173284531,0.001924474723637104,0.8058609366416931,0.16019809246063232,0.09150179475545883,0.04775648191571236,0.01564110442996025,0.008068034425377846,0.6768344640731812
5,5,0.8018712997436523,5,0.672616183757782,0.1039862111210823,0.006227197125554085,0.021670592948794365,0.0656900554895401,0.0005546996835619211,0.8018712997436523,0.15027396380901337,0.019046055153012276,0.047550950199365616,0.10728247463703156,0.003230363829061389,0.672616183757782
5,5,0.7810772061347961,5,0.6427600979804993,0.11439219117164612,0.03383638709783554,0.0527137853205204,0.004093443509191275,0.013887007720768452,0.7810772061347961,0.1570100486278534,0.06423812359571457,0.08893217891454697,0.013638808391988277,0.033420808613300323,0.6427600979804993
5,5,0.8581264019012451,5,0.7471608519554138,0.10876978188753128,0.023285752162337303,0.0045829759910702705,0.0004999192897230387,0.004735140595585108,0.8581264019012451,0.16415590047836304,0.05297936126589775,0.016075294464826584,0.003163450164720416,0.016465183347463608,0.7471608519554138
5,5,0.9580757021903992,5,0.8853170871734619,0.029259517788887024,0.00042549960198812187,0.010250928811728954,0.0011100879637524486,0.0008782297372817993,0.9580757021903992,0.06846220791339874,0.0030717081390321255,0.03171386569738388,0.006207746919244528,0.005227342247962952,0.8853170871734619
5,5,0.6202855110168457,5,0.5726764798164368,0.36998358368873596,0.006875533610582352,0.0013983467360958457,0.00026333951973356307,0.001193689531646669,0.6202855110168457,0.39197736978530884,0.021053440868854523,0.00654381699860096,0.001922331633977592,0.005826517008244991,0.5726764798164368
5,5,0.9581935405731201,5,0.8806629776954651,0.026495127007365227,0.00991903804242611,0.0023860353976488113,0.0026352230925112963,0.0003710043674800545,0.9581935405731201,0.06331396847963333,0.030791709199547768,0.010824990458786488,0.011643396690487862,0.0027630063705146313,0.8806629776954651
5,5,0.9028180837631226,5,0.7927116751670837,0.005961208138614893,0.0029379052575677633,0.04426893591880798,0.04356445372104645,0.0004493927408475429,0.9028180837631226,0.01992788538336754,0.011857653968036175,0.08676378428936005,0.0857485830783844,0.002990431385114789,0.7927116751670837
5,5,0.8187904357910156,5,0.6940615773200989,0.1194511130452156,0.002073968993499875,0.04012110456824303,0.004585137590765953,0.014978245832026005,0.8187904357910156,0.16905979812145233,0.008638720028102398,0.07592803239822388,0.015461253933608532,0.03685060143470764,0.6940615773200989
5,5,0.9432865977287292,5,0.850357711315155,0.01309079211205244,0.001262860605493188,0.033288825303316116,0.006760357413440943,0.002310633659362793,0.9432865977287292,0.03686630725860596,0.0066294800490140915,0.07311739027500153,0.022701850160956383,0.010327225551009178,0.850357711315155
5,5,0.6566834449768066,5,0.5503979921340942,0.25441500544548035,0.007767146453261375,0.04999735206365585,0.01547363493591547,0.01566340960562229,0.6566834449768066,0.27449265122413635,0.021221386268734932,0.0831962525844574,0.03518777713179588,0.035503894090652466,0.5503979921340942
5,5,0.7356082797050476,5,0.6009128093719482,0.056972187012434006,0.0014975675148889422,0.08203838020563126,0.11150944977998734,0.012374148704111576,0.7356082797050476,0.09197849035263062,0.006371513940393925,0.12019055336713791,0.15054559707641602,0.030001096427440643,0.6009128093719482
5,5,0.8456771969795227,5,0.7118196487426758,0.08083406835794449,0.003592112800106406,0.041509874165058136,0.009342198260128498,0.019044529646635056,0.8456771969795227,0.12714089453220367,0.012946364469826221,0.07796897739171982,0.026103869080543518,0.04402027651667595,0.7118196487426758
5,5,0.9728193879127502,5,0.908509373664856,0.009191186167299747,0.00020879875228274614,0.009374668821692467,0.008014895021915436,0.00039103912422433496,0.9728193879127502,0.02970588579773903,0.0018488704226911068,0.03013983555138111,0.026866236701607704,0.0029297673609107733,0.908509373664856
5,5,0.9506949186325073,5,0.8704257607460022,0.0023340967018157244,0.0005288142128847539,0.02127135545015335,0.02500382624566555,0.00016695990052539855,0.9506949186325073,0.010588640347123146,0.003562384517863393,0.05357369780540466,0.06032056733965874,0.0015289236325770617,0.8704257607460022
5,5,0.9410042762756348,5,0.8451939821243286,0.016073640435934067,0.0007375313434749842,0.020765328779816628,0.02052246406674385,0.0008967789472080767,0.9410042762756348,0.04267406463623047,0.004448696970939636,0.05149548128247261,0.05105290189385414,0.005134844686836004,0.8451939821243286
5,5,0.846045732498169,5,0.7133219242095947,0.09406040608882904,0.01969660259783268,0.004269678611308336,0.01608101651072502,0.01984649896621704,0.846045732498169,0.142347052693367,0.04520192742347717,0.014722617343068123,0.03895242512226105,0.04545406624674797,0.7133219242095947
5,5,0.7872094511985779,5,0.6510232090950012,0.06285974383354187,0.004989430774003267,0.017642544582486153,0.11302836984395981,0.014270422048866749,0.7872094511985779,0.1019071415066719,0.015881886705756187,0.04011829197406769,0.15673334896564484,0.03433609753847122,0.6510232090950012
5,5,0.6197006106376648,5,0.5155925750732422,0.03890235349535942,0.001916589098982513,0.18067015707492828,0.005095248110592365,0.15371504426002502,0.6197006106376648,0.0676475465297699,0.007429894059896469,0.20871903002262115,0.015224278904497623,0.18538665771484375,0.5155925750732422
5,5,0.9818809032440186,5,0.9268749952316284,0.0047253710217773914,0.0007891440181992948,0.0052927169017493725,0.005690475460141897,0.0016213561175391078,0.9818809032440186,0.018475186079740524,0.004969367757439613,0.020077884197235107,0.021174218505620956,0.008428385481238365,0.9268749952316284
