true_label,true_label_name,predicted_label,predicted_label_name,confidence,prediction_set,set_size,covered,proba_Sigma24,proba_Sigma28,proba_Sigma32,proba_Sigma38,proba_Sigma54,proba_Sigma70
0,Sigma24,5,Sigma70,0.5145681591590066,Sigma24|Sigma28|Sigma32|Sigma38|Sigma70,5,True,0.1690418722741457,0.12905161137030347,0.10538384449788743,0.06880724271372764,0.013147269984929193,0.5145681591590066
0,Sigma24,5,Sigma70,0.704896744634411,Sigma24|Sigma32|Sigma70,3,True,0.1311912413340808,0.02714194499562834,0.08024602769837555,0.05025040921866289,0.006273632118841549,0.704896744634411
0,Sigma24,5,Sigma70,0.3588825475403262,Sigma24|Sigma32|Sigma38|Sigma54|Sigma70,5,True,0.30615515633707063,0.0167030283509385,0.14176219609421617,0.10391224658105201,0.07258482509639645,0.3588825475403262
0,Sigma24,5,Sigma70,0.5234700589753623,Sigma24|Sigma32|Sigma38|Sigma70,4,True,0.28729093032750513,0.04075801114027167,0.07347960709615986,0.07367282089775834,0.0013285715629428104,0.5234700589753623
0,Sigma24,5,Sigma70,0.40661086609136804,Sigma24|Sigma32|Sigma38|Sigma70,4,True,0.36844067338803405,0.017420759662103526,0.08504444517604114,0.10424359664444681,0.018239659038006582,0.40661086609136804
0,Sigma24,5,Sigma70,0.77042649194353,Sigma24|Sigma32|Sigma70,3,True,0.06422712126051844,0.019202492276350323,0.0779227602585707,0.05668073602040734,0.011540398240623216,0.77042649194353
0,Sigma24,5,Sigma70,0.6416237833699676,Sigma24|Sigma32|Sigma70,3,True,0.19710306949490075,0.01661710279742106,0.11490093957091486,0.021157879670779048,0.008597225096016708,0.6416237833699676
0,Sigma24,0,Sigma24,0.4561403055987815,Sigma24|Sigma32|Sigma70,3,True,0.4561403055987815,0.049913113367593534,0.0692874367867078,0.04643130296978503,0.009422933080131124,0.36880490819700107
0,Sigma24,5,Sigma70,0.5491633944655904,Sigma24|Sigma32|Sigma38|Sigma70,4,True,0.15922766584503975,0.03164899624989045,0.1298410574084906,0.12086079578305337,0.009258090247935476,0.5491633944655904
0,Sigma24,5,Sigma70,0.6762052876837925,Sigma24|Sigma32|Sigma38|Sigma70,4,True,0.14500211333296772,0.007250368109586201,0.07693649922765407,0.06254668372738148,0.032059047918618064,0.6762052876837925
0,Sigma24,5,Sigma70,0.7140048327970896,Sigma24|Sigma32|Sigma70,3,True,0.08803366058388952,0.023917759832513624,0.13091464188469293,0.03743848355870684,0.005690621343107565,0.7140048327970896
0,Sigma24,5,Sigma70,0.5478838329673387,Sigma24|Sigma32|Sigma38|Sigma70,4,True,0.22872156428064813,0.013694521600408165,0.0974712019257586,0.07125083699391228,0.04097804223193421,0.5478838329673387
0,Sigma24,5,Sigma70,0.755331574972083,Sigma24|Sigma70,2,True,0.1516912364318131,0.00895648724846882,0.054431877812428246,0.021212078693344627,0.008376744841862117,0.755331574972083
0,Sigma24,5,Sigma70,0.7266625422175507,Sigma24|Sigma32|Sigma70,3,True,0.10664173398593933,0.003981528411769922,0.10612107815566263,0.033961580946369606,0.022631536282707893,0.7266625422175507
0,Sigma24,5,Sigma70,0.7341960013863313,Sigma24|Sigma32|Sigma38|Sigma70,4,True,0.07270623043925076,0.012855212329586826,0.09085939280258412,0.0782871825604654,0.011095980481781623,0.7341960013863313
0,Sigma24,5,Sigma70,0.5736099742932115,Sigma24|Sigma32|Sigma38|Sigma70,4,True,0.26616826095800017,0.006574309575391493,0.08435524074522868,0.06036222755961879,0.008929986868549414,0.5736099742932115
0,Sigma24,5,Sigma70,0.6964169292244476,Sigma32|Sigma54|Sigma70,3,False,0.011812312502258598,0.026445431183139082,0.1364484579362272,0.013056324845060741,0.1158205443088667,0.6964169292244476
0,Sigma24,0,Sigma24,0.45772817274814437,Sigma24|Sigma32|Sigma70,3,True,0.45772817274814437,0.02165868476273782,0.0845735621246362,0.05301149937840475,0.0037475208372078675,0.379280560148869
0,Sigma24,5,Sigma70,0.49022093405529316,Sigma24|Sigma32|Sigma70,3,True,0.3612295122319189,0.0022674295336965493,0.08917948757411573,0.03037696877439829,0.02672566783057735,0.49022093405529316
0,Sigma24,5,Sigma70,0.6812452571084721,Sigma32|Sigma38|Sigma70,3,False,0.042901446570720196,0.0444944898107314,0.1567086525022144,0.06098818403853879,0.013661969969323116,0.6812452571084721
0,Sigma24,5,Sigma70,0.7633939635289109,Sigma24|Sigma32|Sigma70,3,True,0.09459434785719298,0.009174852989483813,0.08621308391140878,0.03875755305308702,0.007866198659916676,0.7633939635289109
0,Sigma24,5,Sigma70,0.3793553135187664,Sigma24|Sigma32|Sigma38|Sigma54|Sigma70,5,True,0.24979098037698652,0.024633648737232155,0.07158167088276285,0.09178778080700718,0.18285060567724484,0.3793553135187664
0,Sigma24,5,Sigma70,0.5166398127170455,Sigma28|Sigma32|Sigma38|Sigma70,4,False,0.04536837651275966,0.1008536190609322,0.1662097292973747,0.14561078331715724,0.025317679094730608,0.5166398127170455
0,Sigma24,5,Sigma70,0.7017848208302425,Sigma24|Sigma28|Sigma32|Sigma70,4,True,0.08685076780885795,0.09016295096333499,0.08497097692871057,0.025485285261921817,0.010745198206932234,0.7017848208302425
0,Sigma24,5,Sigma70,0.4426729935500153,Sigma24|Sigma28|Sigma32|Sigma54|Sigma70,5,True,0.2939402189303553,0.07413590533747653,0.09500622353315957,0.02622716496249527,0.0680174936864978,0.4426729935500153
0,Sigma24,5,Sigma70,0.4648820971720981,Sigma24|Sigma32|Sigma38|Sigma70,4,True,0.31056468693717276,0.04209206347044281,0.10880226872867865,0.06294479739241976,0.010714086299187811,0.4648820971720981
0,Sigma24,5,Sigma70,0.6992979450882413,Sigma24|Sigma32|Sigma38|Sigma70,4,True,0.06844787340500409,0.03468756657914261,0.1037873315192049,0.07157131873859574,0.02220796466981128,0.6992979450882413
0,Sigma24,0,Sigma24,0.5074951189483388,Sigma24|Sigma32|Sigma70,3,True,0.5074951189483388,0.02592215774421239,0.10407436661705033,0.02357707421790404,0.008736358103408606,0.3301949243690859
0,Sigma24,0,Sigma24,0.41399321158803737,Sigma24|Sigma32|Sigma38|Sigma70,4,True,0.41399321158803737,0.0501165040247337,0.0623917541586163,0.06547118588976537,0.006471291068382453,0.40155605327046484
0,Sigma24,5,Sigma70,0.7702592273665909,Sigma24|Sigma32|Sigma70,3,True,0.06637753536354322,0.03346765871282789,0.09756528141707704,0.03052080142486018,0.0018094957151007685,0.7702592273665909
0,Sigma24,5,Sigma70,0.31692223174141343,Sigma24|Sigma28|Sigma32|Sigma70,4,True,0.2441057353870816,0.2708734390650304,0.09829985548620303,0.030618731707467844,0.03918000661280365,0.31692223174141343
0,Sigma24,5,Sigma70,0.44593908323660403,Sigma24|Sigma32|Sigma38|Sigma54|Sigma70,5,True,0.26321805395987785,0.021133890538886316,0.09825218092746563,0.1089063547381894,0.06255043659897686,0.44593908323660403
0,Sigma24,1,Sigma28,0.36265646906941046,Sigma24|Sigma28|Sigma32|Sigma38|Sigma70,5,True,0.14109798914512764,0.36265646906941046,0.12404752101459325,0.06436467533034121,0.03141399907673468,0.2764193463637928
0,Sigma24,5,Sigma70,0.338155480471293,Sigma24|Sigma28|Sigma32|Sigma38|Sigma70,5,True,0.2784815106014115,0.10953359816773554,0.16323619369256626,0.07291620733475762,0.03767700973223606,0.338155480471293
0,Sigma24,0,Sigma24,0.39081221700986285,Sigma24|Sigma28|Sigma32|Sigma38|Sigma54|Sigma70,6,True,0.39081221700986285,0.07527361164486449,0.11264605278573366,0.10429533709704447,0.14041157884300798,0.17656120261948668
0,Sigma24,5,Sigma70,0.509662370891563,Sigma24|Sigma32|Sigma38|Sigma70,4,True,0.3058947442079163,0.020919397883962368,0.07413564067775304,0.07418766865003382,0.01520017768877148,0.509662370891563
0,Sigma24,5,Sigma70,0.4887492542870687,Sigma24|Sigma32|Sigma70,3,True,0.3668767939447387,0.016612882519735944,0.0678677196181249,0.05465724352545148,0.0052361061048801965,0.4887492542870687
0,Sigma24,5,Sigma70,0.6049804110467316,Sigma24|Sigma70,2,True,0.28702013190023734,0.010089913799893109,0.055732867871508086,0.0366279323951452,0.005548742986484718,0.6049804110467316
0,Sigma24,5,Sigma70,0.8199138093231767,Sigma32|Sigma38|Sigma70,3,False,0.02839934081291484,0.016316006180159614,0.06454278742162675,0.06401992178383893,0.006808134478283183,0.8199138093231767
0,Sigma24,5,Sigma70,0.7409491957183377,Sigma32|Sigma38|Sigma70,3,False,0.0470279766072568,0.046759908863272304,0.08874562597593844,0.06656354442569248,0.009953748409502212,0.7409491957183377
0,Sigma24,5,Sigma70,0.673933173118886,Sigma24|Sigma32|Sigma70,3,True,0.1411306676888863,0.03492169547861535,0.07432543477470054,0.04163336407007456,0.03405566486883732,0.673933173118886
0,Sigma24,5,Sigma70,0.537085044492146,Sigma24|Sigma32|Sigma70,3,True,0.3026934141132221,0.006613390024877819,0.11897903633552723,0.024350766702436584,0.01027834833179027,0.537085044492146
0,Sigma24,5,Sigma70,0.7423486706441657,Sigma24|Sigma32|Sigma70,3,True,0.09581777370424689,0.010969127678746393,0.10774072415862558,0.03889429878502884,0.004229405029186584,0.7423486706441657
0,Sigma24,5,Sigma70,0.6580950905606711,Sigma28|Sigma32|Sigma54|Sigma70,4,False,0.03824955634170959,0.0617944702857149,0.12782405945498274,0.022326859963964666,0.09170996339295703,0.6580950905606711
0,Sigma24,5,Sigma70,0.5958042938108147,Sigma24|Sigma32|Sigma38|Sigma70,4,True,0.08869394584255809,0.02311887874172135,0.1321203095695814,0.12434720012266892,0.035915371912655654,0.5958042938108147
0,Sigma24,5,Sigma70,0.689690867663987,Sigma24|Sigma32|Sigma54|Sigma70,4,True,0.09339298243939004,0.025758877644713497,0.09510556631836371,0.03673483012621402,0.05931687580733166,0.689690867663987
0,Sigma24,5,Sigma70,0.5565484981556137,Sigma24|Sigma32|Sigma70,3,True,0.22246708301824167,0.026619498364362105,0.1298079544509873,0.048250924956587726,0.01630604105420756,0.5565484981556137
0,Sigma24,5,Sigma70,0.5496549773066894,Sigma24|Sigma28|Sigma32|Sigma38|Sigma70,5,True,0.17115182621507374,0.058838828972310485,0.14562491187826923,0.06053210569445194,0.014197349933205127,0.5496549773066894
0,Sigma24,5,Sigma70,0.38651672185207225,Sigma24|Sigma32|Sigma38|Sigma70,4,True,0.32363156112695113,0.03210693155741536,0.10374779766281503,0.10561525302201953,0.04838173477872664,0.38651672185207225
0,Sigma24,5,Sigma70,0.4408650566479634,Sigma24|Sigma32|Sigma38|Sigma70,4,True,0.3303686521624044,0.025459679959249512,0.08462562582515591,0.11268230761046585,0.005998677794760742,0.4408650566479634
0,Sigma24,5,Sigma70,0.45274860389393373,Sigma24|Sigma32|Sigma38|Sigma70,4,True,0.2648067064406781,0.02452037542561636,0.09657538417997151,0.1268544964219897,0.034494433637810476,0.45274860389393373
0,Sigma24,5,Sigma70,0.6681117192763247,Sigma32|Sigma38|Sigma70,3,False,0.054905030650173665,0.008992930699813552,0.09157592242518979,0.16253894370876865,0.013875453239729716,0.6681117192763247
0,Sigma24,5,Sigma70,0.45801959726485175,Sigma24|Sigma28|Sigma32|Sigma70,4,True,0.18643991809265953,0.14803673438192433,0.13658838790556627,0.025353649766805694,0.0455617125881924,0.45801959726485175
0,Sigma24,5,Sigma70,0.6642359824750834,Sigma24|Sigma32|Sigma70,3,True,0.21349404617904313,0.023881424696942485,0.06133354061307063,0.035335464644400426,0.0017195413914598552,0.6642359824750834
0,Sigma24,5,Sigma70,0.47913483611948804,Sigma24|Sigma32|Sigma70,3,True,0.3399278347355846,0.041043894841325104,0.09619962821237214,0.02302371504818076,0.020670091043049343,0.47913483611948804
0,Sigma24,5,Sigma70,0.4979051463680735,Sigma24|Sigma28|Sigma32|Sigma38|Sigma70,5,True,0.07515155270621977,0.07795086346714422,0.09974176114787148,0.22310804592534556,0.026142630385345474,0.4979051463680735
0,Sigma24,5,Sigma70,0.5703161978142316,Sigma24|Sigma28|Sigma32|Sigma70,4,True,0.19155724919144468,0.08200030520055639,0.12329642636251044,0.030053905209169257,0.0027759162220875678,0.5703161978142316
0,Sigma24,5,Sigma70,0.7483756463585854,Sigma24|Sigma32|Sigma70,3,True,0.05973131680074169,0.009219652248077779,0.12267766839336443,0.05031080483241299,0.00968491136681773,0.7483756463585854
0,Sigma24,5,Sigma70,0.6816050010275215,Sigma24|Sigma28|Sigma32|Sigma70,4,True,0.11028781995583536,0.05865155063639233,0.1009537182872661,0.04098019188872642,0.007521718204258201,0.6816050010275215
0,Sigma24,5,Sigma70,0.7100757989565262,Sigma24|Sigma32|Sigma38|Sigma70,4,True,0.10634306106151196,0.005664388555013178,0.0743662641554409,0.08880201208644034,0.014748475185067321,0.7100757989565262
0,Sigma24,5,Sigma70,0.6381524279598703,Sigma24|Sigma32|Sigma70,3,True,0.11663026515580835,0.039346722956359756,0.1460515885772984,0.05524068827308939,0.0045783070775738816,0.6381524279598703
0,Sigma24,5,Sigma70,0.6204267841244748,Sigma24|Sigma32|Sigma38|Sigma70,4,True,0.13506517652952618,0.00216281095035592,0.07562425014609428,0.13285748615859258,0.03386349209095617,0.6204267841244748
0,Sigma24,5,Sigma70,0.6051219696964933,Sigma24|Sigma32|Sigma38|Sigma70,4,True,0.08268845874158513,0.019840196222067386,0.08102648736069955,0.2042454483928663,0.0070774395862883525,0.6051219696964933
0,Sigma24,5,Sigma70,0.7140000847587341,Sigma32|Sigma70,2,False,0.054478128605088355,0.03284723293021367,0.10565967399092405,0.05429756851822632,0.03871731119681353,0.7140000847587341
0,Sigma24,5,Sigma70,0.5540612385843711,Sigma24|Sigma32|Sigma70,3,True,0.27671050499340644,0.01829857088341091,0.0997163578658315,0.048794864194476796,0.0024184634785032848,0.5540612385843711
0,Sigma24,5,Sigma70,0.42668447953919536,Sigma24|Sigma28|Sigma32|Sigma38|Sigma70,5,True,0.270689120385822,0.11571936048270194,0.07270395396951465,0.05949346126315924,0.05470962435960682,0.42668447953919536
0,Sigma24,5,Sigma70,0.42251863605739437,Sigma24|Sigma28|Sigma32|Sigma70,4,True,0.2587276038045747,0.1622921255004381,0.09082353215852584,0.05420934561702314,0.011428756862043735,0.42251863605739437
0,Sigma24,5,Sigma70,0.6525964161155992,Sigma24|Sigma32|Sigma70,3,True,0.19007723663261294,0.012911170695480676,0.08228523128180243,0.04787884523638378,0.014251100038121148,0.6525964161155992
0,Sigma24,5,Sigma70,0.6320367709538417,Sigma24|Sigma32|Sigma70,3,True,0.1646083322149626,0.03489448090994172,0.12259870620846434,0.022422438692738026,0.02343927102005159,0.6320367709538417
0,Sigma24,5,Sigma70,0.3555732233528226,Sigma24|Sigma28|Sigma32|Sigma54|Sigma70,5,True,0.24788930369115722,0.176399296063639,0.12136608465384892,0.041148344616056876,0.05762374762247551,0.3555732233528226
0,Sigma24,5,Sigma70,0.541558649109601,Sigma24|Sigma32|Sigma70,3,True,0.26252314661000603,0.01031823642779586,0.0780954142880604,0.050004771293695176,0.057499782270841474,0.541558649109601
0,Sigma24,5,Sigma70,0.41269262470568874,Sigma24|Sigma28|Sigma32|Sigma70,4,True,0.31857788150625493,0.11809097173473485,0.09490217300362365,0.027581313455324077,0.02815503559437381,0.41269262470568874
0,Sigma24,0,Sigma24,0.3989140402831853,Sigma24|Sigma28|Sigma32|Sigma70,4,True,0.3989140402831853,0.12212770985702404,0.059513654191202435,0.05024337483196164,0.0036079023797020624,0.36559331845692455
0,Sigma24,5,Sigma70,0.45328281950469446,Sigma24|Sigma32|Sigma38|Sigma70,4,True,0.32610065467201865,0.024132856635085183,0.11463321618977124,0.06388705892647224,0.017963394071958128,0.45328281950469446
0,Sigma24,5,Sigma70,0.35575318612533996,Sigma24|Sigma28|Sigma32|Sigma38|Sigma70,5,True,0.3209315954452354,0.0771436588675003,0.09493128356901755,0.13541943640346693,0.01582083958943978,0.35575318612533996
0,Sigma24,5,Sigma70,0.3956426635545436,Sigma24|Sigma54|Sigma70,3,True,0.14897497597113793,0.027591284258999958,0.05501684024610905,0.04993078484602779,0.3228434511231817,0.3956426635545436
0,Sigma24,5,Sigma70,0.5136187413807047,Sigma24|Sigma32|Sigma38|Sigma70,4,True,0.21548512810326015,0.02257212876070772,0.1373238288755301,0.09195973868036084,0.019040434199436525,0.5136187413807047
0,Sigma24,5,Sigma70,0.4445017965810705,Sigma24|Sigma32|Sigma70,3,True,0.32010810493100883,0.04590447512754834,0.12115931468768934,0.05027116160563856,0.0180551470670444,0.4445017965810705
0,Sigma24,5,Sigma70,0.4311031779141615,Sigma24|Sigma32|Sigma70,3,True,0.41677513301373303,0.047687130107193686,0.06363301954686579,0.03934290056655075,0.001458638851495059,0.4311031779141615
0,Sigma24,5,Sigma70,0.6396418454342169,Sigma24|Sigma32|Sigma70,3,True,0.18394885958088822,0.0464478312690635,0.10016069421974001,0.02763277553525545,0.0021679939608359603,0.6396418454342169
0,Sigma24,5,Sigma70,0.5883349390788158,Sigma24|Sigma32|Sigma70,3,True,0.21321174943328727,0.015290635039571928,0.10662407344765827,0.026854343581777924,0.04968425941888879,0.5883349390788158
0,Sigma24,5,Sigma70,0.6163893374337732,Sigma24|Sigma32|Sigma38|Sigma70,4,True,0.1494944756374361,0.01994905491999224,0.0958505403526855,0.09715836355382391,0.021158228102288953,0.6163893374337732
0,Sigma24,5,Sigma70,0.663817911369423,Sigma24|Sigma32|Sigma38|Sigma70,4,True,0.11537124035075673,0.03405642766426157,0.09547463503121452,0.06831282790978141,0.022966957674562718,0.663817911369423
0,Sigma24,0,Sigma24,0.3991868756780561,Sigma24|Sigma28|Sigma32|Sigma70,4,True,0.3991868756780561,0.17454243971433475,0.0857279874636346,0.03441517065820611,0.024779165424239115,0.28134836106152916
0,Sigma24,5,Sigma70,0.6966976367537017,Sigma24|Sigma32|Sigma70,3,True,0.15780485537956274,0.008100074706398282,0.10359358258988619,0.02916842590100469,0.004635424669446458,0.6966976367537017
0,Sigma24,5,Sigma70,0.5513095565776938,Sigma24|Sigma28|Sigma32|Sigma70,4,True,0.18951142542901972,0.11110981670455498,0.08520668386747111,0.043071983037989245,0.01979053438327111,0.5513095565776938
0,Sigma24,5,Sigma70,0.8127460738656569,Sigma32|Sigma70,2,False,0.055286160680928696,0.0018606116997137894,0.10026753596770165,0.020655131610017488,0.009184486175981478,0.8127460738656569
0,Sigma24,5,Sigma70,0.525950278773697,Sigma24|Sigma28|Sigma32|Sigma70,4,True,0.09739769812628311,0.20434490164694127,0.1319877108940244,0.024524772198696403,0.015794638360357802,0.525950278773697
0,Sigma24,5,Sigma70,0.46789229475431604,Sigma24|Sigma32|Sigma38|Sigma70,4,True,0.2772436121573905,0.024776107615580436,0.10762585631597069,0.10383719732700747,0.01862493182973475,0.46789229475431604
0,Sigma24,5,Sigma70,0.5867380275961596,Sigma24|Sigma32|Sigma38|Sigma70,4,True,0.17561143495277048,0.017449194082408324,0.09541470966341635,0.09678037586144722,0.028006257843798094,0.5867380275961596
0,Sigma24,5,Sigma70,0.3820556858537647,Sigma24|Sigma28|Sigma32|Sigma38|Sigma70,5,True,0.36970733476664025,0.09173673996083925,0.07892918258891911,0.07319024333737448,0.004380813492462428,0.3820556858537647
0,Sigma24,5,Sigma70,0.5891509573915686,Sigma24|Sigma28|Sigma32|Sigma70,4,True,0.15868633629301854,0.06214444805254008,0.15975587920628298,0.019411199992139153,0.010851179064450666,0.5891509573915686
0,Sigma24,5,Sigma70,0.6177040165955029,Sigma24|Sigma32|Sigma70,3,True,0.17168979371504237,0.020340399138986574,0.13367692567322376,0.04225565732682971,0.014333207550414692,0.6177040165955029
0,Sigma24,5,Sigma70,0.5330756639886399,Sigma24|Sigma28|Sigma32|Sigma38|Sigma70,5,True,0.11970406012647429,0.11069554453119065,0.11792652164631008,0.10733728385975368,0.011260925847631414,0.5330756639886399
0,Sigma24,5,Sigma70,0.5892903546156432,Sigma24|Sigma32|Sigma70,3,True,0.24367964307316528,0.017469364660776105,0.0889374802816447,0.04880695645156801,0.011816200917202663,0.5892903546156432
0,Sigma24,5,Sigma70,0.48693715186915937,Sigma24|Sigma32|Sigma38|Sigma70,4,True,0.23346073428100134,0.011673610909936174,0.09062075342738751,0.1635631127636351,0.013744636748880431,0.48693715186915937
0,Sigma24,5,Sigma70,0.45605225107958003,Sigma24|Sigma28|Sigma32|Sigma70,4,True,0.24051947134683915,0.07522284372809186,0.14018525548285074,0.03141716675428318,0.056603011608355056,0.45605225107958003
0,Sigma24,5,Sigma70,0.7266341945175464,Sigma28|Sigma32|Sigma38|Sigma70,4,False,0.04363807061349769,0.06710944791623707,0.08709255324855619,0.06895634227122271,0.006569391432940039,0.7266341945175464
1,Sigma28,0,Sigma24,0.38950483604311686,Sigma24|Sigma28|Sigma32|Sigma70,4,True,0.38950483604311686,0.12259335834215264,0.10520099373794745,0.0516439792667247,0.019513712781728934,0.3115431198283294
1,Sigma28,5,Sigma70,0.34663753505251216,Sigma24|Sigma28|Sigma32|Sigma70,4,True,0.2871960037168905,0.18405807081960476,0.10769030829994962,0.054699680924616835,0.019718401186426107,0.34663753505251216
1,Sigma28,5,Sigma70,0.5718244058856631,Sigma24|Sigma32|Sigma38|Sigma70,4,False,0.23353189197024116,0.045099528523352105,0.07313718037827131,0.06619466088687113,0.010212332355601096,0.5718244058856631
1,Sigma28,5,Sigma70,0.6281409293482306,Sigma24|Sigma28|Sigma32|Sigma38|Sigma70,5,True,0.08934997658567892,0.12476018166908887,0.07607070651735687,0.06699454576999618,0.01468366010964866,0.6281409293482306
1,Sigma28,5,Sigma70,0.6068780329565163,Sigma24|Sigma28|Sigma32|Sigma70,4,True,0.07259271761333007,0.13848835424726122,0.10052779875122024,0.048799256071879744,0.03271384035979235,0.6068780329565163
1,Sigma28,5,Sigma70,0.6687235535348851,Sigma24|Sigma32|Sigma38|Sigma70,4,False,0.06930991004979367,0.017985941533602827,0.07244448416843453,0.12756193919580652,0.043974171517477394,0.6687235535348851
1,Sigma28,5,Sigma70,0.511173369212279,Sigma24|Sigma28|Sigma32|Sigma38|Sigma70,5,True,0.09807127706254927,0.1830179842802984,0.13520038253077815,0.06452707926493756,0.008009907649157638,0.511173369212279
1,Sigma28,5,Sigma70,0.5170330159459672,Sigma24|Sigma28|Sigma32|Sigma38|Sigma70,5,True,0.11070688194849317,0.09170578813201632,0.09734868869738057,0.13451223929432132,0.0486933859818214,0.5170330159459672
1,Sigma28,5,Sigma70,0.5931712769493388,Sigma24|Sigma28|Sigma32|Sigma70,4,True,0.0879609402432085,0.2312803248821374,0.06982395830223082,0.015585347207938326,0.002178152415146207,0.5931712769493388
1,Sigma28,5,Sigma70,0.7099534998014507,Sigma32|Sigma38|Sigma70,3,False,0.04907016976234057,0.013581958036306345,0.11506496105136214,0.08353026445553738,0.028799146893002888,0.7099534998014507
1,Sigma28,5,Sigma70,0.5278398999769663,Sigma24|Sigma32|Sigma38|Sigma70,4,False,0.17265483641408622,0.04167262939605034,0.06491370422387603,0.162471285596224,0.03044764439279716,0.5278398999769663
1,Sigma28,5,Sigma70,0.6399995594939483,Sigma24|Sigma28|Sigma32|Sigma54|Sigma70,5,True,0.06548430180303222,0.07288651343460553,0.10830419354148497,0.03143670605617461,0.08188872567075435,0.6399995594939483
1,Sigma28,5,Sigma70,0.36666307113323715,Sigma24|Sigma28|Sigma32|Sigma70,4,True,0.22380993780214894,0.23157918248920595,0.10189269070042277,0.04760753713889791,0.02844758073608722,0.36666307113323715
1,Sigma28,0,Sigma24,0.3613349754586565,Sigma24|Sigma32|Sigma38|Sigma54|Sigma70,5,False,0.3613349754586565,0.05753605514481131,0.07783349000615535,0.09837096563909851,0.06669613104465391,0.3382283827066244
1,Sigma28,5,Sigma70,0.5152716839196243,Sigma24|Sigma28|Sigma32|Sigma70,4,True,0.08817854032457284,0.1981455160451564,0.1266378820492946,0.024224927317372906,0.04754145034397891,0.5152716839196243
1,Sigma28,5,Sigma70,0.5426603081604706,Sigma24|Sigma32|Sigma38|Sigma70,4,False,0.17222329725822794,0.04512800409124527,0.09298718953118128,0.1241679377762213,0.022833263182653676,0.5426603081604706
1,Sigma28,5,Sigma70,0.8208573051397289,Sigma32|Sigma70,2,False,0.04630702020710449,0.021198160873602517,0.08205698077142401,0.014008722925560652,0.015571810082579353,0.8208573051397289
1,Sigma28,5,Sigma70,0.6051813580486435,Sigma24|Sigma28|Sigma32|Sigma70,4,True,0.22792475149020378,0.06338942980571556,0.059430872303714535,0.042201363233276015,0.0018722251184465331,0.6051813580486435
1,Sigma28,5,Sigma70,0.42550707541630717,Sigma24|Sigma32|Sigma38|Sigma70,4,False,0.23832723872239941,0.026824527031020423,0.13708708689743143,0.11769635994111838,0.05455771199172325,0.42550707541630717
1,Sigma28,5,Sigma70,0.593334896950916,Sigma24|Sigma32|Sigma38|Sigma70,4,False,0.10210121771375014,0.03048952557240038,0.08393903336554072,0.16982311572291223,0.020312210674480604,0.593334896950916
1,Sigma28,5,Sigma70,0.5566784467289253,Sigma28|Sigma32|Sigma38|Sigma70,4,True,0.05709756903576523,0.17709859491072827,0.13014027900413547,0.06782887316113498,0.011156237159310727,0.5566784467289253
1,Sigma28,5,Sigma70,0.4676399312792043,Sigma24|Sigma28|Sigma32|Sigma70,4,True,0.11689008085251068,0.17278381015096492,0.15513197719640814,0.055236940016665126,0.03231726050424684,0.4676399312792043
1,Sigma28,5,Sigma70,0.4641577244704518,Sigma24|Sigma28|Sigma32|Sigma38|Sigma54|Sigma70,6,True,0.1233426415657901,0.13276135863822042,0.095866500407751,0.08652511934373162,0.09734665557405504,0.4641577244704518
1,Sigma28,5,Sigma70,0.5248814380206877,Sigma28|Sigma32|Sigma70,3,True,0.049575400676595965,0.28518484601231603,0.10283756575111608,0.02831338844421918,0.009207361095065356,0.5248814380206877
1,Sigma28,5,Sigma70,0.4339512615102253,Sigma24|Sigma28|Sigma32|Sigma70,4,True,0.3518780239406025,0.07139701014734573,0.1013383751397034,0.02227879676786496,0.019156532494258208,0.4339512615102253
1,Sigma28,0,Sigma24,0.391712985515679,Sigma24|Sigma28|Sigma32|Sigma70,4,True,0.391712985515679,0.09728019275031265,0.12284085747943817,0.026459642242096893,0.026567489819459344,0.33513883219301377
1,Sigma28,5,Sigma70,0.5124996671760466,Sigma24|Sigma28|Sigma32|Sigma70,4,True,0.17372024214146906,0.12554823482190494,0.11532957023060217,0.02458438338223777,0.04831790224773951,0.5124996671760466
1,Sigma28,5,Sigma70,0.5037869762672447,Sigma28|Sigma32|Sigma70,3,True,0.05470223465394031,0.27676582654520354,0.10896772313375057,0.045776572277442154,0.010000667122418578,0.5037869762672447
2,Sigma32,5,Sigma70,0.4574376584053678,Sigma24|Sigma32|Sigma38|Sigma54|Sigma70,5,True,0.22810028233086904,0.007538746470833396,0.13287537463827886,0.06740450608736642,0.10664343206728434,0.4574376584053678
2,Sigma32,5,Sigma70,0.636882445852237,Sigma24|Sigma32|Sigma38|Sigma70,4,True,0.1483561395808271,0.010678415225485636,0.1306596539911136,0.06670419350663685,0.0067191518436998734,0.636882445852237
2,Sigma32,5,Sigma70,0.6430250002195662,Sigma24|Sigma32|Sigma38|Sigma70,4,True,0.068246267987938,0.00985713532488912,0.16295276027208624,0.060080122131573,0.05583871406394733,0.6430250002195662
2,Sigma32,5,Sigma70,0.6823341288412056,Sigma28|Sigma32|Sigma38|Sigma70,4,True,0.020720439351205475,0.07079766965921547,0.09914443086025873,0.10495747061525233,0.022045860672862475,0.6823341288412056
2,Sigma32,5,Sigma70,0.5863850447689269,Sigma24|Sigma32|Sigma38|Sigma70,4,True,0.12575199262648143,0.015303404304267743,0.17294426109649746,0.07735228949643687,0.022263007707389718,0.5863850447689269
2,Sigma32,5,Sigma70,0.6859611135026507,Sigma24|Sigma32|Sigma70,3,True,0.088482493189502,0.0055367948281360305,0.1633945183047339,0.050654369772479974,0.005970710402497356,0.6859611135026507
2,Sigma32,5,Sigma70,0.5535067721040288,Sigma28|Sigma32|Sigma70,3,True,0.015754194228375755,0.20273046126809438,0.1633732601143378,0.025665139604225177,0.038970172680938005,0.5535067721040288
2,Sigma32,5,Sigma70,0.7127037257818262,Sigma32|Sigma38|Sigma70,3,True,0.03524731455632795,0.00852191572908894,0.11715678286697503,0.0800574369039501,0.04631282416183173,0.7127037257818262
2,Sigma32,5,Sigma70,0.44571893234883075,Sigma24|Sigma28|Sigma32|Sigma38|Sigma70,5,True,0.1458284152289523,0.127925545514612,0.11672254599529482,0.15945866922574692,0.004345891686563279,0.44571893234883075
2,Sigma32,5,Sigma70,0.659373635344387,Sigma24|Sigma32|Sigma70,3,True,0.16985982693125568,0.009195296393447292,0.07207140493701295,0.04777784359960739,0.041721992794289744,0.659373635344387
2,Sigma32,5,Sigma70,0.5396131133639325,Sigma24|Sigma28|Sigma32|Sigma70,4,True,0.24555683446723547,0.062194484729262686,0.08755433060669676,0.03375652596426261,0.03132471086861003,0.5396131133639325
2,Sigma32,5,Sigma70,0.5916457582238377,Sigma24|Sigma32|Sigma38|Sigma54|Sigma70,5,True,0.06582753142647943,0.03185862696064347,0.14535712068926257,0.06702997754406649,0.09828098515571039,0.5916457582238377
2,Sigma32,5,Sigma70,0.7481614807337648,Sigma32|Sigma38|Sigma70,3,True,0.03535814744212578,0.01361847851829273,0.09796764559166357,0.06735027424129791,0.03754397347285531,0.7481614807337648
2,Sigma32,5,Sigma70,0.6772641095230951,Sigma28|Sigma32|Sigma38|Sigma70,4,True,0.04815359515918023,0.10936972012295991,0.09439836703917638,0.06640435612729911,0.0044098520282892465,0.6772641095230951
2,Sigma32,5,Sigma70,0.7083459406421517,Sigma24|Sigma32|Sigma70,3,True,0.06821520630921826,0.04589093499367058,0.13492771274926446,0.015531344407403527,0.027088860898291434,0.7083459406421517
2,Sigma32,5,Sigma70,0.4926917753818678,Sigma28|Sigma32|Sigma38|Sigma70,4,True,0.05143341350958066,0.2192522854923552,0.13851642789005983,0.09205471921685053,0.006051378509285904,0.4926917753818678
2,Sigma32,5,Sigma70,0.4986475577480128,Sigma24|Sigma32|Sigma38|Sigma54|Sigma70,5,True,0.14467608971688997,0.027690006127966404,0.08984603036528105,0.11066965596957686,0.12847066007227295,0.4986475577480128
2,Sigma32,0,Sigma24,0.45528899361442665,Sigma24|Sigma28|Sigma32|Sigma70,4,True,0.45528899361442665,0.10836922037771748,0.07884975756750087,0.02850982429393265,0.012953682828488113,0.3160285213179342
2,Sigma32,5,Sigma70,0.5249695153368807,Sigma24|Sigma32|Sigma38|Sigma70,4,True,0.23470835749921723,0.006351812947559649,0.09564194583166007,0.09100125229629401,0.04732711608838832,0.5249695153368807
2,Sigma32,5,Sigma70,0.3177358096379562,Sigma24|Sigma28|Sigma32|Sigma38|Sigma70,5,True,0.1853941664844597,0.11660174856227816,0.1634800833480822,0.15955777289071388,0.057230419076509914,0.3177358096379562
2,Sigma32,5,Sigma70,0.6402545263668773,Sigma28|Sigma32|Sigma38|Sigma70,4,True,0.034457551870771125,0.08541925310380673,0.10822541961083706,0.08317907274192407,0.04846417630578378,0.6402545263668773
2,Sigma32,5,Sigma70,0.6633506699901163,Sigma28|Sigma32|Sigma70,3,True,0.03929656499638198,0.10418025362971704,0.13436022417821125,0.04798989632681939,0.010822390878754088,0.6633506699901163
2,Sigma32,5,Sigma70,0.4931862348112745,Sigma24|Sigma28|Sigma32|Sigma70,4,True,0.2306334244319768,0.06193222187842796,0.13736778817336573,0.030962409747045973,0.04591792095790906,0.4931862348112745
2,Sigma32,5,Sigma70,0.6342711640903288,Sigma24|Sigma32|Sigma38|Sigma70,4,True,0.16987259629301715,0.01603038497060213,0.11327906395472269,0.05904764209279582,0.007499148598533355,0.6342711640903288
2,Sigma32,5,Sigma70,0.5305570565194149,Sigma28|Sigma32|Sigma54|Sigma70,4,True,0.052572642341962364,0.15047995198390915,0.0825373347127719,0.05089515627339342,0.13295785816854816,0.5305570565194149
2,Sigma32,5,Sigma70,0.549866338040392,Sigma24|Sigma28|Sigma32|Sigma38|Sigma70,5,True,0.1814555057912814,0.06692782216722451,0.1296065931811355,0.06071667398659329,0.011427066833373403,0.549866338040392
2,Sigma32,5,Sigma70,0.6087011443029232,Sigma24|Sigma28|Sigma32|Sigma38|Sigma70,5,True,0.08932957435139817,0.08066418632020687,0.09555360535843285,0.09768329245486712,0.028068197212171762,0.6087011443029232
2,Sigma32,5,Sigma70,0.7508208355973376,Sigma32|Sigma38|Sigma70,3,True,0.01697914196878045,0.013076835131954359,0.13931653176932365,0.07172978538707593,0.008076870145528013,0.7508208355973376
2,Sigma32,5,Sigma70,0.4532154546073943,Sigma24|Sigma32|Sigma38|Sigma70,4,True,0.3116573426447888,0.022878536226394776,0.08770841353906318,0.11687607444588567,0.007664178536473277,0.4532154546073943
2,Sigma32,5,Sigma70,0.7537617574722404,Sigma32|Sigma70,2,True,0.043315307319077366,0.012680187642376918,0.13438856310905303,0.021805037923635338,0.03404914653361702,0.7537617574722404
2,Sigma32,5,Sigma70,0.6349833742424249,Sigma24|Sigma32|Sigma70,3,True,0.199492376077822,0.031661761299542554,0.08925339202812924,0.03844816772930402,0.006160928622777296,0.6349833742424249
2,Sigma32,5,Sigma70,0.5798378499538747,Sigma24|Sigma28|Sigma32|Sigma38|Sigma70,5,True,0.08640029660131565,0.06245032914033705,0.15327514271967677,0.10860471320120638,0.009431668383589402,0.5798378499538747
2,Sigma32,5,Sigma70,0.7127740764431058,Sigma24|Sigma32|Sigma38|Sigma70,4,True,0.08747925418763221,0.029759417675340103,0.10271937912219842,0.061613277495501356,0.005654595076222249,0.7127740764431058
2,Sigma32,5,Sigma70,0.5343085149080619,Sigma24|Sigma28|Sigma32|Sigma70,4,True,0.12813857040311957,0.07967078399874486,0.19650529769898667,0.05343673379427891,0.007940099196808065,0.5343085149080619
2,Sigma32,5,Sigma70,0.7036122091285805,Sigma24|Sigma32|Sigma70,3,True,0.06366197336216747,0.002549293743942247,0.16319062874952953,0.05132976152795196,0.015656133487828305,0.7036122091285805
2,Sigma32,5,Sigma70,0.34292512603204434,Sigma24|Sigma28|Sigma32|Sigma70,4,True,0.34223484374405133,0.07357215885352789,0.14835705005607816,0.05681894065313906,0.0360918806611592,0.34292512603204434
2,Sigma32,5,Sigma70,0.5400433604072223,Sigma24|Sigma32|Sigma38|Sigma70,4,True,0.2293848220117212,0.013957018672174975,0.08068811438937401,0.1159470251801039,0.0199796593394036,0.5400433604072223
2,Sigma32,5,Sigma70,0.42698911955951235,Sigma24|Sigma28|Sigma32|Sigma70,4,True,0.18056131539204726,0.24770470358531677,0.09415826683892943,0.025319207991286532,0.025267386632907826,0.42698911955951235
2,Sigma32,5,Sigma70,0.6270798100091259,Sigma24|Sigma32|Sigma70,3,True,0.21108802263970095,0.012199706084794579,0.11538071825245443,0.03047489057305044,0.003776852440873669,0.6270798100091259
2,Sigma32,5,Sigma70,0.6255671540639556,Sigma24|Sigma32|Sigma38|Sigma70,4,True,0.15015619574347427,0.013602085540349272,0.11069703722411837,0.060683362750611404,0.03929416467749118,0.6255671540639556
2,Sigma32,5,Sigma70,0.512626934197113,Sigma24|Sigma28|Sigma32|Sigma54|Sigma70,5,True,0.17882047501422052,0.09031652049346277,0.1271112613434546,0.022836068412338185,0.06828874053941082,0.512626934197113
2,Sigma32,5,Sigma70,0.7162017111554162,Sigma32|Sigma54|Sigma70,3,True,0.05730485959117412,0.019497425564572714,0.10340909712391348,0.03570975012689179,0.06787715643803162,0.7162017111554162
2,Sigma32,5,Sigma70,0.5577157918317155,Sigma24|Sigma32|Sigma38|Sigma54|Sigma70,5,True,0.132264639839332,0.016030443224420182,0.1504679416746615,0.07550478239546067,0.06801640103441016,0.5577157918317155
2,Sigma32,5,Sigma70,0.7265345687667911,Sigma24|Sigma32|Sigma70,3,True,0.09890161601281956,0.030131163822480614,0.09785109904035579,0.03274064384549186,0.013840908512061108,0.7265345687667911
2,Sigma32,5,Sigma70,0.4620601246544209,Sigma24|Sigma32|Sigma38|Sigma54|Sigma70,5,True,0.15639590301053152,0.0353364337577735,0.17220540668508313,0.06433866082643096,0.10966347106575992,0.4620601246544209
2,Sigma32,5,Sigma70,0.41888410082748717,Sigma24|Sigma32|Sigma70,3,True,0.32799604400780463,0.03393546013393843,0.1418034353293183,0.03892118096822329,0.03845977873322816,0.41888410082748717
2,Sigma32,5,Sigma70,0.6988670896185343,Sigma24|Sigma28|Sigma32|Sigma38|Sigma70,5,True,0.06719678585622985,0.06705897999967253,0.06602027933182376,0.08981943894527099,0.01103742624846873,0.6988670896185343
2,Sigma32,5,Sigma70,0.38170098718305084,Sigma24|Sigma32|Sigma38|Sigma70,4,True,0.3120919283890438,0.017068445220679195,0.1685860915884139,0.09189812490419812,0.028654422714614165,0.38170098718305084
2,Sigma32,5,Sigma70,0.6461306907284964,Sigma28|Sigma32|Sigma70,3,True,0.01741418038645996,0.16302324618791636,0.08916084077373171,0.04812114762136231,0.03614989430203342,0.6461306907284964
2,Sigma32,5,Sigma70,0.4716988402320097,Sigma24|Sigma32|Sigma70,3,True,0.32091299766799974,0.04028275798553547,0.11072625756552076,0.05120590219482505,0.005173244354109136,0.4716988402320097
2,Sigma32,5,Sigma70,0.7541456366715034,Sigma32|Sigma38|Sigma70,3,True,0.012175679530331726,0.012894325180629157,0.11514671490361586,0.09851632995398725,0.007121313759932573,0.7541456366715034
2,Sigma32,5,Sigma70,0.6179635854363709,Sigma24|Sigma28|Sigma32|Sigma54|Sigma70,5,True,0.06447304597359917,0.10247812115574084,0.10210562799174817,0.028498194858532815,0.08448142458400798,0.6179635854363709
2,Sigma32,5,Sigma70,0.6429843077377922,Sigma24|Sigma28|Sigma32|Sigma38|Sigma70,5,True,0.12207719555014906,0.06542956619504492,0.10335698259298023,0.06121456154814709,0.004937386375886558,0.6429843077377922
2,Sigma32,5,Sigma70,0.7999061323804298,Sigma32|Sigma70,2,True,0.021767548848092684,0.04884796555128655,0.0771633205649445,0.023339333990891505,0.028975698664354815,0.7999061323804298
2,Sigma32,5,Sigma70,0.5902930002480218,Sigma24|Sigma32|Sigma70,3,True,0.1164606567615315,0.022335381235237862,0.1950644375871918,0.04671409388752939,0.029132430280487703,0.5902930002480218
2,Sigma32,5,Sigma70,0.4447236612165705,Sigma24|Sigma32|Sigma70,3,True,0.2755933713984146,0.05384245877849304,0.16342984125589524,0.05208079657828431,0.010329870772342311,0.4447236612165705
2,Sigma32,5,Sigma70,0.5047897790154044,Sigma24|Sigma32|Sigma54|Sigma70,4,True,0.28166647480997214,0.015918503645664623,0.08108741775963098,0.04523969444273535,0.07129813032659249,0.5047897790154044
2,Sigma32,5,Sigma70,0.5041944821260267,Sigma24|Sigma32|Sigma70,3,True,0.2662011779974189,0.055424208582686235,0.09394828313835722,0.054075739817234895,0.026156108338276102,0.5041944821260267
2,Sigma32,5,Sigma70,0.45680031715457037,Sigma24|Sigma32|Sigma38|Sigma70,4,True,0.3272312468069398,0.01960816815441665,0.1293886440943936,0.06332788535748926,0.0036437384321902667,0.45680031715457037
3,Sigma38,5,Sigma70,0.8440413156198432,Sigma32|Sigma70,2,False,0.03961948493051549,0.006417114615812928,0.07953992958768893,0.012420615299646203,0.01796153994649336,0.8440413156198432
3,Sigma38,5,Sigma70,0.5121850217242491,Sigma24|Sigma32|Sigma38|Sigma70,4,True,0.11703288095005672,0.019722686805430743,0.12746735467564935,0.20063440643848687,0.02295764940612728,0.5121850217242491
3,Sigma38,5,Sigma70,0.7376519298168728,Sigma32|Sigma38|Sigma70,3,True,0.03672714565173954,0.020026989188230582,0.08046245651197903,0.12294206936199818,0.0021894094691797946,0.7376519298168728
3,Sigma38,5,Sigma70,0.5762694452661207,Sigma24|Sigma32|Sigma38|Sigma54|Sigma70,5,True,0.1261112890458358,0.0052661468005050435,0.15512705490307355,0.06619441896347739,0.07103164502098752,0.5762694452661207
3,Sigma38,5,Sigma70,0.4688880635145501,Sigma24|Sigma32|Sigma70,3,False,0.3783904223018562,0.046305175112959174,0.08876448403757763,0.016600419137083176,0.001051435895973614,0.4688880635145501
3,Sigma38,5,Sigma70,0.5272448206307825,Sigma24|Sigma28|Sigma32|Sigma38|Sigma70,5,True,0.08610613004402075,0.10095794560505411,0.12497967050720385,0.15015202044402257,0.01055941276891626,0.5272448206307825
3,Sigma38,5,Sigma70,0.6481251898738454,Sigma24|Sigma32|Sigma38|Sigma70,4,True,0.14460468274239466,0.004188529162976313,0.10347088957053259,0.09081147864543437,0.008799230004816597,0.6481251898738454
3,Sigma38,5,Sigma70,0.6657059616653752,Sigma24|Sigma32|Sigma70,3,False,0.18594690628229918,0.022638254852365796,0.08654365449986054,0.03511591409528284,0.0040493086048165395,0.6657059616653752
3,Sigma38,5,Sigma70,0.6747411599438549,Sigma24|Sigma32|Sigma70,3,False,0.12208007315922417,0.016024418080730976,0.11190405783094483,0.045849250269696,0.02940104071554911,0.6747411599438549
3,Sigma38,5,Sigma70,0.6868551656661498,Sigma32|Sigma54|Sigma70,3,False,0.05351942894088116,0.02042808763731745,0.1130452704939806,0.05544913803394534,0.07070290922772572,0.6868551656661498
3,Sigma38,5,Sigma70,0.5631742273582437,Sigma32|Sigma38|Sigma54|Sigma70,4,True,0.03726550518606482,0.003194019323191123,0.10373838281361143,0.22447537400094777,0.06815249131794103,0.5631742273582437
3,Sigma38,5,Sigma70,0.6686084045856925,Sigma24|Sigma32|Sigma70,3,False,0.172958416997516,0.03750479178973802,0.08837966124094462,0.025913027754496665,0.0066356976316122975,0.6686084045856925
3,Sigma38,5,Sigma70,0.6657931436438487,Sigma24|Sigma32|Sigma70,3,False,0.16280752410099616,0.02783393824771088,0.08883619076034283,0.0499389199263096,0.00479028332079185,0.6657931436438487
3,Sigma38,5,Sigma70,0.5773417686882959,Sigma24|Sigma32|Sigma38|Sigma70,4,True,0.1751967951182142,0.05425145186833789,0.08331183083644224,0.10485905739423143,0.005039096094478217,0.5773417686882959
3,Sigma38,5,Sigma70,0.43896759150098985,Sigma24|Sigma28|Sigma32|Sigma70,4,False,0.23786335716644605,0.2384182322514961,0.06478154415825797,0.019007002697862322,0.0009622722249476779,0.43896759150098985
3,Sigma38,5,Sigma70,0.6099649162734212,Sigma28|Sigma32|Sigma38|Sigma70,4,True,0.010125686418492631,0.12033139165868577,0.16213093762488442,0.07657807310610981,0.02086899491840616,0.6099649162734212
3,Sigma38,5,Sigma70,0.4499600944176065,Sigma24|Sigma28|Sigma32|Sigma38|Sigma54|Sigma70,6,True,0.1206325909977807,0.16046089770596106,0.09776865714050448,0.10148977291235914,0.0696879868257882,0.4499600944176065
3,Sigma38,5,Sigma70,0.8090205340072506,Sigma32|Sigma70,2,False,0.03903806336914004,0.006199531942881897,0.09082092256234015,0.05062504489781526,0.004295903220572169,0.8090205340072506
3,Sigma38,5,Sigma70,0.7000130401857919,Sigma24|Sigma32|Sigma38|Sigma70,4,True,0.10603955111927975,0.019851381619583164,0.10642272321484278,0.05872398659433281,0.008949317266169531,0.7000130401857919
3,Sigma38,5,Sigma70,0.46343542300878976,Sigma24|Sigma32|Sigma70,3,False,0.30215276849311584,0.046421930841859825,0.12168547049037486,0.05449554108477559,0.011808866081084064,0.46343542300878976
3,Sigma38,5,Sigma70,0.7792469350420005,Sigma32|Sigma38|Sigma70,3,True,0.020259730092636243,0.024426007041202617,0.10435189886671743,0.06058123305288698,0.011134195904556166,0.7792469350420005
3,Sigma38,5,Sigma70,0.5826707918994267,Sigma24|Sigma28|Sigma32|Sigma38|Sigma70,5,True,0.1104032901086213,0.11054453131468137,0.11416159010506331,0.07331390854425716,0.008905888027950193,0.5826707918994267
3,Sigma38,5,Sigma70,0.7685201845905925,Sigma32|Sigma70,2,False,0.05277913133326734,0.04480504303414427,0.08631575420722085,0.029158242521172724,0.01842164431360242,0.7685201845905925
3,Sigma38,5,Sigma70,0.5176062799242934,Sigma24|Sigma28|Sigma32|Sigma38|Sigma70,5,True,0.05949583978722195,0.1703046988626397,0.12155324698426995,0.1200379845907513,0.011001949850823855,0.5176062799242934
3,Sigma38,5,Sigma70,0.49649777611405305,Sigma24|Sigma32|Sigma70,3,False,0.25865741291155997,0.0463977276766381,0.12427131807784661,0.05638206680268215,0.017793698417220116,0.49649777611405305
3,Sigma38,5,Sigma70,0.6184789125828776,Sigma24|Sigma32|Sigma38|Sigma70,4,True,0.15721848562028373,0.033807748973030516,0.08452898998222291,0.09322867432532189,0.012737188516263355,0.6184789125828776
3,Sigma38,5,Sigma70,0.40685616241674555,Sigma24|Sigma28|Sigma32|Sigma38|Sigma54|Sigma70,6,True,0.14556701437980135,0.15675945302486985,0.14293076944712402,0.07277065012989332,0.07511595060156596,0.40685616241674555
3,Sigma38,5,Sigma70,0.7507599081209654,Sigma32|Sigma54|Sigma70,3,False,0.04392398160637545,0.009889394740152638,0.09518413948882776,0.034554550192399267,0.0656880258512794,0.7507599081209654
3,Sigma38,5,Sigma70,0.6102986326753089,Sigma24|Sigma32|Sigma70,3,False,0.1853703330796972,0.01439408543870094,0.07964826673200609,0.05573042878542278,0.05455825328886402,0.6102986326753089
3,Sigma38,5,Sigma70,0.536419842265861,Sigma24|Sigma32|Sigma38|Sigma70,4,True,0.08665487425357593,0.00879517034652202,0.07097079275069723,0.280687393529497,0.016471926853846786,0.536419842265861
3,Sigma38,5,Sigma70,0.6324163592827204,Sigma24|Sigma32|Sigma70,3,False,0.16272985777426757,0.026192849333005423,0.12749598999734202,0.04106311181511933,0.010101831797545143,0.6324163592827204
3,Sigma38,5,Sigma70,0.5681173494882656,Sigma24|Sigma32|Sigma38|Sigma70,4,True,0.1568583983321489,0.010198503445949247,0.06067543679662677,0.18991786843400496,0.014232443503004458,0.5681173494882656
3,Sigma38,5,Sigma70,0.6514124406855688,Sigma24|Sigma32|Sigma38|Sigma70,4,True,0.13242645171845843,0.013108425732055399,0.07270190791325701,0.12739162205788981,0.0029591518927704584,0.6514124406855688
3,Sigma38,5,Sigma70,0.7265093463451174,Sigma32|Sigma38|Sigma70,3,True,0.05163899283628437,0.025851583274097974,0.11122940997874856,0.06573544476953469,0.01903522279621708,0.7265093463451174
3,Sigma38,5,Sigma70,0.5724049625453074,Sigma24|Sigma32|Sigma54|Sigma70,4,False,0.12818246941996622,0.0446786280972149,0.12640002796194502,0.050272708017803334,0.07806120395776318,0.5724049625453074
3,Sigma38,5,Sigma70,0.4682824484716778,Sigma24|Sigma28|Sigma32|Sigma38|Sigma54|Sigma70,6,True,0.08534959209180046,0.06940816374625644,0.12451173136154689,0.15689231754377275,0.09555574678494563,0.4682824484716778
3,Sigma38,5,Sigma70,0.5000242217492005,Sigma24|Sigma32|Sigma70,3,False,0.31387218302900916,0.05133628541742887,0.08875968009213916,0.036602304610039806,0.009405325102182447,0.5000242217492005
3,Sigma38,5,Sigma70,0.6922886772255679,Sigma24|Sigma32|Sigma70,3,False,0.08303489297627345,0.04402064228606348,0.10695848667359385,0.023909470109355905,0.049787830729145374,0.6922886772255679
4,Sigma54,5,Sigma70,0.481496737057269,Sigma24|Sigma28|Sigma32|Sigma54|Sigma70,5,True,0.16397001494511249,0.05833512278469734,0.10596231585030703,0.05048276479062852,0.13975304457198562,0.481496737057269
4,Sigma54,5,Sigma70,0.6124046179203566,Sigma32|Sigma54|Sigma70,3,True,0.04641123294705996,0.036061410516050434,0.18365488161598192,0.05364032999341561,0.06782752700713542,0.6124046179203566
4,Sigma54,5,Sigma70,0.7344519088377253,Sigma28|Sigma32|Sigma70,3,False,0.02702341161961106,0.06926053191588721,0.07646573051208629,0.0501067377804465,0.042691679334243685,0.7344519088377253
4,Sigma54,5,Sigma70,0.4262577006130938,Sigma24|Sigma32|Sigma38|Sigma54|Sigma70,5,True,0.17413276020397908,0.016814311437364254,0.1088669893668563,0.08661634117726509,0.18731189720144134,0.4262577006130938
4,Sigma54,5,Sigma70,0.46726426829288814,Sigma24|Sigma28|Sigma32|Sigma70,4,False,0.11994764245027738,0.18574228366720014,0.1634253707476879,0.046271289985254406,0.017349144856692034,0.46726426829288814
4,Sigma54,5,Sigma70,0.6186641663236494,Sigma24|Sigma32|Sigma38|Sigma70,4,False,0.14778198825696415,0.024357409131147374,0.09443823821913355,0.085332071671115,0.02942612639799055,0.6186641663236494
4,Sigma54,5,Sigma70,0.6739536261745144,Sigma32|Sigma38|Sigma70,3,False,0.032280312428345594,0.01672406341415615,0.1542722841830283,0.0729413635556554,0.04982835024430026,0.6739536261745144
4,Sigma54,5,Sigma70,0.8102754035213551,Sigma32|Sigma70,2,False,0.02682991184406812,0.03822134766238825,0.0918767150192689,0.025173489911591372,0.007623132041328215,0.8102754035213551
4,Sigma54,5,Sigma70,0.633958624935829,Sigma24|Sigma32|Sigma38|Sigma70,4,False,0.08059758297775942,0.01618857035335444,0.0942305877503985,0.14122987804062484,0.033794755942033884,0.633958624935829
4,Sigma54,5,Sigma70,0.6382321806719917,Sigma28|Sigma32|Sigma38|Sigma70,4,False,0.040230210149546246,0.06471512994644195,0.09548731670676124,0.1440689680396583,0.01726619448560055,0.6382321806719917
4,Sigma54,5,Sigma70,0.7077596060471272,Sigma24|Sigma28|Sigma32|Sigma38|Sigma70,5,False,0.0585542391867492,0.058269159840678396,0.08911279005164428,0.058539190183881394,0.027765014689919577,0.7077596060471272
4,Sigma54,5,Sigma70,0.4635019253286854,Sigma24|Sigma28|Sigma32|Sigma54|Sigma70,5,True,0.21914402532128485,0.0606015155318717,0.08503939665074993,0.04412476080900349,0.1275883763584048,0.4635019253286854
4,Sigma54,5,Sigma70,0.6039186625700362,Sigma24|Sigma28|Sigma32|Sigma70,4,False,0.13244393759379425,0.12226666958022997,0.0735676040653264,0.049698160408750885,0.018104965781862315,0.6039186625700362
4,Sigma54,5,Sigma70,0.6364043797687572,Sigma24|Sigma32|Sigma54|Sigma70,4,True,0.1203021462401403,0.013470543509755352,0.07498788971043002,0.045437533229595636,0.10939750754132148,0.6364043797687572
4,Sigma54,5,Sigma70,0.6383460817473237,Sigma24|Sigma32|Sigma54|Sigma70,4,True,0.09868994624513423,0.0153367827343386,0.10172013522282658,0.05287955658605925,0.09302749746431765,0.6383460817473237
4,Sigma54,5,Sigma70,0.7530704606796875,Sigma32|Sigma38|Sigma70,3,False,0.043160298629676276,0.009427130736959992,0.09464213775326114,0.08659534413920086,0.013104628061214192,0.7530704606796875
4,Sigma54,5,Sigma70,0.5486148699890753,Sigma24|Sigma32|Sigma54|Sigma70,4,True,0.1740690516811279,0.01221863746093944,0.0761183100980285,0.05752218337070285,0.13145694740012603,0.5486148699890753
4,Sigma54,5,Sigma70,0.43432275567373035,Sigma24|Sigma32|Sigma54|Sigma70,4,True,0.12200800210343685,0.01449643041296683,0.09360579721976282,0.05152244215739981,0.2840445724327033,0.43432275567373035
4,Sigma54,5,Sigma70,0.5909014137964433,Sigma24|Sigma32|Sigma54|Sigma70,4,True,0.06941248882827444,0.044428013971488704,0.17203113806677384,0.029767884769436374,0.09345906056758325,0.5909014137964433
4,Sigma54,5,Sigma70,0.760826231548865,Sigma32|Sigma54|Sigma70,3,True,0.03328654615404486,0.007763256069231589,0.11758290933706829,0.010032445277777162,0.07050861161301315,0.760826231548865
5,Sigma70,5,Sigma70,0.707665075621227,Sigma24|Sigma32|Sigma70,3,True,0.13266675584861648,0.021494923926762152,0.11163733848038453,0.019125022434880817,0.007410883688128834,0.707665075621227
5,Sigma70,5,Sigma70,0.44883355932845365,Sigma24|Sigma32|Sigma38|Sigma70,4,True,0.21952417409729097,0.03010117376909955,0.09689025306692857,0.2015981196948345,0.0030527200433927986,0.44883355932845365
5,Sigma70,5,Sigma70,0.6515856244764675,Sigma24|Sigma28|Sigma32|Sigma70,4,True,0.09933141549136719,0.10912113675757777,0.09751226990251982,0.0368488448197219,0.005600708552345826,0.6515856244764675
5,Sigma70,5,Sigma70,0.7296806958135513,Sigma24|Sigma28|Sigma32|Sigma70,4,True,0.06788974359815708,0.07395399421132133,0.09222495824608369,0.02981572668038688,0.006434881450499681,0.7296806958135513
5,Sigma70,5,Sigma70,0.7039850291728373,Sigma24|Sigma28|Sigma32|Sigma70,4,True,0.09202469245901453,0.08664737077834309,0.07560310776036777,0.03630370827571573,0.005436091553721491,0.7039850291728373
5,Sigma70,5,Sigma70,0.6772595648314622,Sigma24|Sigma28|Sigma32|Sigma70,4,True,0.11257799027227658,0.0894900498467146,0.06861384067935446,0.03761070107670034,0.014447853293491764,0.6772595648314622
5,Sigma70,5,Sigma70,0.6832616899356491,Sigma24|Sigma32|Sigma54|Sigma70,4,True,0.0715550757810228,0.013956609330872604,0.09920372148706517,0.04060048402038824,0.09142241944500207,0.6832616899356491
5,Sigma70,5,Sigma70,0.8243965908593823,Sigma32|Sigma70,2,True,0.009441869986488825,0.028439239936909402,0.09955222832701026,0.03242144725724433,0.005748623632964952,0.8243965908593823
5,Sigma70,5,Sigma70,0.5885190584367218,Sigma24|Sigma32|Sigma70,3,True,0.19472046407512103,0.050834442173370714,0.11699052689356777,0.024731573285901663,0.024203935135316847,0.5885190584367218
5,Sigma70,5,Sigma70,0.5206535301420048,Sigma24|Sigma28|Sigma32|Sigma38|Sigma70,5,True,0.1792125250306376,0.0734718909950777,0.0889921459206638,0.10024776220872339,0.03742214570289269,0.5206535301420048
5,Sigma70,5,Sigma70,0.775114224521707,Sigma24|Sigma32|Sigma38|Sigma70,4,True,0.06255753084553746,0.017034434641957467,0.0770158558632649,0.05800454562085309,0.01027340850668021,0.775114224521707
5,Sigma70,5,Sigma70,0.601488422868593,Sigma24|Sigma32|Sigma54|Sigma70,4,True,0.1315887159772596,0.025801708307767388,0.08781266563090954,0.05735210821335453,0.09595637900211586,0.601488422868593
5,Sigma70,5,Sigma70,0.7034591538110301,Sigma32|Sigma38|Sigma70,3,True,0.04442156042042283,0.047654598472173626,0.09705712139509581,0.08205752369405282,0.025350042207224848,0.7034591538110301
5,Sigma70,5,Sigma70,0.8086970899146987,Sigma32|Sigma70,2,True,0.043356160400177035,0.036071026444287245,0.07848307176184856,0.021714708701847985,0.011677942777140482,0.8086970899146987
5,Sigma70,5,Sigma70,0.7254632815185076,Sigma24|Sigma32|Sigma70,3,True,0.16081265137106318,0.002673530597813826,0.082399017122489,0.022572497411556643,0.006079021978569794,0.7254632815185076
5,Sigma70,5,Sigma70,0.6463755934144148,Sigma24|Sigma32|Sigma38|Sigma70,4,True,0.09505168874165978,0.009455892890723213,0.10328627693462802,0.10234240945244127,0.04348813856613294,0.6463755934144148
5,Sigma70,5,Sigma70,0.6365009649378027,Sigma24|Sigma28|Sigma32|Sigma38|Sigma70,5,True,0.07489573284328413,0.06817294101469426,0.11733005216667201,0.07778851208441077,0.02531179695313612,0.6365009649378027
5,Sigma70,5,Sigma70,0.4622332303245947,Sigma24|Sigma28|Sigma32|Sigma54|Sigma70,5,True,0.22261290798587235,0.0641262812113317,0.1175002997314862,0.04849624048051548,0.08503104026619963,0.4622332303245947
5,Sigma70,5,Sigma70,0.7140893997594249,Sigma24|Sigma32|Sigma70,3,True,0.0996867332532729,0.032564253608884895,0.08488514937624164,0.0557123117559183,0.013062152246257355,0.7140893997594249
5,Sigma70,5,Sigma70,0.6843406598274591,Sigma24|Sigma28|Sigma32|Sigma38|Sigma70,5,True,0.08572986927595425,0.06900985668247948,0.0731748955420769,0.06396004470270378,0.023784673969326566,0.6843406598274591
5,Sigma70,5,Sigma70,0.7276657820330075,Sigma32|Sigma38|Sigma70,3,True,0.0245206899635698,0.003057261847007882,0.14060703484382026,0.08167426822497098,0.022474963087623638,0.7276657820330075
5,Sigma70,5,Sigma70,0.587135686466598,Sigma24|Sigma32|Sigma70,3,True,0.19138918955979803,0.03608244045155495,0.09405073668912428,0.04073824330572212,0.050603703527202754,0.587135686466598
5,Sigma70,5,Sigma70,0.7215386847381104,Sigma24|Sigma32|Sigma70,3,True,0.11001343401411183,0.008943441974380639,0.08840108805702374,0.05432851780625988,0.016774833410113495,0.7215386847381104
5,Sigma70,5,Sigma70,0.7411325714389163,Sigma24|Sigma32|Sigma70,3,True,0.12652675856954548,0.015311224229347942,0.08820081869667115,0.023889196230456867,0.004939430835062254,0.7411325714389163
5,Sigma70,5,Sigma70,0.7622503194045535,Sigma24|Sigma32|Sigma38|Sigma70,4,True,0.06233756813090856,0.006801042441316857,0.08727947340888907,0.06659449727867758,0.014737099335654529,0.7622503194045535
5,Sigma70,5,Sigma70,0.7731892828924699,Sigma32|Sigma70,2,True,0.016652100737659485,0.00856584646393596,0.13883759111656752,0.025728049261711933,0.03702712952765519,0.7731892828924699
5,Sigma70,5,Sigma70,0.5347067901236553,Sigma24|Sigma32|Sigma38|Sigma70,4,True,0.16735968283997504,0.05441265635890032,0.11290428822427528,0.12653821425904652,0.004078368194147563,0.5347067901236553
5,Sigma70,5,Sigma70,0.5298450992992809,Sigma24|Sigma32|Sigma38|Sigma70,4,True,0.06694714375367745,0.0030820118425767,0.08838811921458864,0.29062655593554343,0.021111069954332828,0.5298450992992809
5,Sigma70,5,Sigma70,0.5665638676746964,Sigma24|Sigma32|Sigma54|Sigma70,4,True,0.15984185422824257,0.02144677207173593,0.15674311527831483,0.019687544430558694,0.07571684631645154,0.5665638676746964
5,Sigma70,5,Sigma70,0.4616007464311456,Sigma24|Sigma32|Sigma38|Sigma54|Sigma70,5,True,0.09822061618304502,0.02590841266073872,0.11491384974331313,0.21184823937900318,0.08750813560275425,0.4616007464311456
5,Sigma70,5,Sigma70,0.6047950608277439,Sigma24|Sigma32|Sigma70,3,True,0.23732000190162478,0.020359263417666792,0.0950804697816229,0.03794810847497865,0.0044970955963629265,0.6047950608277439
5,Sigma70,5,Sigma70,0.6788093088292915,Sigma24|Sigma32|Sigma38|Sigma70,4,True,0.11947400862142663,0.03603191877240703,0.07819359376077897,0.07745710511754574,0.010034064898550169,0.6788093088292915
5,Sigma70,5,Sigma70,0.3378150946370968,Sigma24|Sigma28|Sigma32|Sigma54|Sigma70,5,True,0.16622707523991775,0.1993378980533047,0.13615713499665003,0.044849144847543675,0.11561365222548699,0.3378150946370968
5,Sigma70,5,Sigma70,0.5388462851141959,Sigma24|Sigma28|Sigma32|Sigma54|Sigma70,5,True,0.12346298482868856,0.06598061721534297,0.09928657066437195,0.03095224380305463,0.14147129837434605,0.5388462851141959
5,Sigma70,5,Sigma70,0.6182190634152674,Sigma24|Sigma32|Sigma38|Sigma54|Sigma70,5,True,0.07730545588136646,0.014105616620504798,0.09498490603964371,0.09938858788084318,0.09599637016237435,0.6182190634152674
5,Sigma70,5,Sigma70,0.7242546135854258,Sigma24|Sigma32|Sigma38|Sigma70,4,True,0.06907007559336759,0.004608271982131613,0.10352900770610396,0.08228059603669814,0.016257435096272952,0.7242546135854258
5,Sigma70,5,Sigma70,0.7735736307639851,Sigma24|Sigma32|Sigma70,3,True,0.08147922606129084,0.04894359114686551,0.07290293456000636,0.016644359703457175,0.006456257764394948,0.7735736307639851
5,Sigma70,5,Sigma70,0.778255855042257,Sigma24|Sigma32|Sigma70,3,True,0.08138561590776741,0.01370637350670883,0.09646442151449656,0.025330748959128242,0.004856985069641957,0.778255855042257
5,Sigma70,5,Sigma70,0.6875936483404761,Sigma32|Sigma54|Sigma70,3,True,0.014831348355479793,0.017809947699445515,0.11054355152406724,0.019584386491432012,0.14963711758909937,0.6875936483404761
5,Sigma70,5,Sigma70,0.5789754232724846,Sigma24|Sigma32|Sigma70,3,True,0.19697778923962703,0.005872973841544847,0.1386162567685457,0.04097079984569492,0.038586757032102834,0.5789754232724846
5,Sigma70,0,Sigma24,0.4425887868587486,Sigma24|Sigma32|Sigma70,3,True,0.4425887868587486,0.026679711689540003,0.06350254383492636,0.04569628838980646,0.010971870086204174,0.4105607991407744
5,Sigma70,5,Sigma70,0.4851823896938052,Sigma24|Sigma32|Sigma38|Sigma70,4,True,0.31751258877196925,0.011179870288891983,0.07259382809269145,0.10173874207892664,0.011792581073715374,0.4851823896938052
5,Sigma70,5,Sigma70,0.7250703253924528,Sigma32|Sigma38|Sigma70,3,True,0.05381879732363798,0.009260286310714233,0.07552690409441731,0.12294764785839707,0.013376039020380648,0.7250703253924528
5,Sigma70,5,Sigma70,0.759156043244436,Sigma32|Sigma38|Sigma70,3,True,0.02702343659760726,0.030077289378528212,0.10355209669108334,0.06936584889266358,0.01082528519568155,0.759156043244436
5,Sigma70,5,Sigma70,0.6312484727590677,Sigma24|Sigma32|Sigma38|Sigma70,4,True,0.09385714421488456,0.009562078261708906,0.08479135137269825,0.1786389511507638,0.0019020022408767598,0.6312484727590677
5,Sigma70,5,Sigma70,0.6420517730174599,Sigma28|Sigma32|Sigma38|Sigma70,4,True,0.054469870971034846,0.09850006284837498,0.09059577672503977,0.06936312552199346,0.045019390916097114,0.6420517730174599
5,Sigma70,5,Sigma70,0.7980512152398727,Sigma32|Sigma38|Sigma70,3,True,0.03756553470685284,0.015563399789642511,0.07143839038692357,0.07357997263752902,0.0038014872391793214,0.7980512152398727
5,Sigma70,5,Sigma70,0.5782153563158616,Sigma24|Sigma32|Sigma38|Sigma70,4,True,0.21262505490816697,0.022158220233306842,0.0989172913053079,0.08113598498273947,0.006948092254617211,0.5782153563158616
5,Sigma70,5,Sigma70,0.6320249876459275,Sigma24|Sigma32|Sigma38|Sigma70,4,True,0.1181159087860245,0.025325458243435274,0.07230939979557659,0.11604193626011543,0.03618230926892077,0.6320249876459275
5,Sigma70,5,Sigma70,0.7740354932672061,Sigma24|Sigma32|Sigma70,3,True,0.06089315136914274,0.017061444486321242,0.0870141503999566,0.030967811972044585,0.030027948505328767,0.7740354932672061
5,Sigma70,5,Sigma70,0.7219496104524881,Sigma24|Sigma32|Sigma70,3,True,0.10050457579170712,0.03984747678232765,0.07813062314903291,0.03948659973564384,0.020081114088800513,0.7219496104524881
5,Sigma70,5,Sigma70,0.5749924757725876,Sigma24|Sigma32|Sigma70,3,True,0.17525410447372555,0.025721951167772338,0.14258070934836992,0.050420947721258866,0.031029811516285637,0.5749924757725876
5,Sigma70,5,Sigma70,0.5164318766955849,Sigma24|Sigma28|Sigma32|Sigma38|Sigma70,5,True,0.13031369911921095,0.16024400486468857,0.07122866577076432,0.099629686168935,0.02215206738081626,0.5164318766955849
5,Sigma70,5,Sigma70,0.5010538101291286,Sigma24|Sigma32|Sigma70,3,True,0.31506151707553,0.02487305561222112,0.10940125740441306,0.03399159152186269,0.015618768256844596,0.5010538101291286
5,Sigma70,5,Sigma70,0.6550221897329852,Sigma24|Sigma32|Sigma70,3,True,0.13866288733166812,0.053923403681547306,0.10407583590214574,0.03483859740805062,0.013477085943602994,0.6550221897329852
5,Sigma70,5,Sigma70,0.7574619551109245,Sigma24|Sigma32|Sigma70,3,True,0.059009575406119306,0.04586248160854988,0.08318229484685333,0.049115189860962555,0.00536850316659039,0.7574619551109245
5,Sigma70,5,Sigma70,0.5941856290334794,Sigma24|Sigma28|Sigma32|Sigma70,4,True,0.15436291578109854,0.06742779514199126,0.09591698415973865,0.03605795747373061,0.05204871840996154,0.5941856290334794
5,Sigma70,5,Sigma70,0.825166544308461,Sigma32|Sigma70,2,True,0.027766440552979884,0.03948035048956222,0.08067305561035777,0.022518578268040507,0.004395030770598532,0.825166544308461
5,Sigma70,5,Sigma70,0.49517330093754025,Sigma24|Sigma32|Sigma70,3,True,0.286338808754287,0.03721222824679078,0.1105788202563207,0.017228919177062898,0.053467922627998425,0.49517330093754025
5,Sigma70,5,Sigma70,0.5726500499149442,Sigma24|Sigma28|Sigma32|Sigma38|Sigma54|Sigma70,6,True,0.08321664130105785,0.08815262806719806,0.0966799719580022,0.0935666730535081,0.06573403570528963,0.5726500499149442
5,Sigma70,5,Sigma70,0.5858215998114991,Sigma24|Sigma32|Sigma70,3,True,0.21501354107539633,0.008422081061760513,0.10878257165418861,0.056095232784228635,0.025864973612926816,0.5858215998114991
5,Sigma70,5,Sigma70,0.5649650995097699,Sigma24|Sigma28|Sigma32|Sigma70,4,True,0.07774617191752337,0.20753571314517255,0.1117239650800069,0.02514315683740168,0.012885893510125436,0.5649650995097699
5,Sigma70,5,Sigma70,0.49152852215990994,Sigma24|Sigma32|Sigma38|Sigma70,4,True,0.24162194460189126,0.035727760400462015,0.09938444965334411,0.11310419539683804,0.018633127787554674,0.49152852215990994
5,Sigma70,5,Sigma70,0.6059311084570195,Sigma24|Sigma32|Sigma38|Sigma70,4,True,0.15810961701189627,0.022897968848904514,0.10885725410489921,0.07163316068015077,0.03257089089712973,0.6059311084570195
5,Sigma70,5,Sigma70,0.7495649196180973,Sigma32|Sigma38|Sigma70,3,True,0.03372453097738746,0.04862045099064536,0.08412888578368094,0.07648826617989594,0.007472946450293026,0.7495649196180973
5,Sigma70,5,Sigma70,0.6177543198201703,Sigma24|Sigma32|Sigma54|Sigma70,4,True,0.12596675635901292,0.0328948287995931,0.0773271261624634,0.048881281593477176,0.09717568726528318,0.6177543198201703
5,Sigma70,5,Sigma70,0.7270772395696029,Sigma24|Sigma32|Sigma70,3,True,0.13901192579180705,0.011213687771135598,0.06461869902534258,0.022126633339466562,0.03595181450264524,0.7270772395696029
5,Sigma70,5,Sigma70,0.7713345808243923,Sigma32|Sigma38|Sigma70,3,True,0.04101466803093638,0.011510678076938891,0.07959413558242305,0.08510185814423823,0.011444079341071119,0.7713345808243923
5,Sigma70,5,Sigma70,0.7178009116463999,Sigma32|Sigma38|Sigma70,3,True,0.04357873668738812,0.041958890065718756,0.09027618130438637,0.10287916038979368,0.0035061199063131827,0.7178009116463999
5,Sigma70,5,Sigma70,0.5910936896811251,Sigma24|Sigma32|Sigma70,3,True,0.2599542543250731,0.01612519570106035,0.08685625305370127,0.03717141936425085,0.00879918787478942,0.5910936896811251
5,Sigma70,5,Sigma70,0.7141679582636067,Sigma32|Sigma38|Sigma70,3,True,0.05638142903870316,0.020712801866616788,0.06700243248940804,0.13988425110372757,0.001851127237937671,0.7141679582636067
5,Sigma70,5,Sigma70,0.5729182737633997,Sigma24|Sigma28|Sigma32|Sigma70,4,True,0.06568927022093118,0.08321872395130434,0.2157894482245618,0.05357195043061629,0.008812333409186716,0.5729182737633997
5,Sigma70,5,Sigma70,0.5997603098241735,Sigma24|Sigma32|Sigma38|Sigma70,4,True,0.1581470146612698,0.016217948687792822,0.10836584496647711,0.07942341619816955,0.03808546566211728,0.5997603098241735
5,Sigma70,5,Sigma70,0.714837091919363,Sigma32|Sigma38|Sigma70,3,True,0.045037169212983966,0.0419970081143992,0.11535317812713164,0.08106732919929116,0.0017082234268310289,0.714837091919363
5,Sigma70,5,Sigma70,0.7589382066888402,Sigma24|Sigma32|Sigma70,3,True,0.06327827089043274,0.013303688063548636,0.09580805380311386,0.034800227857885564,0.03387155269617898,0.7589382066888402
5,Sigma70,5,Sigma70,0.8287892719640241,Sigma32|Sigma70,2,True,0.03512900151914616,0.0033379086812150363,0.10796391777910266,0.019686107276641416,0.00509379277987059,0.8287892719640241
5,Sigma70,5,Sigma70,0.5467238873169291,Sigma24|Sigma32|Sigma70,3,True,0.2898975858158219,0.013855296004415941,0.07900432274346164,0.050760990958114136,0.019757917161257223,0.5467238873169291
5,Sigma70,5,Sigma70,0.5462517768024869,Sigma24|Sigma32|Sigma38|Sigma70,4,True,0.1354197115035912,0.046973757370918266,0.1760889034284462,0.07276726783431103,0.02249858306024627,0.5462517768024869
5,Sigma70,0,Sigma24,0.4925335947182163,Sigma24|Sigma32|Sigma38|Sigma70,4,True,0.4925335947182163,0.04943585456531129,0.09434728067877797,0.07607027834641951,0.019412126008167985,0.26820086568310697
5,Sigma70,5,Sigma70,0.6913077292255377,Sigma24|Sigma28|Sigma32|Sigma70,4,True,0.05816020794385035,0.07449196470802931,0.11853962858803578,0.053384184676453596,0.004116284858093144,0.6913077292255377
5,Sigma70,5,Sigma70,0.756333784184381,Sigma32|Sigma70,2,True,0.02511927915136119,0.03778110033963355,0.10257672886240495,0.052886473676874324,0.025302633785345037,0.756333784184381
5,Sigma70,5,Sigma70,0.6445619525152303,Sigma24|Sigma32|Sigma54|Sigma70,4,True,0.1377190484480834,0.004170591213123838,0.08692169554060311,0.02817450277460618,0.09845220950835318,0.6445619525152303
5,Sigma70,5,Sigma70,0.6504326045934796,Sigma24|Sigma28|Sigma32|Sigma70,4,True,0.09891750038285622,0.0785652578367486,0.11390068313681861,0.055963459203139554,0.0022204948469573965,0.6504326045934796
5,Sigma70,5,Sigma70,0.6188783156119398,Sigma24|Sigma28|Sigma32|Sigma38|Sigma70,5,True,0.08471193630508005,0.06960074877853359,0.06922073566670602,0.1428215210214976,0.014766742616242985,0.6188783156119398
5,Sigma70,5,Sigma70,0.7337006555922896,Sigma24|Sigma32|Sigma70,3,True,0.07824710386955556,0.03000965746695102,0.0862926611177441,0.0547766414327589,0.016973280520700768,0.7337006555922896
5,Sigma70,5,Sigma70,0.63531882669245,Sigma24|Sigma28|Sigma32|Sigma38|Sigma70,5,True,0.07340546872000256,0.10449764325873348,0.11387838267104075,0.06071913861534128,0.012180540042431983,0.63531882669245
5,Sigma70,5,Sigma70,0.6257223457447342,Sigma24|Sigma28|Sigma32|Sigma38|Sigma70,5,True,0.08870535162844934,0.09695218590706949,0.08453366574260411,0.07648852728826289,0.02759792368888015,0.6257223457447342
5,Sigma70,5,Sigma70,0.7352651140059433,Sigma24|Sigma32|Sigma70,3,True,0.11687238756951024,0.012450545166269813,0.08269401832910772,0.03760169779204871,0.015116237137120231,0.7352651140059433
5,Sigma70,5,Sigma70,0.600710938997374,Sigma24|Sigma28|Sigma32|Sigma38|Sigma70,5,True,0.06904204559318723,0.07547590091383456,0.12557060551072324,0.11272791896160834,0.016472590023272487,0.600710938997374
5,Sigma70,5,Sigma70,0.4069454408408168,Sigma24|Sigma28|Sigma32|Sigma38|Sigma70,5,True,0.3561971545168671,0.07099747219815175,0.06946807093568728,0.07161238692860891,0.02477947457986802,0.4069454408408168
5,Sigma70,5,Sigma70,0.7971448756704915,Sigma32|Sigma70,2,True,0.026857930503222268,0.01955631532996549,0.09930124933353239,0.04488993916818102,0.01224968999460729,0.7971448756704915
5,Sigma70,5,Sigma70,0.5776702251367538,Sigma24|Sigma32|Sigma70,3,True,0.27642618105311373,0.008478275105037826,0.08540684718595663,0.034656612821277785,0.01736185869786017,0.5776702251367538
5,Sigma70,5,Sigma70,0.7911693177145912,Sigma32|Sigma70,2,True,0.03710811505715172,0.01570411813400924,0.10556933531606835,0.04250683500959653,0.007942278768583014,0.7911693177145912
5,Sigma70,5,Sigma70,0.6802947571121061,Sigma24|Sigma32|Sigma70,3,True,0.13659144382863656,0.011254953790710148,0.11176189600635035,0.04506849395922847,0.015028455302968454,0.6802947571121061
5,Sigma70,5,Sigma70,0.6330243889471834,Sigma24|Sigma32|Sigma38|Sigma70,4,True,0.12080578261606609,0.025867810160850737,0.10447312814195533,0.1074227115300195,0.008406178603925084,0.6330243889471834
5,Sigma70,5,Sigma70,0.6850086727735009,Sigma28|Sigma32|Sigma70,3,True,0.03655525054244456,0.09128417234334009,0.15028566080924036,0.027744298450827674,0.009121945080646454,0.6850086727735009
5,Sigma70,5,Sigma70,0.7178547669451456,Sigma24|Sigma28|Sigma32|Sigma70,4,True,0.08518335161964888,0.06219907913331477,0.0854434723361586,0.04380093174509444,0.005518398220637774,0.7178547669451456
5,Sigma70,5,Sigma70,0.6022823349874763,Sigma24|Sigma28|Sigma32|Sigma38|Sigma70,5,True,0.15279873452205842,0.07607488267040638,0.08264098011777668,0.06747340212453588,0.0187296655777463,0.6022823349874763
5,Sigma70,5,Sigma70,0.6819616277467718,Sigma24|Sigma32|Sigma38|Sigma70,4,True,0.15218112713416468,0.01961421143875325,0.05832570667938141,0.07005840338649771,0.017858923614431234,0.6819616277467718
5,Sigma70,5,Sigma70,0.4574094909801677,Sigma24|Sigma28|Sigma32|Sigma54|Sigma70,5,True,0.2250696543937131,0.1107949580538071,0.09524008430682027,0.05060665210898179,0.06087916015651007,0.4574094909801677
5,Sigma70,5,Sigma70,0.7064489469399792,Sigma24|Sigma28|Sigma32|Sigma38|Sigma70,5,True,0.06125302966439193,0.06180788364120795,0.07400342500826168,0.09576364140609833,0.00072307334006089,0.7064489469399792
5,Sigma70,5,Sigma70,0.7790789080328231,Sigma32|Sigma70,2,True,0.04166697393013566,0.009712409744498789,0.11032964189061233,0.024729352947022963,0.03448271345490719,0.7790789080328231
5,Sigma70,5,Sigma70,0.5693771286798265,Sigma24|Sigma32|Sigma70,3,True,0.27361483965931377,0.032363774822254,0.06541035585289569,0.020652730887806534,0.03858117009790343,0.5693771286798265
5,Sigma70,5,Sigma70,0.7609441268855069,Sigma24|Sigma32|Sigma70,3,True,0.07575697842834651,0.03387215301671644,0.0875527483021009,0.03833784964642308,0.003536143720906174,0.7609441268855069
5,Sigma70,5,Sigma70,0.74231501476574,Sigma32|Sigma70,2,True,0.04611957736051628,0.02145297134032821,0.11752075263675846,0.026034496275723476,0.046557187620933624,0.74231501476574
5,Sigma70,5,Sigma70,0.7669365808595765,Sigma32|Sigma38|Sigma70,3,True,0.027367467566363494,0.04152654899397786,0.09231257359514575,0.06043435802272939,0.011422470962206947,0.7669365808595765
5,Sigma70,5,Sigma70,0.7895461961451367,Sigma24|Sigma32|Sigma70,3,True,0.06762455859791587,0.011921549773076209,0.08115124036989424,0.0443052304037154,0.0054512247102614375,0.7895461961451367
5,Sigma70,5,Sigma70,0.7513732118284673,Sigma24|Sigma32|Sigma70,3,True,0.07762820898339094,0.02323939770930215,0.0832938903852053,0.04608094333822227,0.018384347755411985,0.7513732118284673
5,Sigma70,5,Sigma70,0.5505676913410174,Sigma24|Sigma32|Sigma38|Sigma70,4,True,0.20471240046236922,0.02595431318077002,0.08991782120538748,0.11266309962303007,0.016184674187425797,0.5505676913410174
5,Sigma70,5,Sigma70,0.7169471222794698,Sigma24|Sigma28|Sigma32|Sigma70,4,True,0.09468066969426606,0.05768830984159526,0.10582978627028547,0.01630777387761993,0.00854633803676347,0.7169471222794698
5,Sigma70,5,Sigma70,0.8392234752772858,Sigma32|Sigma38|Sigma70,3,True,0.008079503445502512,0.004122358345573457,0.06563742482740231,0.08101029313690744,0.0019269449673285797,0.8392234752772858
5,Sigma70,5,Sigma70,0.5392181915038409,Sigma24|Sigma28|Sigma32|Sigma38|Sigma70,5,True,0.06159939402744723,0.1450109630243276,0.13141357494897282,0.09882043314157149,0.023937443353840043,0.5392181915038409
5,Sigma70,5,Sigma70,0.6218270230488839,Sigma24|Sigma28|Sigma32|Sigma38|Sigma70,5,True,0.12721520048812907,0.061652892264125875,0.07262035620703687,0.10619271955581697,0.010491808436007206,0.6218270230488839
5,Sigma70,5,Sigma70,0.5521414645320061,Sigma24|Sigma32|Sigma38|Sigma70,4,True,0.22404299311813045,0.04657447271286555,0.07523110318474144,0.06182251074073506,0.04018745571152146,0.5521414645320061
5,Sigma70,5,Sigma70,0.730838324581367,Sigma24|Sigma32|Sigma70,3,True,0.1018576555299524,0.005981396533594285,0.10166724585057912,0.049829551863496885,0.009825825641010245,0.730838324581367
5,Sigma70,5,Sigma70,0.700986330007625,Sigma32|Sigma38|Sigma70,3,True,0.05140555565739132,0.018084887912564983,0.1333086894835245,0.08572428098930343,0.010490255949590731,0.700986330007625
5,Sigma70,5,Sigma70,0.4463139232619083,Sigma24|Sigma28|Sigma32|Sigma38|Sigma70,5,True,0.2924627143837225,0.0985714676811325,0.07062005321640895,0.08219506208982047,0.00983677936700716,0.4463139232619083
5,Sigma70,5,Sigma70,0.8282793958311474,Sigma32|Sigma70,2,True,0.03416771402848499,0.013257818796658837,0.0871634066380503,0.03323043724530591,0.0039012274603525965,0.8282793958311474
5,Sigma70,0,Sigma24,0.4424956924760799,Sigma24|Sigma32|Sigma70,3,True,0.4424956924760799,0.0519942618796338,0.08065610141101913,0.04271799917361869,0.0018942350446246817,0.38024171001502377
5,Sigma70,5,Sigma70,0.43481745542837397,Sigma24|Sigma32|Sigma38|Sigma70,4,True,0.3875390045067819,0.03530391713236419,0.07511206552564217,0.06235937498193862,0.004868182424899086,0.43481745542837397
5,Sigma70,5,Sigma70,0.4945951450404319,Sigma24|Sigma28|Sigma32|Sigma38|Sigma70,5,True,0.12446783958903872,0.09102764111116263,0.11258023211695506,0.16686640589025792,0.010462736252153762,0.4945951450404319
5,Sigma70,5,Sigma70,0.5785483121615115,Sigma24|Sigma32|Sigma70,3,True,0.22968299303743694,0.008965075182287079,0.12675263054289193,0.044884863907971966,0.011166125167900462,0.5785483121615115
5,Sigma70,5,Sigma70,0.4764290377662503,Sigma24|Sigma32|Sigma38|Sigma70,4,True,0.3074659766732428,0.03428970015940654,0.09429036473690935,0.08370000804159962,0.003824912622591338,0.4764290377662503
5,Sigma70,5,Sigma70,0.6177498724022769,Sigma24|Sigma28|Sigma32|Sigma70,4,True,0.15592994899748785,0.09652002780482331,0.0780803048939292,0.04005517762199514,0.011664668279487598,0.6177498724022769
5,Sigma70,0,Sigma24,0.4213611916730543,Sigma24|Sigma28|Sigma32|Sigma38|Sigma70,5,True,0.4213611916730543,0.13759212610626842,0.11259768637155393,0.07143213374245082,0.00928985167679017,0.2477270104298825
5,Sigma70,5,Sigma70,0.5073912769326038,Sigma24|Sigma28|Sigma32|Sigma54|Sigma70,5,True,0.13310943625853233,0.08094180292638088,0.08474974393874875,0.04814075627954391,0.14566698366419042,0.5073912769326038
5,Sigma70,5,Sigma70,0.6541362272085982,Sigma24|Sigma32|Sigma70,3,True,0.18319573502441724,0.042504261284225874,0.08280872545893377,0.031196432771175137,0.006158618252649628,0.6541362272085982
5,Sigma70,5,Sigma70,0.6261608180114375,Sigma24|Sigma28|Sigma32|Sigma70,4,True,0.11886294873430658,0.0884183585051914,0.10027587770043475,0.03719990185695686,0.029082095191672874,0.6261608180114375
5,Sigma70,5,Sigma70,0.6543044655816066,Sigma24|Sigma28|Sigma32|Sigma70,4,True,0.15065200944674992,0.06607942160704444,0.08480860444250338,0.02960873619069507,0.014546762731400644,0.6543044655816066
5,Sigma70,5,Sigma70,0.6954652471456826,Sigma24|Sigma32|Sigma38|Sigma70,4,True,0.09530248409157663,0.0367992116877691,0.0826890574177909,0.0862969204445437,0.0034470792126371852,0.6954652471456826
5,Sigma70,5,Sigma70,0.6873220592483635,Sigma24|Sigma32|Sigma70,3,True,0.13385962757206815,0.01496980314691761,0.13137052541151548,0.02039947184096091,0.012078512780174371,0.6873220592483635
5,Sigma70,5,Sigma70,0.5681173494882656,Sigma24|Sigma32|Sigma38|Sigma70,4,True,0.1568583983321489,0.010198503445949247,0.06067543679662677,0.18991786843400496,0.014232443503004458,0.5681173494882656
5,Sigma70,5,Sigma70,0.6958986758061265,Sigma24|Sigma32|Sigma38|Sigma70,4,True,0.10628359799029095,0.02688106822009175,0.10005015956552697,0.06332468433733439,0.007561814080629422,0.6958986758061265
5,Sigma70,5,Sigma70,0.7005561551952633,Sigma24|Sigma32|Sigma38|Sigma70,4,True,0.08736522233724467,0.007712837559120212,0.11868346387579132,0.07942766878794312,0.006254652244637291,0.7005561551952633
5,Sigma70,5,Sigma70,0.7730309468648006,Sigma24|Sigma32|Sigma70,3,True,0.06073090660747596,0.03423138085004264,0.09004377420346063,0.03494442542236322,0.007018566051857023,0.7730309468648006
5,Sigma70,5,Sigma70,0.7634517727749863,Sigma32|Sigma70,2,True,0.039290154501379994,0.01905862480056565,0.12868708622596556,0.028851651885393986,0.020660709811708467,0.7634517727749863
5,Sigma70,5,Sigma70,0.43042779178177737,Sigma24|Sigma28|Sigma32|Sigma70,4,True,0.3118505378467759,0.06727126525703638,0.09325317381393158,0.050960673923376644,0.046236557377102284,0.43042779178177737
5,Sigma70,5,Sigma70,0.708459206780126,Sigma24|Sigma32|Sigma70,3,True,0.16603905613896175,0.004282950305383694,0.08403609600002636,0.035004900334987384,0.0021777904405147876,0.708459206780126
5,Sigma70,5,Sigma70,0.6858243448604555,Sigma24|Sigma32|Sigma70,3,True,0.13597719767379424,0.02983516290778738,0.08193652442680809,0.05067172700041697,0.01575504313073791,0.6858243448604555
5,Sigma70,5,Sigma70,0.6359787462364039,Sigma24|Sigma32|Sigma70,3,True,0.22707507232907195,0.018682726807084007,0.07539985305150096,0.03355986822451835,0.009303733351420698,0.6359787462364039
5,Sigma70,5,Sigma70,0.5849071362657426,Sigma24|Sigma32|Sigma38|Sigma70,4,True,0.15204224592061602,0.015349382545104876,0.07994909293858102,0.1524663637839147,0.015285778546040678,0.5849071362657426
5,Sigma70,5,Sigma70,0.6378970240547644,Sigma24|Sigma32|Sigma38|Sigma70,4,True,0.1302520881317738,0.03734153759979315,0.0660546824227063,0.10965397505667344,0.01880069273428878,0.6378970240547644
5,Sigma70,5,Sigma70,0.473431507186957,Sigma24|Sigma32|Sigma38|Sigma70,4,True,0.2607369260635534,0.013892735933340344,0.11757511000395322,0.1139348063368131,0.0204289144753829,0.473431507186957
5,Sigma70,5,Sigma70,0.7950590684960135,Sigma32|Sigma70,2,True,0.0270504992088819,0.018668970012829883,0.11554380824207308,0.03254440224981567,0.011133251790385991,0.7950590684960135
5,Sigma70,5,Sigma70,0.48075377144250686,Sigma24|Sigma32|Sigma38|Sigma70,4,True,0.24587601690582256,0.019980630348321708,0.059224679329309346,0.18590208291903307,0.008262819055006547,0.48075377144250686
5,Sigma70,5,Sigma70,0.7026006917158752,Sigma24|Sigma32|Sigma70,3,True,0.08416222345681634,0.033542709105386426,0.12288391587875702,0.01966661860016328,0.03714384124300166,0.7026006917158752
5,Sigma70,5,Sigma70,0.7091817172907263,Sigma24|Sigma32|Sigma70,3,True,0.12158300221454003,0.006619561385987864,0.10097485217632507,0.03025605851757638,0.0313848084148443,0.7091817172907263
5,Sigma70,5,Sigma70,0.7555597384791062,Sigma32|Sigma38|Sigma70,3,True,0.05694564391263172,0.031168331539071985,0.08726835651578031,0.06305598969474772,0.006001939858661978,0.7555597384791062
5,Sigma70,5,Sigma70,0.6866533950515744,Sigma24|Sigma28|Sigma32|Sigma70,4,True,0.05904917647127388,0.09947399409536896,0.11459445040053805,0.022559594957019133,0.01766938902422551,0.6866533950515744
5,Sigma70,5,Sigma70,0.5239872223792016,Sigma24|Sigma32|Sigma38|Sigma54|Sigma70,5,True,0.18303023064196133,0.016403512167142073,0.08390297221699548,0.12322539235960187,0.06945067023509754,0.5239872223792016
5,Sigma70,5,Sigma70,0.6431686291715408,Sigma32|Sigma38|Sigma70,3,True,0.02783457817930234,0.0070016414288197526,0.11774034456914932,0.19627106459520766,0.00798374205598018,0.6431686291715408
5,Sigma70,5,Sigma70,0.6576235433088549,Sigma24|Sigma32|Sigma38|Sigma70,4,True,0.07068679767869414,0.0308412573887395,0.10053456854523611,0.11516520907302084,0.025148624005454485,0.6576235433088549
5,Sigma70,5,Sigma70,0.6894122108864255,Sigma24|Sigma32|Sigma70,3,True,0.14932226065182602,0.017499313316410105,0.1080827570479442,0.023255839365408423,0.012427618731985678,0.6894122108864255
5,Sigma70,5,Sigma70,0.7717343157104298,Sigma24|Sigma32|Sigma70,3,True,0.07852852474946863,0.013737092238117827,0.10058350132623914,0.025633995626031424,0.009782570349713091,0.7717343157104298
5,Sigma70,5,Sigma70,0.6286877530016403,Sigma32|Sigma38|Sigma70,3,True,0.019603395299599848,0.004088723954499968,0.07842291548335692,0.25132180066685716,0.017875411594045935,0.6286877530016403
5,Sigma70,5,Sigma70,0.6039112990109988,Sigma24|Sigma32|Sigma38|Sigma70,4,True,0.18197291260336168,0.023283002632231323,0.10454034302361152,0.07228975261921126,0.014002690110585306,0.6039112990109988
5,Sigma70,5,Sigma70,0.49014299235152853,Sigma24|Sigma32|Sigma70,3,True,0.3080093464962615,0.04164535051143736,0.0945517887710515,0.05664659526430296,0.009003926605418053,0.49014299235152853
5,Sigma70,5,Sigma70,0.7523835131737797,Sigma24|Sigma32|Sigma70,3,True,0.12956496132552958,0.018501014555584488,0.05949573282852618,0.039718174862800264,0.00033660325377987216,0.7523835131737797
5,Sigma70,5,Sigma70,0.7843589211121974,Sigma32|Sigma70,2,True,0.043042839633594863,0.017691394927695066,0.10731163852143913,0.03369619673074392,0.013899009074329621,0.7843589211121974
5,Sigma70,5,Sigma70,0.755015916625271,Sigma32|Sigma38|Sigma70,3,True,0.03551456287622655,0.004608580584842251,0.09107924429872517,0.08411814196466111,0.029663553650274045,0.755015916625271
5,Sigma70,5,Sigma70,0.6290386026755359,Sigma24|Sigma32|Sigma38|Sigma70,4,True,0.11251572195558253,0.02624421077221908,0.09818159590802762,0.1261020674197924,0.007917801268842454,0.6290386026755359
5,Sigma70,5,Sigma70,0.7459256913611586,Sigma24|Sigma32|Sigma38|Sigma70,4,True,0.05910692025429746,0.03041765566327509,0.08392682841609463,0.06480921943219402,0.015813684872980144,0.7459256913611586
5,Sigma70,5,Sigma70,0.7406997598944086,Sigma24|Sigma32|Sigma70,3,True,0.0956020533336813,0.013830496029905444,0.10922233090869732,0.031745104508837926,0.008900255324469438,0.7406997598944086
5,Sigma70,5,Sigma70,0.6759556964021847,Sigma28|Sigma32|Sigma38|Sigma70,4,True,0.018386999321104436,0.08472445955282042,0.1238280068706953,0.09160869780333997,0.005496140049855204,0.6759556964021847
5,Sigma70,5,Sigma70,0.7685626372729878,Sigma24|Sigma32|Sigma70,3,True,0.09177630135546351,0.00671283876029915,0.08310859515818438,0.046097055393452435,0.0037425720596127358,0.7685626372729878
5,Sigma70,5,Sigma70,0.6888543795724938,Sigma32|Sigma38|Sigma70,3,True,0.03453043121160474,0.028886688259380847,0.1589736747493892,0.07463483157859346,0.014119994628537948,0.6888543795724938
5,Sigma70,5,Sigma70,0.8102633065839565,Sigma32|Sigma70,2,True,0.019811356257018402,0.011681784068030348,0.10315462670876971,0.04003254708805487,0.015056379294170105,0.8102633065839565
5,Sigma70,5,Sigma70,0.5721762905451626,Sigma24|Sigma32|Sigma70,3,True,0.2459378217426901,0.037868358615787495,0.09266711769475178,0.032445107071939525,0.01890530432966849,0.5721762905451626
5,Sigma70,5,Sigma70,0.468999156811527,Sigma24|Sigma32|Sigma70,3,True,0.3098249174085405,0.03972650710405448,0.11836535034803329,0.0485172107975684,0.014566857530276417,0.468999156811527
5,Sigma70,5,Sigma70,0.6072430457390504,Sigma24|Sigma32|Sigma70,3,True,0.21875464769859634,0.032434693882977435,0.08749893475442806,0.048104799706785654,0.0059638782181621625,0.6072430457390504
5,Sigma70,5,Sigma70,0.6355355515420826,Sigma24|Sigma32|Sigma38|Sigma70,4,True,0.20987269511963724,0.010972995630873516,0.08050373893091915,0.0613659685494097,0.0017490502270778084,0.6355355515420826
5,Sigma70,5,Sigma70,0.7045415020699605,Sigma32|Sigma70,2,True,0.04564854185382133,0.024219580962170983,0.16921931979475707,0.010653270804366203,0.04571778451492404,0.7045415020699605
5,Sigma70,5,Sigma70,0.7705497040762949,Sigma24|Sigma32|Sigma70,3,True,0.06541413320662232,0.025324539897290686,0.07707056758943978,0.05191488887619144,0.009726166354160916,0.7705497040762949
5,Sigma70,5,Sigma70,0.768333150911087,Sigma32|Sigma70,2,True,0.02064908605149035,0.04539692878966881,0.1068284800655796,0.04864175877711819,0.01015059540505609,0.768333150911087
5,Sigma70,5,Sigma70,0.7722262826693574,Sigma32|Sigma38|Sigma70,3,True,0.02635200419130157,0.03742925437467433,0.0935861874973557,0.06347419477020352,0.006932076497107393,0.7722262826693574
5,Sigma70,5,Sigma70,0.7208849269362209,Sigma32|Sigma38|Sigma70,3,True,0.038229961270050995,0.0340243059121254,0.10518885897713502,0.062304914090981225,0.03936703281348651,0.7208849269362209
5,Sigma70,5,Sigma70,0.6954361193118779,Sigma32|Sigma38|Sigma70,3,True,0.040496366509785824,0.02575192017836075,0.13774978336601842,0.0884776968271778,0.01208811380677937,0.6954361193118779
5,Sigma70,5,Sigma70,0.7531664970367317,Sigma24|Sigma32|Sigma70,3,True,0.0847827437529149,0.01251607466222132,0.10513024685447225,0.040102516824504254,0.004301920869155545,0.7531664970367317
5,Sigma70,5,Sigma70,0.6454406169789514,Sigma24|Sigma32|Sigma70,3,True,0.1929222294460718,0.010570826809717557,0.09727473334608308,0.0356905948779687,0.018100998541207374,0.6454406169789514
5,Sigma70,5,Sigma70,0.678208823974046,Sigma24|Sigma32|Sigma38|Sigma70,4,True,0.08550178380039403,0.01701776522854606,0.10191689327588781,0.09081444864104407,0.026540285080081903,0.678208823974046
5,Sigma70,5,Sigma70,0.5081862201826529,Sigma28|Sigma32|Sigma70,3,True,0.037422739964489894,0.3418351014236939,0.0767372953048013,0.022883164890408588,0.012935478233953352,0.5081862201826529
5,Sigma70,5,Sigma70,0.6839183207181846,Sigma32|Sigma38|Sigma70,3,True,0.04688412691395289,0.015947421244256153,0.13026782438070927,0.09102614440239615,0.031956162340500895,0.6839183207181846
5,Sigma70,5,Sigma70,0.5180195077650196,Sigma24|Sigma32|Sigma70,3,True,0.2470960239450766,0.04689340114218696,0.1360549020168474,0.047048828725869456,0.004887336404999963,0.5180195077650196
5,Sigma70,5,Sigma70,0.7229592561480859,Sigma24|Sigma32|Sigma70,3,True,0.06146030695336794,0.056849663859850186,0.08473682676840583,0.05509797161823595,0.01889597465205426,0.7229592561480859
5,Sigma70,5,Sigma70,0.63809596795849,Sigma24|Sigma32|Sigma38|Sigma70,4,True,0.11544399276878366,0.04731402127621774,0.11176312399538059,0.08492821618673112,0.002454677814396904,0.63809596795849
5,Sigma70,5,Sigma70,0.5367496097261618,Sigma24|Sigma32|Sigma70,3,True,0.3228480743137103,0.004549323538541484,0.08462836229223382,0.02682912300951891,0.024395507119833557,0.5367496097261618
5,Sigma70,5,Sigma70,0.638678547372376,Sigma24|Sigma32|Sigma38|Sigma70,4,True,0.1416546995625254,0.01358425484402102,0.08562772355325537,0.10409550158463479,0.016359273083187416,0.638678547372376
5,Sigma70,5,Sigma70,0.5482976018974454,Sigma24|Sigma28|Sigma32|Sigma38|Sigma70,5,True,0.17506871799925924,0.06173873821659232,0.11207382120583873,0.09277164293315798,0.010049477747706358,0.5482976018974454
5,Sigma70,5,Sigma70,0.7953170712490958,Sigma32|Sigma70,2,True,0.012570104316616799,0.046759173947598404,0.09943031130103182,0.03776816305439124,0.008155176131265882,0.7953170712490958
5,Sigma70,5,Sigma70,0.49877221834016744,Sigma24|Sigma32|Sigma38|Sigma70,4,True,0.3380905827377984,0.01932735369634436,0.06718645485932295,0.07385468995136978,0.0027687004149970626,0.49877221834016744
5,Sigma70,5,Sigma70,0.658037714890358,Sigma32|Sigma38|Sigma54|Sigma70,4,True,0.016216724986040435,0.006343416876859116,0.08494915729337009,0.09696828249874963,0.13748470345462263,0.658037714890358
5,Sigma70,5,Sigma70,0.7763440324686993,Sigma32|Sigma70,2,True,0.05141499317894628,0.04673858132295506,0.0803860926952817,0.022578146672537647,0.02253815366157997,0.7763440324686993
5,Sigma70,5,Sigma70,0.7795503137279962,Sigma24|Sigma32|Sigma70,3,True,0.08204346875051789,0.012432150260119896,0.08958909838488063,0.030009443174227053,0.006375525702258288,0.7795503137279962
5,Sigma70,5,Sigma70,0.6835535940368578,Sigma32|Sigma54|Sigma70,3,True,0.046998087895909126,0.04353187184482385,0.10633209587321744,0.041900596332931,0.07768375401626082,0.6835535940368578
5,Sigma70,5,Sigma70,0.7331179170939125,Sigma24|Sigma32|Sigma38|Sigma70,4,True,0.06108770327543789,0.030947674654884714,0.0929402587188059,0.07420812444171937,0.007698321815239556,0.7331179170939125
5,Sigma70,5,Sigma70,0.6804171710681227,Sigma24|Sigma32|Sigma70,3,True,0.1837293766432072,0.020546852860341618,0.06255397923849192,0.050223357317532566,0.0025292628723038967,0.6804171710681227
5,Sigma70,5,Sigma70,0.7085496061326388,Sigma24|Sigma32|Sigma38|Sigma70,4,True,0.11647020284940983,0.008689078801309,0.0867506206260593,0.06918712239581354,0.010353369194769507,0.7085496061326388
5,Sigma70,5,Sigma70,0.41559216760457063,Sigma24|Sigma28|Sigma32|Sigma70,4,True,0.2777462772983416,0.14211400089344842,0.11152876681326059,0.04586615313087459,0.007152634259504222,0.41559216760457063
5,Sigma70,5,Sigma70,0.6804771239587376,Sigma24|Sigma32|Sigma38|Sigma70,4,True,0.14480287040052087,0.01993363166603606,0.06023724672794233,0.08978292620223564,0.004766201044527568,0.6804771239587376
5,Sigma70,5,Sigma70,0.5079246548489182,Sigma24|Sigma32|Sigma70,3,True,0.33403979812376244,0.025371659771728814,0.08141472876732438,0.04826582346634177,0.0029833350219243206,0.5079246548489182
5,Sigma70,5,Sigma70,0.5789073444046636,Sigma24|Sigma28|Sigma32|Sigma38|Sigma70,5,True,0.08281070783605742,0.10154107693795396,0.11443920976742408,0.07241009939288841,0.04989156166101245,0.5789073444046636
5,Sigma70,5,Sigma70,0.7005837819856003,Sigma24|Sigma32|Sigma70,3,True,0.11993329382092204,0.015665375600411684,0.11778837614757101,0.04240410734342538,0.003625065102069591,0.7005837819856003
5,Sigma70,5,Sigma70,0.6599669783797537,Sigma24|Sigma28|Sigma32|Sigma70,4,True,0.0643809902400972,0.10939104875782574,0.11083027523011953,0.051814101596312834,0.0036166057958909297,0.6599669783797537
5,Sigma70,5,Sigma70,0.5296498732792658,Sigma24|Sigma32|Sigma54|Sigma70,4,True,0.1524577983094468,0.03846273764171917,0.1334368076756201,0.03800655166403484,0.10798623142991323,0.5296498732792658
5,Sigma70,5,Sigma70,0.6463565950347813,Sigma24|Sigma32|Sigma70,3,True,0.12461354887076088,0.017937982220162487,0.1363585869564373,0.04744710669554455,0.027286180222313532,0.6463565950347813
5,Sigma70,5,Sigma70,0.40026081178172584,Sigma24|Sigma32|Sigma54|Sigma70,4,True,0.27714569878024464,0.032131310404542014,0.1373535820974884,0.022184592160933467,0.13092400477506563,0.40026081178172584
5,Sigma70,5,Sigma70,0.40675910430578543,Sigma24|Sigma28|Sigma32|Sigma70,4,True,0.332598207571983,0.11059560541334303,0.1071473830869631,0.025025472356291392,0.017874227265634226,0.40675910430578543
5,Sigma70,5,Sigma70,0.5589823509234259,Sigma24|Sigma28|Sigma32|Sigma70,4,True,0.16940678058252448,0.09736763171792205,0.11903069110582473,0.03437159458952146,0.020840951080781444,0.5589823509234259
5,Sigma70,5,Sigma70,0.6430374165238851,Sigma24|Sigma32|Sigma38|Sigma70,4,True,0.10816892304232643,0.014419276083862046,0.0724719363687936,0.15685875796052862,0.0050436900206042344,0.6430374165238851
5,Sigma70,5,Sigma70,0.588862806306042,Sigma24|Sigma32|Sigma38|Sigma70,4,True,0.11635068951863747,0.037148862460585075,0.148355932012636,0.0633307556293523,0.0459509540727471,0.588862806306042
5,Sigma70,5,Sigma70,0.5305284094510055,Sigma24|Sigma32|Sigma38|Sigma70,4,True,0.21518278213971798,0.03197678479133208,0.11971333956737304,0.08426053852839924,0.01833814552217206,0.5305284094510055
5,Sigma70,5,Sigma70,0.6692117791731235,Sigma24|Sigma32|Sigma38|Sigma70,4,True,0.07803268562325265,0.051021757871712904,0.10106435315660658,0.05929027170138487,0.0413791524739196,0.6692117791731235
5,Sigma70,5,Sigma70,0.6719049598056074,Sigma24|Sigma32|Sigma38|Sigma70,4,True,0.11756318666008424,0.0357318214472001,0.08254958527514229,0.07768978527926547,0.014560661532700539,0.6719049598056074
5,Sigma70,5,Sigma70,0.6403339207993171,Sigma24|Sigma32|Sigma38|Sigma70,4,True,0.09133663668879856,0.029035397263590067,0.10468612173794796,0.13159581663048067,0.0030121068798656357,0.6403339207993171
5,Sigma70,5,Sigma70,0.7531096839752645,Sigma24|Sigma32|Sigma38|Sigma70,4,True,0.060034746043995314,0.014432277341962032,0.05848194651194893,0.08830508986615612,0.02563625626067317,0.7531096839752645
5,Sigma70,5,Sigma70,0.6727798534667079,Sigma24|Sigma32|Sigma70,3,True,0.13142026403957066,0.04399578870515511,0.11230845584379122,0.028506498950547438,0.010989138994227616,0.6727798534667079
5,Sigma70,5,Sigma70,0.3770057403342639,Sigma24|Sigma28|Sigma32|Sigma54|Sigma70,5,True,0.368484598781979,0.07316712553889053,0.08476991921742064,0.03343470739282076,0.06313790873462528,0.3770057403342639
5,Sigma70,5,Sigma70,0.5297303799815682,Sigma24|Sigma32|Sigma38|Sigma54|Sigma70,5,True,0.1182424118917765,0.03435052432573435,0.14602819343432383,0.0729439225968504,0.09870456776974668,0.5297303799815682
5,Sigma70,5,Sigma70,0.5719477908880918,Sigma24|Sigma32|Sigma38|Sigma70,4,True,0.20369838984353894,0.04592388340165428,0.09277874943690474,0.05764594152404602,0.028005244905764237,0.5719477908880918
5,Sigma70,5,Sigma70,0.7422301879501745,Sigma24|Sigma32|Sigma70,3,True,0.11426674288678558,0.03809977872677418,0.07753944274743518,0.021993110665313106,0.00587073702351738,0.7422301879501745
5,Sigma70,5,Sigma70,0.4304783766764892,Sigma24|Sigma32|Sigma70,3,True,0.4138988145542961,0.030412636718971358,0.07851701357311039,0.04006036395087651,0.0066327945262563675,0.4304783766764892
5,Sigma70,5,Sigma70,0.6163893374337732,Sigma24|Sigma32|Sigma38|Sigma70,4,True,0.1494944756374361,0.01994905491999224,0.0958505403526855,0.09715836355382391,0.021158228102288953,0.6163893374337732
5,Sigma70,5,Sigma70,0.4284235079466832,Sigma24|Sigma32|Sigma38|Sigma54|Sigma70,5,True,0.3085122951820098,0.007586363072869988,0.13552417682533882,0.06172538160990723,0.05822827536319082,0.4284235079466832
5,Sigma70,5,Sigma70,0.7120223104189869,Sigma24|Sigma32|Sigma70,3,True,0.10444214402406059,0.024163225772703367,0.10996331392312987,0.03283485925650468,0.01657414660461452,0.7120223104189869
5,Sigma70,5,Sigma70,0.6129515551956255,Sigma24|Sigma28|Sigma32|Sigma70,4,True,0.11190187447363033,0.06865821637580262,0.17001961839342633,0.029615492931157516,0.006853242630357653,0.6129515551956255
5,Sigma70,5,Sigma70,0.5653215328519088,Sigma24|Sigma32|Sigma70,3,True,0.24142165547402916,0.02437020867759896,0.09081929000664837,0.043747041059698934,0.03432027193011582,0.5653215328519088
5,Sigma70,5,Sigma70,0.6086050661275375,Sigma24|Sigma32|Sigma54|Sigma70,4,True,0.10979017067999465,0.008013686992910163,0.1117150980196111,0.04638017255909484,0.1154958056208517,0.6086050661275375
5,Sigma70,5,Sigma70,0.6099831889343057,Sigma24|Sigma32|Sigma38|Sigma54|Sigma70,5,True,0.06876727357212346,0.04427707996887216,0.11013261641980163,0.0771661758830243,0.08967366522187271,0.6099831889343057
5,Sigma70,5,Sigma70,0.4849755815276456,Sigma24|Sigma28|Sigma32|Sigma38|Sigma70,5,True,0.22552109807368956,0.0890294058330048,0.10657844490872233,0.0738228714639381,0.020072598192999672,0.4849755815276456
5,Sigma70,5,Sigma70,0.5677259427117007,Sigma24|Sigma28|Sigma32|Sigma70,4,True,0.0948506833586948,0.09032630229159784,0.1635885015436752,0.041110885186015834,0.04239768490831562,0.5677259427117007
5,Sigma70,0,Sigma24,0.31942583167556443,Sigma24|Sigma28|Sigma32|Sigma38|Sigma54|Sigma70,6,True,0.31942583167556443,0.17351922123822416,0.0904325694763367,0.07089989050746921,0.1307747107038256,0.21494777639857984
5,Sigma70,5,Sigma70,0.5336115077090617,Sigma24|Sigma28|Sigma32|Sigma38|Sigma70,5,True,0.1385412168637477,0.09351083839737613,0.11031381791328514,0.11317025656228635,0.010852362554243029,0.5336115077090617
5,Sigma70,5,Sigma70,0.718731796463948,Sigma24|Sigma32|Sigma70,3,True,0.08234214911143702,0.023472632198950984,0.11030642814911759,0.05479841381801278,0.010348580258533665,0.718731796463948
5,Sigma70,5,Sigma70,0.4648820971720981,Sigma24|Sigma32|Sigma38|Sigma70,4,True,0.31056468693717276,0.04209206347044281,0.10880226872867865,0.06294479739241976,0.010714086299187811,0.4648820971720981
5,Sigma70,5,Sigma70,0.6961781437259852,Sigma24|Sigma28|Sigma32|Sigma70,4,True,0.09530557224711289,0.06082726582684334,0.10532568423474784,0.03135988103849933,0.011003452926811395,0.6961781437259852
5,Sigma70,5,Sigma70,0.5441154758745479,Sigma24|Sigma32|Sigma54|Sigma70,4,True,0.15946899730401848,0.053622695863605345,0.09246329975289759,0.043783298487375444,0.1065462327175552,0.5441154758745479
5,Sigma70,5,Sigma70,0.6087010944675655,Sigma24|Sigma28|Sigma32|Sigma70,4,True,0.11738237979125603,0.14634330928652772,0.0827458455110558,0.03780205708303217,0.007025313860562797,0.6087010944675655
5,Sigma70,5,Sigma70,0.6187592602037236,Sigma24|Sigma32|Sigma70,3,True,0.16137239261490546,0.016234793557703405,0.15309332110061918,0.042421007315906985,0.008119225207141352,0.6187592602037236
5,Sigma70,5,Sigma70,0.6119188978613319,Sigma32|Sigma38|Sigma70,3,True,0.043352602136296596,0.013569089943696377,0.10127590440346362,0.21184983998787096,0.018033665667340434,0.6119188978613319
5,Sigma70,5,Sigma70,0.5585442582936916,Sigma24|Sigma32|Sigma70,3,True,0.22462736619558812,0.05684464570829025,0.10377515498448392,0.040851457463818575,0.015357117354127646,0.5585442582936916
5,Sigma70,5,Sigma70,0.4281987807176094,Sigma24|Sigma32|Sigma70,3,True,0.31870279962937736,0.04946088280116508,0.1154026403114075,0.05210100215342783,0.03613389438701281,0.4281987807176094
5,Sigma70,5,Sigma70,0.652267898251438,Sigma32|Sigma38|Sigma70,3,True,0.03816311471621801,0.008619256011146647,0.1613019526382188,0.08722022928689245,0.05242754909608604,0.652267898251438
5,Sigma70,5,Sigma70,0.6133294680550005,Sigma24|Sigma28|Sigma32|Sigma54|Sigma70,5,True,0.08532713516692203,0.07398635227126814,0.12533163125889613,0.039102563224020004,0.06292285002389318,0.6133294680550005
5,Sigma70,5,Sigma70,0.6637108614495032,Sigma28|Sigma32|Sigma38|Sigma70,4,True,0.04379818995690519,0.09859447831852766,0.09061099452125047,0.07889050966766063,0.024394966086152832,0.6637108614495032
5,Sigma70,5,Sigma70,0.621376723514662,Sigma24|Sigma32|Sigma38|Sigma70,4,True,0.15414382897277285,0.034996966856422264,0.1250207847142775,0.05819305300569731,0.006268642936168146,0.621376723514662
5,Sigma70,5,Sigma70,0.7321553629692167,Sigma32|Sigma70,2,True,0.02466432232191504,0.01122604109495861,0.18365785771675958,0.02334094981283494,0.024955466084315144,0.7321553629692167
5,Sigma70,5,Sigma70,0.7616587224026676,Sigma24|Sigma32|Sigma70,3,True,0.10452126528327203,0.008026183422596417,0.10140630906190277,0.018330642505229314,0.00605687732433185,0.7616587224026676
5,Sigma70,5,Sigma70,0.47177406345986367,Sigma24|Sigma28|Sigma32|Sigma38|Sigma70,5,True,0.2724274470204259,0.09325097642732583,0.09385337664500927,0.06053526249749381,0.008158873949881337,0.47177406345986367
5,Sigma70,5,Sigma70,0.7751286838902366,Sigma24|Sigma32|Sigma70,3,True,0.07205748490664697,0.019820922358262223,0.06680055881392451,0.04968625192433924,0.016506098106590452,0.7751286838902366
5,Sigma70,5,Sigma70,0.7765410547783888,Sigma32|Sigma70,2,True,0.05362904941180114,0.01533333206080556,0.09180373083316465,0.03947062006206293,0.02322221285377692,0.7765410547783888
5,Sigma70,5,Sigma70,0.7891122893843229,Sigma24|Sigma32|Sigma70,3,True,0.060694481931694945,0.013295630110054028,0.09801376380625437,0.026099925232970965,0.01278390953470284,0.7891122893843229
5,Sigma70,5,Sigma70,0.503529759508451,Sigma24|Sigma32|Sigma70,3,True,0.2915013155829813,0.05268113327300949,0.10260527624464645,0.03772487592524119,0.011957639465670538,0.503529759508451
5,Sigma70,5,Sigma70,0.6934243665258519,Sigma24|Sigma32|Sigma70,3,True,0.06629325663447007,0.008611384694835458,0.14202956063494138,0.03686967373603204,0.05277175777386913,0.6934243665258519
5,Sigma70,5,Sigma70,0.6716671675878139,Sigma32|Sigma38|Sigma70,3,True,0.038227831250780865,0.017856945661217215,0.1820595994352313,0.06400598229187178,0.02618247377308503,0.6716671675878139
5,Sigma70,5,Sigma70,0.76007227496063,Sigma32|Sigma38|Sigma70,3,True,0.028959995644516665,0.01713180401918122,0.11866214578202293,0.06773701263536497,0.007436766958284157,0.76007227496063
5,Sigma70,5,Sigma70,0.6509153694921551,Sigma24|Sigma32|Sigma70,3,True,0.15228984365610151,0.028867489950337704,0.10211259525120077,0.0524855975578106,0.013329104092394373,0.6509153694921551
5,Sigma70,5,Sigma70,0.6721250694511153,Sigma24|Sigma32|Sigma70,3,True,0.1001436602493916,0.03226216533653271,0.12361377250009264,0.03931761540664951,0.03253771705621837,0.6721250694511153
5,Sigma70,5,Sigma70,0.6901782698103147,Sigma24|Sigma32|Sigma38|Sigma70,4,True,0.06977011060236418,0.006920082247949094,0.08113594597233476,0.14098663456177127,0.011008956805266,0.6901782698103147
5,Sigma70,5,Sigma70,0.3509105975200692,Sigma24|Sigma32|Sigma38|Sigma54|Sigma70,5,True,0.3198381192284592,0.039710555877174654,0.11520962510632916,0.06634668130164202,0.10798442096632582,0.3509105975200692
5,Sigma70,5,Sigma70,0.4459664159829235,Sigma24|Sigma28|Sigma32|Sigma70,4,True,0.33204733052760677,0.0665473229261158,0.09954955350189862,0.03384019070462489,0.022049186356830338,0.4459664159829235
5,Sigma70,5,Sigma70,0.7083394402762316,Sigma24|Sigma32|Sigma70,3,True,0.14570579289204688,0.005787670977360668,0.08756166514586582,0.02990040469542671,0.022705026013068213,0.7083394402762316
5,Sigma70,5,Sigma70,0.6869103625885242,Sigma24|Sigma32|Sigma70,3,True,0.15428001328761587,0.02137098916335883,0.09835519898075269,0.024633200160660715,0.014450235819087748,0.6869103625885242
5,Sigma70,5,Sigma70,0.6521445877495411,Sigma32|Sigma38|Sigma54|Sigma70,4,True,0.02529814317653854,0.016538283335662717,0.13269430350368872,0.08012942354375081,0.09319525869081806,0.6521445877495411
5,Sigma70,5,Sigma70,0.5764230604998349,Sigma24|Sigma32|Sigma38|Sigma70,4,True,0.07024511644016553,0.011919342037984247,0.08416012598816904,0.2511170819453554,0.006135273088490948,0.5764230604998349
5,Sigma70,5,Sigma70,0.5455694171629014,Sigma24|Sigma32|Sigma38|Sigma70,4,True,0.24096495266688914,0.024567663159305166,0.1010577049630085,0.07469269938436522,0.013147562663530475,0.5455694171629014
5,Sigma70,5,Sigma70,0.7722092525739848,Sigma32|Sigma70,2,True,0.04159890288181396,0.03146675827656504,0.09410321754387577,0.04293455334099815,0.017687315382762296,0.7722092525739848
5,Sigma70,5,Sigma70,0.4529068885708892,Sigma24|Sigma32|Sigma54|Sigma70,4,True,0.07584862304863856,0.01982426216713124,0.09644051348556054,0.05667406114962287,0.29830565157815775,0.4529068885708892
5,Sigma70,5,Sigma70,0.4189252863217113,Sigma24|Sigma32|Sigma70,3,True,0.393294233560072,0.022070959605904047,0.13490325160239683,0.028342156610569855,0.002464112299345988,0.4189252863217113
5,Sigma70,5,Sigma70,0.4015611977646226,Sigma24|Sigma32|Sigma38|Sigma70,4,True,0.37324173814884193,0.05463722639868333,0.08379848620002857,0.07696345664793999,0.009797894839883524,0.4015611977646226
5,Sigma70,5,Sigma70,0.5597990828662343,Sigma24|Sigma32|Sigma38|Sigma70,4,True,0.2578331173203832,0.027950046512725334,0.07910721613204864,0.0664676008780057,0.00884293629060298,0.5597990828662343
5,Sigma70,5,Sigma70,0.8456096981855916,Sigma32|Sigma70,2,True,0.02142164127000744,0.012451980961810506,0.0752275039307116,0.03777001539734619,0.007519160254532539,0.8456096981855916
5,Sigma70,5,Sigma70,0.7147728533904983,Sigma32|Sigma38|Sigma70,3,True,0.030190680735628483,0.017950364170619196,0.07468300436174526,0.15824683448791815,0.0041562628535905515,0.7147728533904983
5,Sigma70,5,Sigma70,0.6997482788509796,Sigma24|Sigma32|Sigma70,3,True,0.1170261178030546,0.04143657759427315,0.09225482303955851,0.03534808050012237,0.014186122212011931,0.6997482788509796
5,Sigma70,5,Sigma70,0.6045928588751395,Sigma24|Sigma28|Sigma32|Sigma38|Sigma70,5,True,0.111711738098336,0.06938449983576926,0.1343053518645142,0.07151026152298158,0.008495289803259563,0.6045928588751395
5,Sigma70,5,Sigma70,0.5271738471672485,Sigma24|Sigma32|Sigma70,3,True,0.1787689053352196,0.04696524424029461,0.16205193641440246,0.0370527201469231,0.04798734669591172,0.5271738471672485
5,Sigma70,5,Sigma70,0.6989562456071666,Sigma24|Sigma28|Sigma32|Sigma38|Sigma70,5,True,0.06849563119944971,0.077024945753122,0.08097006400369489,0.06639070659636777,0.00816240684019897,0.6989562456071666
5,Sigma70,5,Sigma70,0.5728980125708828,Sigma24|Sigma28|Sigma32|Sigma70,4,True,0.1047976747973569,0.08107579164915932,0.15144662514789226,0.0346162025422399,0.05516569329246889,0.5728980125708828
5,Sigma70,5,Sigma70,0.5834640247375422,Sigma24|Sigma28|Sigma32|Sigma70,4,True,0.18301701617981975,0.0850799479047327,0.10804544324514218,0.03411590556606014,0.006277662366703127,0.5834640247375422
5,Sigma70,5,Sigma70,0.534055569240521,Sigma24|Sigma32|Sigma70,3,True,0.33110937489177417,0.00901038752412408,0.08392265057177542,0.0355761252049632,0.006325892566842095,0.534055569240521
5,Sigma70,5,Sigma70,0.6944610576783874,Sigma24|Sigma32|Sigma70,3,True,0.0766126414955531,0.006240236014404059,0.14623299078667065,0.025852252468847845,0.05060082155613697,0.6944610576783874
5,Sigma70,0,Sigma24,0.404845625616367,Sigma24|Sigma28|Sigma32|Sigma70,4,True,0.404845625616367,0.07873541186052449,0.0947918869558368,0.04755150898390235,0.011567221433228478,0.36250834515014085
5,Sigma70,5,Sigma70,0.7856368653073655,Sigma32|Sigma70,2,True,0.03199513837106613,0.013703750397213206,0.08582593019696334,0.03743153005482085,0.045406785672570955,0.7856368653073655
5,Sigma70,5,Sigma70,0.49110139064941294,Sigma24|Sigma32|Sigma70,3,True,0.3537289347814912,0.024346210693274358,0.10221257843515472,0.02029449654572263,0.008316388894944097,0.49110139064941294
5,Sigma70,5,Sigma70,0.655175533835829,Sigma24|Sigma32|Sigma38|Sigma54|Sigma70,5,True,0.13296186877520522,0.00572122513013276,0.07289809215438942,0.058430174740585795,0.07481310536385771,0.655175533835829
5,Sigma70,5,Sigma70,0.7486851751319881,Sigma32|Sigma38|Sigma70,3,True,0.05272834730101604,0.033656987059883514,0.07362389551411178,0.06719672711876466,0.02410886787423589,0.7486851751319881
5,Sigma70,5,Sigma70,0.5830683867771126,Sigma24|Sigma32|Sigma38|Sigma54|Sigma70,5,True,0.1261289988428121,0.01785615564249851,0.1161685701313312,0.067331973447131,0.08944591515911464,0.5830683867771126
5,Sigma70,5,Sigma70,0.6500797007930517,Sigma24|Sigma32|Sigma38|Sigma70,4,True,0.08827163161747278,0.009420481104219926,0.11494265081111656,0.09790141138951493,0.039384124284624115,0.6500797007930517
5,Sigma70,5,Sigma70,0.7980978287939429,Sigma32|Sigma70,2,True,0.021253865898553437,0.02794104058585513,0.11160270836639982,0.034157201188625794,0.006947355166622923,0.7980978287939429
5,Sigma70,5,Sigma70,0.6793511281275046,Sigma24|Sigma38|Sigma70,3,True,0.08165722133689023,0.021603628362611163,0.05281202688388474,0.13688403231331056,0.027691962975798633,0.6793511281275046
5,Sigma70,5,Sigma70,0.8003087740678385,Sigma32|Sigma70,2,True,0.05287518666602416,0.009297723239074122,0.08153921756440763,0.03697143520077549,0.019007663261880223,0.8003087740678385
5,Sigma70,5,Sigma70,0.7186462065820608,Sigma32|Sigma38|Sigma70,3,True,0.05680402798097119,0.015716822002942905,0.09692341914179775,0.09847504737777676,0.013434476914450629,0.7186462065820608
5,Sigma70,5,Sigma70,0.6173975933663737,Sigma32|Sigma38|Sigma70,3,True,0.053459629935370914,0.045063691193075794,0.1531897748428642,0.0984103083623025,0.03247900230001277,0.6173975933663737
5,Sigma70,5,Sigma70,0.6863711071582117,Sigma24|Sigma32|Sigma38|Sigma70,4,True,0.11956641544399874,0.01894978421281083,0.07564413384764285,0.0938312420532544,0.005637317284081555,0.6863711071582117
5,Sigma70,5,Sigma70,0.6915552959702145,Sigma24|Sigma32|Sigma70,3,True,0.1690382527404542,0.006588350316133011,0.09937485376186247,0.03174594677874156,0.0016973004325942845,0.6915552959702145
5,Sigma70,5,Sigma70,0.7517972658606978,Sigma24|Sigma32|Sigma70,3,True,0.06589849955584828,0.015296007047235697,0.07439181341131244,0.05261134278408654,0.04000507134081922,0.7517972658606978
5,Sigma70,5,Sigma70,0.5851461956123271,Sigma24|Sigma28|Sigma32|Sigma70,4,True,0.1339032702855323,0.12326038147604418,0.11858095311168672,0.03180339855883711,0.007305800955572587,0.5851461956123271
5,Sigma70,5,Sigma70,0.760553692542386,Sigma32|Sigma70,2,True,0.038473734237681696,0.01583669600402372,0.11829940239543504,0.052364320877222516,0.014472153943251015,0.760553692542386
5,Sigma70,5,Sigma70,0.32825114659873217,Sigma24|Sigma28|Sigma32|Sigma38|Sigma54|Sigma70,6,True,0.2885386949374228,0.08914953467076024,0.13523148489354264,0.08701433961822497,0.07181479928131718,0.32825114659873217
5,Sigma70,5,Sigma70,0.63820235348233,Sigma24|Sigma28|Sigma32|Sigma70,4,True,0.10355904037940002,0.06485372763769376,0.11613001434994986,0.032021566589742714,0.045233297560883554,0.63820235348233
5,Sigma70,5,Sigma70,0.3586570597475821,Sigma24|Sigma32|Sigma38|Sigma70,4,True,0.35844148721597807,0.028414738842476875,0.1245880110240473,0.1132697769764348,0.016628926193480848,0.3586570597475821
5,Sigma70,5,Sigma70,0.4997630635718541,Sigma24|Sigma28|Sigma32|Sigma70,4,True,0.22135283757485008,0.07235395198594417,0.14114904211955245,0.028900762454631253,0.03648034229316802,0.4997630635718541
5,Sigma70,5,Sigma70,0.5724518297783597,Sigma24|Sigma32|Sigma70,3,True,0.2774819075552638,0.031444757536683944,0.07479229807930889,0.04020917520061094,0.003620031849772681,0.5724518297783597
5,Sigma70,5,Sigma70,0.724211688783692,Sigma24|Sigma32|Sigma70,3,True,0.12502168650976053,0.05288198586412484,0.07301198549026845,0.018443324718516903,0.00642932863363721,0.724211688783692
5,Sigma70,5,Sigma70,0.6567746009781289,Sigma32|Sigma54|Sigma70,3,True,0.02608297256236067,0.018345488505709016,0.11054816362095674,0.05613467056740671,0.132114103765438,0.6567746009781289
5,Sigma70,5,Sigma70,0.6746184085176024,Sigma24|Sigma32|Sigma38|Sigma70,4,True,0.07477468675267467,0.0120602570979191,0.14879188533720927,0.07618427066839216,0.013570491626202413,0.6746184085176024
5,Sigma70,5,Sigma70,0.5954269428325295,Sigma24|Sigma28|Sigma32|Sigma70,4,True,0.1598808928805067,0.07707853628721782,0.1183215686036983,0.014351877448209097,0.034940181947838586,0.5954269428325295
5,Sigma70,5,Sigma70,0.736363213357246,Sigma32|Sigma38|Sigma70,3,True,0.037476914930513056,0.038245252569736064,0.10227617877490922,0.06299324875064452,0.022645191616951155,0.736363213357246
5,Sigma70,5,Sigma70,0.6220196958277878,Sigma24|Sigma32|Sigma38|Sigma54|Sigma70,5,True,0.07952506450114782,0.03266570675505775,0.1104209960693515,0.0648052910398806,0.09056324580677448,0.6220196958277878
5,Sigma70,5,Sigma70,0.7757227369422672,Sigma32|Sigma38|Sigma70,3,True,0.05081383338030684,0.008710306274825901,0.08392771909358523,0.0740998182406478,0.00672558606836702,0.7757227369422672
5,Sigma70,5,Sigma70,0.7726868252139582,Sigma24|Sigma32|Sigma70,3,True,0.07260669868406028,0.016103995083864776,0.09085789334413796,0.04416751849994239,0.003577069174036456,0.7726868252139582
5,Sigma70,5,Sigma70,0.6874877287857365,Sigma24|Sigma28|Sigma32|Sigma70,4,True,0.07103258160366,0.10663641115909683,0.06467332151859097,0.046417805048593566,0.023752151884322177,0.6874877287857365
5,Sigma70,5,Sigma70,0.6189080017986198,Sigma32|Sigma38|Sigma70,3,True,0.020760431618824415,0.028318374838624937,0.13785386725814147,0.1447752373060092,0.049384087179780205,0.6189080017986198
5,Sigma70,5,Sigma70,0.5591226382354243,Sigma24|Sigma32|Sigma70,3,True,0.24801345281069845,0.021099049991169194,0.1159968084889149,0.045869383029513607,0.009898667444279502,0.5591226382354243
5,Sigma70,5,Sigma70,0.7654279956980773,Sigma32|Sigma70,2,True,0.033613571916829885,0.056296222049338936,0.08223844446512144,0.04343951413647302,0.018984251734159487,0.7654279956980773
5,Sigma70,5,Sigma70,0.674595738188258,Sigma24|Sigma32|Sigma70,3,True,0.15944677292436515,0.017026246903517697,0.09315261548156585,0.05196806421305049,0.0038105622892427213,0.674595738188258
5,Sigma70,5,Sigma70,0.4739493816747025,Sigma24|Sigma32|Sigma70,3,True,0.350630106770873,0.03942471869383583,0.0930790237824457,0.029522607899790426,0.013394161178352645,0.4739493816747025
5,Sigma70,5,Sigma70,0.6457483972685021,Sigma24|Sigma32|Sigma70,3,True,0.20327455282195364,0.010904185101082589,0.10318335130989033,0.025828667180143098,0.01106084631842817,0.6457483972685021
5,Sigma70,5,Sigma70,0.48178769075158834,Sigma24|Sigma32|Sigma38|Sigma70,4,True,0.34897154477390635,0.011396388242261926,0.07972428577550299,0.06174808615778062,0.016372004298959783,0.48178769075158834
5,Sigma70,5,Sigma70,0.3543489685834074,Sigma24|Sigma28|Sigma32|Sigma38|Sigma70,5,True,0.2525987709190232,0.1217181491603433,0.1688323348222121,0.0921987303675382,0.010303046147475826,0.3543489685834074
5,Sigma70,5,Sigma70,0.6454509033165353,Sigma24|Sigma32|Sigma38|Sigma70,4,True,0.15455542205860742,0.010111620696772863,0.09335637233336155,0.09213010904940229,0.00439557254532046,0.6454509033165353
5,Sigma70,5,Sigma70,0.4643601803716687,Sigma24|Sigma28|Sigma32|Sigma70,4,True,0.1469870068658833,0.21361364066459335,0.10462421167421278,0.043408757651514286,0.027006202772127612,0.4643601803716687
5,Sigma70,5,Sigma70,0.6898940293128617,Sigma24|Sigma32|Sigma70,3,True,0.11540982383649435,0.01289617121237471,0.12913810406061776,0.05032719470260855,0.0023346768750430406,0.6898940293128617
5,Sigma70,5,Sigma70,0.7168982304251491,Sigma24|Sigma32|Sigma70,3,True,0.06949878507480686,0.046254471698210634,0.1065638760330313,0.03861310175609645,0.02217153501270564,0.7168982304251491
5,Sigma70,5,Sigma70,0.6476246339906987,Sigma24|Sigma32|Sigma38|Sigma70,4,True,0.10900310673891869,0.0512188383490714,0.07505419301116412,0.10614830627366767,0.010950921636479437,0.6476246339906987
5,Sigma70,5,Sigma70,0.7162891670280135,Sigma24|Sigma32|Sigma70,3,True,0.10431327172322975,0.0188947114016071,0.10847233709189517,0.04011623333784001,0.011914279417414443,0.7162891670280135
5,Sigma70,5,Sigma70,0.6286409079647879,Sigma24|Sigma28|Sigma32|Sigma70,4,True,0.14163276634498612,0.11005189206873806,0.06975964231582996,0.03196509700364025,0.017949694302017757,0.6286409079647879
5,Sigma70,5,Sigma70,0.6419006955064761,Sigma24|Sigma28|Sigma32|Sigma70,4,True,0.06968856103873448,0.09538641276489516,0.11594901974357626,0.04983260257911425,0.02724270836720376,0.6419006955064761
5,Sigma70,5,Sigma70,0.7690761104174368,Sigma28|Sigma32|Sigma70,3,True,0.029365468851291023,0.06423935434938421,0.08110985102298043,0.05301181188624128,0.003197403472666299,0.7690761104174368
5,Sigma70,5,Sigma70,0.6472097803363265,Sigma24|Sigma32|Sigma70,3,True,0.08298380102952187,0.04092060521350075,0.1960475957920537,0.022371536384416642,0.01046668124418056,0.6472097803363265
5,Sigma70,5,Sigma70,0.7485827741018976,Sigma32|Sigma70,2,True,0.05130616917943574,0.01453389620649621,0.11468174988442185,0.057350569540022364,0.013544841087726302,0.7485827741018976
5,Sigma70,5,Sigma70,0.5175191176665259,Sigma24|Sigma28|Sigma32|Sigma70,4,True,0.2655691509550566,0.08662160812512916,0.08927962024541335,0.0359569598482957,0.005053543159579452,0.5175191176665259
5,Sigma70,5,Sigma70,0.5345021505530932,Sigma24|Sigma28|Sigma32|Sigma38|Sigma70,5,True,0.06961084363023277,0.08528544044539689,0.11213252047639544,0.1722683276038478,0.026200717291033834,0.5345021505530932
5,Sigma70,5,Sigma70,0.47761135055821047,Sigma24|Sigma32|Sigma70,3,True,0.30946532256112685,0.0478532893959286,0.12973117100891204,0.025085746388666556,0.010253120087155532,0.47761135055821047
5,Sigma70,5,Sigma70,0.720948579718409,Sigma24|Sigma32|Sigma70,3,True,0.09805124604341023,0.006811022792423635,0.11499289271353716,0.05135321517843351,0.007843043553786398,0.720948579718409
5,Sigma70,5,Sigma70,0.6098470714789791,Sigma24|Sigma32|Sigma38|Sigma70,4,True,0.18358263275216044,0.012253349829524886,0.06979420687395718,0.11806042788145629,0.006462311183922086,0.6098470714789791
5,Sigma70,5,Sigma70,0.6272974032220912,Sigma24|Sigma32|Sigma70,3,True,0.185854124252281,0.043213914628088754,0.10197164421430309,0.03540464552376542,0.006258268159470621,0.6272974032220912
5,Sigma70,5,Sigma70,0.6040818256233615,Sigma24|Sigma32|Sigma38|Sigma70,4,True,0.14093227491617105,0.027569636345120715,0.06341957696701303,0.13207841076569557,0.03191827538263799,0.6040818256233615
5,Sigma70,5,Sigma70,0.6491690261816537,Sigma24|Sigma32|Sigma70,3,True,0.09422103866710815,0.05299243291470477,0.12223502009470953,0.024020501604274765,0.05736198053754913,0.6491690261816537
5,Sigma70,5,Sigma70,0.6797777860925998,Sigma24|Sigma32|Sigma38|Sigma54|Sigma70,5,True,0.06424648198808028,0.033257318731370826,0.07287686627758931,0.06363339628119988,0.08620815062915979,0.6797777860925998
5,Sigma70,5,Sigma70,0.6184570048362006,Sigma24|Sigma32|Sigma38|Sigma70,4,True,0.11072933749862676,0.011989294728940973,0.0847106460031121,0.15459144167757755,0.019522275255541954,0.6184570048362006
