true_label,before_pred,before_confidence,after_pred,after_confidence,before_proba_class_0,before_proba_class_1,before_proba_class_2,before_proba_class_3,before_proba_class_4,before_proba_class_5,after_proba_class_0,after_proba_class_1,after_proba_class_2,after_proba_class_3,after_proba_class_4,after_proba_class_5
0,3,0.2974807322025299,3,0.3282639682292938,0.1519322246313095,0.17391608655452728,0.09158714860677719,0.2974807322025299,0.026935135945677757,0.2581486403942108,0.14055682718753815,0.16670182347297668,0.0741930678486824,0.3282639682292938,0.015826812013983727,0.27445748448371887
0,5,0.3056643009185791,5,0.3357393741607666,0.23177190124988556,0.15488237142562866,0.07871372252702713,0.21865776181221008,0.01030988059937954,0.3056643009185791,0.23674757778644562,0.14232994616031647,0.0605647899210453,0.21996454894542694,0.004653748590499163,0.3357393741607666
0,3,0.2257973998785019,3,0.2411831021308899,0.16541621088981628,0.16297967731952667,0.18570660054683685,0.2257973998785019,0.07476651668548584,0.18533363938331604,0.16283544898033142,0.15981347858905792,0.18844392895698547,0.2411831021308899,0.05975767970085144,0.18796630203723907
0,5,0.3142397701740265,5,0.34282392263412476,0.12008724361658096,0.00388176622800529,0.152012899518013,0.3083532750606537,0.10142507404088974,0.3142397701740265,0.1017882227897644,0.0013371313689276576,0.13707035779953003,0.33473703265190125,0.08224331587553024,0.34282392263412476
0,5,0.30613282322883606,5,0.3471958339214325,0.21771039068698883,0.0869789570569992,0.16898402571678162,0.13116592168807983,0.08902789652347565,0.30613282322883606,0.22579002380371094,0.07090778648853302,0.1639840453863144,0.11909942328929901,0.07302288711071014,0.3471958339214325
0,5,0.3968445062637329,5,0.4503009021282196,0.19867853820323944,0.02906903252005577,0.08429958671331406,0.2585626542568207,0.032545704394578934,0.3968445062637329,0.18801775574684143,0.016613906249403954,0.06370679289102554,0.26220008730888367,0.01916053146123886,0.4503009021282196
0,5,0.366908997297287,5,0.4246002435684204,0.1862044781446457,0.02242453023791313,0.13780836760997772,0.14615017175674438,0.1405034214258194,0.366908997297287,0.18035396933555603,0.012464351020753384,0.12334325164556503,0.13284213840961456,0.1263960897922516,0.4246002435684204
0,5,0.28490516543388367,5,0.31986644864082336,0.20190902054309845,0.12700796127319336,0.13797321915626526,0.1716449111700058,0.07655974477529526,0.28490516543388367,0.2071036994457245,0.11535628139972687,0.12806811928749084,0.16871720552444458,0.06088825315237045,0.31986644864082336
0,3,0.297931969165802,3,0.32467639446258545,0.175887793302536,0.05794136971235275,0.15467418730258942,0.297931969165802,0.026056714355945587,0.28750792145729065,0.1669234335422516,0.04109061509370804,0.14192356169223785,0.32467639446258545,0.014983476139605045,0.310402512550354
0,5,0.3955427408218384,5,0.4577764570713043,0.20149187743663788,0.011200284585356712,0.12641973793506622,0.1680019050836563,0.09734341502189636,0.3955427408218384,0.19537077844142914,0.0050880033522844315,0.10846801847219467,0.15531155467033386,0.07798518240451813,0.4577764570713043
0,5,0.27770259976387024,5,0.30089208483695984,0.17275825142860413,0.015299264341592789,0.2082998901605606,0.23351304233074188,0.09242696315050125,0.27770259976387024,0.165266215801239,0.007748176343739033,0.2092917263507843,0.241765096783638,0.07503664493560791,0.30089208483695984
0,4,0.3162243962287903,4,0.34954196214675903,0.14454077184200287,0.006881434004753828,0.14002415537834167,0.11899621039628983,0.3162243962287903,0.27333304286003113,0.13010282814502716,0.002786368830129504,0.12499190121889114,0.10178185254335403,0.34954196214675903,0.29079508781433105
0,5,0.46809056401252747,5,0.5460194945335388,0.19323402643203735,0.009579699486494064,0.08260539919137955,0.18089143931865692,0.06559889018535614,0.46809056401252747,0.17870905995368958,0.004028011579066515,0.061127521097660065,0.16442203521728516,0.04569389671087265,0.5460194945335388
0,5,0.36065587401390076,5,0.41287127137184143,0.14997929334640503,0.00928184948861599,0.15690474212169647,0.19842684268951416,0.12475145608186722,0.36065587401390076,0.13638707995414734,0.004067502450197935,0.14438490569591522,0.19419527053833008,0.10809401422739029,0.41287127137184143
0,5,0.2591767907142639,5,0.28372055292129517,0.18001896142959595,0.057294733822345734,0.21335703134536743,0.1560504138469696,0.13410209119319916,0.2591767907142639,0.1790957748889923,0.04221141338348389,0.22193926572799683,0.1495378166437149,0.12349516153335571,0.28372055292129517
0,5,0.31068310141563416,5,0.34317606687545776,0.1994832456111908,0.048554085195064545,0.1419021338224411,0.26135483384132385,0.038022566586732864,0.31068310141563416,0.19616548717021942,0.032955631613731384,0.12761324644088745,0.275885671377182,0.024203918874263763,0.34317606687545776
0,4,0.3254590928554535,4,0.3677476942539215,0.13427717983722687,0.02484540082514286,0.21680614352226257,0.11477861553430557,0.3254590928554535,0.18383361399173737,0.12027502804994583,0.01429437194019556,0.22020962834358215,0.09866337478160858,0.3677476942539215,0.17880994081497192
0,5,0.24182872474193573,5,0.25930342078208923,0.19552096724510193,0.04403170570731163,0.15470243990421295,0.1446288377046585,0.21928735077381134,0.24182872474193573,0.1982772946357727,0.030198026448488235,0.14753486216068268,0.13551272451877594,0.22917364537715912,0.25930342078208923
0,5,0.2654443085193634,5,0.28734201192855835,0.1758052557706833,0.017367219552397728,0.15917257964611053,0.2285475730895996,0.15366308391094208,0.2654443085193634,0.1708080768585205,0.00919273030012846,0.15066763758659363,0.23787513375282288,0.14411437511444092,0.28734201192855835
0,2,0.2448420524597168,2,0.26559433341026306,0.15469351410865784,0.06823386996984482,0.2448420524597168,0.1682039499282837,0.14862214028835297,0.2154044210910797,0.1487593948841095,0.05293544381856918,0.26559433341026306,0.16534435749053955,0.1414274126291275,0.225939080119133
0,5,0.4299037456512451,5,0.4952300190925598,0.18961983919143677,0.013931830413639545,0.10663032531738281,0.2190811187028885,0.04083305224776268,0.4299037456512451,0.17621779441833496,0.006526458542793989,0.08520263433456421,0.21145948767662048,0.025363530963659286,0.4952300190925598
0,3,0.22958879172801971,3,0.24514098465442657,0.17488084733486176,0.10877435654401779,0.2088516354560852,0.22958879172801971,0.0800398588180542,0.19786447286605835,0.17385731637477875,0.09547115117311478,0.2175285667181015,0.24514098465442657,0.06481847912073135,0.20318345725536346
0,3,0.33620476722717285,3,0.3812756836414337,0.1508854776620865,0.1361449509859085,0.12971581518650055,0.33620476722717285,0.019065506756305695,0.22798354923725128,0.13867202401161194,0.12179490178823471,0.11457992345094681,0.3812756836414337,0.010182998143136501,0.23349447548389435
0,5,0.3513122797012329,5,0.3986864387989044,0.2194954752922058,0.10889920592308044,0.09525075554847717,0.20636913180351257,0.018673202022910118,0.3513122797012329,0.2201758772134781,0.09088721126317978,0.07675168663263321,0.20368655025959015,0.0098123112693429,0.3986864387989044
0,3,0.27201035618782043,3,0.29911288619041443,0.15308602154254913,0.08553197979927063,0.23057013750076294,0.27201035618782043,0.06553996354341507,0.1932615488767624,0.14477188885211945,0.06943010538816452,0.24278347194194794,0.29911288619041443,0.049612320959568024,0.19428925216197968
0,5,0.25294217467308044,5,0.2747059762477875,0.2074531614780426,0.08159002661705017,0.18237265944480896,0.19898277521133423,0.0766591727733612,0.25294217467308044,0.21388307213783264,0.06585045903921127,0.1817748099565506,0.20291854441165924,0.06086711585521698,0.2747059762477875
0,3,0.24934075772762299,3,0.2705519199371338,0.16336724162101746,0.19228363037109375,0.14002390205860138,0.24934075772762299,0.053986430168151855,0.200997993350029,0.15865126252174377,0.19489054381847382,0.1305905133485794,0.2705519199371338,0.03920974209904671,0.2061060220003128
0,5,0.22955232858657837,5,0.24383236467838287,0.22506475448608398,0.15339525043964386,0.15000836551189423,0.18944773077964783,0.05253158509731293,0.22955232858657837,0.23783047497272491,0.14658455550670624,0.142510786652565,0.1913459599018097,0.03789582848548889,0.24383236467838287
0,5,0.2680201828479767,5,0.2964191436767578,0.23721294105052948,0.15953710675239563,0.10925740003585815,0.13050325214862823,0.09546917676925659,0.2680201828479767,0.2540760934352875,0.15398791432380676,0.0954858735203743,0.11949696391820908,0.08053407818078995,0.2964191436767578
0,5,0.406624972820282,5,0.46689775586128235,0.1876586228609085,0.0762033686041832,0.08109720796346664,0.23474806547164917,0.01366780512034893,0.406624972820282,0.17590785026550293,0.05638974532485008,0.06099921837449074,0.23336192965507507,0.006443526595830917,0.46689775586128235
0,2,0.26875579357147217,2,0.29577261209487915,0.1567910611629486,0.16481633484363556,0.26875579357147217,0.08137106895446777,0.2415817230939865,0.08668401837348938,0.14980177581310272,0.15954524278640747,0.29577261209487915,0.06545289605855942,0.2585342228412628,0.07089326530694962
0,5,0.28008225560188293,5,0.3097067177295685,0.2106161117553711,0.15936964750289917,0.13699018955230713,0.1768064945936203,0.03613531216979027,0.28008225560188293,0.21611088514328003,0.15199214220046997,0.1255633682012558,0.17327852547168732,0.023348333314061165,0.3097067177295685
0,1,0.3658863604068756,1,0.42475810647010803,0.18028219044208527,0.3658863604068756,0.17433804273605347,0.10521246492862701,0.03711581230163574,0.1371650993824005,0.1738189160823822,0.42475810647010803,0.16661575436592102,0.08807375282049179,0.023638123646378517,0.12309543788433075
0,1,0.4902636408805847,1,0.5832494497299194,0.12928254902362823,0.4902636408805847,0.1552601158618927,0.1277073174715042,0.029314091429114342,0.06817237287759781,0.10841277986764908,0.5832494497299194,0.13660424947738647,0.10674791783094406,0.01665436662733555,0.048331212252378464
0,2,0.2285766899585724,2,0.245965838432312,0.1645234376192093,0.11039511859416962,0.2285766899585724,0.18420611321926117,0.18791452050209045,0.12438413500785828,0.162406325340271,0.098143570125103,0.245965838432312,0.18730758130550385,0.1920802891254425,0.11409634351730347
0,5,0.36239543557167053,5,0.40955331921577454,0.16818833351135254,0.015358338132500648,0.1232278123497963,0.26275739073753357,0.06807269155979156,0.36239543557167053,0.15540051460266113,0.007573182228952646,0.10493545234203339,0.2729281485080719,0.04960939660668373,0.40955331921577454
0,5,0.3163914382457733,5,0.35613715648651123,0.2124628722667694,0.046619486063718796,0.1771465688943863,0.18051670491695404,0.06686293333768845,0.3163914382457733,0.21542726457118988,0.03175096958875656,0.17125214636325836,0.17537517845630646,0.05005725845694542,0.35613715648651123
0,5,0.3567189574241638,5,0.40786677598953247,0.23018722236156464,0.06148405000567436,0.12320325523614883,0.18501031398773193,0.04339618608355522,0.3567189574241638,0.2346164733171463,0.04432179406285286,0.10658016800880432,0.17806477844715118,0.0285500418394804,0.40786677598953247
0,5,0.39278000593185425,5,0.452687531709671,0.22109846770763397,0.02741861343383789,0.12160161882638931,0.18214786052703857,0.05495349317789078,0.39278000593185425,0.2191576212644577,0.01571687124669552,0.10303537547588348,0.171598419547081,0.03780410438776016,0.452687531709671
0,5,0.374794602394104,5,0.4247126877307892,0.18090124428272247,0.026579588651657104,0.12520675361156464,0.2551242411136627,0.03739355877041817,0.374794602394104,0.1693331003189087,0.015042545273900032,0.10641369223594666,0.2613525390625,0.023145465180277824,0.4247126877307892
0,5,0.3589193820953369,5,0.4055928587913513,0.21764305233955383,0.11026675999164581,0.06810147315263748,0.22820203006267548,0.01686728186905384,0.3589193820953369,0.21569371223449707,0.09142373502254486,0.049757618457078934,0.22898679971694946,0.008545193821191788,0.4055928587913513
0,4,0.4370434284210205,4,0.5087456107139587,0.10399486124515533,0.0034150253050029278,0.15608206391334534,0.09826710820198059,0.4370434284210205,0.20119749009609222,0.08306079357862473,0.0011130616767331958,0.13867686688899994,0.07732804864645004,0.5087456107139587,0.19107556343078613
0,5,0.5308247804641724,5,0.6190239787101746,0.1706324815750122,0.004290666896849871,0.08360015600919724,0.17169469594955444,0.03895716741681099,0.5308247804641724,0.1477399319410324,0.0014134757220745087,0.060026947408914566,0.14890186488628387,0.022893859073519707,0.6190239787101746
0,2,0.23922337591648102,2,0.26043930649757385,0.16637541353702545,0.09948514401912689,0.23922337591648102,0.16107125580310822,0.1732533723115921,0.16059137880802155,0.16466917097568512,0.08603709936141968,0.26043930649757385,0.15806995332241058,0.17330880463123322,0.15747569501399994
0,5,0.29219290614128113,5,0.3280658721923828,0.22387383878231049,0.09015914052724838,0.16411027312278748,0.1489863395690918,0.08067748695611954,0.29219290614128113,0.2343943864107132,0.07435644418001175,0.15837779641151428,0.14018066227436066,0.06462489068508148,0.3280658721923828
0,5,0.2976306080818176,5,0.32837599515914917,0.16084274649620056,0.021112507209181786,0.1778516322374344,0.24632303416728973,0.09623944759368896,0.2976306080818176,0.15099747478961945,0.0116340983659029,0.1714273989200592,0.25860631465911865,0.0789586752653122,0.32837599515914917
0,5,0.22907592356204987,5,0.23935948312282562,0.22120486199855804,0.18358361721038818,0.11710797250270844,0.22519131004810333,0.023836443200707436,0.22907592356204987,0.22902442514896393,0.18100029230117798,0.10261348634958267,0.23424695432186127,0.013755306601524353,0.23935948312282562
0,0,0.21349842846393585,0,0.22014355659484863,0.21349842846393585,0.20605888962745667,0.153876394033432,0.20575018227100372,0.02210802026093006,0.19870808720588684,0.22014355659484863,0.2105044275522232,0.1456022709608078,0.21010640263557434,0.012573786079883575,0.20106956362724304
0,3,0.2670342028141022,3,0.29052162170410156,0.17739878594875336,0.20027291774749756,0.13030129671096802,0.2670342028141022,0.0243863333016634,0.20060649514198303,0.17336474359035492,0.20204675197601318,0.11743582040071487,0.29052162170410156,0.0141593674197793,0.20247168838977814
0,5,0.28190991282463074,5,0.3099019527435303,0.19984999299049377,0.1983342468738556,0.12186023592948914,0.1753251552581787,0.022720471024513245,0.28190991282463074,0.20073272287845612,0.19881278276443481,0.10749979317188263,0.17015309631824493,0.012899639084935188,0.3099019527435303
0,5,0.3177378177642822,5,0.34967294335365295,0.155211940407753,0.03515903651714325,0.1772218942642212,0.28054678440093994,0.03412250801920891,0.3177378177642822,0.1415412575006485,0.02171674370765686,0.1673346310853958,0.2988227605819702,0.020911673083901405,0.34967294335365295
0,3,0.3209396302700043,3,0.3576816916465759,0.15250836312770844,0.06460641324520111,0.17144492268562317,0.3209396302700043,0.029463613405823708,0.2610369920730591,0.1398257166147232,0.04728242754936218,0.16208937764167786,0.3576816916465759,0.01754866912961006,0.2755720317363739
0,3,0.22381684184074402,3,0.23236167430877686,0.18483632802963257,0.2187751978635788,0.1493506282567978,0.22381684184074402,0.014760610647499561,0.20846037566661835,0.18249650299549103,0.2257738709449768,0.13943888247013092,0.23236167430877686,0.007508810143917799,0.2124202996492386
0,5,0.3119191527366638,5,0.3481413424015045,0.244197815656662,0.12980420887470245,0.09210570901632309,0.1914328932762146,0.030540142208337784,0.3119191527366638,0.25560256838798523,0.11510749161243439,0.07464616745710373,0.18797528743743896,0.018527083098888397,0.3481413424015045
0,1,0.26307034492492676,1,0.2880890965461731,0.22194597125053406,0.26307034492492676,0.13026461005210876,0.14478209614753723,0.05303522199392319,0.1869017630815506,0.2324516773223877,0.2880890965461731,0.11862976104021072,0.13555701076984406,0.03815381973981857,0.18711864948272705
0,3,0.33684107661247253,3,0.38088831305503845,0.15869122743606567,0.10716506093740463,0.14303293824195862,0.33684107661247253,0.01792725920677185,0.2363424152135849,0.14728672802448273,0.08972834795713425,0.12918420135974884,0.38088831305503845,0.009389633312821388,0.24352282285690308
0,5,0.23646153509616852,5,0.2523512542247772,0.22534720599651337,0.18824298679828644,0.12055273354053497,0.1782059520483017,0.05118962749838829,0.23646153509616852,0.23747143149375916,0.18922479450702667,0.10780936479568481,0.17657853662967682,0.03656456992030144,0.2523512542247772
0,5,0.3647718131542206,5,0.4184349775314331,0.2151709645986557,0.05897064879536629,0.13534748554229736,0.18780608475208282,0.03793303295969963,0.3647718131542206,0.21490426361560822,0.04193780943751335,0.11969812214374542,0.1809971183538437,0.02402770146727562,0.4184349775314331
0,5,0.4295682907104492,5,0.48835375905036926,0.20239920914173126,0.05865706875920296,0.0575372539460659,0.2470998466014862,0.004738346673548222,0.4295682907104492,0.18886956572532654,0.0395500548183918,0.03859930485486984,0.24297621846199036,0.001651056227274239,0.48835375905036926
0,5,0.33012375235557556,5,0.37092453241348267,0.12783917784690857,0.0034429843071848154,0.17254756391048431,0.17646048963069916,0.18958605825901031,0.33012375235557556,0.11198823153972626,0.0011683996999636292,0.16352710127830505,0.1682223081588745,0.1841694861650467,0.37092453241348267
0,3,0.2862568199634552,3,0.31543129682540894,0.1668669432401657,0.11050645262002945,0.14318042993545532,0.2862568199634552,0.03602385148406029,0.2571655809879303,0.15959644317626953,0.09485945105552673,0.13155046105384827,0.31543129682540894,0.023044180124998093,0.27551814913749695
0,4,0.4146859049797058,4,0.48464322090148926,0.1325605809688568,0.01978204771876335,0.1675255447626114,0.08193495869636536,0.4146859049797058,0.18351097404956818,0.11485855281352997,0.010405524633824825,0.15434923768043518,0.06257444620132446,0.48464322090148926,0.1731690764427185
0,3,0.4603053331375122,3,0.5211451053619385,0.12189150601625443,0.03808842599391937,0.07424914836883545,0.4603053331375122,0.0037485600914806128,0.30171704292297363,0.09738200902938843,0.022426079958677292,0.0520850345492363,0.5211451053619385,0.0012012565275654197,0.30576053261756897
0,5,0.2569192051887512,5,0.2765634059906006,0.1786184459924698,0.14934156835079193,0.15570776164531708,0.2365850806236267,0.02282796986401081,0.2569192051887512,0.174784854054451,0.1394311934709549,0.14697590470314026,0.24922418594360352,0.013020471669733524,0.2765634059906006
0,5,0.27216342091560364,5,0.29472556710243225,0.23958127200603485,0.18772104382514954,0.11511526256799698,0.16986598074436188,0.015553046949207783,0.27216342091560364,0.2509063184261322,0.18440644443035126,0.0994657501578331,0.16254770755767822,0.007948260754346848,0.29472556710243225
0,1,0.49004408717155457,1,0.5858338475227356,0.1520308256149292,0.49004408717155457,0.1143694818019867,0.10892100632190704,0.03490806370973587,0.09972647577524185,0.13369238376617432,0.5858338475227356,0.09333626180887222,0.08775868266820908,0.020866230130195618,0.07851267606019974
0,5,0.2743980288505554,5,0.29847079515457153,0.2073429524898529,0.18906259536743164,0.08673842996358871,0.21508996188640594,0.027368083596229553,0.2743980288505554,0.20954711735248566,0.18650105595588684,0.06974325329065323,0.21947868168354034,0.016259068623185158,0.29847079515457153
0,5,0.39109888672828674,5,0.4437457025051117,0.24156828224658966,0.05719451978802681,0.08024819940328598,0.21462377905845642,0.015266329050064087,0.39109888672828674,0.24153894186019897,0.03918679431080818,0.060091134160757065,0.20804110169410706,0.007396367844194174,0.4437457025051117
0,5,0.26500222086906433,5,0.2902756333351135,0.24642345309257507,0.07020451873540878,0.1580018848180771,0.09528816491365433,0.1650797426700592,0.26500222086906433,0.2648260295391083,0.05427105352282524,0.15111170709133148,0.07980901002883911,0.15970663726329803,0.2902756333351135
0,1,0.49412044882774353,1,0.5883527994155884,0.11663005501031876,0.49412044882774353,0.14046692848205566,0.11603201180696487,0.01873263344168663,0.11401782184839249,0.09508298337459564,0.5883527994155884,0.12024208903312683,0.09446791559457779,0.009451763704419136,0.09240252524614334
0,5,0.2772102653980255,5,0.3090636432170868,0.20033331215381622,0.0799003466963768,0.17912141978740692,0.16001664102077484,0.1034180074930191,0.2772102653980255,0.20510803163051605,0.06427443772554398,0.17808376252651215,0.15445086359977722,0.08901925384998322,0.3090636432170868
0,1,0.5259209275245667,1,0.6268168091773987,0.1425057202577591,0.5259209275245667,0.12782840430736542,0.08380167931318283,0.02433793433010578,0.09560535848140717,0.12057708948850632,0.6268168091773987,0.10511741787195206,0.06168618053197861,0.012951902113854885,0.07285052537918091
0,5,0.20704001188278198,5,0.21344411373138428,0.20214276015758514,0.18896222114562988,0.16091783344745636,0.20457401871681213,0.03636309877038002,0.20704001188278198,0.20709064602851868,0.1901928335428238,0.1552807241678238,0.21023985743522644,0.023751836270093918,0.21344411373138428
0,5,0.3541962802410126,5,0.40474745631217957,0.19252027571201324,0.04105362296104431,0.13108521699905396,0.21938036382198334,0.06176431104540825,0.3541962802410126,0.1874774992465973,0.026652639731764793,0.11540663242340088,0.22108153998851776,0.04463415592908859,0.40474745631217957
0,3,0.29267874360084534,3,0.3224479854106903,0.15495677292346954,0.17669673264026642,0.13182133436203003,0.29267874360084534,0.013822214677929878,0.23002418875694275,0.14448313415050507,0.17052771151065826,0.11780597269535065,0.3224479854106903,0.006835819687694311,0.23789939284324646
0,4,0.2918219566345215,4,0.32872262597084045,0.14964939653873444,0.0632733702659607,0.19650261104106903,0.16000990569591522,0.2918219566345215,0.1387428343296051,0.141477569937706,0.047724902629852295,0.1995343565940857,0.15395262837409973,0.32872262597084045,0.1285880208015442
0,1,0.36129480600357056,1,0.4165758490562439,0.2232443392276764,0.36129480600357056,0.14037227630615234,0.09476625174283981,0.036305494606494904,0.1440168023109436,0.2268589437007904,0.4165758490562439,0.12629587948322296,0.07691192626953125,0.022907990962266922,0.13044928014278412
0,2,0.24176335334777832,2,0.2558974027633667,0.1246849074959755,0.021023547276854515,0.24176335334777832,0.18718798458576202,0.2360137552022934,0.18932652473449707,0.1109270453453064,0.011724330484867096,0.2558974027633667,0.1852681040763855,0.24823905527591705,0.18794405460357666
0,5,0.2699383795261383,5,0.29588890075683594,0.19267980754375458,0.16335007548332214,0.15428921580314636,0.18916122615337372,0.030581286177039146,0.2699383795261383,0.19332215189933777,0.15694528818130493,0.14603669941425323,0.18887633085250854,0.018930699676275253,0.29588890075683594
0,5,0.36959195137023926,5,0.42372554540634155,0.18325509130954742,0.015461801551282406,0.12224183976650238,0.21258042752742767,0.09686888754367828,0.36959195137023926,0.17477625608444214,0.007708204910159111,0.1048363447189331,0.2107967734336853,0.07815692573785782,0.42372554540634155
0,5,0.2878189980983734,5,0.31509798765182495,0.19121631979942322,0.0810941755771637,0.11902575939893723,0.27757978439331055,0.0432649627327919,0.2878189980983734,0.18804222345352173,0.06367625296115875,0.10336019843816757,0.30101385712623596,0.028809471055865288,0.31509798765182495
0,5,0.3234194219112396,5,0.36029332876205444,0.18966321647167206,0.0657494068145752,0.10818056017160416,0.2743927836418152,0.038594603538513184,0.3234194219112396,0.1836792230606079,0.048222966492176056,0.09041720628738403,0.29277312755584717,0.024614160880446434,0.36029332876205444
0,5,0.37553948163986206,5,0.4136870205402374,0.1708042174577713,0.022148288786411285,0.08583471179008484,0.3280646800994873,0.017608623951673508,0.37553948163986206,0.1530180722475052,0.011609653942286968,0.06419498473405838,0.34879928827285767,0.008690973743796349,0.4136870205402374
0,1,0.5273798108100891,1,0.6293074488639832,0.15917576849460602,0.5273798108100891,0.08972098678350449,0.07748740166425705,0.03473075106739998,0.11150528490543365,0.13871346414089203,0.6293074488639832,0.06726818531751633,0.05590406805276871,0.02029951475560665,0.08850734680891037
0,5,0.35691696405410767,5,0.40201735496520996,0.1662919521331787,0.010046012699604034,0.15354229509830475,0.2499205768108368,0.06328226625919342,0.35691696405410767,0.15329265594482422,0.004434505943208933,0.1386081576347351,0.2563738226890564,0.04527348279953003,0.40201735496520996
0,5,0.37091121077537537,5,0.42361366748809814,0.20108658075332642,0.09542503952980042,0.08434184640645981,0.22666648030281067,0.02156881056725979,0.37091121077537537,0.19557887315750122,0.07632489502429962,0.06530985981225967,0.22749434411525726,0.011678341776132584,0.42361366748809814
0,5,0.4683781564235687,5,0.5509500503540039,0.1758018583059311,0.00938145536929369,0.1182781308889389,0.14923159778118134,0.07892876863479614,0.4683781564235687,0.15991193056106567,0.003955429885536432,0.09696225821971893,0.13003107905387878,0.05818929895758629,0.5509500503540039
0,1,0.29508334398269653,1,0.33254626393318176,0.15879309177398682,0.29508334398269653,0.1936929076910019,0.17462174594402313,0.06260834634304047,0.11520056426525116,0.15210077166557312,0.33254626393318176,0.1954571008682251,0.17148466408252716,0.046976614743471146,0.10143452882766724
0,3,0.26600900292396545,3,0.29152369499206543,0.16707931458950043,0.09367907047271729,0.15720507502555847,0.26600900292396545,0.06986040621995926,0.2461671531200409,0.16207203269004822,0.07807270437479019,0.15007580816745758,0.29152369499206543,0.05390866845846176,0.264347106218338
0,3,0.2680400311946869,3,0.29193055629730225,0.14314089715480804,0.04265371710062027,0.24629808962345123,0.2680400311946869,0.10421162098646164,0.19565564393997192,0.132240429520607,0.028681425377726555,0.2623625099658966,0.29193055629730225,0.08858279138803482,0.1962023377418518
0,3,0.2432314157485962,3,0.26194244623184204,0.20015108585357666,0.1315854787826538,0.1818092316389084,0.2432314157485962,0.05053045600652695,0.19269223511219025,0.20480066537857056,0.12061196565628052,0.18140007555484772,0.26194244623184204,0.03603128343820572,0.19521363079547882
0,5,0.25479793548583984,5,0.27574312686920166,0.22516903281211853,0.1282852292060852,0.16467641294002533,0.18743695318698883,0.03963451832532883,0.25479793548583984,0.23590190708637238,0.1159561350941658,0.1589292585849762,0.1871454268693924,0.026324141770601273,0.27574312686920166
0,2,0.23659083247184753,2,0.25349435210227966,0.2065502107143402,0.07967190444469452,0.23659083247184753,0.18897995352745056,0.08863573521375656,0.1995713859796524,0.21356169879436493,0.06415855139493942,0.25349435210227966,0.19089007377624512,0.07340184599161148,0.2044934779405594
0,5,0.2989715039730072,5,0.324497252702713,0.18468217551708221,0.05837758257985115,0.15343932807445526,0.28777939081192017,0.016750065609812737,0.2989715039730072,0.17665132880210876,0.04127674549818039,0.13980115950107574,0.30923837423324585,0.008535130880773067,0.324497252702713
0,1,0.4665234088897705,1,0.5490257740020752,0.12493975460529327,0.4665234088897705,0.08784191310405731,0.17443335056304932,0.007783754263073206,0.13847777247428894,0.10406342148780823,0.5490257740020752,0.06670475751161575,0.15858139097690582,0.0031296436209231615,0.11849502474069595
0,3,0.35174593329429626,3,0.38773465156555176,0.13358503580093384,0.018137089908123016,0.1667487770318985,0.35174593329429626,0.024377742782235146,0.3054054379463196,0.11422042548656464,0.009183912537992,0.15111801028251648,0.38773465156555176,0.013339785858988762,0.32440322637557983
0,3,0.2642415165901184,3,0.2863124907016754,0.1491508185863495,0.1957857757806778,0.16014696657657623,0.2642415165901184,0.019596774131059647,0.2110782116651535,0.13909076154232025,0.19608953595161438,0.152158722281456,0.2863124907016754,0.010729816742241383,0.21561866998672485
0,5,0.34050023555755615,5,0.380845844745636,0.1660487949848175,0.03273509442806244,0.14216460287570953,0.2747232913970947,0.04382796585559845,0.34050023555755615,0.1538291871547699,0.019805533811450005,0.12644422054290771,0.2904481291770935,0.028627045452594757,0.380845844745636
1,1,0.33087530732154846,1,0.37141984701156616,0.15589004755020142,0.33087530732154846,0.09414402395486832,0.20726194977760315,0.010476237162947655,0.20135247707366943,0.14363625645637512,0.37141984701156616,0.07599280029535294,0.20578843355178833,0.00475325295701623,0.19840940833091736
1,1,0.6460464596748352,1,0.7529790997505188,0.09084656834602356,0.6460464596748352,0.05248147249221802,0.12383042275905609,0.00201473874039948,0.08478035777807236,0.0632847398519516,0.7529790997505188,0.03165721893310547,0.09356465190649033,0.0005166819901205599,0.057997751981019974
1,5,0.39098745584487915,5,0.4491371810436249,0.19622085988521576,0.04240929335355759,0.09911467134952545,0.22995327413082123,0.04131448641419411,0.39098745584487915,0.18810604512691498,0.02719988115131855,0.07942811399698257,0.22981221973896027,0.026316508650779724,0.4491371810436249
1,1,0.4082657992839813,1,0.4800069332122803,0.1854897290468216,0.4082657992839813,0.09018372744321823,0.11494129151105881,0.03877635300159454,0.16234305500984192,0.17730861902236938,0.4800069332122803,0.07134535163640976,0.09690671414136887,0.02458268031477928,0.1498497575521469
1,1,0.3760274052619934,1,0.4285513460636139,0.14594493806362152,0.3760274052619934,0.0783524289727211,0.23171022534370422,0.0065305233001708984,0.16143454611301422,0.12975670397281647,0.4285513460636139,0.059172123670578,0.23257264494895935,0.002569724339991808,0.14737744629383087
1,3,0.26634418964385986,3,0.2893590033054352,0.16476991772651672,0.05949455127120018,0.18131734430789948,0.26634418964385986,0.07126721739768982,0.25680676102638245,0.15781567990779877,0.04361903667449951,0.17808039486408234,0.2893590033054352,0.05478504300117493,0.27634087204933167
1,1,0.3898354470729828,1,0.4625464379787445,0.13872814178466797,0.3898354470729828,0.16282308101654053,0.10445957630872726,0.09510709345340729,0.10904663056135178,0.12551863491535187,0.4625464379787445,0.1536412537097931,0.08773308992385864,0.07793638855218887,0.09262415766716003
1,5,0.2445911318063736,5,0.26291418075561523,0.17305445671081543,0.08552282303571701,0.18090543150901794,0.24285688996315002,0.0730692446231842,0.2445911318063736,0.16987629234790802,0.06977822631597519,0.17966237664222717,0.26056310534477234,0.057205792516469955,0.26291418075561523
1,1,0.4028317928314209,1,0.46780937910079956,0.17701256275177002,0.4028317928314209,0.08933502435684204,0.1437397003173828,0.011462090536952019,0.17561890184879303,0.16567282378673553,0.46780937910079956,0.06987942010164261,0.1273791491985321,0.0052314200438559055,0.16402791440486908
1,5,0.2510935962200165,5,0.2694500684738159,0.15564237534999847,0.02659681811928749,0.16335974633693695,0.1654481142759323,0.23785938322544098,0.2510935962200165,0.14732417464256287,0.015836477279663086,0.15660493075847626,0.15913647413253784,0.25164783000946045,0.2694500684738159
1,5,0.2619863748550415,5,0.27777817845344543,0.096053346991539,0.0047505698166787624,0.1945963203907013,0.2608564496040344,0.18175694346427917,0.2619863748550415,0.07827071845531464,0.0017588823102414608,0.19084042310714722,0.2762666940689087,0.17508505284786224,0.27777817845344543
1,1,0.3389396071434021,1,0.39357686042785645,0.16853491961956024,0.3389396071434021,0.17896799743175507,0.09380272030830383,0.10371901094913483,0.1160358339548111,0.16292403638362885,0.39357686042785645,0.17575782537460327,0.07775776833295822,0.08827494829893112,0.10170857608318329
1,1,0.6737585067749023,1,0.7859882116317749,0.11495032906532288,0.6737585067749023,0.08634687215089798,0.04662526398897171,0.02754085510969162,0.05077824741601944,0.08431839197874069,0.7859882116317749,0.058756448328495026,0.026990627869963646,0.013886076398193836,0.03006020374596119
1,1,0.37983185052871704,1,0.4453140199184418,0.17958608269691467,0.37983185052871704,0.12299392372369766,0.11239644140005112,0.04867963492870331,0.15651211142539978,0.17297899723052979,0.4453140199184418,0.107268787920475,0.09573601186275482,0.03329071030020714,0.14541146159172058
1,1,0.25883185863494873,1,0.28564926981925964,0.20388872921466827,0.25883185863494873,0.14247409999370575,0.10149934887886047,0.11574049293994904,0.17756547033786774,0.21135887503623962,0.28564926981925964,0.13443835079669952,0.08762143552303314,0.10341734439134598,0.17751473188400269
1,1,0.3279629051685333,1,0.3753923177719116,0.17506465315818787,0.3279629051685333,0.1857852041721344,0.1354784369468689,0.04367123544216156,0.1320374757051468,0.1699533760547638,0.3753923177719116,0.183195561170578,0.12296801805496216,0.029452089220285416,0.11903858929872513
1,5,0.4370763599872589,5,0.5051769018173218,0.20471490919589996,0.0594441220164299,0.0794520452618599,0.2058112472295761,0.013501313515007496,0.4370763599872589,0.19391368329524994,0.04070650041103363,0.05871076136827469,0.1952255517244339,0.006266626995056868,0.5051769018173218
1,5,0.330997496843338,5,0.3630357086658478,0.1842838078737259,0.0990181565284729,0.07312574237585068,0.3050382435321808,0.007536536548286676,0.330997496843338,0.17333287000656128,0.07912760227918625,0.053968921303749084,0.3274707496166229,0.003064158372581005,0.3630357086658478
1,2,0.23395606875419617,2,0.2525309920310974,0.1769910305738449,0.21610301733016968,0.23395606875419617,0.13758976757526398,0.11080681532621384,0.12455330789089203,0.17755652964115143,0.22845272719860077,0.2525309920310974,0.1292043924331665,0.09830814599990845,0.11394724994897842
1,3,0.24293379485607147,3,0.2610071301460266,0.17874009907245636,0.09514743834733963,0.18148541450500488,0.24293379485607147,0.06693225353956223,0.23476094007492065,0.17718268930912018,0.07993786036968231,0.18062499165534973,0.2610071301460266,0.0512755885720253,0.24997173249721527
1,1,0.662554144859314,1,0.772667646408081,0.09971169382333755,0.662554144859314,0.0617913119494915,0.09443935006856918,0.005968804471194744,0.07553473114967346,0.07074952125549316,0.772667646408081,0.03867044672369957,0.06606025993824005,0.002023120177909732,0.04982900619506836
1,2,0.29288724064826965,2,0.3287746012210846,0.12772849202156067,0.17271688580513,0.29288724064826965,0.22754737734794617,0.0743573009967804,0.10476265847682953,0.11532503366470337,0.1687927097082138,0.3287746012210846,0.23905962705612183,0.05825210362672806,0.08979601413011551
1,1,0.4531872868537903,1,0.5373724102973938,0.12319709360599518,0.4531872868537903,0.13060705363750458,0.15391309559345245,0.020747747272253036,0.11834774166345596,0.10379599779844284,0.5373724102973938,0.11173830926418304,0.1374739706516266,0.01095400471240282,0.0986652597784996
1,1,0.3260343670845032,1,0.36114537715911865,0.16307027637958527,0.3260343670845032,0.06302101165056229,0.20721964538097382,0.0081785274669528,0.2324761301279068,0.15060833096504211,0.36114537715911865,0.045355405658483505,0.20380105078220367,0.0034446518402546644,0.23564521968364716
1,1,0.652111291885376,1,0.7601582407951355,0.12600094079971313,0.652111291885376,0.046297620981931686,0.06875939667224884,0.008281059563159943,0.09854961931705475,0.09541938453912735,0.7601582407951355,0.026961157098412514,0.04442017897963524,0.003070083912461996,0.06997095048427582
1,3,0.22814659774303436,3,0.2415158897638321,0.17489713430404663,0.1330263465642929,0.2229229062795639,0.22814659774303436,0.048731692135334015,0.19227536022663116,0.17267462611198425,0.12223678827285767,0.23455630242824554,0.2415158897638321,0.034407153725624084,0.19460934400558472
1,1,0.4574049711227417,1,0.5413751602172852,0.18311330676078796,0.4574049711227417,0.13153426349163055,0.06893875449895859,0.03201589733362198,0.12699270248413086,0.1704525500535965,0.5413751602172852,0.11225992441177368,0.04966314882040024,0.01885998621582985,0.10738924890756607
1,1,0.6913372278213501,1,0.800736129283905,0.11187349259853363,0.6913372278213501,0.05630521476268768,0.05333458632230759,0.01145359966903925,0.07569589465856552,0.08035273104906082,0.800736129283905,0.033774469047784805,0.031540803611278534,0.004524016287177801,0.04907193407416344
2,5,0.23064693808555603,5,0.24732236564159393,0.2198403775691986,0.13751713931560516,0.17675559222698212,0.15187296271324158,0.08336701989173889,0.23064693808555603,0.232785165309906,0.12874971330165863,0.17675243318080902,0.14594337344169617,0.06844694912433624,0.24732236564159393
2,3,0.42117783427238464,3,0.48429521918296814,0.12098367512226105,0.04553861916065216,0.13335701823234558,0.42117783427238464,0.019367190077900887,0.2595756947994232,0.10028470307588577,0.02921132743358612,0.11340160667896271,0.48429521918296814,0.009926957078278065,0.2628801763057709
2,5,0.2868862450122833,5,0.3153698742389679,0.15620410442352295,0.015349196270108223,0.21719352900981903,0.18951237201690674,0.13485457003116608,0.2868862450122833,0.14639705419540405,0.007826334796845913,0.22194555401802063,0.18685393035411835,0.121607206761837,0.3153698742389679
2,3,0.29990825057029724,3,0.32825130224227905,0.13285847008228302,0.025605063885450363,0.17612633109092712,0.29990825057029724,0.07599926739931107,0.28950265049934387,0.11744458973407745,0.01469458919018507,0.16764535009860992,0.32825130224227905,0.05802392587065697,0.3139401972293854
2,3,0.301132470369339,3,0.3316196799278259,0.11221892386674881,0.012495025061070919,0.21626891195774078,0.301132470369339,0.1268802285194397,0.23100441694259644,0.09538333117961884,0.005970588885247707,0.21835210919380188,0.3316196799278259,0.11137609928846359,0.23729807138442993
2,3,0.25920870900154114,3,0.27739620208740234,0.1373833864927292,0.021728700026869774,0.2532203197479248,0.25920870900154114,0.1142304465174675,0.21422834694385529,0.12446444481611252,0.012134205549955368,0.26933085918426514,0.27739620208740234,0.09859690815210342,0.2180774062871933
2,2,0.22515006363391876,2,0.2416299730539322,0.18816432356834412,0.11802337318658829,0.22515006363391876,0.16613641381263733,0.1231694296002388,0.17935635149478912,0.19264964759349823,0.10691791772842407,0.2416299730539322,0.16462986171245575,0.11283620446920395,0.18133637309074402
2,2,0.23862163722515106,2,0.25727683305740356,0.18628977239131927,0.08957331627607346,0.23862163722515106,0.16394923627376556,0.1019255593419075,0.21964044868946075,0.18822161853313446,0.07468309998512268,0.25727683305740356,0.16018933057785034,0.08791176229715347,0.2317172884941101
2,3,0.34434887766838074,3,0.3890005648136139,0.16709376871585846,0.09452883154153824,0.12354658544063568,0.34434887766838074,0.018244288861751556,0.25223761796951294,0.15614104270935059,0.0760696679353714,0.10665543377399445,0.3890005648136139,0.00953511893749237,0.2625981867313385
2,5,0.32358863949775696,5,0.36986619234085083,0.21313819289207458,0.05707148462533951,0.14018994569778442,0.1536051630973816,0.11240652203559875,0.32358863949775696,0.21834152936935425,0.041376546025276184,0.1286633461713791,0.14439664781093597,0.09735573083162308,0.36986619234085083
2,1,0.3896661400794983,1,0.46031898260116577,0.12800030410289764,0.3896661400794983,0.19021278619766235,0.11538984626531601,0.08234255015850067,0.09438838064670563,0.11290819942951202,0.46031898260116577,0.18616138398647308,0.09905216842889786,0.06469517201185226,0.07686405628919601
2,2,0.23398777842521667,2,0.253004789352417,0.15758925676345825,0.09403005987405777,0.23398777842521667,0.15278097987174988,0.19116723537445068,0.17044465243816376,0.15361082553863525,0.08004283159971237,0.253004789352417,0.14771807193756104,0.19602800905704498,0.16959542036056519
2,3,0.297418475151062,3,0.3333742916584015,0.13763506710529327,0.06381580233573914,0.19568584859371185,0.297418475151062,0.08752349019050598,0.2179214209318161,0.12603570520877838,0.0477653406560421,0.19652698934078217,0.3333742916584015,0.07117143273353577,0.2251262217760086
2,5,0.25523942708969116,5,0.2736949622631073,0.17819128930568695,0.17500214278697968,0.12633609771728516,0.24302171170711517,0.02220926806330681,0.25523942708969116,0.17388397455215454,0.16996465623378754,0.11264526098966599,0.25726157426834106,0.012549635022878647,0.2736949622631073
2,1,0.4572572410106659,1,0.5450315475463867,0.12679845094680786,0.4572572410106659,0.1429852992296219,0.11109686642885208,0.032618653029203415,0.12924353778362274,0.10794981569051743,0.5450315475463867,0.12562879920005798,0.09135796129703522,0.019447648897767067,0.11058419942855835
2,1,0.23021148145198822,1,0.24236717820167542,0.16314776241779327,0.23021148145198822,0.2048642337322235,0.2024402916431427,0.024723242968320847,0.17461298406124115,0.15692470967769623,0.24236717820167542,0.20918038487434387,0.20606087148189545,0.014494680799543858,0.17097221314907074
2,4,0.4176992177963257,4,0.48773080110549927,0.10470864176750183,0.014682224951684475,0.20666515827178955,0.13185840845108032,0.4176992177963257,0.12438634783029556,0.08504427224397659,0.007121994160115719,0.20063379406929016,0.11377330869436264,0.48773080110549927,0.10569588094949722
2,1,0.2679153084754944,1,0.29756972193717957,0.20643194019794464,0.2679153084754944,0.146292582154274,0.1502818465232849,0.08247580379247665,0.14660263061523438,0.214122474193573,0.29756972193717957,0.13863371312618256,0.1434229612350464,0.06724654138088226,0.1390046924352646
2,3,0.2921602129936218,3,0.32009613513946533,0.1760423481464386,0.046629611402750015,0.15654681622982025,0.2921602129936218,0.054361630231142044,0.27425938844680786,0.16887050867080688,0.03156616911292076,0.1456153243780136,0.32009613513946533,0.03831196948885918,0.2955400049686432
2,2,0.22744160890579224,2,0.24515162408351898,0.18463300168514252,0.17612111568450928,0.22744160890579224,0.1452949345111847,0.1359245330095291,0.13058476150035858,0.18841421604156494,0.17751607298851013,0.24515162408351898,0.13923637568950653,0.12799818813800812,0.1216835230588913
2,3,0.26645979285240173,3,0.28932350873947144,0.15634700655937195,0.1956777572631836,0.16034437716007233,0.26645979285240173,0.018557708710432053,0.20261339843273163,0.14760176837444305,0.19593499600887299,0.1523815542459488,0.28932350873947144,0.010015773586928844,0.20474229753017426
2,1,0.3331594467163086,1,0.38113248348236084,0.16009247303009033,0.3331594467163086,0.15270249545574188,0.166355699300766,0.02929934486746788,0.15839043259620667,0.1511077880859375,0.38113248348236084,0.14235641062259674,0.15860852599143982,0.01771216094493866,0.14908260107040405
2,1,0.3041608929634094,1,0.34369856119155884,0.16616515815258026,0.3041608929634094,0.19248473644256592,0.15557828545570374,0.04567945376038551,0.13593147695064545,0.1602231115102768,0.34369856119155884,0.19290147721767426,0.1474459171295166,0.031387969851493835,0.12434297800064087
2,5,0.2666517198085785,5,0.2893792390823364,0.2152988165616989,0.16096362471580505,0.135824516415596,0.2001139223575592,0.021147454157471657,0.2666517198085785,0.2208968847990036,0.15301519632339478,0.12349096685647964,0.20141471922397614,0.01180300209671259,0.2893792390823364
2,2,0.25026991963386536,2,0.2754319906234741,0.1490371972322464,0.14788012206554413,0.25026991963386536,0.13378895819187164,0.1961822509765625,0.12284154444932938,0.14316502213478088,0.1417633444070816,0.2754319906234741,0.12492923438549042,0.20254425704479218,0.11216609925031662
2,5,0.2729436755180359,5,0.29950156807899475,0.2017625868320465,0.10830144584178925,0.14130595326423645,0.22915299236774445,0.04653336480259895,0.2729436755180359,0.20451964437961578,0.09324686974287033,0.13045816123485565,0.24017351865768433,0.03210024908185005,0.29950156807899475
2,5,0.3505612015724182,5,0.3944542706012726,0.20377467572689056,0.12369530647993088,0.07258769124746323,0.23744533956050873,0.011935749091207981,0.3505612015724182,0.19886791706085205,0.10589767247438431,0.05403308570384979,0.2412143498659134,0.005532785318791866,0.3944542706012726
2,3,0.4097052216529846,3,0.46574667096138,0.11657918244600296,0.01435934379696846,0.139086052775383,0.4097052216529846,0.040000949054956436,0.28026920557022095,0.09529798477888107,0.006776011548936367,0.11908590793609619,0.46574667096138,0.024697227403521538,0.2883962094783783
2,1,0.2326560914516449,1,0.24715398252010345,0.18126896023750305,0.2326560914516449,0.13817203044891357,0.19495044648647308,0.042304422706365585,0.21064811944961548,0.18035903573036194,0.24715398252010345,0.1280265897512436,0.1977105736732483,0.0287341196089983,0.2180156409740448
2,3,0.35022538900375366,3,0.3882576823234558,0.14927595853805542,0.030650479719042778,0.1439911127090454,0.35022538900375366,0.0238956306129694,0.30196142196655273,0.13230948150157928,0.017932644113898277,0.12642402946949005,0.3882576823234558,0.013096594251692295,0.32197949290275574
2,5,0.30134832859039307,5,0.3381177484989166,0.21435007452964783,0.09193215519189835,0.13431043922901154,0.20191295444965363,0.056145984679460526,0.30134832859039307,0.21994100511074066,0.07554184645414352,0.12190663814544678,0.20395568013191223,0.04053707420825958,0.3381177484989166
2,3,0.2550026476383209,3,0.2757646441459656,0.15790824592113495,0.12729579210281372,0.23646320402622223,0.2550026476383209,0.040472764521837234,0.18285731971263885,0.15058742463588715,0.11472087353467941,0.25070130825042725,0.2757646441459656,0.027003604918718338,0.18122215569019318
2,4,0.28651076555252075,4,0.31298813223838806,0.12565605342388153,0.008711719885468483,0.1640106588602066,0.18060748279094696,0.28651076555252075,0.23450325429439545,0.11057386547327042,0.0038059549406170845,0.1547727733850479,0.17480026185512543,0.31298813223838806,0.2430589199066162
2,3,0.23207715153694153,3,0.24743834137916565,0.17569899559020996,0.1112019419670105,0.18998906016349792,0.23207715153694153,0.06632363796234131,0.22470910847187042,0.17413771152496338,0.09774938970804214,0.19220389425754547,0.24743834137916565,0.05090756714344025,0.2375631183385849
2,3,0.2929360568523407,3,0.32294440269470215,0.10991501063108444,0.04626213014125824,0.2844923138618469,0.2929360568523407,0.10427508503198624,0.16211944818496704,0.09369497001171112,0.03142516314983368,0.31123805046081543,0.32294440269470215,0.087667316198349,0.1530301421880722
2,1,0.3106972873210907,1,0.3505413234233856,0.1322290450334549,0.3106972873210907,0.21828225255012512,0.18825653195381165,0.04884181171655655,0.10169308632612228,0.11923014372587204,0.3505413234233856,0.2244882732629776,0.18623575568199158,0.03391299024224281,0.08559156954288483
2,3,0.31227415800094604,3,0.3462207317352295,0.1407100260257721,0.012060310691595078,0.16393354535102844,0.31227415800094604,0.11305433511734009,0.25796762108802795,0.12656283378601074,0.005693746730685234,0.15348128974437714,0.3462207317352295,0.09601370245218277,0.2720276713371277
2,1,0.9188375473022461,1,0.9681071639060974,0.03156040236353874,0.9188375473022461,0.009850348345935345,0.02081434428691864,0.001072737155482173,0.017864704132080078,0.013730626553297043,0.9681071639060974,0.003157334867864847,0.008118560537695885,0.00019218069792259485,0.006694211158901453
2,5,0.3684183359146118,5,0.41794735193252563,0.2191319316625595,0.10332008451223373,0.07879118621349335,0.21845006942749023,0.01188831776380539,0.3684183359146118,0.21691305935382843,0.08396436274051666,0.05963551253080368,0.21606135368347168,0.00547831691801548,0.41794735193252563
2,5,0.2639634907245636,5,0.29031819105148315,0.1948327124118805,0.055491771548986435,0.17427217960357666,0.13210436701774597,0.17933546006679535,0.2639634907245636,0.19787468016147614,0.04053693264722824,0.17188924551010132,0.12116347998380661,0.17821744084358215,0.29031819105148315
2,2,0.21215084195137024,2,0.22152931988239288,0.1488482654094696,0.055557962507009506,0.21215084195137024,0.20555612444877625,0.17445504665374756,0.20343174040317535,0.14162860810756683,0.0408187098801136,0.22152931988239288,0.21287205815315247,0.17305278778076172,0.21009860932826996
2,5,0.3063566982746124,5,0.33968380093574524,0.18828660249710083,0.08273044228553772,0.12735100090503693,0.2618720233440399,0.033403217792510986,0.3063566982746124,0.18373823165893555,0.06506365537643433,0.11215721815824509,0.2786499857902527,0.02070710062980652,0.33968380093574524
2,2,0.22419564425945282,2,0.23827970027923584,0.14196807146072388,0.08182518184185028,0.22419564425945282,0.21884168684482574,0.1312577724456787,0.20191168785095215,0.1338401734828949,0.06675693392753601,0.23827970027923584,0.2311190664768219,0.12122242897748947,0.20878168940544128
2,5,0.3842037618160248,5,0.44476908445358276,0.2277195006608963,0.04683973267674446,0.11908430606126785,0.1638222187757492,0.058330487459897995,0.3842037618160248,0.2298119068145752,0.031217187643051147,0.10138118267059326,0.15164177119731903,0.04117882624268532,0.44476908445358276
2,2,0.29646456241607666,2,0.3346428871154785,0.1346835494041443,0.09049239754676819,0.29646456241607666,0.12723395228385925,0.23422640562057495,0.11689916998147964,0.12360033392906189,0.07481781393289566,0.3346428871154785,0.11503354460000992,0.24853892624378204,0.10336650162935257
2,1,0.24363809823989868,1,0.2608579099178314,0.21049290895462036,0.24363809823989868,0.1627465784549713,0.16013677418231964,0.032026950269937515,0.190958634018898,0.21688708662986755,0.2608579099178314,0.15674526989459991,0.15357892215251923,0.02013562247157097,0.19179517030715942
2,5,0.25833746790885925,5,0.2750301957130432,0.16491153836250305,0.2160281538963318,0.10556590557098389,0.24329282343387604,0.011864107102155685,0.25833746790885925,0.15606242418289185,0.219443678855896,0.08886738121509552,0.2549678087234497,0.0056284349411726,0.2750301957130432
2,4,0.337385356426239,4,0.3780122697353363,0.09708648920059204,0.008503892458975315,0.25720956921577454,0.14753402769565582,0.337385356426239,0.15228062868118286,0.07845200598239899,0.003627391532063484,0.2683793604373932,0.1330513060092926,0.3780122697353363,0.13847769796848297
2,5,0.2162611186504364,5,0.22903141379356384,0.1745826005935669,0.15747785568237305,0.15814562141895294,0.20569205284118652,0.087840735912323,0.2162611186504364,0.1747925579547882,0.15345889329910278,0.15428082644939423,0.2149931788444519,0.07344313710927963,0.22903141379356384
2,3,0.20833241939544678,3,0.21615484356880188,0.16634446382522583,0.1965051144361496,0.200396329164505,0.20833241939544678,0.04689857363700867,0.1815231293439865,0.16269345581531525,0.20078080892562866,0.20581282675266266,0.21615484356880188,0.03290461376309395,0.1816534847021103
2,3,0.4091738760471344,3,0.47067415714263916,0.12566980719566345,0.03598659113049507,0.20463600754737854,0.4091738760471344,0.0226480420678854,0.2018856704235077,0.1060551330447197,0.021875103935599327,0.19626381993293762,0.47067415714263916,0.01219199039041996,0.19293980300426483
2,5,0.21952730417251587,5,0.2309546172618866,0.18005000054836273,0.13090333342552185,0.19669638574123383,0.21523970365524292,0.057583291083574295,0.21952730417251587,0.17982177436351776,0.12024761736392975,0.201058030128479,0.22527499496936798,0.04264287278056145,0.2309546172618866
2,5,0.26474568247795105,5,0.29271313548088074,0.2175985872745514,0.1207505390048027,0.14466099441051483,0.16699649393558502,0.08524779230356216,0.26474568247795105,0.22851909697055817,0.10865496844053268,0.1364891678094864,0.1636117696762085,0.07001183927059174,0.29271313548088074
2,5,0.3395008444786072,5,0.38341930508613586,0.15628604590892792,0.030723674222826958,0.16262777149677277,0.24585263431072235,0.06500910222530365,0.3395008444786072,0.14399753510951996,0.018473809584975243,0.15141254663467407,0.2551129162311554,0.04758385941386223,0.38341930508613586
2,4,0.4092071056365967,4,0.4785308241844177,0.09911226481199265,0.01793610490858555,0.17547856271266937,0.135503888130188,0.4092071056365967,0.16276203095912933,0.07989539951086044,0.009232903830707073,0.16432811319828033,0.11857208609580994,0.4785308241844177,0.149440735578537
2,5,0.31352367997169495,5,0.3509789705276489,0.20243880152702332,0.04528849944472313,0.1618204265832901,0.2173602283000946,0.05956842750310898,0.31352367997169495,0.20205058157444,0.030516352504491806,0.15229348838329315,0.22102944552898407,0.04313109815120697,0.3509789705276489
2,3,0.25798389315605164,3,0.2766360938549042,0.16989955306053162,0.027305524796247482,0.18680201470851898,0.25798389315605164,0.10164385288953781,0.25636518001556396,0.1632729470729828,0.016242945566773415,0.18403922021389008,0.2766360938549042,0.08536209911108017,0.2744467258453369
2,5,0.2630212604999542,5,0.2876362204551697,0.18077827990055084,0.0366179384291172,0.17974887788295746,0.17492732405662537,0.1649063378572464,0.2630212604999542,0.17917326092720032,0.02387145534157753,0.1778862625360489,0.17188408970832825,0.15954872965812683,0.2876362204551697
2,1,0.5120988488197327,1,0.6078217625617981,0.13457784056663513,0.5120988488197327,0.09549011290073395,0.13463933765888214,0.010987554676830769,0.1122063621878624,0.11249181628227234,0.6078217625617981,0.07294716686010361,0.11255671083927155,0.004759588278830051,0.08942294865846634
3,5,0.3218901455402374,5,0.35722994804382324,0.12688305974006653,0.0038969439920037985,0.14136172831058502,0.14473091065883636,0.261237233877182,0.3218901455402374,0.11029759049415588,0.0013583224499598145,0.1264173835515976,0.13023275136947632,0.274463951587677,0.35722994804382324
3,5,0.3245888650417328,5,0.36596745252609253,0.251725971698761,0.10045795142650604,0.11700288951396942,0.16899368166923523,0.03723056986927986,0.3245888650417328,0.2655031085014343,0.08326346427202225,0.10093433409929276,0.16054865717887878,0.023782942444086075,0.36596745252609253
3,3,0.3419446349143982,3,0.37679871916770935,0.16235455870628357,0.06485615670681,0.10868509113788605,0.3419446349143982,0.008796708658337593,0.31336283683776855,0.14714424312114716,0.046203143894672394,0.08865818381309509,0.37679871916770935,0.0037102135829627514,0.33748549222946167
3,5,0.28566601872444153,5,0.31433942914009094,0.18134836852550507,0.07501430809497833,0.16654257476329803,0.24644142389297485,0.044987328350543976,0.28566601872444153,0.1771235316991806,0.058119453489780426,0.15906815230846405,0.2608700394630432,0.030479440465569496,0.31433942914009094
3,5,0.38075584173202515,5,0.4310779571533203,0.18193982541561127,0.04835886508226395,0.10238151252269745,0.2664709687232971,0.020092982798814774,0.38075584173202515,0.16970300674438477,0.03186073899269104,0.0821235179901123,0.27472132444381714,0.010513500310480595,0.4310779571533203
3,3,0.35238054394721985,3,0.3941446840763092,0.15293027460575104,0.03438859060406685,0.1579178273677826,0.35238054394721985,0.02643240988254547,0.2759503722190857,0.13741138577461243,0.020888449624180794,0.14309264719486237,0.3941446840763092,0.014984611421823502,0.28947824239730835
3,3,0.3810868561267853,3,0.42969298362731934,0.14782071113586426,0.044112931936979294,0.12142238020896912,0.3810868561267853,0.017438827082514763,0.2881183326244354,0.13000476360321045,0.028248827904462814,0.10141602903604507,0.42969298362731934,0.008753938600420952,0.3018835186958313
3,5,0.4128318727016449,5,0.47276681661605835,0.18770551681518555,0.0313866063952446,0.09022271633148193,0.24650385975837708,0.03134940564632416,0.4128318727016449,0.17480024695396423,0.018281716853380203,0.06932734698057175,0.24656961858272552,0.018254365772008896,0.47276681661605835
3,5,0.2955985367298126,5,0.32897424697875977,0.1818082332611084,0.05649394169449806,0.16123443841934204,0.2339407205581665,0.07092418521642685,0.2955985367298126,0.1781105250120163,0.040728192776441574,0.15305574238300323,0.24485525488853455,0.054276008158922195,0.32897424697875977
3,4,0.37411049008369446,4,0.43131333589553833,0.13477377593517303,0.02340071089565754,0.18462921679019928,0.08414120972156525,0.37411049008369446,0.19894453883171082,0.11886785179376602,0.013037278316915035,0.1768578439950943,0.06558243185281754,0.43131333589553833,0.1943412572145462
3,3,0.29946014285087585,3,0.33216527104377747,0.09822806715965271,0.02572440542280674,0.1971808671951294,0.29946014285087585,0.22526034712791443,0.15414609014987946,0.08132721483707428,0.014985607005655766,0.19600462913513184,0.33216527104377747,0.231876403093338,0.1436408907175064
3,1,0.396808385848999,1,0.4579067826271057,0.20146170258522034,0.396808385848999,0.08712571859359741,0.114190012216568,0.011119721457362175,0.18929444253444672,0.1946030706167221,0.4579067826271057,0.06754422932863235,0.09503723680973053,0.00502298679202795,0.17988568544387817
3,5,0.4086577594280243,5,0.4650958478450775,0.19199033081531525,0.0329769141972065,0.09955539554357529,0.24949166178703308,0.01732790470123291,0.4086577594280243,0.17921863496303558,0.0193901676684618,0.07822337746620178,0.24946613609790802,0.008605859242379665,0.4650958478450775
3,3,0.2444128841161728,3,0.2640358507633209,0.17574934661388397,0.07370145618915558,0.18788771331310272,0.2444128841161728,0.1001884788274765,0.21806012094020844,0.17412172257900238,0.05813152715563774,0.18943822383880615,0.2640358507633209,0.085652194917202,0.2286204695701599
3,1,0.5803238749504089,1,0.6776861548423767,0.1623687893152237,0.5803238749504089,0.03321867436170578,0.08399508893489838,0.005201605148613453,0.13489209115505219,0.13574545085430145,0.6776861548423767,0.018314694985747337,0.05907084047794342,0.001763118663802743,0.10741975903511047
3,3,0.2961297035217285,3,0.33119186758995056,0.1429128646850586,0.06365512311458588,0.2039703130722046,0.2961297035217285,0.08009833097457886,0.21323369443416595,0.13202370703220367,0.0475618951022625,0.20686298608779907,0.33119186758995056,0.06356694549322128,0.21879255771636963
3,3,0.42916691303253174,3,0.5052782893180847,0.12930560111999512,0.11373969912528992,0.14060281217098236,0.42916691303253174,0.017408747225999832,0.16977617144584656,0.11112809926271439,0.09451553225517273,0.12352213263511658,0.5052782893180847,0.008840727619826794,0.1567152440547943
3,5,0.4382692873477936,5,0.4875512421131134,0.12438762933015823,0.006402849219739437,0.07037284225225449,0.3371763229370117,0.023391051217913628,0.4382692873477936,0.09943719208240509,0.002350198570638895,0.04844772070646286,0.35015183687210083,0.012061772868037224,0.4875512421131134
3,5,0.36359474062919617,5,0.40189069509506226,0.18881049752235413,0.030855029821395874,0.0902111753821373,0.30805543065071106,0.01847314089536667,0.36359474062919617,0.17573076486587524,0.017854180186986923,0.06917070597410202,0.3260103762149811,0.00934334471821785,0.40189069509506226
3,1,0.41523444652557373,1,0.49012723565101624,0.14058899879455566,0.41523444652557373,0.17197276651859283,0.12381583452224731,0.03257593512535095,0.11581200361251831,0.12490002810955048,0.49012723565101624,0.1610758900642395,0.10639249533414841,0.019719144329428673,0.0977853313088417
3,5,0.3064962327480316,5,0.3362753987312317,0.18037231266498566,0.05803924426436424,0.13165822625160217,0.29092085361480713,0.03251311555504799,0.3064962327480316,0.17219769954681396,0.04115048795938492,0.11572673171758652,0.31484881043434143,0.019800793379545212,0.3362753987312317
3,3,0.2753770351409912,3,0.30191630125045776,0.1843511015176773,0.13204319775104523,0.13342027366161346,0.2753770351409912,0.03509312868118286,0.23971523344516754,0.18191896378993988,0.11937760561704636,0.12095138430595398,0.30191630125045776,0.02240968681871891,0.25342607498168945
3,3,0.3868767023086548,3,0.43876785039901733,0.1244950145483017,0.03444710373878479,0.11944624781608582,0.3868767023086548,0.040215201675891876,0.2945197522640228,0.10486174374818802,0.020711658522486687,0.09952227771282196,0.43876785039901733,0.025182191282510757,0.31095433235168457
3,1,0.28101739287376404,1,0.3035811185836792,0.15163631737232208,0.28101739287376404,0.09748763591051102,0.27330052852630615,0.01200101338326931,0.18455708026885986,0.13933096826076508,0.3035811185836792,0.0797731950879097,0.29309555888175964,0.0056681036949157715,0.17855112254619598
3,1,0.44002699851989746,1,0.5237970352172852,0.17245988547801971,0.44002699851989746,0.15119227766990662,0.07513373345136642,0.06802729517221451,0.0931597426533699,0.16056153178215027,0.5237970352172852,0.13598351180553436,0.056248489767313004,0.04961777105927467,0.0737917572259903
3,5,0.3381063938140869,5,0.3781528174877167,0.16821782290935516,0.04196322709321976,0.12948192656040192,0.2801046669483185,0.04212598130106926,0.3381063938140869,0.15665341913700104,0.02714725397527218,0.11257841438055038,0.29818782210350037,0.02728024311363697,0.3781528174877167
3,3,0.35362765192985535,3,0.4036524295806885,0.14092814922332764,0.09828981012105942,0.14945775270462036,0.35362765192985535,0.02248118817806244,0.23521541059017181,0.12636564671993256,0.08018285036087036,0.1360960751771927,0.4036524295806885,0.012453564442694187,0.24124939739704132
3,5,0.2151666134595871,5,0.22864674031734467,0.18542005121707916,0.1125001385807991,0.1804383099079132,0.15276743471622467,0.15370747447013855,0.2151666134595871,0.189492866396904,0.1008448451757431,0.1830887347459793,0.148386612534523,0.14954020082950592,0.22864674031734467
3,5,0.36764082312583923,5,0.4206005036830902,0.2064422219991684,0.04202818125486374,0.11268587410449982,0.21940560638904572,0.051797255873680115,0.36764082312583923,0.20299610495567322,0.02721845544874668,0.0945308655500412,0.21921810507774353,0.03543595224618912,0.4206005036830902
3,5,0.32192468643188477,5,0.3552144765853882,0.16032302379608154,0.0309904832392931,0.13819044828414917,0.2985033690929413,0.050068002194166183,0.32192468643188477,0.14733201265335083,0.018503647297620773,0.12213820964097977,0.3229077458381653,0.033903904259204865,0.3552144765853882
3,3,0.3591998219490051,3,0.4020879566669464,0.1722659021615982,0.04550142586231232,0.11785733699798584,0.3591998219490051,0.02026108279824257,0.284914493560791,0.1590200513601303,0.029619738459587097,0.09848251938819885,0.4020879566669464,0.01066672895103693,0.300123006105423
3,5,0.35279354453086853,5,0.3892762064933777,0.16267453134059906,0.017052190378308296,0.12594883143901825,0.310899943113327,0.030630888417363167,0.35279354453086853,0.1465032547712326,0.008497764356434345,0.10606345534324646,0.3318590819835663,0.01780024729669094,0.3892762064933777
3,5,0.5009106397628784,5,0.5749046802520752,0.1789582222700119,0.014143342152237892,0.06935781240463257,0.22540578246116638,0.011224237270653248,0.5009106397628784,0.15678517520427704,0.006366780027747154,0.04738510400056839,0.20980292558670044,0.004755364265292883,0.5749046802520752
3,3,0.43840715289115906,3,0.5081813335418701,0.10363487899303436,0.03156156465411186,0.20829594135284424,0.43840715289115906,0.028372325003147125,0.18972808122634888,0.08228201419115067,0.018343526870012283,0.19862055778503418,0.5081813335418701,0.016035445034503937,0.1765371412038803
3,5,0.3043394386768341,5,0.3435722887516022,0.22460676729679108,0.07906470447778702,0.13541778922080994,0.1748218834400177,0.0817493423819542,0.3043394386768341,0.23413516581058502,0.06266959011554718,0.12361299991607666,0.17064224183559418,0.0653676986694336,0.3435722887516022
3,3,0.3296829164028168,3,0.37309175729751587,0.1344423145055771,0.11011173576116562,0.1562831997871399,0.3296829164028168,0.029097385704517365,0.24038246273994446,0.12023909389972687,0.09345339983701706,0.14540348947048187,0.37309175729751587,0.017416872084140778,0.25039538741111755
3,5,0.2877920866012573,5,0.3122268617153168,0.24488191306591034,0.2251053899526596,0.09547938406467438,0.1368563026189804,0.009884938597679138,0.2877920866012573,0.2546537518501282,0.228972926735878,0.07754980027675629,0.12216845154762268,0.004428189713507891,0.3122268617153168
3,5,0.3318895995616913,5,0.3671381175518036,0.17798174917697906,0.04362734034657478,0.13106952607631683,0.2895714044570923,0.025860384106636047,0.3318895995616913,0.16718941926956177,0.028338951990008354,0.1136246994137764,0.30906450748443604,0.014644315466284752,0.3671381175518036
4,5,0.254928857088089,5,0.2755711078643799,0.1876753717660904,0.040499452501535416,0.18783888220787048,0.21839529275894165,0.11066220700740814,0.254928857088089,0.18720760941505432,0.02701699547469616,0.1874135136604309,0.22669029235839844,0.09610045701265335,0.2755711078643799
4,2,0.2214834839105606,2,0.23470118641853333,0.19030167162418365,0.17470978200435638,0.2214834839105606,0.14374978840351105,0.06780176609754562,0.20195353031158447,0.19378788769245148,0.1739644706249237,0.23470118641853333,0.13599567115306854,0.05266592651605606,0.2088848352432251
4,5,0.23219096660614014,5,0.2417098432779312,0.12105529755353928,0.009996523149311543,0.21994909644126892,0.20611609518527985,0.21069204807281494,0.23219096660614014,0.10622288286685944,0.004559315275400877,0.22573526203632355,0.2079637050628662,0.21380893886089325,0.2417098432779312
4,2,0.2935154139995575,2,0.3253612220287323,0.13995617628097534,0.033013321459293365,0.2935154139995575,0.12251728028059006,0.25088179111480713,0.16011612117290497,0.12774328887462616,0.020627615973353386,0.3253612220287323,0.10798905044794083,0.26688262820243835,0.15139615535736084
4,1,0.387892484664917,1,0.45358866453170776,0.14325228333473206,0.387892484664917,0.15281884372234344,0.1530710756778717,0.025061219930648804,0.13790421187877655,0.1289876103401184,0.45358866453170776,0.13995535671710968,0.14024703204631805,0.01428260374814272,0.12293867766857147
4,5,0.32047298550605774,5,0.3619430363178253,0.20313498377799988,0.0888858214020729,0.14117814600467682,0.20729893445968628,0.039029110223054886,0.32047298550605774,0.20355522632598877,0.07170529663562775,0.12858958542346954,0.2088366597890854,0.02537023089826107,0.3619430363178253
4,4,0.3760106563568115,4,0.43197906017303467,0.10710487514734268,0.007111238315701485,0.16436076164245605,0.1479552984237671,0.3760106563568115,0.1974572241306305,0.08850685507059097,0.002884529996663332,0.15197211503982544,0.13308048248291016,0.43197906017303467,0.19157692790031433
4,5,0.3846210539340973,5,0.4386080503463745,0.19756631553173065,0.03322358801960945,0.12455609440803528,0.22982074320316315,0.030212199315428734,0.3846210539340973,0.18916776776313782,0.019926700741052628,0.10566558688879013,0.22895753383636475,0.017674393951892853,0.4386080503463745
4,3,0.36824947595596313,3,0.422082781791687,0.13880552351474762,0.08340167254209518,0.15932253003120422,0.36824947595596313,0.02087215520441532,0.22934867441654205,0.12316469848155975,0.0647454559803009,0.14657671749591827,0.422082781791687,0.011265677399933338,0.2321646809577942
4,3,0.4042108654975891,3,0.4645792245864868,0.10530789941549301,0.023244883865118027,0.16461898386478424,0.4042108654975891,0.05368543043732643,0.24893201887607574,0.08504507690668106,0.0126288877800107,0.14947663247585297,0.4645792245864868,0.036330696195364,0.2519395053386688
4,5,0.2995694875717163,5,0.3347177505493164,0.17417064309120178,0.038788583129644394,0.14514003694057465,0.23107625544071198,0.1112549901008606,0.2995694875717163,0.16879582405090332,0.025348568335175514,0.13409030437469482,0.24118824303150177,0.09585929661989212,0.3347177505493164
4,4,0.29999062418937683,4,0.3384881615638733,0.13328269124031067,0.12543471157550812,0.24506521224975586,0.09651540964841843,0.29999062418937683,0.09971131384372711,0.121553435921669,0.1125890389084816,0.2622251808643341,0.08087451010942459,0.3384881615638733,0.0842696875333786
4,1,0.7260202169418335,1,0.8337212204933167,0.08726440370082855,0.7260202169418335,0.057579945772886276,0.05637575313448906,0.009860577061772346,0.06289920210838318,0.057477571070194244,0.8337212204933167,0.03400612249970436,0.03311082348227501,0.0036653466522693634,0.03801887854933739
4,4,0.554965615272522,4,0.6559970378875732,0.0776890441775322,0.005580555181950331,0.13038288056850433,0.09996739774942398,0.554965615272522,0.13141454756259918,0.05482201278209686,0.001973345410078764,0.10539326816797256,0.0753672793507576,0.6559970378875732,0.10644707828760147
4,4,0.4541959762573242,4,0.5294793844223022,0.08910530060529709,0.002746246987953782,0.14468100666999817,0.10216012597084045,0.4541959762573242,0.2071113884449005,0.06775224208831787,0.0008380568469874561,0.12492889910936356,0.08051569759845734,0.5294793844223022,0.19648566842079163
4,4,0.27443960309028625,4,0.29593831300735474,0.10759277641773224,0.0102739492431283,0.16105031967163086,0.19344158470630646,0.27443960309028625,0.2532016932964325,0.09074873477220535,0.004679118283092976,0.15100139379501343,0.19030527770519257,0.29593831300735474,0.267327219247818
4,5,0.2984343469142914,5,0.3342078924179077,0.2503809332847595,0.06253725290298462,0.16240300238132477,0.11870644986629486,0.10753799974918365,0.2984343469142914,0.26777127385139465,0.046476420015096664,0.15503476560115814,0.10437473654747009,0.09213488548994064,0.3342078924179077
4,4,0.748678982257843,4,0.8504419326782227,0.049171388149261475,0.009108733385801315,0.10529232025146484,0.03830301761627197,0.748678982257843,0.04944555088877678,0.027339182794094086,0.003253931412473321,0.07148777693510056,0.01994546689093113,0.8504419326782227,0.027531752362847328
4,4,0.5984832644462585,4,0.7040408849716187,0.08768448233604431,0.02980830892920494,0.17435039579868317,0.045066457241773605,0.5984832644462585,0.06460706889629364,0.06231849268078804,0.015962032601237297,0.14840039610862732,0.026897016912698746,0.7040408849716187,0.04238114133477211
4,4,0.4910636246204376,4,0.581096887588501,0.10998228192329407,0.015001130290329456,0.15752997994422913,0.0762702003121376,0.4910636246204376,0.15015274286270142,0.08789021521806717,0.007107854820787907,0.13833169639110565,0.05536867305636406,0.581096887588501,0.1302046775817871
5,5,0.35102033615112305,5,0.3892391324043274,0.22306817770004272,0.07658035308122635,0.07162923365831375,0.26902449131011963,0.008677464909851551,0.35102033615112305,0.2196151614189148,0.056953150779008865,0.05234496667981148,0.2782028615474701,0.0036447050515562296,0.3892391324043274
5,3,0.3295775055885315,3,0.3669571876525879,0.17277228832244873,0.09136562794446945,0.11204921454191208,0.3295775055885315,0.01653602160513401,0.27769935131073,0.16238321363925934,0.07265307009220123,0.09400106966495514,0.3669571876525879,0.0083971181884408,0.29560840129852295
5,5,0.3343288004398346,5,0.3651305139064789,0.16417236626148224,0.05979383736848831,0.09661619365215302,0.3323843777179718,0.012704383581876755,0.3343288004398346,0.14877665042877197,0.04157226160168648,0.07618572562932968,0.36245182156562805,0.005883055739104748,0.3651305139064789
5,5,0.3095637857913971,5,0.348934531211853,0.2230515033006668,0.08605518192052841,0.18135707080364227,0.14518672227859497,0.054785724729299545,0.3095637857913971,0.23070219159126282,0.06932651996612549,0.1776648759841919,0.1341673731803894,0.03920452296733856,0.348934531211853
5,5,0.36022451519966125,5,0.40866944193840027,0.19435632228851318,0.07356464117765427,0.1124759167432785,0.23966020345687866,0.019718410447239876,0.36022451519966125,0.1875377595424652,0.055011942982673645,0.0940212681889534,0.24432113766670227,0.010438460856676102,0.40866944193840027
5,5,0.3042421340942383,5,0.3388453423976898,0.20035363733768463,0.18038074672222137,0.12442386150360107,0.17479506134986877,0.01580451987683773,0.3042421340942383,0.19997672736644745,0.17514848709106445,0.10959809273481369,0.16832983493804932,0.008101467043161392,0.3388453423976898
5,5,0.28678759932518005,5,0.31483194231987,0.16342443227767944,0.010633803904056549,0.17276938259601593,0.15115459263324738,0.21523025631904602,0.28678759932518005,0.15479356050491333,0.004917987156659365,0.1660500019788742,0.14026974141597748,0.2191368043422699,0.31483194231987
5,5,0.43471965193748474,5,0.49770399928092957,0.18076924979686737,0.02763505093753338,0.09313976019620895,0.2460504025220871,0.01768580451607704,0.43471965193748474,0.16439956426620483,0.015354277566075325,0.0711788609623909,0.24262280762195587,0.00874051358550787,0.49770399928092957
5,5,0.2552398443222046,5,0.2773551344871521,0.16387934982776642,0.038342688232660294,0.16997407376766205,0.1828184425830841,0.18974557518959045,0.2552398443222046,0.15853506326675415,0.02533779852092266,0.1660139411687851,0.18200473487377167,0.1907532811164856,0.2773551344871521
5,3,0.2610270082950592,3,0.28168198466300964,0.18349651992321014,0.20939002931118011,0.11994659155607224,0.2610270082950592,0.02193210832774639,0.20420770347118378,0.18052755296230316,0.21326176822185516,0.10555027425289154,0.28168198466300964,0.012357938103377819,0.20662051439285278
5,5,0.38564419746398926,5,0.43506887555122375,0.16724969446659088,0.02611279860138893,0.10283010452985764,0.2853258550167084,0.0328374020755291,0.38564419746398926,0.15154534578323364,0.014535332098603249,0.0820111408829689,0.2974282503128052,0.019411109387874603,0.43506887555122375
5,3,0.22879722714424133,3,0.24514053761959076,0.169712096452713,0.10928981751203537,0.1629151701927185,0.22879722714424133,0.10567635297775269,0.2236093133687973,0.16812707483768463,0.09646210819482803,0.1596720814704895,0.24514053761959076,0.09245356917381287,0.238144651055336
5,5,0.3238924443721771,5,0.3676716089248657,0.23588421940803528,0.1151118203997612,0.11880633234977722,0.16049529612064362,0.045809827744960785,0.3238924443721771,0.24639342725276947,0.09960949420928955,0.10366211831569672,0.1515355408191681,0.031127816066145897,0.3676716089248657
5,5,0.29974284768104553,5,0.33891624212265015,0.22588449716567993,0.0797848105430603,0.116244375705719,0.15183991193771362,0.126503586769104,0.29974284768104553,0.23713430762290955,0.06374486535787582,0.10251372307538986,0.14362654089927673,0.11406435817480087,0.33891624212265015
5,5,0.3829324245452881,5,0.44359251856803894,0.2453513741493225,0.05051470920443535,0.11452257633209229,0.13512711226940155,0.07155191153287888,0.3829324245452881,0.2528863251209259,0.034393057227134705,0.09665181487798691,0.11910036206245422,0.05337594076991081,0.44359251856803894
5,5,0.3008616268634796,5,0.33066314458847046,0.1569032222032547,0.02156243287026882,0.18645240366458893,0.259562224149704,0.07465804368257523,0.3008616268634796,0.14536818861961365,0.011868296191096306,0.18074509501457214,0.2744326591491699,0.056922607123851776,0.33066314458847046
5,3,0.24004629254341125,3,0.25674477219581604,0.17678402364253998,0.1286129206418991,0.17651475965976715,0.24004629254341125,0.04615302011370659,0.23188899457454681,0.1744990348815918,0.11678466200828552,0.1741635948419571,0.25674477219581604,0.03202756494283676,0.24578039348125458
5,5,0.2613697350025177,5,0.2865176498889923,0.19761590659618378,0.08719051629304886,0.16147051751613617,0.2116767019033432,0.08067663013935089,0.2613697350025177,0.2013063132762909,0.07165893167257309,0.155995175242424,0.2195536196231842,0.06496825814247131,0.2865176498889923
5,5,0.20007659494876862,5,0.20781934261322021,0.17986911535263062,0.09668375551700592,0.19858673214912415,0.1959688514471054,0.12881502509117126,0.20007659494876862,0.1816830039024353,0.08298031240701675,0.2058676928281784,0.20244774222373962,0.11920183897018433,0.20781934261322021
5,1,0.23475733399391174,1,0.25268271565437317,0.19981732964515686,0.23475733399391174,0.13740921020507812,0.14371304214000702,0.08111485093832016,0.2031882256269455,0.20617081224918365,0.25268271565437317,0.12851203978061676,0.13599884510040283,0.06606438010931015,0.21057112514972687
5,3,0.3755165934562683,3,0.4192871153354645,0.0981612429022789,0.007186800707131624,0.17616185545921326,0.3755165934562683,0.04973076656460762,0.29324281215667725,0.07707994431257248,0.0028420996386557817,0.16126799583435059,0.4192871153354645,0.032669637352228165,0.30685314536094666
5,4,0.255269318819046,4,0.2780531942844391,0.2176753282546997,0.0695248618721962,0.14452040195465088,0.10592815279960632,0.255269318819046,0.2070818543434143,0.22739721834659576,0.053835246711969376,0.13559214770793915,0.09160477668046951,0.2780531942844391,0.21351733803749084
5,3,0.33672791719436646,3,0.3718632459640503,0.16092218458652496,0.06049599498510361,0.10660505294799805,0.33672791719436646,0.020891627296805382,0.3143572509288788,0.14641554653644562,0.042581312358379364,0.08706168085336685,0.3718632459640503,0.011125345714390278,0.34095290303230286
5,5,0.3858034014701843,5,0.4407406449317932,0.22019143402576447,0.11123102158308029,0.07671463489532471,0.19780078530311584,0.008258765563368797,0.3858034014701843,0.21712647378444672,0.09169077128171921,0.057364728301763535,0.18963615596294403,0.003441247623413801,0.4407406449317932
5,5,0.39051514863967896,5,0.4492185711860657,0.16828009486198425,0.017973167821764946,0.12706413865089417,0.22840435802936554,0.06776309013366699,0.39051514863967896,0.15521304309368134,0.009218291379511356,0.10886961221694946,0.22824914753437042,0.049231335520744324,0.4492185711860657
5,5,0.3192281424999237,5,0.34845465421676636,0.11869075894355774,0.009378391318023205,0.17252673208713531,0.31009477376937866,0.07008125633001328,0.3192281424999237,0.09993673861026764,0.0040572104044258595,0.1602448672056198,0.3359169363975525,0.05138963833451271,0.34845465421676636
5,3,0.3142737150192261,3,0.35160160064697266,0.16324585676193237,0.17352992296218872,0.11387701332569122,0.3142737150192261,0.01645425334572792,0.21861925721168518,0.15379749238491058,0.16612796485424042,0.09761277586221695,0.35160160064697266,0.008490151725709438,0.22237007319927216
5,3,0.34547242522239685,3,0.38551393151283264,0.08899430930614471,0.0033169761300086975,0.17217998206615448,0.34547242522239685,0.12067954987287521,0.2693568468093872,0.06957269459962845,0.0010939311468973756,0.1600516438484192,0.38551393151283264,0.10219142585992813,0.28157636523246765
5,2,0.2808282673358917,2,0.31676268577575684,0.13982658088207245,0.11722468584775925,0.2808282673358917,0.18215522170066833,0.15120814740657806,0.128757044672966,0.13134799897670746,0.10513875633478165,0.31676268577575684,0.18340417742729187,0.1449858695268631,0.11836053431034088
5,3,0.3419816493988037,3,0.39135241508483887,0.12094368785619736,0.04926804080605507,0.21696369349956512,0.3419816493988037,0.08375885337591171,0.18708409368991852,0.10536802560091019,0.03391262888908386,0.22034518420696259,0.39135241508483887,0.06626655161380768,0.18275518715381622
5,3,0.26410046219825745,3,0.287304162979126,0.1479041576385498,0.02795548550784588,0.16057731211185455,0.26410046219825745,0.18289709091186523,0.21656548976898193,0.13819457590579987,0.016871299594640732,0.15330715477466583,0.287304162979126,0.1806820183992386,0.22364072501659393
5,5,0.3888907730579376,5,0.4309571385383606,0.14188022911548615,0.013864422217011452,0.11156462877988815,0.32480624318122864,0.01899372972548008,0.3888907730579376,0.12067975103855133,0.006406397093087435,0.08909404277801514,0.3433305621147156,0.009532148949801922,0.4309571385383606
5,1,0.23575325310230255,1,0.25021085143089294,0.14643239974975586,0.23575325310230255,0.1891658455133438,0.2208179533481598,0.03231673687696457,0.1755138784646988,0.13715822994709015,0.25021085143089294,0.18949797749519348,0.2303696870803833,0.020362989977002144,0.17240029573440552
5,2,0.21281826496124268,2,0.22403961420059204,0.18489965796470642,0.0812307745218277,0.21281826496124268,0.1405125856399536,0.17762689292430878,0.2029118686914444,0.18759801983833313,0.0664185881614685,0.22403961420059204,0.13265609741210938,0.1783316433429718,0.21095600724220276
5,3,0.3186819553375244,3,0.3540886640548706,0.11580102145671844,0.010080551728606224,0.20287153124809265,0.3186819553375244,0.11353479325771332,0.23903021216392517,0.09865443408489227,0.004526006523519754,0.20022353529930115,0.3540886640548706,0.09622353315353394,0.2462838739156723
5,3,0.31893181800842285,3,0.3535217046737671,0.16017091274261475,0.06862010061740875,0.1454944908618927,0.31893181800842285,0.025579875335097313,0.2812027931213379,0.14819136261940002,0.05082802474498749,0.13126082718372345,0.3535217046737671,0.01462548691779375,0.3015725910663605
5,5,0.3973385989665985,5,0.4436725676059723,0.16150106489658356,0.018536346033215523,0.09007301926612854,0.3105282485485077,0.022022664546966553,0.3973385989665985,0.14239469170570374,0.009261339902877808,0.06813664734363556,0.32502254843711853,0.01151216123253107,0.4436725676059723
5,5,0.3910885155200958,5,0.4520188868045807,0.17477652430534363,0.01691949926316738,0.1376432478427887,0.20182283222675323,0.07774937897920609,0.3910885155200958,0.16352689266204834,0.008578749373555183,0.12096109986305237,0.19609712064266205,0.05881720781326294,0.4520188868045807
5,5,0.30593517422676086,5,0.3357265591621399,0.14908725023269653,0.05836993828415871,0.1537722796201706,0.29807692766189575,0.03475836291909218,0.30593517422676086,0.13548380136489868,0.04147486761212349,0.14088039100170135,0.32487744092941284,0.021556958556175232,0.3357265591621399
5,5,0.2913000285625458,5,0.32019367814064026,0.1267888993024826,0.00909432116895914,0.18433736264705658,0.20209665596485138,0.18638268113136292,0.2913000285625458,0.11203904449939728,0.004025537986308336,0.1796988695859909,0.20182347297668457,0.1822194755077362,0.32019367814064026
5,5,0.29358550906181335,5,0.32668831944465637,0.26084789633750916,0.13748526573181152,0.12115391343832016,0.13680239021778107,0.05012504756450653,0.29358550906181335,0.2813936173915863,0.12537457048892975,0.10687635093927383,0.1245889738202095,0.03507814183831215,0.32668831944465637
5,5,0.31955522298812866,5,0.35428285598754883,0.17796935141086578,0.02311759442090988,0.14476953446865082,0.26943808794021606,0.06515011936426163,0.31955522298812866,0.16922107338905334,0.012867234647274017,0.13039474189281464,0.28564387559890747,0.047590214759111404,0.35428285598754883
5,5,0.42524346709251404,5,0.48714932799339294,0.1538344770669937,0.006906422320753336,0.11181831359863281,0.25312939286231995,0.049067918211221695,0.42524346709251404,0.13496437668800354,0.0026840728241950274,0.09022550284862518,0.25307899713516235,0.03189772367477417,0.48714932799339294
5,3,0.305703729391098,3,0.3331347703933716,0.11000947654247284,0.007245919201523066,0.1847783625125885,0.305703729391098,0.10075938701629639,0.2915031611919403,0.09168332815170288,0.002958046505227685,0.17644239962100983,0.3331347703933716,0.08206117898225784,0.3137202858924866
5,5,0.36679142713546753,5,0.4040292203426361,0.1912883222103119,0.032557412981987,0.08774822950363159,0.311333030462265,0.010281559079885483,0.36679142713546753,0.17762403190135956,0.01899719052016735,0.06641282141208649,0.32850319147109985,0.004433610942214727,0.4040292203426361
5,5,0.3958183825016022,5,0.4567578434944153,0.22079192101955414,0.12195771187543869,0.07729221135377884,0.16860458254814148,0.015535231679677963,0.3958183825016022,0.21860428154468536,0.10333613306283951,0.05810452252626419,0.15553119778633118,0.007665962912142277,0.4567578434944153
5,5,0.3724122941493988,5,0.4055800139904022,0.14668239653110504,0.014497939497232437,0.0913969948887825,0.35748863220214844,0.017521724104881287,0.3724122941493988,0.12510165572166443,0.006737353280186653,0.06885156035423279,0.38517194986343384,0.008557467721402645,0.4055800139904022
5,5,0.3642030954360962,5,0.4177861511707306,0.1917237937450409,0.11621218919754028,0.09362581372261047,0.21041367948055267,0.023821529000997543,0.3642030954360962,0.18585406243801117,0.09878744184970856,0.07520046085119247,0.2090110331773758,0.01336085144430399,0.4177861511707306
5,3,0.2948209345340729,3,0.32348015904426575,0.14152270555496216,0.02970169298350811,0.16301338374614716,0.2948209345340729,0.08782851696014404,0.2831127941608429,0.12808233499526978,0.017846155911684036,0.15310706198215485,0.32348015904426575,0.07013547420501709,0.30734869837760925
5,5,0.39793363213539124,5,0.4570458233356476,0.14854004979133606,0.00913785956799984,0.14904695749282837,0.22862903773784637,0.06671253591775894,0.39793363213539124,0.13173656165599823,0.0038992033805698156,0.1323043406009674,0.2270561009645462,0.04795793443918228,0.4570458233356476
5,3,0.33748748898506165,3,0.37038275599479675,0.1469096839427948,0.0356421172618866,0.11221902817487717,0.33748748898506165,0.03332970291376114,0.33441200852394104,0.12962031364440918,0.02168727107346058,0.09225627034902573,0.37038275599479675,0.01992642693221569,0.36612701416015625
5,3,0.2762346565723419,3,0.2981133759021759,0.1209452748298645,0.017039379104971886,0.22712579369544983,0.2762346565723419,0.10688608884811401,0.2517688274383545,0.10509508103132248,0.008853882551193237,0.2328440397977829,0.2981133759021759,0.08991534262895584,0.26517829298973083
5,1,0.411532998085022,1,0.48322564363479614,0.1442280411720276,0.411532998085022,0.13593284785747528,0.16479213535785675,0.01947459578514099,0.12403947860002518,0.12862424552440643,0.48322564363479614,0.11935703456401825,0.15219399333000183,0.010270426981151104,0.10632870346307755
5,1,0.34399738907814026,1,0.38660675287246704,0.22859348356723785,0.34399738907814026,0.07751327008008957,0.10991010814905167,0.01736399717628956,0.22262178361415863,0.2307860255241394,0.38660675287246704,0.05892357602715492,0.09156771749258041,0.008914420381188393,0.2232014685869217
5,5,0.2714049518108368,5,0.29512402415275574,0.2337358146905899,0.1705164760351181,0.11403878033161163,0.18673774600028992,0.023566244170069695,0.2714049518108368,0.244391530752182,0.16413195431232452,0.09877326339483261,0.18408295512199402,0.013496315106749535,0.29512402415275574
5,5,0.31654098629951477,5,0.3490142524242401,0.1871650516986847,0.08895047754049301,0.1174607053399086,0.2770152986049652,0.012867484241724014,0.31654098629951477,0.17978912591934204,0.07029443979263306,0.09984931349754333,0.2949298322200775,0.006123010069131851,0.3490142524242401
5,2,0.24385569989681244,2,0.2650231719017029,0.17880864441394806,0.07386413216590881,0.24385569989681244,0.14629048109054565,0.16401375830173492,0.19316723942756653,0.1791374534368515,0.058680351823568344,0.2650231719017029,0.13904082775115967,0.160633847117424,0.19748429954051971
5,5,0.3364064395427704,5,0.3703725337982178,0.15762805938720703,0.04520033672451973,0.11923068761825562,0.31819334626197815,0.023341182619333267,0.3364064395427704,0.14224180579185486,0.02939009666442871,0.09999319165945053,0.3452416658401489,0.012760762125253677,0.3703725337982178
5,2,0.21725407242774963,2,0.22991950809955597,0.20174884796142578,0.11386612057685852,0.21725407242774963,0.10397341102361679,0.1520339697599411,0.21112364530563354,0.20940253138542175,0.10171569883823395,0.22991950809955597,0.09068998694419861,0.1465121954679489,0.22176000475883484
5,2,0.23772931098937988,2,0.2565673589706421,0.1427260786294937,0.08763770014047623,0.23772931098937988,0.22814181447029114,0.13176926970481873,0.17199590802192688,0.13473670184612274,0.07279475033283234,0.2565673589706421,0.24357512593269348,0.12181343883275986,0.17051266133785248
5,5,0.21831026673316956,5,0.22932644188404083,0.17513421177864075,0.18241043388843536,0.16531464457511902,0.20955784618854523,0.049272626638412476,0.21831026673316956,0.17363658547401428,0.18279245495796204,0.16143833100795746,0.21778176724910736,0.03502441197633743,0.22932644188404083
5,5,0.2927331328392029,5,0.3182554841041565,0.23186303675174713,0.22129924595355988,0.07614360749721527,0.1689024567604065,0.009058495983481407,0.2927331328392029,0.23712259531021118,0.22356712818145752,0.05814235284924507,0.15895576775074005,0.003956696484237909,0.3182554841041565
5,3,0.2987821102142334,3,0.3222631812095642,0.19288545846939087,0.02730392850935459,0.1566946655511856,0.2987821102142334,0.030104372650384903,0.2942294776439667,0.18547719717025757,0.015719668939709663,0.14268143475055695,0.3222631812095642,0.017781708389520645,0.31607678532600403
5,3,0.3426770567893982,3,0.3834061920642853,0.13031238317489624,0.014991872012615204,0.15182280540466309,0.3426770567893982,0.07893448323011398,0.2812614440917969,0.11313322931528091,0.007380053400993347,0.1371987760066986,0.3834061920642853,0.060082510113716125,0.29879921674728394
5,5,0.36526623368263245,5,0.4084766209125519,0.1527090221643448,0.030698858201503754,0.1308852881193161,0.29480642080307007,0.025634149089455605,0.36526623368263245,0.13584716618061066,0.01792679913341999,0.11181619018316269,0.3116557002067566,0.014277592301368713,0.4084766209125519
5,1,0.2546576261520386,1,0.27005890011787415,0.1729230135679245,0.2546576261520386,0.09382610768079758,0.2273094654083252,0.01432761363685131,0.23695620894432068,0.1656719297170639,0.27005890011787415,0.07656893134117126,0.23397749662399292,0.007141153793781996,0.24658158421516418
5,5,0.38230255246162415,5,0.43804287910461426,0.12118097394704819,0.007115876767784357,0.09466773271560669,0.22110746800899506,0.17362543940544128,0.38230255246162415,0.10271353274583817,0.0028667424339801073,0.07520738989114761,0.21944208443164825,0.16172735393047333,0.43804287910461426
5,5,0.42288342118263245,5,0.4845680892467499,0.17387790977954865,0.028109479695558548,0.09363526850938797,0.25324907898902893,0.028244784101843834,0.42288342118263245,0.15780088305473328,0.01581536792218685,0.07224002480506897,0.25366413593292236,0.01591152884066105,0.4845680892467499
5,5,0.4258326292037964,5,0.4760034680366516,0.19148865342140198,0.0330972746014595,0.050278522074222565,0.29321417212486267,0.006088742054998875,0.4258326292037964,0.17355862259864807,0.018926765769720078,0.03208564221858978,0.29719245433807373,0.0022330544888973236,0.4760034680366516
5,5,0.4230212867259979,5,0.4817343056201935,0.21235448122024536,0.03556695207953453,0.06795480847358704,0.2415233850479126,0.019579118117690086,0.4230212867259979,0.2018267810344696,0.02115241251885891,0.047896672040224075,0.2374337911605835,0.00995602086186409,0.4817343056201935
5,5,0.2875600755214691,5,0.3092917799949646,0.14818859100341797,0.011833488009870052,0.2249709814786911,0.26595160365104675,0.06149524077773094,0.2875600755214691,0.13394121825695038,0.005510696675628424,0.22688038647174835,0.28024712204933167,0.04412880167365074,0.3092917799949646
5,2,0.2995184659957886,2,0.3303441107273102,0.09703508019447327,0.016826244071125984,0.2995184659957886,0.22665037214756012,0.210059255361557,0.149910569190979,0.07962369173765182,0.008718697354197502,0.3303441107273102,0.2323458045721054,0.21108536422252655,0.13788235187530518
5,5,0.2977336347103119,5,0.33168452978134155,0.21098868548870087,0.03236696496605873,0.20136882364749908,0.14625504612922668,0.11128684878349304,0.2977336347103119,0.21474049985408783,0.02014397457242012,0.20245547592639923,0.13521026074886322,0.09576522558927536,0.33168452978134155
5,5,0.27094316482543945,5,0.29308953881263733,0.1748630851507187,0.18196234107017517,0.10521154850721359,0.24771209061145782,0.01930779032409191,0.27094316482543945,0.16862516105175018,0.1773129552602768,0.08879724889993668,0.2617308497428894,0.010444232262670994,0.29308953881263733
5,5,0.2866419553756714,5,0.3129526972770691,0.1219714805483818,0.0059059131890535355,0.17935962975025177,0.19588832557201385,0.21023273468017578,0.2866419553756714,0.10642314702272415,0.0023283809423446655,0.17315734922885895,0.19353938102722168,0.21159909665584564,0.3129526972770691
5,5,0.41403907537460327,5,0.4798988103866577,0.17288832366466522,0.020272236317396164,0.1504572480916977,0.19451548159122467,0.04782763868570328,0.41403907537460327,0.15935397148132324,0.010647970251739025,0.13371361792087555,0.18491913378238678,0.03146663308143616,0.4798988103866577
5,5,0.3158765435218811,5,0.3522377908229828,0.16360890865325928,0.06629441678524017,0.149392768740654,0.26555752754211426,0.039269860833883286,0.3158765435218811,0.153519406914711,0.049079153686761856,0.13687627017498016,0.28294703364372253,0.02534029819071293,0.3522377908229828
5,3,0.30549857020378113,3,0.33973658084869385,0.12372100353240967,0.08548878133296967,0.2788263261318207,0.30549857020378113,0.04882897436618805,0.15763629972934723,0.10853718221187592,0.06806512922048569,0.3027312755584717,0.33973658084869385,0.033564187586307526,0.14736562967300415
5,1,0.2763127088546753,1,0.3056272864341736,0.21311666071414948,0.2763127088546753,0.12898597121238708,0.1474074125289917,0.0483228899538517,0.18585431575775146,0.2202000916004181,0.3056272864341736,0.11682235449552536,0.13826565444469452,0.0338270403444767,0.18525764346122742
5,5,0.376384437084198,5,0.42869824171066284,0.19848965108394623,0.10332977026700974,0.08658058941364288,0.22617584466934204,0.009039714932441711,0.376384437084198,0.19113782048225403,0.08383949846029282,0.06706443428993225,0.22538945078849792,0.0038705302868038416,0.42869824171066284
5,5,0.3270546495914459,5,0.36881574988365173,0.15110673010349274,0.00962541252374649,0.17332418262958527,0.188400998711586,0.15048792958259583,0.3270546495914459,0.13915225863456726,0.004303930792957544,0.16546130180358887,0.18383347988128662,0.1384332776069641,0.36881574988365173
5,5,0.35055962204933167,5,0.39540308713912964,0.17004798352718353,0.03077058680355549,0.1502457708120346,0.25309574604034424,0.04528025537729263,0.35055962204933167,0.15864087641239166,0.01833096705377102,0.13568703830242157,0.26208579540252686,0.02985227480530739,0.39540308713912964
5,5,0.36374542117118835,5,0.4048556685447693,0.17125919461250305,0.024673031643033028,0.11041363328695297,0.30089446902275085,0.029014289379119873,0.36374542117118835,0.15643125772476196,0.013555780053138733,0.08988270163536072,0.31864118576049805,0.016633443534374237,0.4048556685447693
5,3,0.41859301924705505,3,0.4864775538444519,0.13116465508937836,0.0728493332862854,0.11195022612810135,0.41859301924705505,0.024896539747714996,0.24054627120494843,0.11242399364709854,0.053513143211603165,0.09204880893230438,0.4864775538444519,0.013798555359244347,0.24173788726329803
5,5,0.3623059093952179,5,0.41218459606170654,0.20045803487300873,0.0444549061357975,0.12907674908638,0.22709831595420837,0.036605995148420334,0.3623059093952179,0.19525256752967834,0.02916586399078369,0.11201142519712448,0.2285626232624054,0.022822951897978783,0.41218459606170654
5,1,0.2642565965652466,1,0.28893259167671204,0.2397352010011673,0.2642565965652466,0.11539716273546219,0.11746655404567719,0.06457089632749557,0.19857357442378998,0.25550875067710876,0.28893259167671204,0.10152115672826767,0.10382474958896637,0.048779696226119995,0.20143303275108337
5,1,0.3673342168331146,1,0.42474424839019775,0.16206103563308716,0.3673342168331146,0.13918164372444153,0.1509978175163269,0.01800479367375374,0.16242042183876038,0.15118283033370972,0.42474424839019775,0.12475670874118805,0.13827307522296906,0.009436991065740585,0.15160617232322693
5,5,0.3887270390987396,5,0.4519382119178772,0.17786745727062225,0.017576253041625023,0.11994773149490356,0.17169690132141113,0.12418471276760101,0.3887270390987396,0.16843916475772858,0.00906869862228632,0.10243438184261322,0.16109640896320343,0.10702305287122726,0.4519382119178772
5,3,0.37005019187927246,3,0.4279399812221527,0.14292632043361664,0.10059593617916107,0.15126420557498932,0.37005019187927246,0.027805831283330917,0.2073575109243393,0.12877634167671204,0.08265790343284607,0.13833138346672058,0.4279399812221527,0.01630496419966221,0.20598939061164856
5,3,0.2543991208076477,3,0.2731434404850006,0.1810673326253891,0.1810196340084076,0.13389058411121368,0.2543991208076477,0.02197277918457985,0.22765055298805237,0.17781543731689453,0.17775630950927734,0.1214744821190834,0.2731434404850006,0.012407774105668068,0.23740249872207642
5,5,0.4504498243331909,5,0.5239660739898682,0.1616424173116684,0.009190362878143787,0.1588023155927658,0.1767311841249466,0.04318391904234886,0.4504498243331909,0.14369210600852966,0.003850344568490982,0.1405123621225357,0.16082729399204254,0.027151858434081078,0.5239660739898682
5,5,0.36962687969207764,5,0.41971156001091003,0.11915271729230881,0.0036239500623196363,0.1794494390487671,0.23256510496139526,0.09558186680078506,0.36962687969207764,0.10052958875894547,0.00122285564430058,0.16857443749904633,0.23385025560855865,0.07611127942800522,0.41971156001091003
5,5,0.36797916889190674,5,0.41661036014556885,0.19129511713981628,0.04146174341440201,0.10516174882650375,0.2588461935520172,0.03525599464774132,0.36797916889190674,0.18241725862026215,0.026471607387065887,0.08571241050958633,0.26721638441085815,0.021572018042206764,0.41661036014556885
5,3,0.3064076602458954,3,0.34340259432792664,0.12903760373592377,0.05139503628015518,0.2364223152399063,0.3064076602458954,0.08637093007564545,0.1903664469718933,0.1152598187327385,0.036056868731975555,0.24754060804843903,0.34340259432792664,0.06943606585264206,0.1883041113615036
5,5,0.30176812410354614,5,0.3320024907588959,0.18459895253181458,0.11507702618837357,0.10581696033477783,0.27233049273490906,0.020408524200320244,0.30176812410354614,0.17852355539798737,0.09831181913614273,0.08843278139829636,0.2916543781757355,0.01107493694871664,0.3320024907588959
5,3,0.40421539545059204,3,0.4672726094722748,0.13811208307743073,0.09881899505853653,0.10956566035747528,0.40421539545059204,0.01292388141155243,0.23636400699615479,0.12045478075742722,0.07893803715705872,0.08992564678192139,0.4672726094722748,0.006054071243852377,0.2373548001050949
5,5,0.4137594997882843,5,0.46860620379447937,0.19085966050624847,0.0389115996658802,0.07764950394630432,0.26660898327827454,0.012210812419652939,0.4137594997882843,0.17644467949867249,0.023701218888163567,0.056696634739637375,0.2690637409687042,0.005487513728439808,0.46860620379447937
5,5,0.28728240728378296,5,0.3127490282058716,0.19624336063861847,0.21778753399848938,0.07857611030340195,0.20615330338478088,0.013957249000668526,0.28728240728378296,0.19331061840057373,0.22047683596611023,0.06087759509682655,0.20571433007717133,0.006871625781059265,0.3127490282058716
5,5,0.3942981958389282,5,0.44771406054496765,0.17137010395526886,0.0217553973197937,0.12114609777927399,0.26070597767829895,0.030724266543984413,0.3942981958389282,0.15637291967868805,0.011550801806151867,0.10092902183532715,0.26557406783103943,0.017859118059277534,0.44771406054496765
5,1,0.5534110069274902,1,0.656605064868927,0.11247814446687698,0.5534110069274902,0.0877266675233841,0.13394862413406372,0.010929124429821968,0.10150641947984695,0.08785548061132431,0.656605064868927,0.06419674307107925,0.10953304916620255,0.004630626644939184,0.07717900723218918
5,5,0.33380618691444397,5,0.3679623007774353,0.18009266257286072,0.11067868769168854,0.07193171232938766,0.29558250308036804,0.007908206433057785,0.33380618691444397,0.16884562373161316,0.09132383018732071,0.05300775170326233,0.3155951499938965,0.0032653091475367546,0.3679623007774353
5,5,0.3115137815475464,5,0.3537815809249878,0.18977004289627075,0.060443270951509476,0.1631486564874649,0.1789848357439041,0.09613945335149765,0.3115137815475464,0.1892388015985489,0.04464404657483101,0.1563662439584732,0.17576467990875244,0.08020457625389099,0.3537815809249878
5,3,0.2634631395339966,3,0.28521278500556946,0.1814119964838028,0.06292755901813507,0.18603959679603577,0.2634631395339966,0.059342075139284134,0.2468157261610031,0.1780724972486496,0.04678717255592346,0.1838257610797882,0.28521278500556946,0.043447401374578476,0.26265427470207214
5,5,0.33457833528518677,5,0.37284401059150696,0.17605654895305634,0.027163347229361534,0.13937200605869293,0.27337646484375,0.04945335537195206,0.33457833528518677,0.16577553749084473,0.015663646161556244,0.12342958152294159,0.2889154851436615,0.03337164223194122,0.37284401059150696
5,0,0.23443561792373657,0,0.2525902986526489,0.23443561792373657,0.11141505837440491,0.16068094968795776,0.10724558681249619,0.15731237828731537,0.22891050577163696,0.2525902986526489,0.09875749796628952,0.15678806602954865,0.09411515295505524,0.15265017747879028,0.2450987845659256
5,3,0.4620451331138611,3,0.5348809957504272,0.11148188263177872,0.06734594702720642,0.08425555378198624,0.4620451331138611,0.013426111079752445,0.2614453434944153,0.08887261897325516,0.04703746363520622,0.06241030991077423,0.5348809957504272,0.00614225585013628,0.2606563866138458
5,5,0.41439422965049744,5,0.47003301978111267,0.171616330742836,0.012916862033307552,0.08480631560087204,0.2759944498538971,0.040271829813718796,0.41439422965049744,0.15446250140666962,0.005897569935768843,0.06344140321016312,0.2813863158226013,0.024779239669442177,0.47003301978111267
5,5,0.39714697003364563,5,0.449710488319397,0.1604820042848587,0.028863856568932533,0.09408489614725113,0.2871997654438019,0.03222256898880005,0.39714697003364563,0.14327102899551392,0.016428610309958458,0.07301405072212219,0.29869815707206726,0.018877720460295677,0.449710488319397
5,3,0.31335487961769104,3,0.3522096276283264,0.1669367551803589,0.11776476353406906,0.13474689424037933,0.31335487961769104,0.031984567642211914,0.23521223664283752,0.15906044840812683,0.10239215195178986,0.12137234956026077,0.3522096276283264,0.01975468173623085,0.245210662484169
5,5,0.36228594183921814,5,0.4147646427154541,0.2263549417257309,0.08337637037038803,0.09321945905685425,0.19792097806930542,0.03684226796030998,0.36228594183921814,0.22905927896499634,0.06492292135953903,0.07474412769079208,0.19335433840751648,0.02315470390021801,0.4147646427154541
5,5,0.2809801399707794,5,0.3089972138404846,0.14940515160560608,0.022745834663510323,0.15394020080566406,0.21957175433635712,0.17335689067840576,0.2809801399707794,0.13921095430850983,0.012933936901390553,0.1445663422346115,0.22633706033229828,0.16795451939105988,0.3089972138404846
5,3,0.44120994210243225,3,0.5221632122993469,0.11688404530286789,0.08446714282035828,0.1565079689025879,0.44120994210243225,0.032323118299245834,0.16860778629779816,0.09762406349182129,0.0647854283452034,0.14112429320812225,0.5221632122993469,0.01926850900053978,0.15503449738025665
5,5,0.3436279594898224,5,0.3903612792491913,0.21150626242160797,0.06706401705741882,0.11606984585523605,0.2193298488855362,0.04240209981799126,0.3436279594898224,0.2115449607372284,0.04962372034788132,0.0991799533367157,0.22147054970264435,0.027819445356726646,0.3903612792491913
5,5,0.241534024477005,5,0.2589483857154846,0.20099224150180817,0.15055237710475922,0.16183426976203918,0.20405946671962738,0.04102763906121254,0.241534024477005,0.20534171164035797,0.14258047938346863,0.15619851648807526,0.20930536091327667,0.027625571936368942,0.2589483857154846
5,3,0.36915260553359985,3,0.4090058207511902,0.14636413753032684,0.027000686153769493,0.1038084402680397,0.36915260553359985,0.025952782481908798,0.32772132754325867,0.12721695005893707,0.015062211081385612,0.08245112746953964,0.4090058207511902,0.01432806346565485,0.3519357442855835
5,3,0.28187811374664307,3,0.3049824833869934,0.166293665766716,0.06444372981786728,0.20487666130065918,0.28187811374664307,0.023798702284693718,0.2587091624736786,0.1566597819328308,0.047341879457235336,0.20386819541454315,0.3049824833869934,0.013461983762681484,0.2736856937408447
5,5,0.330019474029541,5,0.36436307430267334,0.20391792058944702,0.0723872110247612,0.08808247745037079,0.28649547696113586,0.019097475335001945,0.330019474029541,0.19842320680618286,0.05367671325802803,0.06876619905233383,0.3047875463962555,0.009983193129301071,0.36436307430267334
5,5,0.3317405581474304,5,0.3640438914299011,0.11326517164707184,0.010522503405809402,0.1343773454427719,0.32770079374313354,0.08239365369081497,0.3317405581474304,0.09375669807195663,0.004669425543397665,0.11633425205945969,0.358456552028656,0.06273923069238663,0.3640438914299011
5,5,0.2637598216533661,5,0.28827425837516785,0.22805647552013397,0.08689875155687332,0.1705348789691925,0.18651674687862396,0.06423337012529373,0.2637598216533661,0.23992007970809937,0.07097356021404266,0.16623347997665405,0.18613606691360474,0.04846259951591492,0.28827425837516785
5,5,0.33693087100982666,5,0.3800933361053467,0.2367933839559555,0.10323229432106018,0.1086067259311676,0.1932215392589569,0.0212151650339365,0.33693087100982666,0.24351812899112701,0.08538434654474258,0.09103373438119888,0.18838492035865784,0.011585521511733532,0.3800933361053467
5,3,0.3364957571029663,3,0.38197994232177734,0.1210225373506546,0.19558019936084747,0.13495957851409912,0.3364957571029663,0.018236069008708,0.19370590150356293,0.10505206882953644,0.19255587458610535,0.1205485612154007,0.38197994232177734,0.00963424053043127,0.19022932648658752
5,5,0.32275906205177307,5,0.36219221353530884,0.17213715612888336,0.010287949815392494,0.18649449944496155,0.19347885251045227,0.11484251171350479,0.32275906205177307,0.16379737854003906,0.004674526862800121,0.18122853338718414,0.18983815610408783,0.09826920926570892,0.36219221353530884
5,5,0.30090951919555664,5,0.33201801776885986,0.20133110880851746,0.13998892903327942,0.11222650855779648,0.23255763947963715,0.012986285611987114,0.30090951919555664,0.19991539418697357,0.12636369466781616,0.09559536725282669,0.23982563614845276,0.006281835958361626,0.33201801776885986
5,5,0.2702939510345459,5,0.2910081446170807,0.21944564580917358,0.19565488398075104,0.08415915071964264,0.21377626061439514,0.016670161858201027,0.2702939510345459,0.22369110584259033,0.19352491199970245,0.06671407073736191,0.21642066538333893,0.008641050197184086,0.2910081446170807
5,3,0.4221078157424927,3,0.48970749974250793,0.14095640182495117,0.11625053733587265,0.08840584754943848,0.4221078157424927,0.008348234929144382,0.22393108904361725,0.12263671308755875,0.09615521878004074,0.06805487722158432,0.48970749974250793,0.0034599676728248596,0.2199857234954834
5,2,0.21322613954544067,2,0.22353416681289673,0.15579146146774292,0.2092510461807251,0.21322613954544067,0.2030922919511795,0.0655377134680748,0.15310128033161163,0.15041346848011017,0.21828646957874298,0.22353416681289673,0.21020767092704773,0.050416070967912674,0.14714214205741882
5,5,0.3745422959327698,5,0.429532915353775,0.15655291080474854,0.027951912954449654,0.1075044795870781,0.25055015087127686,0.08289827406406403,0.3745422959327698,0.14281046390533447,0.016225242987275124,0.08885815739631653,0.25857025384902954,0.0640028789639473,0.429532915353775
5,4,0.29302534461021423,4,0.3272928297519684,0.1444147378206253,0.03888364136219025,0.2145448625087738,0.14023366570472717,0.29302534461021423,0.16889774799346924,0.1339731514453888,0.025565972551703453,0.22081458568572998,0.1290954202413559,0.3272928297519684,0.16325803101062775
5,5,0.22938506305217743,5,0.2472616285085678,0.21154877543449402,0.13812851905822754,0.13843782246112823,0.1529769003391266,0.1295228898525238,0.22938506305217743,0.2232433259487152,0.13034047186374664,0.13070903718471527,0.14827093482017517,0.1201746016740799,0.2472616285085678
5,3,0.32609686255455017,3,0.36085793375968933,0.18061406910419464,0.0678248181939125,0.09923677146434784,0.32609686255455017,0.02919675223529339,0.29703062772750854,0.17116621136665344,0.049710944294929504,0.0803714469075203,0.36085793375968933,0.01715361885726452,0.32073986530303955
5,5,0.4030260443687439,5,0.4608954191207886,0.2214355617761612,0.06262797117233276,0.08395255357027054,0.21504974365234375,0.013908200897276402,0.4030260443687439,0.21641014516353607,0.0439433753490448,0.06361357122659683,0.20856183767318726,0.006575624458491802,0.4608954191207886
5,5,0.35279354453086853,5,0.3892762064933777,0.16267453134059906,0.017052190378308296,0.12594883143901825,0.310899943113327,0.030630888417363167,0.35279354453086853,0.1465032547712326,0.008497764356434345,0.10606345534324646,0.3318590819835663,0.01780024729669094,0.3892762064933777
5,5,0.3287780284881592,5,0.36800235509872437,0.20118068158626556,0.12471961230039597,0.09066843241453171,0.23822565376758575,0.016427522525191307,0.3287780284881592,0.19795474410057068,0.1082511693239212,0.0723804235458374,0.24503424763679504,0.008376987650990486,0.36800235509872437
5,3,0.4676264524459839,3,0.5444948077201843,0.11323355883359909,0.027470435947179794,0.13993032276630402,0.4676264524459839,0.027176663279533386,0.22456255555152893,0.0908801481127739,0.015204505063593388,0.11872091144323349,0.5444948077201843,0.014999530278146267,0.2157001793384552
5,5,0.39899173378944397,5,0.4566199481487274,0.18207621574401855,0.02599078044295311,0.10979508608579636,0.24373583495616913,0.039410416036844254,0.39899173378944397,0.16960997879505157,0.014527800492942333,0.08956657350063324,0.24510447680950165,0.024571185931563377,0.4566199481487274
5,1,0.38822782039642334,1,0.44724416732788086,0.15685142576694489,0.38822782039642334,0.08276849240064621,0.16686522960662842,0.009344846941530704,0.19594216346740723,0.14245495200157166,0.44724416732788086,0.06356436759233475,0.15403051674365997,0.004049284383654594,0.1886567771434784
5,5,0.2508862614631653,5,0.2717882990837097,0.20619426667690277,0.04822773113846779,0.17168012261390686,0.1293642520904541,0.1936473548412323,0.2508862614631653,0.21216629445552826,0.03389577940106392,0.16836291551589966,0.11778601258993149,0.19600076973438263,0.2717882990837097
5,5,0.3733104467391968,5,0.42478471994400024,0.15377673506736755,0.015265919268131256,0.1358807235956192,0.2537892162799835,0.0679769366979599,0.3733104467391968,0.1386530101299286,0.007508603855967522,0.11860378831624985,0.2609752416610718,0.049474574625492096,0.42478471994400024
5,5,0.33760347962379456,5,0.37663963437080383,0.19671127200126648,0.025700103491544724,0.13395723700523376,0.25949108600616455,0.0465368777513504,0.33760347962379456,0.19045916199684143,0.014588111080229282,0.11726237833499908,0.2701821029186249,0.03086860477924347,0.37663963437080383
5,5,0.2988174259662628,5,0.3290999233722687,0.25221094489097595,0.18094764649868011,0.10338982194662094,0.14834004640579224,0.01629406400024891,0.2988174259662628,0.2656833231449127,0.17470943927764893,0.08619167655706406,0.1359504610300064,0.008365223184227943,0.3290999233722687
5,5,0.30006518959999084,5,0.332841694355011,0.19531191885471344,0.0512307807803154,0.17567197978496552,0.2251419872045517,0.0525781586766243,0.30006518959999084,0.19356286525726318,0.03573835641145706,0.16932451725006104,0.23160363733768463,0.03692896291613579,0.332841694355011
5,5,0.34807294607162476,5,0.39440202713012695,0.1855849325656891,0.026299845427274704,0.12533070147037506,0.24096710979938507,0.07374447584152222,0.34807294607162476,0.17829973995685577,0.015132670290768147,0.10862630605697632,0.24792633950710297,0.05561290681362152,0.39440202713012695
5,3,0.4304310083389282,3,0.49362319707870483,0.10109967738389969,0.012280573137104511,0.1490238904953003,0.4304310083389282,0.04573703184723854,0.2614278197288513,0.07928113639354706,0.005538977682590485,0.12938596308231354,0.49362319707870483,0.029127685353159904,0.26304304599761963
5,5,0.36821725964546204,5,0.4072333872318268,0.16361846029758453,0.012057188898324966,0.12418583035469055,0.3077515959739685,0.024169616401195526,0.36821725964546204,0.14626669883728027,0.0054375226609408855,0.10326748341321945,0.3247130811214447,0.013081788085401058,0.4072333872318268
5,5,0.3475501537322998,5,0.39083144068717957,0.21339109539985657,0.06798996031284332,0.11515232175588608,0.23753111064434052,0.018385348841547966,0.3475501537322998,0.21113839745521545,0.04983191192150116,0.09691105782985687,0.24172598123550415,0.00956125371158123,0.39083144068717957
5,5,0.23439301550388336,5,0.2530791461467743,0.191324383020401,0.10828309506177902,0.2062516063451767,0.13375824689865112,0.12598969042301178,0.23439301550388336,0.19586080312728882,0.09547224640846252,0.215345099568367,0.12465573102235794,0.11558695137500763,0.2530791461467743
5,0,0.23581011593341827,0,0.25404390692710876,0.23581011593341827,0.10746163129806519,0.16111525893211365,0.16089028120040894,0.102558434009552,0.23216430842876434,0.25404390692710876,0.09419982135295868,0.1570652276277542,0.1567884087562561,0.0888068825006485,0.24909575283527374
5,5,0.2049456238746643,5,0.21230635046958923,0.1836346983909607,0.1969723254442215,0.1554819643497467,0.2033158838748932,0.05564943701028824,0.2049456238746643,0.18482819199562073,0.20193330943584442,0.14980649948120117,0.21017736196517944,0.040948327630758286,0.21230635046958923
5,5,0.3312017023563385,5,0.3749622404575348,0.2114838808774948,0.09736573696136475,0.15554621815681458,0.18047021329402924,0.023932207375764847,0.3312017023563385,0.21284247934818268,0.07994694262742996,0.14442269504070282,0.17422743141651154,0.013598255813121796,0.3749622404575348
5,3,0.30162185430526733,3,0.33630621433258057,0.15778371691703796,0.17069657146930695,0.13151603937149048,0.30162185430526733,0.022107431665062904,0.21627433598041534,0.14842356741428375,0.16391877830028534,0.1179424449801445,0.33630621433258057,0.012417629361152649,0.22099149227142334
5,3,0.5285763144493103,3,0.6075368523597717,0.09213525801897049,0.010067163966596127,0.10026036202907562,0.5285763144493103,0.016117991879582405,0.25284281373023987,0.06696291267871857,0.004092989023774862,0.07450194656848907,0.6075368523597717,0.007414368912577629,0.23949100077152252
5,5,0.27556976675987244,5,0.2973628640174866,0.15195442736148834,0.012565428391098976,0.1883387565612793,0.264152854681015,0.10741884261369705,0.27556976675987244,0.14026223123073578,0.0060308449901640415,0.18391917645931244,0.2818961441516876,0.09052866697311401,0.2973628640174866
5,5,0.39167121052742004,5,0.44836702942848206,0.2766673266887665,0.09480173885822296,0.08519893884658813,0.12833420932292938,0.02332654781639576,0.39167121052742004,0.2891088128089905,0.07479625940322876,0.06536246836185455,0.10962630063295364,0.012739106081426144,0.44836702942848206
5,5,0.3536595404148102,5,0.39918753504753113,0.16843223571777344,0.02833414264023304,0.14810813963413239,0.2546485364437103,0.046817369759082794,0.3536595404148102,0.15649166703224182,0.01649188995361328,0.13304312527179718,0.2636980712413788,0.031087776646018028,0.39918753504753113
5,3,0.33678504824638367,3,0.37325623631477356,0.12070804089307785,0.01210834365338087,0.19124923646450043,0.33678504824638367,0.06133894994854927,0.2778104543685913,0.1022053137421608,0.005607954692095518,0.1827155202627182,0.37325623631477356,0.04348469525575638,0.2927302122116089
5,5,0.33008769154548645,5,0.36866408586502075,0.17640019953250885,0.03412653133273125,0.1566912978887558,0.25715795159339905,0.04553626850247383,0.33008769154548645,0.16714806854724884,0.021014390513300896,0.14392860233783722,0.26900023221969604,0.030244624242186546,0.36866408586502075
5,5,0.44170403480529785,5,0.5129088163375854,0.18611612915992737,0.024904560297727585,0.10288970172405243,0.20692338049411774,0.037462230771780014,0.44170403480529785,0.17227110266685486,0.013599549420177937,0.0815197303891182,0.19693085551261902,0.022769927978515625,0.5129088163375854
5,5,0.4064338505268097,5,0.45694005489349365,0.15575072169303894,0.01232269685715437,0.10413585603237152,0.2951681613922119,0.02618873305618763,0.4064338505268097,0.13614638149738312,0.005536316893994808,0.08190415799617767,0.3051337003707886,0.014339441433548927,0.45694005489349365
5,5,0.33300065994262695,5,0.3758198320865631,0.1817328780889511,0.012966950424015522,0.14255177974700928,0.2146754413843155,0.11507226526737213,0.33300065994262695,0.17496910691261292,0.006244990974664688,0.1287747323513031,0.2159198373556137,0.09827149659395218,0.3758198320865631
5,3,0.30921486020088196,3,0.3416393995285034,0.10271955281496048,0.008574771694839,0.19396783411502838,0.30921486020088196,0.14554087817668915,0.23998218774795532,0.08499392867088318,0.0036983503960072994,0.1896265298128128,0.3416393995285034,0.13195468485355377,0.24808719754219055
5,5,0.2864871323108673,5,0.3138892650604248,0.24184632301330566,0.18096888065338135,0.11208971589803696,0.16090689599514008,0.017701048403978348,0.2864871323108673,0.25345996022224426,0.1757647544145584,0.09600868076086044,0.15153536200523376,0.009341905824840069,0.3138892650604248
5,5,0.40226903557777405,5,0.4656746983528137,0.2022310346364975,0.030907902866601944,0.11460962891578674,0.19714584946632385,0.052836548537015915,0.40226903557777405,0.19545723497867584,0.018248900771141052,0.09543710947036743,0.18927344679832458,0.03590860962867737,0.4656746983528137
5,5,0.28020912408828735,5,0.30926334857940674,0.1925191730260849,0.06731397658586502,0.2008662223815918,0.1956300437450409,0.06346151232719421,0.28020912408828735,0.1925535351037979,0.05110279098153114,0.20315179228782654,0.1964896023273468,0.04743888974189758,0.30926334857940674
5,2,0.26927703619003296,2,0.2863349914550781,0.09154962748289108,0.004444639198482037,0.26927703619003296,0.26458266377449036,0.15156356990337372,0.21858248114585876,0.07334989309310913,0.0016101658111438155,0.2863349914550781,0.2800479829311371,0.13860563933849335,0.22005124390125275
5,5,0.3566534221172333,5,0.40714117884635925,0.1865830421447754,0.011659389361739159,0.13857802748680115,0.1976064145565033,0.10891976207494736,0.3566534221172333,0.17969922721385956,0.0054250420071184635,0.12344569712877274,0.19320382177829742,0.09108510613441467,0.40714117884635925
5,3,0.2654241919517517,3,0.28424131870269775,0.10993074625730515,0.015632862225174904,0.2509952485561371,0.2654241919517517,0.1333690583705902,0.2246478945016861,0.09341670572757721,0.007963321171700954,0.2648763060569763,0.28424131870269775,0.11922924965620041,0.23027318716049194
5,2,0.23796607553958893,2,0.24845629930496216,0.11006174236536026,0.010222146287560463,0.23796607553958893,0.23476408421993256,0.179655522108078,0.22733038663864136,0.09386610239744186,0.0046732863411307335,0.24845629930496216,0.24424347281455994,0.17423953115940094,0.23452135920524597
5,5,0.3134579062461853,5,0.3532736599445343,0.24333420395851135,0.0726875364780426,0.1257295161485672,0.17683106660842896,0.06795981526374817,0.3134579062461853,0.25661414861679077,0.055828992277383804,0.11150017380714417,0.17149823904037476,0.051284804940223694,0.3532736599445343
5,1,0.7089335322380066,1,0.8124529719352722,0.10615319758653641,0.7089335322380066,0.03128940612077713,0.049388621002435684,0.004523145966231823,0.09971211850643158,0.07391887903213501,0.8124529719352722,0.01581329107284546,0.02813594974577427,0.001376211061142385,0.06830266118049622
5,5,0.315462589263916,5,0.35541871190071106,0.1849326491355896,0.026809120550751686,0.12772445380687714,0.20765303075313568,0.13741816580295563,0.315462589263916,0.18111446499824524,0.015818418934941292,0.1135115697979927,0.20964358747005463,0.12449324131011963,0.35541871190071106
5,5,0.41604083776474,5,0.47577348351478577,0.17825545370578766,0.014779320918023586,0.09808049350976944,0.25020140409469604,0.04264247417449951,0.41604083776474,0.16320371627807617,0.007040708791464567,0.0767705962061882,0.25038617849349976,0.026825284585356712,0.47577348351478577
5,2,0.27336910367012024,2,0.303830087184906,0.17991815507411957,0.1385117918252945,0.27336910367012024,0.14600427448749542,0.06557386368513107,0.19662277400493622,0.17918027937412262,0.12879519164562225,0.303830087184906,0.13765157759189606,0.05011145398020744,0.20043137669563293
5,5,0.3910578191280365,5,0.44308391213417053,0.1495686173439026,0.013326087035238743,0.13036710023880005,0.272489070892334,0.04319136217236519,0.3910578191280365,0.1316956877708435,0.006221678573638201,0.11072424054145813,0.2808213531970978,0.027453232556581497,0.44308391213417053
5,1,0.2666880190372467,1,0.28896206617355347,0.15400561690330505,0.2666880190372467,0.12240293622016907,0.23887929320335388,0.02445058710873127,0.1935735046863556,0.14447975158691406,0.28896206617355347,0.1081165298819542,0.25145941972732544,0.014153380878269672,0.192828968167305
5,5,0.42031559348106384,5,0.48133549094200134,0.1633668690919876,0.011740762740373611,0.14002002775669098,0.23368655145168304,0.030870145186781883,0.42031559348106384,0.14600110054016113,0.005258659366518259,0.12017393112182617,0.2294122874736786,0.017818545922636986,0.48133549094200134
5,5,0.3793935179710388,5,0.43768665194511414,0.1605142205953598,0.010519356466829777,0.16353552043437958,0.18134787678718567,0.10468941926956177,0.3793935179710388,0.14776484668254852,0.004737223964184523,0.15128453075885773,0.17237548530101776,0.08615121990442276,0.43768665194511414
5,3,0.3210545778274536,3,0.36409980058670044,0.14171621203422546,0.1092466413974762,0.15070682764053345,0.3210545778274536,0.044461220502853394,0.23281444609165192,0.1296813189983368,0.09337165951728821,0.14015212655067444,0.36409980058670044,0.030015911906957626,0.24267920851707458
5,5,0.3782389760017395,5,0.4284319579601288,0.1535453498363495,0.008227785117924213,0.13056491315364838,0.2642896771430969,0.06513328105211258,0.3782389760017395,0.1372859627008438,0.003413583617657423,0.11187741160392761,0.272488534450531,0.04650251939892769,0.4284319579601288
5,5,0.26772353053092957,5,0.2888716161251068,0.1333145648241043,0.014608575031161308,0.15130728483200073,0.24728791415691376,0.18575811386108398,0.26772353053092957,0.11979743838310242,0.007349036168307066,0.14055797457695007,0.26132065057754517,0.182103231549263,0.2888716161251068
5,5,0.325170636177063,5,0.3563936948776245,0.16656211018562317,0.05342307686805725,0.12232941389083862,0.31353557109832764,0.0189791489392519,0.325170636177063,0.15316757559776306,0.036454249173402786,0.1037413477897644,0.3403718173503876,0.009871261194348335,0.3563936948776245
5,1,0.5259303450584412,1,0.6185941696166992,0.13192923367023468,0.5259303450584412,0.056193429976701736,0.14193956553936005,0.00304074096493423,0.1409667581319809,0.10795476287603378,0.6185941696166992,0.0367567352950573,0.11839620023965836,0.0009253015741705894,0.11737275868654251
5,3,0.29406094551086426,3,0.32447877526283264,0.1527455896139145,0.04810209199786186,0.1557370275259018,0.29406094551086426,0.07492290437221527,0.2744315564632416,0.14193227887153625,0.033007849007844925,0.14545024931430817,0.32447877526283264,0.057751260697841644,0.2973794639110565
5,5,0.28506600856781006,5,0.31351733207702637,0.20846985280513763,0.07731236517429352,0.16253232955932617,0.22597195208072662,0.04064742103219032,0.28506600856781006,0.21120421588420868,0.06037820503115654,0.154253751039505,0.23382975161075592,0.02681673690676689,0.31351733207702637
5,3,0.42069002985954285,3,0.48004814982414246,0.11961076408624649,0.028904013335704803,0.12810151278972626,0.42069002985954285,0.023802557960152626,0.27889111638069153,0.09812679141759872,0.016335852444171906,0.10700058192014694,0.48004814982414246,0.012784394435584545,0.28570425510406494
5,5,0.372337281703949,5,0.4252740144729614,0.23482415080070496,0.07144036889076233,0.09609785676002502,0.19778954982757568,0.027510739862918854,0.372337281703949,0.23765665292739868,0.05291242524981499,0.0769331082701683,0.19136105477809906,0.015862751752138138,0.4252740144729614
5,0,0.26110392808914185,0,0.28670796751976013,0.26110392808914185,0.20190468430519104,0.1670459508895874,0.09159548580646515,0.08205264061689377,0.19629725813865662,0.28670796751976013,0.20724041759967804,0.16314290463924408,0.07640774548053741,0.06649965792894363,0.20000140368938446
5,5,0.34780386090278625,5,0.38747572898864746,0.2022780179977417,0.04534539580345154,0.09708117693662643,0.2794027030467987,0.028088906779885292,0.34780386090278625,0.1954791098833084,0.02960033528506756,0.07738184928894043,0.2938922643661499,0.01617058739066124,0.38747572898864746
5,3,0.30579081177711487,3,0.3380471467971802,0.15295495092868805,0.20534725487232208,0.09859032928943634,0.30579081177711487,0.0121232271194458,0.22519339621067047,0.14098700881004333,0.20448829233646393,0.08098563551902771,0.3380471467971802,0.005746154114603996,0.2297457903623581
5,5,0.3627340793609619,5,0.40939125418663025,0.2016270011663437,0.045042410492897034,0.11567053198814392,0.24926090240478516,0.025665057823061943,0.3627340793609619,0.19506698846817017,0.029408441856503487,0.0967254638671875,0.25495004653930664,0.01445775292813778,0.40939125418663025
5,5,0.24172690510749817,5,0.25704649090766907,0.20395326614379883,0.1827002763748169,0.1295444369316101,0.2152530997991562,0.026822099462151527,0.24172690510749817,0.20742250978946686,0.18051999807357788,0.11695732176303864,0.2220337688922882,0.01601986214518547,0.25704649090766907
5,3,0.2677610218524933,3,0.2930580675601959,0.12175767868757248,0.03967490792274475,0.2177341878414154,0.2677610218524933,0.16839300096035004,0.18467925488948822,0.10836918652057648,0.02631211094558239,0.2257181853055954,0.2930580675601959,0.16318590939044952,0.18335647881031036
5,5,0.35767197608947754,5,0.4020167291164398,0.19785454869270325,0.07810821384191513,0.09394102543592453,0.259708046913147,0.012716266326606274,0.35767197608947754,0.19038790464401245,0.05889575183391571,0.07434878498315811,0.26839542388916016,0.005955382250249386,0.4020167291164398
5,5,0.31311658024787903,5,0.3450092077255249,0.18589545786380768,0.036844246089458466,0.13374902307987213,0.2826401889324188,0.047754522413015366,0.31311658024787903,0.1786416471004486,0.023155974224209785,0.11789384484291077,0.3031728267669678,0.03212643787264824,0.3450092077255249
5,5,0.3944069445133209,5,0.45242562890052795,0.21589772403240204,0.04738246276974678,0.0864754319190979,0.21980991959571838,0.03602755069732666,0.3944069445133209,0.21144090592861176,0.031171150505542755,0.06661607325077057,0.21628905832767487,0.022057296708226204,0.45242562890052795
5,3,0.37056902050971985,3,0.4196856617927551,0.1461915373802185,0.07151198387145996,0.1284748762845993,0.37056902050971985,0.013073987327516079,0.2701786458492279,0.12971587479114532,0.05259834602475166,0.11019681394100189,0.4196856617927551,0.006157136056572199,0.281646192073822
5,3,0.34345385432243347,3,0.3737049698829651,0.19572623074054718,0.04794850945472717,0.07252568006515503,0.34345385432243347,0.011425883509218693,0.3289198577404022,0.18375255167484283,0.031123152002692223,0.05247504636645317,0.3737049698829651,0.005090623628348112,0.35385367274284363
5,5,0.3508566617965698,5,0.3968256115913391,0.20441874861717224,0.06788229942321777,0.12040586769580841,0.23307909071445465,0.023357341066002846,0.3508566617965698,0.20064854621887207,0.049895092844963074,0.10286102443933487,0.23679320514202118,0.012976551428437233,0.3968256115913391
5,5,0.27816811203956604,5,0.3024570345878601,0.1775079071521759,0.04064132273197174,0.18896907567977905,0.2533232271671295,0.06139042600989342,0.27816811203956604,0.1715489625930786,0.02667810395359993,0.185648113489151,0.2687636911869049,0.04490421712398529,0.3024570345878601
5,5,0.3505675792694092,5,0.3850449323654175,0.15682563185691833,0.028366971760988235,0.11127106845378876,0.32976892590522766,0.0231997761875391,0.3505675792694092,0.13947489857673645,0.016108455136418343,0.09043962508440018,0.3564349412918091,0.012497182004153728,0.3850449323654175
5,5,0.36142241954803467,5,0.40796393156051636,0.21708433330059052,0.06763041764497757,0.098955899477005,0.23749324679374695,0.017413657158613205,0.36142241954803467,0.21436288952827454,0.04917855188250542,0.07951429486274719,0.2401103526353836,0.008869944140315056,0.40796393156051636
5,1,0.2972458004951477,1,0.3284521996974945,0.18458615243434906,0.2972458004951477,0.10566776245832443,0.2055811882019043,0.015532179735600948,0.19138683378696442,0.1799975335597992,0.3284521996974945,0.0890120342373848,0.20621755719184875,0.007911508902907372,0.1884092092514038
5,3,0.3668891489505768,3,0.4112471640110016,0.1748143583536148,0.04734675586223602,0.126928448677063,0.3668891489505768,0.010172444395720959,0.2738487720489502,0.1613142192363739,0.031013157218694687,0.1076911985874176,0.4112471640110016,0.004450946114957333,0.2842833399772644
5,3,0.3531484007835388,3,0.40439674258232117,0.14114992320537567,0.05289196968078613,0.17197495698928833,0.3531484007835388,0.05492481589317322,0.22590988874435425,0.12706755101680756,0.036804188042879105,0.16305218636989594,0.40439674258232117,0.038598764687776566,0.2300805151462555
5,1,0.5042025446891785,1,0.5944833159446716,0.16708262264728546,0.5042025446891785,0.0687730610370636,0.10546910762786865,0.008941162377595901,0.1455315500497818,0.14743928611278534,0.5944833159446716,0.04807870462536812,0.08248668164014816,0.0036598306614905596,0.12385216355323792
5,5,0.2904289960861206,5,0.32004159688949585,0.20358775556087494,0.08370525389909744,0.16377989947795868,0.2267511785030365,0.031746841967105865,0.2904289960861206,0.20437948405742645,0.06655232608318329,0.15529391169548035,0.23416049778461456,0.019572170451283455,0.32004159688949585
5,4,0.2737174332141876,4,0.30234622955322266,0.13468168675899506,0.18544775247573853,0.23615574836730957,0.09008634090423584,0.2737174332141876,0.07991103082895279,0.12350993603467941,0.18495313823223114,0.2509467601776123,0.07434114068746567,0.30234622955322266,0.06390281766653061
5,1,0.24856993556022644,1,0.26876458525657654,0.1991196870803833,0.24856993556022644,0.14024794101715088,0.14661158621311188,0.05066530033946037,0.21478557586669922,0.20312447845935822,0.26876458525657654,0.13049893081188202,0.13801781833171844,0.03609144315123558,0.22350269556045532
5,3,0.19891022145748138,3,0.20779721438884735,0.16941431164741516,0.16262729465961456,0.17192555963993073,0.19891022145748138,0.1272074580192566,0.16991515457630157,0.16968506574630737,0.16114917397499084,0.17286638915538788,0.20779721438884735,0.11818360537290573,0.1703185737133026
5,5,0.35182255506515503,5,0.3867108225822449,0.1567411720752716,0.020612528547644615,0.12899601459503174,0.3193279802799225,0.02249975875020027,0.35182255506515503,0.13935306668281555,0.01076221838593483,0.10897107422351837,0.34218207001686096,0.012020730413496494,0.3867108225822449
5,3,0.2630615234375,3,0.28921937942504883,0.14490588009357452,0.11755390465259552,0.25172287225723267,0.2630615234375,0.0930374339222908,0.12971840798854828,0.13624149560928345,0.10462230443954468,0.2735724151134491,0.28921937942504883,0.07787417620420456,0.11847016960382462
5,5,0.3280147910118103,5,0.3710712194442749,0.22428731620311737,0.11723708361387253,0.1173621118068695,0.18475407361984253,0.02834467962384224,0.3280147910118103,0.22964341938495636,0.10124972462654114,0.10138606280088425,0.17978310585021973,0.01686646230518818,0.3710712194442749
5,5,0.2837294638156891,5,0.3079228699207306,0.1565195620059967,0.027961289510130882,0.19903311133384705,0.26604774594306946,0.06670889258384705,0.2837294638156891,0.14532028138637543,0.016521824523806572,0.19681724905967712,0.28389981389045715,0.04951797425746918,0.3079228699207306
5,5,0.2870258688926697,5,0.3125511705875397,0.15669868886470795,0.021614305675029755,0.18778133392333984,0.26568883657455444,0.08119098097085953,0.2870258688926697,0.14557932317256927,0.011941290460526943,0.18293873965740204,0.2835119962692261,0.063477523624897,0.3125511705875397
5,3,0.472428560256958,3,0.5293930172920227,0.11663487553596497,0.020420925691723824,0.0653429850935936,0.472428560256958,0.004086762201040983,0.32108592987060547,0.09054779261350632,0.010036316700279713,0.04357405751943588,0.5293930172920227,0.00131692411378026,0.32513195276260376
5,5,0.31178930401802063,5,0.3431047201156616,0.1613452285528183,0.020715713500976562,0.13106614351272583,0.2944914996623993,0.08059211820363998,0.31178930401802063,0.14936742186546326,0.01119198277592659,0.11489659547805786,0.3192526400089264,0.06218661740422249,0.3431047201156616
5,5,0.3844722807407379,5,0.44133007526397705,0.2226344347000122,0.1171964704990387,0.07733380049467087,0.1829918920993805,0.015371088869869709,0.3844722807407379,0.22143039107322693,0.09850138425827026,0.05828103423118591,0.17287535965442657,0.007581687066704035,0.44133007526397705
5,1,0.33820128440856934,1,0.3921075463294983,0.1502888947725296,0.33820128440856934,0.17845945060253143,0.1463989019393921,0.07100633531808853,0.11564520001411438,0.14084355533123016,0.3921075463294983,0.17495478689670563,0.13625729084014893,0.054660215973854065,0.10117658227682114
5,4,0.28986141085624695,4,0.3204699754714966,0.15258769690990448,0.022330347448587418,0.17884325981140137,0.13509559631347656,0.28986141085624695,0.22128170728683472,0.1425611525774002,0.012600729241967201,0.1741989701986313,0.12225007265806198,0.3204699754714966,0.22791913151741028
5,5,0.3382226228713989,5,0.3731648623943329,0.17734961211681366,0.016143806278705597,0.1197488009929657,0.3001995384693146,0.04833568260073662,0.3382226228713989,0.16518348455429077,0.008017885498702526,0.10061383247375488,0.32101044058799744,0.03200952708721161,0.3731648623943329
5,5,0.41488155722618103,5,0.4809453785419464,0.20733565092086792,0.037654634565114975,0.1119295209646225,0.19072659313678741,0.03747203201055527,0.41488155722618103,0.20035776495933533,0.023257941007614136,0.09200942516326904,0.180313840508461,0.02311565726995468,0.4809453785419464
5,5,0.37888145446777344,5,0.4336777627468109,0.24426701664924622,0.10315820574760437,0.08239264786243439,0.17173920571804047,0.019561467692255974,0.37888145446777344,0.24917848408222198,0.083932064473629,0.06319767236709595,0.15972523391246796,0.010288841091096401,0.4336777627468109
5,5,0.3234194219112396,5,0.36029332876205444,0.18966321647167206,0.0657494068145752,0.10818056017160416,0.2743927836418152,0.038594603538513184,0.3234194219112396,0.1836792230606079,0.048222966492176056,0.09041720628738403,0.29277312755584717,0.024614160880446434,0.36029332876205444
5,5,0.2864249646663666,5,0.3116587996482849,0.17627237737178802,0.04640941321849823,0.17953279614448547,0.26803335547447205,0.043327078223228455,0.2864249646663666,0.16886432468891144,0.03132528439164162,0.17281673848628998,0.2866126298904419,0.028722185641527176,0.3116587996482849
5,5,0.3488503694534302,5,0.3884056508541107,0.21535640954971313,0.09585218876600266,0.0781870111823082,0.25660765171051025,0.00514632323756814,0.3488503694534302,0.21127215027809143,0.076041080057621,0.05879895016551018,0.26358678936958313,0.0018954144325107336,0.3884056508541107
5,5,0.2221391350030899,5,0.232722207903862,0.17069825530052185,0.150896355509758,0.19815479218959808,0.22213035821914673,0.035981107503175735,0.2221391350030899,0.16688895225524902,0.14283254742622375,0.20146441459655762,0.232710599899292,0.023381343111395836,0.232722207903862
5,4,0.25493305921554565,4,0.278323769569397,0.17972321808338165,0.0787777528166771,0.1610892117023468,0.10086895525455475,0.25493305921554565,0.22460785508155823,0.17901712656021118,0.06319932639598846,0.15591371059417725,0.0863441526889801,0.278323769569397,0.237201988697052
5,5,0.28112301230430603,5,0.310769259929657,0.18531043827533722,0.03942807391285896,0.16684454679489136,0.2131013721227646,0.11419250071048737,0.28112301230430603,0.18363405764102936,0.026032788679003716,0.1608438342809677,0.21905940771102905,0.0996607318520546,0.310769259929657
5,3,0.36403778195381165,3,0.413206547498703,0.09134896099567413,0.007940576411783695,0.1925753802061081,0.36403778195381165,0.11678504943847656,0.22731216251850128,0.07214152812957764,0.003303669858723879,0.18495401740074158,0.413206547498703,0.09836932271718979,0.22802487015724182
5,3,0.40665262937545776,3,0.47308558225631714,0.11925386637449265,0.031629983335733414,0.14541921019554138,0.40665262937545776,0.06895609200000763,0.22808824479579926,0.10055644065141678,0.018828360363841057,0.12917020916938782,0.47308558225631714,0.05036071687936783,0.22799859941005707
5,1,0.5399155616760254,1,0.64217609167099,0.141245037317276,0.5399155616760254,0.11814218014478683,0.08156035095453262,0.018083637580275536,0.10105329751968384,0.11817041784524918,0.64217609167099,0.0943167582154274,0.05908002704381943,0.008822782896459103,0.07743392884731293
5,3,0.27158600091934204,3,0.29541176557540894,0.15467198193073273,0.18985065817832947,0.12620575726032257,0.27158600091934204,0.022310668602585793,0.23537494242191315,0.14513874053955078,0.18799012899398804,0.11227290332317352,0.29541176557540894,0.012596690095961094,0.24658972024917603
5,3,0.2946568727493286,3,0.3267565071582794,0.16512075066566467,0.07420097291469574,0.1396816223859787,0.2946568727493286,0.06035555526614189,0.2659841775894165,0.15729649364948273,0.05730350688099861,0.12734799087047577,0.3267565071582794,0.04415259510278702,0.2871430218219757
5,4,0.31490230560302734,4,0.35043829679489136,0.09308959543704987,0.012372810393571854,0.2143922746181488,0.198055699467659,0.31490230560302734,0.16718736290931702,0.07524373382329941,0.0058896103873848915,0.21569374203681946,0.19515717029571533,0.35043829679489136,0.1575775295495987
5,5,0.25294217467308044,5,0.2747059762477875,0.2074531614780426,0.08159002661705017,0.18237265944480896,0.19898277521133423,0.0766591727733612,0.25294217467308044,0.21388307213783264,0.06585045903921127,0.1817748099565506,0.20291854441165924,0.06086711585521698,0.2747059762477875
5,5,0.2985861897468567,5,0.33498048782348633,0.18778730928897858,0.038311827927827835,0.16516223549842834,0.18458491563796997,0.1255674809217453,0.2985861897468567,0.18654067814350128,0.025079356506466866,0.15863148868083954,0.18253391981124878,0.11223409324884415,0.33498048782348633
5,3,0.3034595549106598,3,0.33839595317840576,0.17620211839675903,0.08789519220590591,0.12106133997440338,0.3034595549106598,0.05142173543572426,0.2599601149559021,0.17036966979503632,0.07081057876348495,0.10607636719942093,0.33839595317840576,0.03599107265472412,0.2783564329147339
5,3,0.26756981015205383,3,0.29071927070617676,0.1575588434934616,0.10267765820026398,0.2351018339395523,0.26756981015205383,0.034324806183576584,0.202767014503479,0.14898261427879333,0.08677136152982712,0.24691781401634216,0.29071927070617676,0.02175978012382984,0.20484910905361176
5,5,0.33419278264045715,5,0.37825021147727966,0.20174099504947662,0.07006103545427322,0.12726029753684998,0.22579838335514069,0.04094638675451279,0.33419278264045715,0.20001552999019623,0.05263010412454605,0.11180510371923447,0.23058299720287323,0.02671605534851551,0.37825021147727966
5,3,0.5988641977310181,3,0.6959643959999084,0.08254006505012512,0.02164386212825775,0.0865330845117569,0.5988641977310181,0.01493836659938097,0.19548042118549347,0.05703086778521538,0.01052581425756216,0.060535553842782974,0.6959643959999084,0.006591341458261013,0.16935202479362488
5,3,0.3070613443851471,3,0.3384179472923279,0.16106173396110535,0.09550275653600693,0.14064569771289825,0.3070613443851471,0.017438184469938278,0.2782902717590332,0.1498633772134781,0.07747595757246017,0.12629462778568268,0.3384179472923279,0.009054974652826786,0.2988930940628052
5,5,0.3623625338077545,5,0.41189882159233093,0.23131275177001953,0.07369736582040787,0.10495204478502274,0.20481686294078827,0.02285846695303917,0.3623625338077545,0.2337217926979065,0.05515936762094498,0.08618713170289993,0.200448676943779,0.01258414052426815,0.41189882159233093
5,3,0.33370834589004517,3,0.3736189603805542,0.10983141511678696,0.022919727489352226,0.24615153670310974,0.33370834589004517,0.07703392952680588,0.21035504341125488,0.09186656028032303,0.012708435766398907,0.25444167852401733,0.3736189603805542,0.0587078295648098,0.2086564600467682
5,5,0.3043903410434723,5,0.3307628333568573,0.19600112736225128,0.016719361767172813,0.1015932708978653,0.07882369309663773,0.3024722933769226,0.3043903410434723,0.18975195288658142,0.008485201746225357,0.08277773857116699,0.060088299214839935,0.3281339704990387,0.3307628333568573
5,3,0.29278913140296936,3,0.317089319229126,0.1686047911643982,0.19678641855716705,0.0669872909784317,0.29278913140296936,0.010239469818770885,0.2645929455757141,0.15798290073871613,0.1920202523469925,0.04926673695445061,0.317089319229126,0.004600643180310726,0.2790401577949524
5,3,0.31908637285232544,3,0.356398344039917,0.1710776537656784,0.09462206065654755,0.14348189532756805,0.31908637285232544,0.020674539729952812,0.2510574162006378,0.16225303709506989,0.07682628184556961,0.1299428790807724,0.356398344039917,0.011262685991823673,0.26331666111946106
5,5,0.21252833306789398,5,0.2233099341392517,0.1989709883928299,0.17045247554779053,0.1875137984752655,0.15994000434875488,0.0705944374203682,0.21252833306789398,0.20548023283481598,0.16902689635753632,0.1906583160161972,0.1559753715991974,0.055549293756484985,0.2233099341392517
5,5,0.4259992241859436,5,0.4952186048030853,0.21660079061985016,0.033686988055706024,0.1018771082162857,0.17743811011314392,0.04439786076545715,0.4259992241859436,0.21085156500339508,0.020124778151512146,0.08136636018753052,0.16392263770103455,0.028516042977571487,0.4952186048030853
5,3,0.2747334837913513,3,0.29547756910324097,0.12011212855577469,0.014954674057662487,0.2518150210380554,0.2747334837913513,0.10454140603542328,0.23384319245815277,0.1039736345410347,0.007494058925658464,0.2647092044353485,0.29547756910324097,0.08725778013467789,0.24108774960041046
5,5,0.4564628601074219,5,0.5342034697532654,0.21451492607593536,0.019682003185153008,0.11747658252716064,0.13582198321819305,0.056041546165943146,0.4564628601074219,0.20592764019966125,0.010095909237861633,0.09629342705011368,0.11565109342336655,0.03782844915986061,0.5342034697532654
5,5,0.3270973265171051,5,0.36791056394577026,0.17417791485786438,0.026887746527791023,0.15775445103645325,0.23546549677848816,0.07861704379320145,0.3270973265171051,0.166054829955101,0.01570054143667221,0.14653964340686798,0.24296241998672485,0.06083200126886368,0.36791056394577026
5,5,0.3411504924297333,5,0.3806006610393524,0.12373699992895126,0.0065961661748588085,0.1486484259366989,0.280981183052063,0.09888681769371033,0.3411504924297333,0.10579437017440796,0.0026133712381124496,0.13335950672626495,0.2979140877723694,0.07971803843975067,0.3806006610393524
5,5,0.31636542081832886,5,0.35631808638572693,0.21302875876426697,0.08950541168451309,0.14319665729999542,0.1996232122182846,0.038280535489320755,0.31636542081832886,0.21628409624099731,0.07238182425498962,0.1309962123632431,0.1992468535900116,0.024772904813289642,0.35631808638572693
5,2,0.2562423050403595,2,0.2747052013874054,0.10788194835186005,0.028447765856981277,0.2562423050403595,0.2544640600681305,0.15890051424503326,0.19406339526176453,0.09217038750648499,0.017131831496953964,0.2747052013874054,0.2723008394241333,0.1502770185470581,0.19341473281383514
5,3,0.29330408573150635,3,0.3228144943714142,0.14749865233898163,0.034795768558979034,0.18852566182613373,0.29330408573150635,0.07819955050945282,0.25767630338668823,0.13554929196834564,0.021890725940465927,0.18477526307106018,0.3228144943714142,0.06084265187382698,0.2741275429725647
5,5,0.29619693756103516,5,0.32517221570014954,0.1368897408246994,0.006764130666851997,0.1785970777273178,0.24165476858615875,0.13989728689193726,0.29619693756103516,0.12273101508617401,0.002754842396825552,0.17169693112373352,0.25150027871131897,0.12614470720291138,0.32517221570014954
5,5,0.3688466250896454,5,0.42420482635498047,0.1583232581615448,0.026274805888533592,0.14387241005897522,0.22143115103244781,0.08125171810388565,0.3688466250896454,0.1458495855331421,0.015109457075595856,0.1292504221200943,0.22275376319885254,0.06283199042081833,0.42420482635498047
5,5,0.2875460982322693,5,0.31867459416389465,0.25096097588539124,0.09418974071741104,0.16034623980522156,0.15425826609134674,0.052698712795972824,0.2875460982322693,0.26837357878685,0.0778881087899208,0.15245741605758667,0.14518699049949646,0.037419382482767105,0.31867459416389465
5,5,0.3102959990501404,5,0.3385688364505768,0.15113158524036407,0.01594129391014576,0.1661841869354248,0.2982318103313446,0.058215126395225525,0.3102959990501404,0.13653869926929474,0.007982361130416393,0.15392491221427917,0.32203730940818787,0.04094782844185829,0.3385688364505768
5,4,0.2080138474702835,4,0.21646881103515625,0.15469472110271454,0.05845266953110695,0.2026194930076599,0.1759326308965683,0.2080138474702835,0.20028656721115112,0.14894750714302063,0.04359786957502365,0.20940661430358887,0.17521168291568756,0.21646881103515625,0.20636755228042603
5,1,0.4245470464229584,1,0.495985746383667,0.1426808089017868,0.4245470464229584,0.08743451535701752,0.19110968708992004,0.0119612542912364,0.14226670563220978,0.12521614134311676,0.495985746383667,0.06748010963201523,0.18108265101909637,0.0054777925834059715,0.12475752085447311
5,5,0.33286741375923157,5,0.3786328136920929,0.19508199393749237,0.02850310504436493,0.11261919140815735,0.1353464424610138,0.19558185338974,0.33286741375923157,0.19287672638893127,0.01701333560049534,0.09639887511730194,0.12157735973596573,0.193500816822052,0.3786328136920929
5,5,0.3792380690574646,5,0.4394184947013855,0.25109487771987915,0.05265653505921364,0.0941384881734848,0.11994481831789017,0.10292723774909973,0.3792380690574646,0.2611081004142761,0.036345094442367554,0.07567647844552994,0.10274967551231384,0.08470212668180466,0.4394184947013855
5,3,0.23023167252540588,3,0.24507704377174377,0.16822372376918793,0.0786869078874588,0.21390047669410706,0.23023167252540588,0.09545563161373138,0.21350161731243134,0.16491852700710297,0.06319840997457504,0.22333957254886627,0.24507704377174377,0.08065251260995865,0.22281397879123688
5,3,0.3775535821914673,3,0.42477095127105713,0.10866692662239075,0.008122697472572327,0.1639677882194519,0.3775535821914673,0.05918382853269577,0.28250524401664734,0.08817832916975021,0.0033375711645931005,0.14821720123291016,0.42477095127105713,0.040947671979665756,0.29454827308654785
5,5,0.2838168144226074,5,0.3121055066585541,0.19511733949184418,0.016417881473898888,0.19614681601524353,0.15630927681922913,0.15219193696975708,0.2838168144226074,0.19447341561317444,0.008547474630177021,0.19576959311962128,0.14698730409145355,0.14211668074131012,0.3121055066585541
5,3,0.34646838903427124,3,0.39075660705566406,0.12247270345687866,0.017496634274721146,0.18534985184669495,0.34646838903427124,0.08067372441291809,0.24753864109516144,0.10514503717422485,0.009015250951051712,0.17740105092525482,0.39075660705566406,0.062074288725852966,0.25560781359672546
5,4,0.390434205532074,4,0.4556722044944763,0.11942224949598312,0.05831528827548027,0.23784874379634857,0.09451047331094742,0.390434205532074,0.09946896135807037,0.10214326530694962,0.0413266159594059,0.24374230206012726,0.07602318376302719,0.4556722044944763,0.08109242469072342
5,3,0.2745378315448761,3,0.30124449729919434,0.19203828275203705,0.08468330651521683,0.15440423786640167,0.2745378315448761,0.05486822873353958,0.239468052983284,0.1918584704399109,0.0682486891746521,0.14567945897579193,0.30124449729919434,0.03946085646748543,0.25350794196128845
5,5,0.28317973017692566,5,0.3139459490776062,0.18521441519260406,0.13935673236846924,0.14359234273433685,0.2104571908712387,0.038199618458747864,0.28317973017692566,0.18369168043136597,0.1282707154750824,0.13321174681186676,0.21584263443946838,0.025037316605448723,0.3139459490776062
5,5,0.27747514843940735,5,0.30684006214141846,0.21204368770122528,0.057137418538331985,0.15920689702033997,0.19723863899707794,0.09689822793006897,0.27747514843940735,0.21850864589214325,0.04173901304602623,0.15217718482017517,0.19942891597747803,0.08130628615617752,0.30684006214141846
5,5,0.3106183707714081,5,0.3450334668159485,0.12539124488830566,0.00874365121126175,0.17832645773887634,0.2294737547636032,0.14744649827480316,0.3106183707714081,0.1097836121916771,0.003806371008977294,0.17124399542808533,0.2354327291250229,0.13469985127449036,0.3450334668159485
5,5,0.4847816228866577,5,0.5637956261634827,0.1872592568397522,0.010477740317583084,0.09160259366035461,0.1884223371744156,0.037456393241882324,0.4847816228866577,0.16968072950839996,0.00445576012134552,0.06880522519350052,0.17101220786571503,0.022250475361943245,0.5637956261634827
5,5,0.3119449019432068,5,0.3434915244579315,0.18817022442817688,0.0831252932548523,0.11848782002925873,0.2798335552215576,0.01843820884823799,0.3119449019432068,0.18146440386772156,0.06469633430242538,0.10120681673288345,0.2994743883609772,0.009666528552770615,0.3434915244579315
5,2,0.2440594732761383,2,0.26306232810020447,0.14187896251678467,0.05192508548498154,0.2440594732761383,0.2216506004333496,0.1611500084400177,0.17933592200279236,0.13263927400112152,0.03729027137160301,0.26306232810020447,0.23294733464717865,0.15577466785907745,0.1782861202955246
5,2,0.2551174759864807,2,0.280256986618042,0.163358673453331,0.1983034610748291,0.2551174759864807,0.16489382088184357,0.07757557928562164,0.14075098931789398,0.159648135304451,0.2039109319448471,0.280256986618042,0.16154438257217407,0.06235786899924278,0.13228179514408112
5,1,0.26411595940589905,1,0.28707268834114075,0.1977188140153885,0.26411595940589905,0.13936883211135864,0.15910305082798004,0.02754083089530468,0.21215249598026276,0.19918331503868103,0.28707268834114075,0.1280917078256607,0.15139919519424438,0.01654144562780857,0.2177116572856903
5,2,0.2197965681552887,2,0.23088565468788147,0.1780162900686264,0.19229599833488464,0.2197965681552887,0.19825927913188934,0.0436520054936409,0.1679798662662506,0.1769345998764038,0.19503630697727203,0.23088565468788147,0.20270228385925293,0.03000483289361,0.16443634033203125
5,5,0.27417102456092834,5,0.29512566328048706,0.2422417849302292,0.20501074194908142,0.09692302346229553,0.17264260351657867,0.009010841138660908,0.27417102456092834,0.2524213492870331,0.20447441935539246,0.07941946387290955,0.16460004448890686,0.0039590103551745415,0.29512566328048706
5,5,0.3837791085243225,5,0.4329124093055725,0.2178555428981781,0.038733161985874176,0.09688670188188553,0.24589335918426514,0.016852114349603653,0.3837791085243225,0.21181994676589966,0.02393757924437523,0.07616101205348969,0.2467971295118332,0.00837188120931387,0.4329124093055725
5,5,0.3112978935241699,5,0.34508195519447327,0.19311308860778809,0.036598145961761475,0.14056998491287231,0.2594493329524994,0.05897149816155434,0.3112978935241699,0.18886488676071167,0.023135239258408546,0.12648706138134003,0.27418193221092224,0.042248956859111786,0.34508195519447327
5,1,0.47126269340515137,1,0.5597226619720459,0.17816971242427826,0.47126269340515137,0.10330630838871002,0.07958634942770004,0.03301740065217018,0.13465748727321625,0.16394959390163422,0.5597226619720459,0.08239448815584183,0.059277016669511795,0.019522685557603836,0.11513350903987885
5,5,0.21350574493408203,5,0.22449688613414764,0.18963249027729034,0.1457255631685257,0.17981833219528198,0.19964751601219177,0.07167037576436996,0.21350574493408203,0.19328680634498596,0.13861683011054993,0.18074579536914825,0.2062612771987915,0.056592389941215515,0.22449688613414764
5,3,0.22700215876102448,3,0.240518257021904,0.17515242099761963,0.07775475084781647,0.21930274367332458,0.22700215876102448,0.09077123552560806,0.210016667842865,0.1733754277229309,0.062196034938097,0.23026622831821442,0.240518257021904,0.07561728358268738,0.21802681684494019
5,4,0.2923528254032135,4,0.3160811960697174,0.17287833988666534,0.005639748182147741,0.15198466181755066,0.08975474536418915,0.2923528254032135,0.2873896658420563,0.16284240782260895,0.0021640961058437824,0.1384042501449585,0.07118551433086395,0.3160811960697174,0.3093224763870239
5,5,0.3597572445869446,5,0.4038946032524109,0.17697803676128387,0.029340893030166626,0.13186943531036377,0.2701754868030548,0.03187890350818634,0.3597572445869446,0.1649467945098877,0.017065973952412605,0.11377427726984024,0.2813681662082672,0.01895022764801979,0.4038946032524109
5,3,0.45694154500961304,3,0.5360515117645264,0.13288614153862,0.054141391068696976,0.11600398272275925,0.45694154500961304,0.02642044983804226,0.21360644698143005,0.1127442866563797,0.036293789744377136,0.09497428685426712,0.5360515117645264,0.01467206422239542,0.2052641063928604
5,5,0.29987233877182007,5,0.33396315574645996,0.18239472806453705,0.025978220626711845,0.19557420909404755,0.19022880494594574,0.10595162212848663,0.29987233877182007,0.17828801274299622,0.015228158794343472,0.19470232725143433,0.18800877034664154,0.0898096114397049,0.33396315574645996
5,5,0.33369648456573486,5,0.3737117648124695,0.1599617600440979,0.02817511558532715,0.15772031247615814,0.2623666524887085,0.05807964503765106,0.33369648456573486,0.1477123498916626,0.01649676449596882,0.145104318857193,0.27586135268211365,0.041113391518592834,0.3737117648124695
5,5,0.3494654893875122,5,0.38874584436416626,0.19137156009674072,0.11082921177148819,0.06300804018974304,0.2772175669670105,0.008108135312795639,0.3494654893875122,0.18176978826522827,0.09121324867010117,0.04471476748585701,0.29019635915756226,0.003360011614859104,0.38874584436416626
5,5,0.46235743165016174,5,0.5344756245613098,0.23773488402366638,0.03974609449505806,0.06313320249319077,0.17298835515975952,0.024040037766098976,0.46235743165016174,0.230806365609169,0.024134580045938492,0.04328426718711853,0.15450569987297058,0.012793493457138538,0.5344756245613098
5,5,0.2663790285587311,5,0.28987979888916016,0.2232953906059265,0.13531115651130676,0.12644565105438232,0.21355535089969635,0.03501342609524727,0.2663790285587311,0.2320035845041275,0.12327376008033752,0.1131669133901596,0.21930243074893951,0.022373486310243607,0.28987979888916016
5,1,0.2491331398487091,1,0.26954400539398193,0.17308734357357025,0.2491331398487091,0.15532569587230682,0.2135225385427475,0.04514187574386597,0.16378945112228394,0.17020221054553986,0.26954400539398193,0.148458793759346,0.22185347974300385,0.031198740005493164,0.15874290466308594
5,5,0.3366487920284271,5,0.3832024335861206,0.19853337109088898,0.026774264872074127,0.13603965938091278,0.19371502101421356,0.10828889906406403,0.3366487920284271,0.1967485100030899,0.015685630962252617,0.12208731472492218,0.1907399743795395,0.09153617918491364,0.3832024335861206
5,5,0.4086959660053253,5,0.4646233320236206,0.18240490555763245,0.020416447892785072,0.0907735675573349,0.26387372612953186,0.033835384994745255,0.4086959660053253,0.16780763864517212,0.010573665611445904,0.06953698396682739,0.26745158433914185,0.020006835460662842,0.4646233320236206
5,5,0.3379529118537903,5,0.3833484947681427,0.16745002567768097,0.01992660015821457,0.1626124531030655,0.21381565928459167,0.09824234247207642,0.3379529118537903,0.15798182785511017,0.010754873044788837,0.15224231779575348,0.21508657932281494,0.08058589696884155,0.3833484947681427
5,1,0.2849738895893097,1,0.31471699476242065,0.2091183066368103,0.2849738895893097,0.1514984369277954,0.13169291615486145,0.027186071500182152,0.19553044438362122,0.2129320651292801,0.31471699476242065,0.14175206422805786,0.11877347528934479,0.016207745298743248,0.1956176459789276
5,5,0.3640303611755371,5,0.4155619442462921,0.17679846286773682,0.044642530381679535,0.11561930924654007,0.24733799695968628,0.05157134309411049,0.3640303611755371,0.16698653995990753,0.02938491851091385,0.09768759459257126,0.25512367486953735,0.03525529429316521,0.4155619442462921
5,1,0.25653499364852905,1,0.28172165155410767,0.17295238375663757,0.25653499364852905,0.1803465336561203,0.14919838309288025,0.0668286457657814,0.1741390973329544,0.1712682843208313,0.28172165155410767,0.18056286871433258,0.142128124833107,0.05156596004962921,0.17275309562683105
5,5,0.3731692135334015,5,0.42542701959609985,0.20574259757995605,0.03592709079384804,0.12821272015571594,0.22008229792118073,0.03686612844467163,0.3731692135334015,0.20063148438930511,0.022163840010762215,0.11043751239776611,0.21844254434108734,0.02289762906730175,0.42542701959609985
5,1,0.2063460797071457,1,0.21412137150764465,0.2059192657470703,0.2063460797071457,0.1528661549091339,0.1823926866054535,0.05623268336057663,0.19624313712120056,0.21356241405010223,0.21412137150764465,0.14661963284015656,0.18323607742786407,0.04148735851049423,0.20097316801548004
5,5,0.30446574091911316,5,0.3433954119682312,0.21941179037094116,0.05157908797264099,0.15788455307483673,0.15382668375968933,0.11283218860626221,0.30446574091911316,0.22708384692668915,0.03651105612516403,0.149888277053833,0.14504167437553406,0.09807974845170975,0.3433954119682312
5,3,0.28912121057510376,3,0.31498029828071594,0.18165980279445648,0.13125218451023102,0.10470695793628693,0.28912121057510376,0.01698768325150013,0.27627211809158325,0.17519035935401917,0.11623143404722214,0.08738679438829422,0.31498029828071594,0.008797770366072655,0.2974133789539337
5,5,0.3041308522224426,5,0.3343539535999298,0.22234255075454712,0.144773930311203,0.09305232763290405,0.22650334239006042,0.00919696968048811,0.3041308522224426,0.2251521497964859,0.13099528849124908,0.07497680932283401,0.2304840087890625,0.004037750419229269,0.3343539535999298
5,4,0.22757689654827118,4,0.24241314828395844,0.1684284657239914,0.07719805091619492,0.18564775586128235,0.11729532480239868,0.22757689654827118,0.22385355830192566,0.16578611731529236,0.06192202866077423,0.18746231496334076,0.10499914735555649,0.24241314828395844,0.2374172806739807
5,2,0.2678743004798889,2,0.2997085452079773,0.14378559589385986,0.13071966171264648,0.2678743004798889,0.16605916619300842,0.1612834632396698,0.1302778124809265,0.13664273917675018,0.12115927785634995,0.2997085452079773,0.16388709843158722,0.15795983374118805,0.1206425279378891
5,1,0.27074962854385376,1,0.2959730625152588,0.15659712255001068,0.27074962854385376,0.12418519705533981,0.22261352837085724,0.03236823529005051,0.19348619878292084,0.14827923476696014,0.2959730625152588,0.11064759641885757,0.2311692237854004,0.020266517996788025,0.1936643272638321
5,5,0.27938082814216614,5,0.3065325915813446,0.17978495359420776,0.053937509655952454,0.16433574259281158,0.2503626048564911,0.07219840586185455,0.27938082814216614,0.17571310698986053,0.03843771666288376,0.15687178075313568,0.2669030427932739,0.05554182827472687,0.3065325915813446
5,2,0.2806101441383362,2,0.3167329728603363,0.14035147428512573,0.14968544244766235,0.2806101441383362,0.17475903034210205,0.11926768720149994,0.13532626628875732,0.1320878565311432,0.14327223598957062,0.3167329728603363,0.17420846223831177,0.10755252093076706,0.12614597380161285
5,5,0.4315111041069031,5,0.4993817210197449,0.17559011280536652,0.008671675808727741,0.1125468909740448,0.21275123953819275,0.0589289590716362,0.4315111041069031,0.16050437092781067,0.0036002162378281355,0.09154589474201202,0.20451883971691132,0.040448885411024094,0.4993817210197449
5,5,0.39843395352363586,5,0.44939103722572327,0.18907034397125244,0.027660831809043884,0.08580631762742996,0.2760831415653229,0.02294531837105751,0.39843395352363586,0.17536917328834534,0.015494530089199543,0.06468869000673294,0.2828185558319092,0.01223799679428339,0.44939103722572327
5,5,0.25844985246658325,5,0.2817879021167755,0.15327204763889313,0.05887695774435997,0.17319372296333313,0.23821550607681274,0.11799189448356628,0.25844985246658325,0.14570465683937073,0.04354476183652878,0.1700068712234497,0.2542298138141632,0.10472597926855087,0.2817879021167755
5,3,0.3455721437931061,3,0.394550085067749,0.13523375988006592,0.060048412531614304,0.17578542232513428,0.3455721437931061,0.05329335853457451,0.23006698489189148,0.12071029841899872,0.04331645742058754,0.16808371245861053,0.394550085067749,0.0372585654258728,0.2360808551311493
5,5,0.39215603470802307,5,0.4500850737094879,0.1610831767320633,0.011121529154479504,0.1391027718782425,0.22837847471237183,0.06815797090530396,0.39215603470802307,0.1463872790336609,0.00501227006316185,0.12163877487182617,0.22744955122470856,0.04942711815237999,0.4500850737094879
5,3,0.27697646617889404,3,0.3044293522834778,0.17483994364738464,0.13477490842342377,0.1548582762479782,0.27697646617889404,0.031394824385643005,0.22715555131435394,0.17031855881214142,0.12262360006570816,0.1461258828639984,0.3044293522834778,0.01948980614542961,0.23701275885105133
5,5,0.36509156227111816,5,0.4174862802028656,0.2355097085237503,0.051691703498363495,0.11021845787763596,0.19046711921691895,0.047021493315696716,0.36509156227111816,0.24004662036895752,0.0353926420211792,0.09204982966184616,0.18361960351467133,0.031404998153448105,0.4174862802028656
5,1,0.24966654181480408,1,0.2693440616130829,0.20211169123649597,0.24966654181480408,0.1331234723329544,0.1706043779850006,0.03998845815658569,0.20450547337532043,0.20628181099891663,0.2693440616130829,0.12177176028490067,0.1665516048669815,0.026679936796426773,0.20937077701091766
5,5,0.3605206310749054,5,0.41286420822143555,0.17074152827262878,0.018386831507086754,0.15271629393100739,0.2069430947303772,0.09069155901670456,0.3605206310749054,0.16071370244026184,0.009644705802202225,0.1396002620458603,0.20486879348754883,0.07230830937623978,0.41286420822143555
5,5,0.3451245129108429,5,0.39027759432792664,0.14364978671073914,0.015283954329788685,0.1584288626909256,0.24389170110225677,0.09362118691205978,0.3451245129108429,0.12907010316848755,0.0076287067495286465,0.14605401456356049,0.25178787112236023,0.07518166303634644,0.39027759432792664
5,3,0.3754320442676544,3,0.4345264136791229,0.13476547598838806,0.16411146521568298,0.14920885860919952,0.3754320442676544,0.013943665660917759,0.16253845393657684,0.11921220272779465,0.15287253260612488,0.13556186854839325,0.4345264136791229,0.006801899056881666,0.15102514624595642
5,4,0.33763816952705383,4,0.37877655029296875,0.08720655739307404,0.005108070559799671,0.1842755228281021,0.1721055805683136,0.33763816952705383,0.21366620063781738,0.06858543306589127,0.001908189500682056,0.17635983228683472,0.1617863029241562,0.37877655029296875,0.2125837504863739
5,1,0.4141441285610199,1,0.48390993475914,0.17009779810905457,0.4141441285610199,0.11043763905763626,0.1289294958114624,0.011466171592473984,0.1649247109889984,0.15736840665340424,0.48390993475914,0.0912262573838234,0.1109163761138916,0.005227894522249699,0.15135101974010468
5,5,0.31099802255630493,5,0.3460269868373871,0.15683628618717194,0.03322993963956833,0.21448566019535065,0.22040414810180664,0.06404600292444229,0.31099802255630493,0.14581190049648285,0.02056172676384449,0.2164783775806427,0.2240462601184845,0.047074735164642334,0.3460269868373871
5,2,0.20510540902614594,2,0.21388833224773407,0.19776253402233124,0.15762551128864288,0.20510540902614594,0.1763160228729248,0.07575227320194244,0.1874382644891739,0.20426777005195618,0.15340310335159302,0.21388833224773407,0.17671272158622742,0.060828715562820435,0.19089938700199127
5,5,0.33369165658950806,5,0.36844053864479065,0.15967459976673126,0.07682865113019943,0.1008276715874672,0.31224533915519714,0.016732025891542435,0.33369165658950806,0.14530156552791595,0.05770307406783104,0.08132614940404892,0.3388041853904724,0.008424441330134869,0.36844053864479065
5,5,0.33369097113609314,5,0.3812670409679413,0.18846479058265686,0.03342124819755554,0.17724519968032837,0.15324749052524567,0.11393027007579803,0.33369097113609314,0.1853604018688202,0.020879210904240608,0.17154084146022797,0.1427609771490097,0.09819148480892181,0.3812670409679413
5,5,0.4106919765472412,5,0.4707053601741791,0.17305561900138855,0.043658748269081116,0.10259829461574554,0.24962107837200165,0.020374281331896782,0.4106919765472412,0.15810391306877136,0.027790745720267296,0.08171971142292023,0.2510615885257721,0.010618644766509533,0.4707053601741791
5,3,0.3130767345428467,3,0.35065412521362305,0.1662171185016632,0.1255699098110199,0.1658344268798828,0.3130767345428467,0.016707291826605797,0.21259455382823944,0.15767337381839752,0.1106659322977066,0.15721525251865387,0.35065412521362305,0.00867366325110197,0.2151176482439041
5,5,0.3573487401008606,5,0.40570908784866333,0.21567583084106445,0.06054997071623802,0.11890818178653717,0.21933528780937195,0.028181975707411766,0.3573487401008606,0.21448075771331787,0.04314731806516647,0.10114677995443344,0.2190849483013153,0.01643110066652298,0.40570908784866333
5,3,0.330922394990921,3,0.3723772168159485,0.13387419283390045,0.036666788160800934,0.2096232771873474,0.330922394990921,0.061548907309770584,0.2273644208908081,0.11880485713481903,0.02316574566066265,0.2092529982328415,0.3723772168159485,0.04454649239778519,0.23185262084007263
5,5,0.3656045198440552,5,0.41615861654281616,0.19777114689350128,0.030453737825155258,0.13727441430091858,0.22317516803741455,0.04572096839547157,0.3656045198440552,0.19160057604312897,0.01805892586708069,0.12084212899208069,0.22317717969417572,0.030162591487169266,0.41615861654281616
5,5,0.3347455561161041,5,0.37115874886512756,0.1689203828573227,0.028789827600121498,0.15555253624916077,0.27839699387550354,0.033594705164432526,0.3347455561161041,0.15652872622013092,0.01677001640200615,0.141057088971138,0.2941077947616577,0.02037758193910122,0.37115874886512756
5,3,0.3577612340450287,3,0.4131801724433899,0.15191371738910675,0.08382474631071091,0.15376660227775574,0.3577612340450287,0.044888097792863846,0.20784561336040497,0.14013352990150452,0.0661555826663971,0.14229461550712585,0.4131801724433899,0.030071811750531197,0.208164244890213
5,5,0.3329847455024719,5,0.3648717701435089,0.18600943684577942,0.02104649879038334,0.1212889775633812,0.30537059903144836,0.033299800008535385,0.3329847455024719,0.17494437098503113,0.011175018735229969,0.10196717828512192,0.3270986080169678,0.019943010061979294,0.3648717701435089
5,5,0.40385550260543823,5,0.4631679952144623,0.13886886835098267,0.009723078459501266,0.15844586491584778,0.23419393599033356,0.054912690073251724,0.40385550260543823,0.1203584372997284,0.004194582346826792,0.14216089248657227,0.23280800879001617,0.037310101091861725,0.4631679952144623
5,5,0.3586116433143616,5,0.39838680624961853,0.15668000280857086,0.03335913270711899,0.11845185607671738,0.30915817618370056,0.02373919077217579,0.3586116433143616,0.1400691717863083,0.019873889163136482,0.09840114414691925,0.3303339183330536,0.012935078702867031,0.39838680624961853
5,5,0.4053489863872528,5,0.46497616171836853,0.19920015335083008,0.02529996633529663,0.1079200804233551,0.22477282583713531,0.037458013743162155,0.4053489863872528,0.18964409828186035,0.014016526751220226,0.08748064190149307,0.22087980806827545,0.0230027474462986,0.46497616171836853
5,3,0.3770947754383087,3,0.42467814683914185,0.15517696738243103,0.03186417371034622,0.11931514739990234,0.3770947754383087,0.028163990005850792,0.2883850038051605,0.13843952119350433,0.018765009939670563,0.09935357421636581,0.42467814683914185,0.016057385131716728,0.30270639061927795
5,3,0.33828604221343994,3,0.38350895047187805,0.15740224719047546,0.06715590506792068,0.1723901778459549,0.33828604221343994,0.03557199612259865,0.22919365763664246,0.14599010348320007,0.04981252923607826,0.163752943277359,0.38350895047187805,0.022333374246954918,0.23460212349891663
5,4,0.42179957032203674,4,0.4991263449192047,0.10920900851488113,0.04278865084052086,0.18936361372470856,0.11678777635097504,0.42179957032203674,0.12005139142274857,0.09065479040145874,0.027777571231126785,0.18161246180534363,0.0986677035689354,0.4991263449192047,0.10216105729341507
5,3,0.3592001795768738,3,0.40259021520614624,0.1362115889787674,0.02865896001458168,0.1418105512857437,0.3592001795768738,0.040116190910339355,0.29400256276130676,0.11837233603000641,0.016545629128813744,0.12454742938280106,0.40259021520614624,0.025296729058027267,0.3126477003097534
